SKU,Row,Product Name,Category
030172086822,2,"Lizard Lounger",Reptile
030172086822,3176,"COASTAL COLLAR PDT26""",Dog
030172086822,3297,"COASTAL COLLAR PMF18""",Dog
030172086822,4363,"BED FLUFF",Small Animal
030172087462,3,"Lizard Lounger Bridge",Reptile
030172087462,3177,"COASTAL COLLAR PBO26""",Dog
030172087462,3298,"COASTAL COLLAR PMF12""",Dog
030172087462,4364,"HAMSTEROIDS",Small Animal
030172087431,4,"Lizard Lounger Vine Backdrop",Reptile
030172087431,3178,"COASTAL COLLAR SKZ26""",Dog
030172087431,3299,"COASTAL COLLAR GXY12""",Dog
030172087431,4365,"OXBOW CRAZY HAY BALL",Small Animal
030172087011,5,"Lizard Lounger Sun-Lover",Reptile
030172087011,3179,"COASTAL COLLAR SKZ20""",Dog
030172087011,3300,"COASTAL LEASH GXY06' 46336",Dog
030172087011,4366,"OXBOW OX BLOCKS",Small Animal
030172096631,6,"Lizard Lounger Hanging Hideout",Reptile
030172096631,3180,"COASTAL COLLAR SPW26""",Dog
030172096631,3301,"COASTAL COLLAR HRW12""",Dog
030172096631,4367,"OXBOW PYRAMID TREAT HANGER",Small Animal
097612610109,7,"Lizard Ladder",Reptile
097612610109,3181,"COASTAL COLLAR SPW20""",Dog
097612610109,3302,"COASTAL LEASH HRW06' 46336",Dog
097612610109,4368,"OXBOW WILLOW PLAY CUBE",Small Animal
097612610215,8,"Repti Hammock Sm",Reptile
097612610215,3182,"COASTAL COLLAR RBO26""",Dog
097612610215,3303,"COASTAL COLLAR BMB12""",Dog
097612610215,4369,"OXBOW TUMBLE NTOSS",Small Animal
097612610208,9,"Repti Hammock Lrg.",Reptile
097612610208,3183,"COASTAL COLLAR RBO20""",Dog
097612610208,3304,"COASTAL LEASH BMB06' 46336",Dog
097612610208,4370,"OXBOW ROLL AROUNDS",Small Animal
097612610222,10,"Repti Hammock Giant",Reptile
097612610222,3184,"COASTAL COLLAR BBO26""",Dog
097612610222,3305,"COASTAL LEASH LSK06' 46936",Dog
097612610222,4371,"PLAYFULS FESTIVAL CHEWS",Small Animal
097612742107,11,"ZooMed River Pebbles",Reptile
097612742107,3185,"COASTAL COLLAR BBO20""",Dog
097612742107,3306,"COASTAL LEASH LSK06""' 46436",Dog
097612742107,4372,"PLAYFULS FLWR CHEW STICKS",Small Animal
015561238304,12,"ExoTerra Turtle Pebbles",Reptile
015561238304,3186,"COASTAL COLLAR TPD26""",Dog
015561238304,3307,"COASTAL LEASH PMF06' 46936",Dog
015561238304,4373,"NATURALS VERY PEARY CHEW",Small Animal
015561231831,13,"ExoTerra Sub Stratum",Reptile
015561231831,3187,"COASTAL COLLAR TPD20""",Dog
015561231831,3308,"COASTAL LEASH PMF06' 46336",Dog
015561231831,4374,"OXBOW TIMOTHY POPSICLE",Small Animal
097612720105,14,"ZooMed Hyrdo Balls",Reptile
097612720105,3188,"COASTAL COLLAR WDF26""",Dog
097612720105,3309,"COASTAL LEASH GXY06"" 46936",Dog
097612720105,4375,"OXBOW TIMOTHY STAR DISH",Small Animal
015561231152,15,"ExoTerra Bio Drain",Reptile
015561231152,3189,"COASTAL COLLAR NBP26""",Dog
015561231152,3310,"COASTAL LEASH GXY06' 46436",Dog
015561231152,4376,"OXBOW TIMOTHY ORANGE SLICE",Small Animal
015561231381,16,"ExoTerra Stone Desert",Reptile
015561231381,3190,"COASTAL COLLAR BTD26""",Dog
015561231381,3311,"COASTAL LEASH HRW06' 46936",Dog
015561231381,4377,"OXBOW APPLESTICK BOUQET",Small Animal
096316113039,17,"Zilla Jungle Mix 4QT",Reptile
096316113039,3191,"COASTAL COLLAR BTD20""",Dog
096316113039,3312,"COASTAL LEASH HRW06' 46436",Dog
096316113039,4378,"OXBOW TIMOTHY APPLES&STICKS",Small Animal
097612752045,18,"ZooMed ReptiSoil 4QT",Reptile
097612752045,3192,"COASTAL COLLAR CSR26""",Dog
097612752045,3313,"COASTAL LEASH BMB06' 46936",Dog
097612752045,4379,"OXBOW APPLESTICK BUNDLE",Small Animal
0976120088007,19,"ZooMed Creature Soil 1 QT",Reptile
0976120088007,3193,"COASTAL COLLAR CSR20""",Dog
0976120088007,3314,"COASTAL LEASH BMB06"" 46436",Dog
0976120088007,4380,"OXBOW TIMOTHY WAFFLE",Small Animal
097612008715,20,"ZooMed Creature Floor",Reptile
097612008715,3194,"COASTAL COLLAR PDT14""",Dog
097612008715,3315,"LUPINE TURTRF 10'-16' 1/2 INCOLLAR",Dog
097612008715,4381,"OXBOW TIMOTHY APPLE SLICE",Small Animal
097612008210,21,"ZooMed Creature Sand",Reptile
097612008210,3195,"COASTAL COLLAR PBO14""",Dog
097612008210,3316,"LUPINE DAPP 10""-16"" 1/2 IN CLLR",Dog
097612008210,4382,"OXBOW TIMMY POPS",Small Animal
097612762358,22,"ZooMed Vita Sand Gold",Reptile
097612762358,3196,"COASTAL COLLAR PBO12""",Dog
097612762358,3317,"LUPINE DAPP 8""-12"" 1/2IN CLLR",Dog
097612762358,4383,"OXBOW TIMOTHY CARROT LOLLIPOP",Small Animal
096316113046,23,"Zilla Jungle Mix 8QT",Reptile
096316113046,3197,"COASTAL COLLAR SKZ14""",Dog
096316113046,3318,"LUPINE DAPP 13""-22"" 3/4IN CLLR",Dog
096316113046,4384,"OXBOW SM HIDENSEEK MAT",Small Animal
097612752106,24,"ZooMed Reptisoil 8QT",Reptile
097612752106,3198,"COASTAL COLLAR SKZ12""",Dog
097612752106,3319,"LUPINE PUPLUV 10""-16"" 1/2IN CLLR",Dog
097612752106,4385,"SOFT SUEDE TUNNEL",Small Animal
097612790085,25,"ZooMed EcoEarth 8Qt",Reptile
097612790085,3199,"COASTAL COLLAR SPW12""",Dog
097612790085,3320,"LUPINE JELY 10""-16"" 1/2 IN CLLR",Dog
097612790085,4386,"SLEEP SACK",Small Animal
097612754087,26,"ZooMed BioBlend",Reptile
097612754087,3200,"COASTAL COLLAR RBO14""",Dog
097612754087,3321,"LUPINE TURT 15""-25"" 3/4IN CLLR",Dog
097612754087,4387,"KAYTEE HAMMOCK W STAND",Small Animal
096316113053,27,"Zilla Jungle Mix 24QT",Reptile
096316113053,3201,"COASTAL COLLAR BBO12""",Dog
096316113053,3322,"LUPINE TURT 13""-22"" 3/4IN CLLR",Dog
096316113053,4388,"OXBOW LG PLAY YARD COVER",Small Animal
097612752243,28,"ZooMed Reptisoil 24QT",Reptile
097612752243,3202,"COASTAL COLLAR TPD14""",Dog
097612752243,3323,"LUPINE TURT 12""-20"" 1IN CLLR",Dog
097612752243,4389,"OXBOW XL PLAY YARD COVER",Small Animal
097612790245,29,"ZooMed EcoEarth 24QT",Reptile
097612790245,3203,"COASTAL COLLAR TDP12""",Dog
097612790245,3324,"LUPINE TURT 16""-28"" 1IN CLLR",Dog
097612790245,4390,"RAMP COVERS 3PK",Small Animal
015561227681,30,"ExoTerra Snake Bedding",Reptile
015561227681,3204,"COASTAL COLLAR WDF12""",Dog
015561227681,3325,"LUPINE DAPP 15""-25"" 3/4IN CLLR",Dog
015561227681,4391,"ZZZZ HAMMOCK",Small Animal
759834053514,31,"Galap Terrarium Starter Kit Arid",Reptile
759834053514,3205,"COASTAL COLLAR WDF14""",Dog
759834053514,3326,"LUPINE DAPP 12""-20"" 1IN CLLR",Dog
759834053514,4392,"RAMP COVERS 3PK",Small Animal
759834053507,32,"Galap.Terrarium Starter Kit Humidity",Reptile
759834053507,3206,"COASTAL COLLAR WDF20""",Dog
759834053507,3327,"LUPINE DAPP 16""-28"" 1IN CLLR",Dog
759834053507,4393,"KAYTEE COZY HAMMOCK",Small Animal
015561230957,33,"ExoTerra Forest Moss 2 pack",Reptile
015561230957,3207,"COASTAL COLLAR BTD14""",Dog
015561230957,3328,"LUPINE PUPLUV 12""-20"" 1IN CLLR",Dog
015561230957,4394,"KAYTEE SLEEP E-TENT",Small Animal
097612200225,34,"ZooMed Terrarium Moss Med.",Reptile
097612200225,3208,"COASTAL COLLAR CSR14""",Dog
097612200225,3329,"LUPINE PUPLUV 16""-28"" 1IN CLLR",Dog
097612200225,4395,"KAYTEE CUDDLE E-CUP",Small Animal
097612200294,35,"ZooMed Sphagnum Moss",Reptile
097612200294,3209,"COASTAL COLLAR CSR12""",Dog
097612200294,3330,"LUPINE JLLY 15""-25"" 3/4IN CLLR",Dog
097612200294,4396,"NATION HIDE&SEEK TUNNEL",Small Animal
097612740103,36,"ZooMed Excavator sub. 10lbs.",Reptile
097612740103,3210,"COASTAL COLLAR YBC26""",Dog
097612740103,3331,"LUPINE JLLY 12""-20"" 1IN CLLR",Dog
097612740103,4397,"NATION HIDE&SEEK TUNNEL",Small Animal
097612740202,37,"ZooMed Excavator sub. 20lbs.",Reptile
097612740202,3211,"COASTAL COLLAR TSA26""",Dog
097612740202,3332,"LUPINE JLLY 16""-28"" 1IN CLLR",Dog
097612740202,4398,"NATION RAMP COVERS 3PK",Small Animal
097612790115,38,"ZooMed Coconut Chips 1lbs",Reptile
097612790115,3212,"COASTAL COLLAR LSS26""",Dog
097612790115,3333,"LUPINE TURT 6FT 1/2IN LEASH",Dog
097612790115,4399,"KAYTEE CRINKLE TUNNEL",Small Animal
097612790214,39,"ZooMed Coconut Chips 3 pk",Reptile
097612790214,3213,"COASTAL COLLAR PPA26""",Dog
097612790214,3334,"LUPINE TURT 6FT 3/4IN LEASH",Dog
097612790214,4400,"NATION COZY CUBE",Small Animal
097612790511,40,"ZooMed Coconut Chips JUMBO",Reptile
097612790511,3214,"COASTAL COLLAR PPA12""",Dog
097612790511,3335,"LUPINE TURT 6FT 1IN LEASH",Dog
097612790511,4401,"NATION COZY CUBE",Small Animal
097612790108,41,"ZooMed EcoEarth",Reptile
097612790108,3215,"COASTAL COLLAR RWP26""",Dog
097612790108,3336,"LUPINE DAPP 6FT 1/2IN LEASH",Dog
097612790108,4402,"NATION BUSYBODY BLANKIE",Small Animal
097612790207,42,"ZooMed EcoEarth 3 pk",Reptile
097612790207,3216,"COASTAL LEASH PDT06' 466",Dog
097612790207,3337,"LUPINE DAPP 6FT 3/4IN LEASH",Dog
097612790207,4403,"KAYTEE COMFORT HARNESS FERR LG",Small Animal
097612762150,43,"ZooMed Vita Sand White",Reptile
097612762150,3217,"COASTAL LEASH PDT06' 366",Dog
097612762150,3338,"LUPINE DAPP 6FT 1IN LEASH",Dog
097612762150,4404,"KAYTEE CMFRT HRNESS PIG MED",Small Animal
096316700482,44,"Zilla Desert Blend 25QT",Reptile
096316700482,3218,"COASTAL LEASH PBO06' 466",Dog
096316700482,3339,"LUPINE PUPLUV 6FT 1/2IN LEASH",Dog
096316700482,4405,"KAYTEE CMFRT HRNESS RAT SM",Small Animal
096316700468,45,"Zilla Desert Blend 10Qt",Reptile
096316700468,3219,"COASTAL LEASH PBO06' 366",Dog
096316700468,3340,"LUPINE PUPLUV 6FT 1IN LEASH",Dog
096316700468,4406,"NATION HAMMOCK HIDEAWAY",Small Animal
096316700451,46,"Zilla Desert Blend 5QT",Reptile
096316700451,3220,"COASTAL LEASH SKX06' 466",Dog
096316700451,3341,"LUPINE JLLY 6FT 1IN LEASH",Dog
096316700451,4407,"NATION HAMMOCK HIDEAWAY",Small Animal
759834051541,47,"Live oak leaves",Reptile
759834051541,3221,"COASTAL LEASH SKX06' 366",Dog
759834051541,3342,"LUPINE JLLY 6FT 1/2IN LEASH",Dog
759834051541,4408,"NATION HAMMOCK HIDEAWAY",Small Animal
097612008708,48,"ZooMed Creatures EcoSoil",Reptile
097612008708,3222,"COASTAL LEASH SPW06' 466",Dog
097612008708,3343,"COASTAL AWN6' 12926 LEASH",Dog
097612008708,4409,"NATION HAMMOCK HIDEAWAY",Small Animal
759834051503,49,"Magnolia Leaves",Reptile
759834051503,3223,"COASTAL LEASH SPW06' 366",Dog
759834051503,3344,"COASTAL AWN06' 12626 LEASH",Dog
759834051503,4410,"MARSHAL OCTO-PLAY",Small Animal
097612751086,50,"Zoomed Aspen 8 QT",Reptile
097612751086,3224,"COASTAL LEASH RBO06' 466",Dog
097612751086,3345,"COASTAL LWO06' 12926 LEASH",Dog
097612751086,4411,"KAYTEE CMFRT HRNESS RABBIT XL",Small Animal
097612751048,51,"Zoomed Aspen 4Qt",Reptile
097612751048,3225,"COASTAL LEASH RBO06' 366",Dog
097612751048,3346,"COASTAL LWO06' 12626 LEASH",Dog
097612751048,4412,"MARSHAL FERRET HRNESS &LEAD",Small Animal
097612750041,52,"ZooMed ReptiBark 4Qt",Reptile
097612750041,3226,"COASTAL LEASH BBO06' 466",Dog
097612750041,3347,"COASTAL PWY06' 12926 LEASH",Dog
097612750041,4413,"MARSHALL FERRET BELL COLLAR",Small Animal
097612750089,53,"ZooMed ReptiBark 8QT",Reptile
097612750089,3227,"COASTAL LEASH BBO06' 366",Dog
097612750089,3348,"COASTAL PWY06' 12626 LEASH",Dog
097612750089,4414,"SUGAR GLIDER HRNESS&LEAD",Small Animal
097612780086,54,"ZooMed Forest Floor 8QT",Reptile
097612780086,3228,"COASTAL LEASH TDP06' 466",Dog
097612780086,3349,"COASTAL FWT06' 12926 LEASH",Dog
097612780086,4415,"NATION EXTERNAL RAMP",Small Animal
097612750249,55,"ZooMed Reptibark 24QT",Reptile
097612750249,3229,"COASTAL LEASH TDP06' 366",Dog
097612750249,3350,"COASTAL AWN12"" COLLAR",Dog
097612750249,4416,"MED. OVAL BASKET NEST",Small Animal
015561227872,56,"ExoTerra Coco Husk",Reptile
015561227872,3230,"COASTAL LEASH WDF06' 466",Dog
015561227872,3351,"COASTAL AWN14"" COLLAR",Dog
015561227872,4417,"SM OVAL BASKET NEST",Small Animal
097612780246,57,"ZooMed Forest Floor 24QT",Reptile
097612780246,3231,"COASTAL LEASH WDF06 366",Dog
097612780246,3352,"COASTAL LWO12"" COLLAR",Dog
097612780246,4418,"REDBARN BULLY SLICES VANILLA",Dog
097612740011,58,"ZooMed Cavern Kit",Reptile
097612740011,3232,"COASTAL LEASH BTD06' 466",Dog
097612740011,3353,"COASTAL PWY14"" COLLAR",Dog
097612740011,4419,"REDBARN BULLY SLICES FRNCH TOAST",Dog
015561228084,59,"Buffalo Worm Dish",Reptile
015561228084,3233,"COASTAL LEASH BTD06' 366",Dog
015561228084,3354,"COASTAL PWY12"" COLLAR",Dog
015561228084,4420,"REDBARN BULLY SLICES PB FLV",Dog
015561228251,60,"ExoTerra Canopy Worm Dish",Reptile
015561228251,3234,"COASTAL LEASH CSR06' 466",Dog
015561228251,3355,"COASTAL FWT14"" COLLAR",Dog
015561228251,4421,"REDBARN BULLY SLICES ORIG",Dog
015561224802,61,"ExoTerra Mini Moss Mat",Reptile
015561224802,3235,"COASTAL LEASH CSR06' 366",Dog
015561224802,3356,"COASTAL AWN26"" COLLAR",Dog
015561224802,4422,"REDBARN BULLY SLICES BBQ",Dog
015561224840,62,"ExoTerra Med. Moss mat",Reptile
015561224840,3236,"COASTAL COLLAR YBC12""",Dog
015561224840,3357,"COASTAL AWN20"" COLLAR",Dog
015561224840,4423,"REDBARN COLLAGEN SLICES ORIG",Dog
015561225625,63,"ExoTerr Small Sand Mat",Reptile
015561225625,3237,"COASTAL COLLAR YBC18""",Dog
015561225625,3358,"COASTAL LWO26"" COLLAR",Dog
015561225625,4424,"REDBARN BARGAIN BAG",Dog
015561225632,64,"Exo Terra Med, Sand Mat",Reptile
015561225632,3238,"COASTAL COLLAR TSA12""",Dog
015561225632,3359,"COASTAL LWO260"" COLLAR",Dog
015561225632,4425,"REDBARN CHOPPERS",Dog
015561225694,65,"ExoTerra Lrg. Sand Mat",Reptile
015561225694,3239,"COASTAL COLLAR LSS18""",Dog
015561225694,3360,"COASTAL PWY20"" COLLAR",Dog
015561225694,4426,"REDBARN PORKY SLICES",Dog
015561225670,66,"Exoterra 40g. Sand mat",Reptile
015561225670,3240,"COASTAL COLLAR PPA18""",Dog
015561225670,3361,"COASTAL PWY26"" COLLAR",Dog
015561225670,4427,"REDBARN CHEWABULLS BRUSH MED",Dog
015561225687,67,"ExoTerra 60g. Sand Mat",Reptile
015561225687,3241,"COASTAL COLLAR RWP18""",Dog
015561225687,3362,"ADVENTURE BELT LEASH",Dog
015561225687,4428,"REDBARN CHEWABULLS BRUSH SM",Dog
759834052661,68,"galap. moss vine",Reptile
759834052661,3242,"COASTAL COLLAR RWP12""",Dog
759834052661,3363,"COASTAL ORG14"" WTRPRF CLLR",Dog
759834052661,4429,"REDBARN CHEWABULLS HYDRANT MED",Dog
759834054214,69,"galap. Forest enviroment Cling",Reptile
759834054214,3243,"COASTAL LEASH PDT06' 966",Dog
759834054214,3364,"COASTAL ORG26"" WTRPRF CLLR",Dog
759834054214,4430,"REDBARN CHEWABULLS HYDRANT SM",Dog
759834054221,70,"Galap. Desert Envi. Cling",Reptile
759834054221,3244,"COASTAL LEASH PDT06' 666",Dog
759834054221,3365,"COASTAL BBO18"" HARNESS",Dog
759834054221,4431,"10""COLLAGEN STICKS ORIG",Dog
097612325188,71,"ZooMed  Mesh Lrg",Reptile
097612325188,3245,"COASTAL LEASH PBO06' 966",Dog
097612325188,3366,"COASTAL WWL06 LEASH",Dog
097612325188,4432,"10"" COLLAGEN STICKS PB",Dog
097612325126,72,"Zoo Med Sm. Mesh",Reptile
097612325126,3246,"COASTAL LEASH PBO06' 666",Dog
097612325126,3367,"COASTAL WWO06 LEASH",Dog
097612325126,4433,"10"" COLLAGEN STICKS CHICKEN",Dog
097612092080,73,"ZooMed Humidty Plus",Reptile
097612092080,3247,"COASTAL LEASH SKZ06' 966",Dog
097612092080,3368,"COASTAL CTN06 LEASH",Dog
097612092080,4434,"10"" COLLAGEN STIKS BACON",Dog
015561225663,74,"ExoTerra 20g L Sand Mat",Reptile
015561225663,3248,"COASTAL LEASH SKZ06' 666",Dog
015561225663,3369,"COASTAL CTO06 LEASH",Dog
015561225663,4435,"10"" COLLAGEN STICKS STEAK",Dog
015561225656,75,"ExoTerra 10g Sand Mat",Reptile
015561225656,3249,"COASTAL LEASH SPW06' 966",Dog
015561225656,3370,"COASTAL WW506 LEASH",Dog
015561225656,4436,"CADET STUFF SHIN BN LG PB",Dog
015561225618,76,"ExoTerra Mini Sand mat",Reptile
015561225618,3250,"COASTAL LEASH SPW06' 666",Dog
015561225618,3371,"COASTAL WW406 LEASH",Dog
015561225618,4437,"REDBARN LG FILL BNE BEEF",Dog
784369933574,77,"Living Natural coco mat 18x36",Reptile
784369933574,3251,"COASTAL LEASH RBO06' 966",Dog
784369933574,3372,"COASTAL WW206 LEASH",Dog
784369933574,4438,"REDBARN LG FILL BNE BBQ",Dog
784369933567,78,"Living Natural coco mat 12x30",Reptile
784369933567,3252,"COASTAL LEASH RBO06' 666",Dog
784369933567,3373,"COASTAL CAM06 LEASH",Dog
784369933567,4439,"CADET STUFF SHIN BNE LG BULLY STICK",Dog
784369933550,79,"Living Natural Coco Mat 10x20",Reptile
784369933550,3253,"COASTAL LEASH BBO6' 966",Dog
784369933550,3374,"COASTAL LSK06 LEASH",Dog
784369933550,4440,"REDBARN SM FILL BNE CHEE&BCN",Dog
096316700550,80,"Zilla grey liner 10 Gal",Reptile
096316700550,3254,"COASTAL LEASH BBO6' 666",Dog
096316700550,3375,"COASTAL WWL26 COLLAR",Dog
096316700550,4441,"REDBARN SM FILL BNE BBQ",Dog
096316700543,81,"Zilla Green liner 10 Gal.",Reptile
096316700543,3255,"COASTAL LEASH TPD6' 966",Dog
096316700543,3376,"COASTAL WW026 COLLAR",Dog
096316700543,4442,"REDBARN SM FILL BNE PB",Dog
096316700604,82,"Zilla Green Liner 15/20H G",Reptile
096316700604,3256,"COASTAL LEASH TPD6' 666",Dog
096316700604,3377,"COASTAL CTN26 COLLAR",Dog
096316700604,4443,"REDBARN SM FILL BNE BEEF",Dog
096316700581,83,"Zilla Green Liner 20L/29 G",Reptile
096316700581,3257,"COASTAL LEASH WDF6' 966",Dog
096316700581,3378,"COASTAL CTO26 CLLR",Dog
096316700581,4444,"REDBARN SM BN CHICKEN",Dog
096316700567,84,"Zilla Grey liner 20l/29G",Reptile
096316700567,3258,"COASTAL LEASH WDF6' 666",Dog
096316700567,3379,"COASTAL WW526 CLLR",Dog
096316700567,4445,"REDBARN SM WHITE BN",Dog
096316700598,85,"Zilla Green liner 30g",Reptile
096316700598,3259,"COASTAL LEASH BTD6' 966",Dog
096316700598,3380,"COASTAL WW426 CLLR",Dog
096316700598,4446,"REDBARN LG FILL BN PB",Dog
096316700574,86,"Zilla Grey Liner 30g",Reptile
096316700574,3260,"COASTAL LEASH BTD6' 666",Dog
096316700574,3381,"COASTAL WW226 CLLR",Dog
096316700574,4447,"REDBARN DUO LG FILL BNE PBJ",Dog
096316117594,87,"Zilla Grey 40/50g",Reptile
096316117594,3261,"COASTAL LEASH CSR6' 966",Dog
096316117594,3382,"COASTAL WW226"" LEASH",Dog
096316117594,4448,"REDBARN LG FILL BNE LAMB",Dog
096316700642,88,"Zilla Green liner 40/50g",Reptile
096316700642,3262,"COASTAL LEASH CSR6' 666",Dog
096316700642,3383,"COASTAL WWL20 COLLAR",Dog
096316700642,4449,"REDBARN FILLED HOOF CHEE&BCN",Dog
096316700611,89,"Zilla Green Liner 55g",Reptile
096316700611,3263,"COASTAL LEASH YBC6' 61976",Dog
096316700611,3384,"COASTAL WW020 COLLAR",Dog
096316700611,4450,"TUESDAYS FILLED HOOF PB",Dog
097612402742,90,"ZooMed Juv. Dragon Food",Reptile
097612402742,3264,"COASTAL LEASH YBC6' 61476",Dog
097612402742,3385,"COASTAL CTO20 COLLAR",Dog
097612402742,4451,"REDBARN FILL HOOF BEEF",Dog
097612402797,91,"ZooMed Adult Dragon Food",Reptile
097612402797,3265,"COASTAL LEASH TSA6' 61976",Dog
097612402797,3386,"COASTAL WW520 COLLAR",Dog
097612402797,4452,"REDBARN FILL HOOF PB",Dog
788286004010,92,"Rep-Cal Juv. Iguana Food",Reptile
788286004010,3266,"COASTAL LEASH TSA6' 61476",Dog
788286004010,3387,"COASTAL WW420 COLLAR",Dog
788286004010,4453,"REDBARN FILLMUNCH RETRIEVE PB",Dog
788286004058,93,"[object Object]",Reptile
788286004058,3267,"COASTAL LEASH NBP6' 61976",Dog
788286004058,3388,"COASTAL WW220 COLLAR",Dog
788286004058,4454,"REDBARN FILLMUNCH RETRIEVE CHKN",Dog
097612401066,94,"Gourmet Iguana Food",Reptile
097612401066,3268,"COASTAL LEASH NBP6' 61476",Dog
097612401066,3389,"COASTAL WW224 COLLAR",Dog
097612401066,4455,"REDBARN FILLROLLED RAWHIDE PB",Dog
097612400861,95,"ZooMed Adult Iguana Food",Reptile
097612400861,3269,"COASTAL LEASH PPA6' 61976",Dog
097612400861,3390,"COASTAL WW514 COLLAR",Dog
097612400861,4456,"REDBARN ROOFLE MAPLE",Dog
097612401042,96,"Gourment Bearded Dragon Food",Reptile
097612401042,3270,"COASTAL LEASH PPA6' 61476",Dog
097612401042,3391,"COASTAL WW414 COLLAR",Dog
097612401042,4457,"REDBARN BULLY BARBELL",Dog
091197760525,97,"Flukers Buffet Blend Juv, Bearded",Reptile
091197760525,3271,"COASTAL LEASH RWP6' 61976",Dog
091197760525,3392,"COASTAL WW214 COLLAR",Dog
091197760525,4458,"REDBARN LG BLYWRP COLLAGEN STICK",Dog
091197760426,98,"Flukers Buffet Blend Adult Bearded",Reptile
091197760426,3272,"COASTAL LEASH RWP6' 61476",Dog
091197760426,3393,"COASTAL WW222 COLLAR",Dog
091197760426,4459,"REDBARN 9IN BULLY STICK",Dog
788286008148,99,"Rep-Cal Main. Formula Adult Bearded",Reptile
788286008148,3273,"COASTAL LEASH WDF6' 966",Dog
788286008148,3394,"COASTAL WW226 COLLAR",Dog
788286008148,4460,"REDBARN 12IN BULLY STICK",Dog
788286008124,100,"Rep-Cal Grow Juv. Bearded D.",Reptile
788286008124,3274,"COASTAL COLLAR WDF12""",Dog
788286008124,3395,"COASTAL WW220 COLLAR",Dog
788286008124,4461,"REDBARN SM/MED 1/2 ELK ANTLER",Dog
097612400809,101,"ZooMed Juv.  Iguana Food",Reptile
097612400809,3275,"COASTAL COLLAR NBP18""",Dog
097612400809,3396,"COASTAL ONY26"" COLLAR",Dog
097612400809,4462,"REDBARN SM/MED DEER ANTLER",Dog
097612400656,102,"ZooMed Zoo Menu Iguana Food",Reptile
097612400656,3276,"COASTAL COLLAR NBP26""",Dog
097612400656,3397,"COASTAL ONY06' SOY LEASH",Dog
097612400656,4463,"REDBARN LG 1/2 DEER ANTLER",Dog
097612400724,103,"ZooMed Zoo Menu Bearded food",Reptile
097612400724,3277,"COASTAL COLLAR BIO BLU24""",Dog
097612400724,3398,"COASTAL ONY06' SOY LEASH",Dog
097612400724,4464,"REDBARN BULLY RING",Dog
097612400120,104,"ZooMed Anole Food",Reptile
097612400120,3278,"COASTAL COLLAR BIO GRN24""",Dog
097612400120,3399,"COASTAL CRN26"" SOY COLLR",Dog
097612400120,4465,"REDBARN COLLAGEN RING",Dog
097612401806,105,"ZooMed PacMan Frog Food",Reptile
097612401806,3279,"COASTAL COLLAR BIO GRN21""",Dog
097612401806,3400,"COASTAL CRN06' SOY LEASH",Dog
097612401806,4466,"REDBARN MD PRK PIZZLE BRAID",Dog
097612400168,106,"ZooMed Aquatic Frog &Tadpole",Reptile
097612400168,500,"ZooMed Aquatic Frog & Tadpole Food",Reptile
097612400168,3280,"COASTAL COLLAR BIO YLW21""",Dog
097612400168,3401,"COASTAL CRN06' SOY LEASH",Dog
097612400168,3795,"COASTAL PKB26"" BUCK CLLR",Dog
097612400168,4467,"REDBARN MD BEEF JERKY",Dog
097612400168,4861,"WHLSM RWRDS CHEEZY BITES",Dog
091197780073,107,"Flukers Insect Mix",Reptile
091197780073,3281,"COASTAL COLLAR BIO YLW24""",Dog
091197780073,3402,"COASTAL SLA26"" SOY CLLR",Dog
091197780073,4468,"REDBARN 5IN BULLY STICK",Dog
091197780080,108,"Flukers Omnivore Mix",Reptile
091197780080,3282,"COASTAL COLLAR BIO RED24""",Dog
091197780080,3403,"COASTAL FSA26"" SOY COLLAR",Dog
091197780080,4469,"WE MUNCH&CRUNCH LG",Dog
783178562418,109,"Nature Zone bites and bits gecko",Reptile
783178562418,3283,"COASTAL COLLAR BIO YLW14""",Dog
783178562418,3404,"COASTAL SLA06' SOY LEASH",Dog
783178562418,4470,"WE EAR NATURAL",Dog
783178562265,110,"Nature Zone bites and bits dragon",Reptile
783178562265,3284,"COASTAL COLLAR BIO GRN14""",Dog
783178562265,3405,"COASTAL SLA06' SOY LEASH",Dog
783178562265,4471,"7IN COLLAGEN CHEWS 5CNT BCN",Dog
783178542113,111,"Nature Zone Water Bites",Reptile
783178542113,3285,"COASTAL COLLAR BIO ORG14""",Dog
783178542113,3406,"COASTAL FSA06"" SOY LEASH",Dog
783178542113,4472,"7"" COLLAGEN STICK ORI",Dog
015561219587,112,"ExoTerra MealWorms",Reptile
015561219587,3286,"COASTAL COLLAR BIO BLU14""",Dog
015561219587,3407,"COASTAL FSA06' SOY LEASH",Dog
015561219587,4473,"7"" COLLAGEN STICK PB",Dog
015561219600,113,"ExoTerra Crickets",Reptile
015561219600,3287,"COASTAL COLLAR LSK26""",Dog
015561219600,3408,"COASTAL ONY12"" SOY COLLAR",Dog
015561219600,4474,"7"" COLLAGEN STICK CHICKEN",Dog
015561219686,114,"ExoTerra Earthworms",Reptile
015561219686,3288,"COASTAL COLLAR LSK18""",Dog
015561219686,3409,"COASTAL ONY08"" SOY COLLAR",Dog
015561219686,4475,"7"" COLLAGEN STICK BCN",Dog
015561219563,115,"ExoTerra Snails",Reptile
015561219563,3289,"COASTAL COLLAR GXY26""",Dog
015561219563,3410,"COASTAL CRN18"" SOY COLLAR",Dog
015561219563,4476,"7"" COLLAGEN STICK STEAK",Dog
015561219662,116,"ExoTerra BSF Larvae",Reptile
015561219662,3290,"COASTAL COLLAR GXY18""",Dog
015561219662,3411,"COASTAL CRN12"" SOY COLAR",Dog
015561219662,4477,"JONES PORK FEMUR BONE",Dog
015561219501,117,"ExoTerra GrassHoppers",Reptile
015561219501,3291,"COASTAL COLLAR HRW18""",Dog
015561219501,3412,"COASTAL CRN08"" SOY COLLAR",Dog
015561219501,4478,"REDBARN GLAZE BEEF CHEEK RLL",Dog
097612400410,118,"ZooMed Can O Crickets",Reptile
097612400410,3292,"COASTAL COLLAR HRW26""",Dog
097612400410,3413,"COASTAL SLA18"" SOY COLLAR",Dog
097612400410,4479,"REDBARN GLAZE CHEEK RLL BEEF PB",Dog
091197780059,119,"Flukers Dubia Roaches",Reptile
091197780059,3293,"COASTAL COLLAR BMB26""",Dog
091197780059,3414,"COASTAL SLA12' SOY COLLAR",Dog
091197780059,4480,"REDBARN SMMD BF CHEEK RL CHKN",Dog
091197780301,120,"Flukers Dubia Roaches Small",Reptile
091197780301,3294,"COASTAL COLLAR BMB18""",Dog
091197780301,3415,"COASTAL SLA08"" SOY COLLAR",Dog
091197780301,4481,"REDBARN LG BEEF TENDON",Dog
097612403091,121,"ZooMed Crested Gecko Can",Reptile
097612403091,3295,"COASTAL COLLAR LKS12""",Dog
097612403091,3416,"COASTAL FSA18"" SOY COLLAR",Dog
097612403091,4482,"REDBARN LG COLLAGEN STICK",Dog
097612008630,122,"ZooMed Creatures Isopod Food",Reptile
097612008630,3296,"COASTAL LEASH LSK06""46336",Dog
097612008630,3417,"COASTAL FSA12"" SOY COLLAR",Dog
097612008630,4483,"REDBARN PUFF COLLAGEN BRAID",Dog
783178543615,123,"Tortoise Salad dressing",Reptile
783178543615,3418,"COASTAL FSA08"" SOY COLLAR",Dog
783178543615,4484,"REDBARN LG COLLWRAP ESOPHGUS",Dog
8317854371,124,"iguana Salad dressing",Reptile
8317854371,3419,"COASTAL ONY24"" HARNESS",Dog
8317854371,4485,"REDBARN PUFFED COLLAGEN SPRING",Dog
9631670001,125,"Zilla Cricket Drink",Reptile
9631670001,3420,"COASTAL ONY18"" HARNESS",Dog
9631670001,4486,"REDBARN MED BLLY WRAP COLLAGEN",Dog
9631670003,126,"Zilla Cricket Drink with Calcium",Reptile
9631670003,3421,"COASTAL CRN24"" HARNESS",Dog
9631670003,4487,"REDBARN SM COLLAGEN STICK",Dog
9119771301,127,"Flukers Orange Cube",Reptile
9119771301,3422,"COASTAL CRN18"" HARNESS",Dog
9119771301,4488,"REDBARN 7IN BULLY STICK ODOR FREE",Dog
9119771201,128,"Flukers Cricket Quencher Orange",Reptile
9119771201,3423,"COASTAL SLA24"" SOY HARNESS",Dog
9119771201,4489,"REDBARN 7IN BULLY STICK",Dog
9119771200,129,"Flukers Cricket Quencher Blue",Reptile
9119771200,3424,"COASTAL SLA18"" SOY HARNESS",Dog
9119771200,4490,"REDBARN 5IN BULLY BRAID",Dog
9119771013,130,"Flukers High -Calcium Dubia diet",Reptile
9119771013,3425,"COASTAL FSA24"" SOY HARNESS",Dog
9119771013,4491,"REDBARN 7IN BULLY BRAID ODOR FREE",Dog
9119771000,131,"Flukers High Calcium Cricket Diet",Reptile
9119771000,3426,"COASTAL FSA18"" SOY HARNESS",Dog
9119771000,4492,"SMOKEHOUSE LG RIB BNE",Dog
9119771010,132,"Flukers High Calcium Mealworm Diet",Reptile
9119771010,3427,"COASTAL ONY38"" SOY HARNESS",Dog
9119771010,4493,"HEALTHEXT CHEEK CHEW CHKN",Dog
8436993111,133,"Small Jelly Pots",Reptile
8436993111,3428,"COASTAL ONY30"" SOY HARNESS",Dog
8436993111,4494,"HEALTHEXT CHEEK CHEW PB",Dog
8436993140,134,"Big Jelly Pots",Reptile
8436993140,3429,"COASTAL CRN38"" SOY HARNESS",Dog
8436993140,4495,"JONES TOP CREST",Dog
1556121993,135,"ExoTerra Electrolyte",Reptile
1556121993,3430,"COASTAL SLA30"" SOY HARNESS",Dog
1556121993,4496,"JONES SM CENTER BONES",Dog
1556121973,136,"ExoTerra Calcium liquid",Reptile
1556121973,3431,"COASTAL SLA38"" SOY HARNESS",Dog
1556121973,4497,"JONES CHICKEN FEET",Dog
9119773030,137,"Flukers ReptiBoost",Reptile
9119773030,3432,"COASTAL SLA30"" SOY HARNESS",Dog
9119773030,4498,"JONES RIB BNE SM",Dog
8317859341,138,"Nature Zone Mite Guard",Reptile
8317859341,3433,"COASTAL FSA38"" SOY HARNESS",Dog
8317859341,4499,"JONES WINDEES MED",Dog
0011685460,139,"Jurassi Mite",Reptile
0011685460,3434,"COASTAL MTN06' LEASH",Dog
0011685460,4500,"REDBARN XL HAM BONE",Dog
9631670018,140,"Zilla Terrarium Cleaner",Reptile
9631670018,3435,"COASTAL MTN06' LEASH",Dog
9631670018,4501,"REDBARN PIG SNOUT",Dog
9631670009,141,"Zilla Vitamin Sup.",Reptile
9631670009,3436,"COASTAL MDW06' LEASH",Dog
9631670009,4502,"REDBARN KNEE CAPS",Dog
9631670007,142,"Zillla Calcium Supplement",Reptile
9631670007,3437,"COASTAL MDW06' LEASH",Dog
9631670007,4503,"REDBARN LG MEATY BONE",Dog
9631670005,143,"Zilla Tropical Mist Humidity Spray",Reptile
9631670005,3438,"COASTAL DES06' LEASH",Dog
9631670005,4504,"REDBARN MEATY KNUCKLE BNE",Dog
1556121979,144,"ExoTerra Aquatize",Reptile
1556121979,3439,"COASTAL DES06' LEASH",Dog
1556121979,4505,"REDBARN XL COLLAGEN STICK",Dog
9761284008,145,"ZooMed ReptiSafe 8.75Floz",Reptile
9761284008,3440,"COASTAL OCE06' LEASH",Dog
9761284008,4506,"HAPPYDOG SM SLICED ELK ANTLER",Dog
9761284004,146,"ZooMed ReptiSafe 4.25FLOZ",Reptile
9761284004,3441,"COASTAL LAK06' LEASH",Dog
9761284004,4507,"HAPPYDOG MD SLICED ELK ANTLER",Dog
9761284002,147,"ZooMed Reptisafe 2.25 FLOZ",Reptile
9761284002,3442,"COASTAL CYN06' LEASH",Dog
9761284002,4508,"HAPPYDOG SM MOOSE ANTLER",Dog
1556121855,148,"ExoTerra Calcium + D3",Reptile
1556121855,3443,"COASTAL CYN06' LEASH",Dog
1556121855,4509,"HAPPYDOG LG MOOSE ANTLER",Dog
1556121852,149,"ExoTerra Calcium 15.9 oz",Reptile
1556121852,3444,"COASTAL MTN14"" COLLAR",Dog
1556121852,4510,"HAPPYDOG JUMBO ELK ANTLER",Dog
1556121851,150,"ExoTerra Calcium 3.2 Oz",Reptile
1556121851,3445,"COASTAL MTN12"" COLLAR",Dog
1556121851,4511,"HAPPYDOG XL ELK ANTLER",Dog
9761213303,151,"ZooMed Repti Calcium",Reptile
9761213303,3446,"COASTAL MDW14"" COLLAR",Dog
9761213303,4512,"HAPPYDOG JUMBO SLICED ELK ANT",Dog
9119773008,152,"Flukers Calcium:Phosphorus",Reptile
9119773008,3447,"COASTAL MDW12"" COLLAR",Dog
9119773008,4513,"HAPPYDOG SPECIAL ELK ANT",Dog
9119773019,153,"Flukers Repta Calcium with D3 StrB",Reptile
9119773019,3448,"COASTAL DES14"" COLLAR",Dog
9119773019,4514,"HAPPYDOG LG SLICED ELK ANT",Dog
9119773005,154,"Flukers Repti Calcium D3 & Phos Free",Reptile
9119773005,3449,"COASTAL DES12"" COLLAR",Dog
9119773005,4515,"HAPPYDOG JUMBO ELK ANTLER",Dog
9119773003,155,"Flukers Reptile Viatmin",Reptile
9119773003,3450,"COASTAL OCE14"" COLLAR",Dog
9119773003,4516,"TUESDAYS RCKY MOUN. OYSTERS",Dog
9761210362,156,"ZooMeds ReptiVite +D3",Reptile
9761210362,3451,"COASTAL OCE12"" COLLAR",Dog
9761210362,4517,"TUESDAYS CHICKEN JERKY",Dog
8317859351,157,"Nature Zone Coccidia Guard",Reptile
8317859351,3452,"COASTAL CYN14"" COLLAR",Dog
8317859351,4518,"TUESDAYS 95% VENISON BITES",Dog
8317854761,158,"Nature Zone Bearded Dragon Pro",Reptile
8317854761,3453,"COASTAL CYN12"" COLLAR",Dog
8317854761,4519,"TUESDAYS 95%DUCK FLIPS",Dog
8317854714,159,"Nature Zone Bearded Elctro",Reptile
8317854714,3454,"COASTAL MTN26"" COLLAR",Dog
8317854714,4520,"REDBARN COLLAGEN SLIMS",Dog
8317854741,160,"Nature Zone Bearded Viatmin",Reptile
8317854741,3455,"COASTAL MTN18"" COLLAR",Dog
8317854741,4521,"REDBARN COLLAGEN STICKS",Dog
8317854751,161,"Nature Zone bearded Color",Reptile
8317854751,3456,"COASTAL MDW26"" COLLAR",Dog
8317854751,4522,"CADET BULLY HIDE SLICES",Dog
8317859331,162,"Nature Zone Rot Guard",Reptile
8317859331,3457,"COASTAL MDW18"" COLLAR",Dog
8317859331,4523,"BENEBONE SM BEEF TRIPE BNE",Dog
9119731001,163,"Flukers xsmall Repta Leash",Reptile
9119731001,3458,"COASTAL DES26"" COLLAR",Dog
9119731001,4524,"BENEBONE MD BEEF TRIPE BNE",Dog
9119731000,164,"Flukers xxsmall Repta Leash",Reptile
9119731000,3459,"COASTAL DES18"" COLLAR",Dog
9119731000,4525,"BENEBONE SM PAWPLEXER BCN",Dog
9119731003,165,"Flukers Med. Repta Leash",Reptile
9119731003,3460,"COASTAL OCE26"" COLLAR",Dog
9119731003,4526,"BENEBONE SM MAPLESTICK",Dog
9119731002,166,"Flukers Small Repta Leash",Reptile
9119731002,3461,"COASTAL OCE18"" COLLAR",Dog
9119731002,4527,"BENEBONE LG BEEF TRIPE BNE",Dog
9119731004,167,"Flukers Large Repta Leash",Reptile
9119731004,3462,"COASTAL CYN26"" COLLAR",Dog
9119731004,4528,"BENEBONE PUPPY 2PCK",Dog
9119731005,168,"Flukers X Large Repta Leash",Reptile
9119731005,3463,"COASTAL CYN18"" COLLAR",Dog
9119731005,4529,"BENEBONE MD PUP WISHBONE BCN",Dog
9761200820,169,"ZooMed Glow In the Dark Tong",Reptile
9761200820,3464,"PAW PATROL SMALL HARNESS",Dog
9761200820,4530,"BENEBONE LG BCN STICK",Dog
9761262210,170,"ZooMed 10"" Stainless Steel",Reptile
9761262210,3465,"WLFGNG LOS26 COLLAR",Dog
9761262210,4531,"BENEBONE MED BCN STICK",Dog
9761262211,171,"ZooMed Angled 10"" Tongs",Reptile
9761262211,3466,"VALHOMA 16 LG COLLAR",Dog
9761262211,4532,"BENEBONE SM BACON STICK",Dog
3017210538,172,"Reptology Substrate Scoop",Reptile
3017210538,3467,"VALHOMA 18 TQ COLLR",Dog
3017210538,4533,"BENEBONE SM MAPLESTICK",Dog
0011608541,173,"JurassiPet Mite Wipes",Reptile
0011608541,3468,"VALHOMA 18 LG COLLAR",Dog
0011608541,4534,"BENEBONE MED MAPLESTICK",Dog
8436993235,174,"Komodo Smart Dish",Reptile
8436993235,3469,"VALHOMA 20 BL COLLAR",Dog
8436993235,4535,"BENEBONE LG MAPLESTICK",Dog
2671680592,175,"PetCrest Screen Clips 5-25g",Reptile
2671680592,3470,"VALHOMA 20 LG COLLAR",Dog
2671680592,4536,"BENEBONE SM RING BCN",Dog
1556122729,176,"ExoTerra Screen Clips Small",Reptile
1556122729,3471,"VALHOMA 20 PR COLLAR",Dog
1556122729,4537,"BENEBONE MED RING BCN",Dog
1556122730,177,"ExoTerra Screen Clips Large",Reptile
1556122730,3472,"VALHOMA 20 RD COLLAR",Dog
1556122730,4538,"BENEBONE SM PUP WISHBONE BCN",Dog
9631667109,178,"Zilla non locking clips 29 or smaller",Reptile
9631667109,3473,"VALHOMA 22 LG COLLAR",Dog
9631667109,4539,"BAM-BONES + STCK 9.5"" CHICK",Dog
9631667110,179,"Zilla Non Locking Clips 30g",Reptile
9631667110,3474,"VALHOMA 22 HP COLLAR",Dog
9631667110,4540,"BAM-BONES + STICK 5.25"" CHICK",Dog
9761262154,180,"ZooMed Arboreal cup refill",Reptile
9761262154,3475,"VALHOMA 22 PR COLLAR",Dog
9761262154,4541,"BAM-BONES + 5"" TRIPOD BISON",Dog
9761262153,181,"ZooMed Arboreal Feeding cup",Reptile
9761262153,3476,"VALHOMA 22 RD COLLAR",Dog
9761262153,4542,"BAM-BONES 5.75""",Dog
9761262220,182,"ZooMed Mealworm Feeder",Reptile
9761262220,3477,"VALHOMA 24 HP COLLAR",Dog
9761262220,4543,"BAM-BONES 7.25""",Dog
5000583229,183,"Pangea Humitidy Hide Sponge",Reptile
5000583229,3478,"VALHOMA 24 RD COLLAR",Dog
5000583229,4544,"BAM-BNE DENTAL 5.75 PB FLV",Dog
5000583287,184,"Pangea EcoDish Mossy Pine",Reptile
5000583287,3479,"VALHOMA 24 PR COLLAR",Dog
5000583287,4545,"BAM-BNE DENTAL 7.5 X-BNE APPLE",Dog
5000583283,185,"Pangea EcoDish Gray Marble",Reptile
5000583283,3480,"VALHOMA 24 BL COLLAR",Dog
5000583283,4546,"BAM-BONES WISHBNE 7"" CHICKEN",Dog
5003967285,186,"Pangea XS Micro Dish",Reptile
5003967285,3481,"VALHOMA 26 BL COLLAR",Dog
5003967285,4547,"BAM-BNE WISHBNE 7"" BCN",Dog
5003967289,187,"Pangea L Micro Dish",Reptile
5003967289,3482,"VALHOMA 26 RD COLLAR",Dog
5003967289,4548,"BAMBNE WISHBNE 5.25 CHICKEN",Dog
1556123259,188,"ExoTerra Food Cup Holder",Reptile
1556123259,3483,"VALHOMA 26 RO COLLAR",Dog
1556123259,4549,"BAMBNE WISHBNE 5.25 BCN",Dog
1083820165,189,"Lees Mealworm Dish",Reptile
1083820165,3484,"VALHOMA 26 PR COLLAR",Dog
1083820165,4550,"BAMBNE+ 7LG CHCK",Dog
9631670022,190,"Zilla Water Pillow",Reptile
9631670022,3485,"VALHOMA 28 RO COLLAR",Dog
9631670022,4551,"BAMBNE + 6 MED BEEF",Dog
1556122288,191,"Cricket pen Replacement Foam",Reptile
1556122288,3486,"VALHOMA 28 PR COLLAR",Dog
1556122288,4552,"BAMBNE 4 SM BEEF",Dog
9761211850,192,"Creatures Feeding Block",Reptile
9761211850,3487,"VALHOMA SPIKE 16 HP CLLR",Dog
9761211850,4553,"NYLA DURACHW WISHBNE WLF",Dog
9761280031,193,"ZooMed Repti Shedding Aid",Reptile
9761280031,3488,"VALHOMA SPIKE 20 LG CLLR",Dog
9761280031,4554,"NYLA DURACHW WISHBNE REG",Dog
1556122620,194,"ExoTerra Terrarium lock",Reptile
1556122620,3489,"VALHOMA SPIKE 18 LG CLLR",Dog
1556122620,4555,"NYLA BLUE WISHBNE",Dog
9761240205,195,"Crested Gecko Variety pack ZooMed",Reptile
9761240205,3490,"VALHOMA SPIKE 26 LG CLLR",Dog
9761240205,4556,"NYLA PINK WISH BNE",Dog
9761240203,196,"ZooMed Leo gecko Value pack",Reptile
9761240203,3491,"VALHOMA SPIKE 18 RD CLLR",Dog
9761240203,4557,"NYLA PUPTREAT TOY CMBO",Dog
9761240202,197,"ZooMed Bearded Value Pack",Reptile
9761240202,3492,"VALHOMA SPIKE 24 RD CLLR",Dog
9761240202,4558,"NYLA TREAT TOY COMBO WLF",Dog
9761200860,198,"ZooMed Creatures Jelly Cup",Reptile
9761200860,3493,"VALHOMA SPIKE 20 BK CLLR",Dog
9761200860,4559,"NYLA PINK DURACHEW SOUPER",Dog
9119770060,199,"Flukers Dragon Diet Juvi",Reptile
9119770060,3494,"VALHOMA SPIKE 22 BK CLLR",Dog
9119770060,4560,"NYLA PINK BNE XSM",Dog
9119770061,200,"Flukers Dragon Diet Adult",Reptile
9119770061,3495,"VALHOMA SPIKE 16 BK CLLR",Dog
9119770061,4561,"NYLA POPIN TREAT CHICKEN",Dog
9119770062,201,"Flukers Garden Blend",Reptile
9119770062,3496,"VALHOMA SPIKE 26 BL CLLR",Dog
9119770062,4562,"NYLA DURACHEW ORIG GIANT",Dog
5473200425,202,"Pangea Gecko Diet Watermelon",Reptile
5473200425,3497,"VALHOMA SPIKE 22 BL CLLR",Dog
5473200425,4563,"NYLA DURACHEW CHKN WLF",Dog
5473200438,203,"Pangea Gecko Diet insect",Reptile
5473200438,3498,"VALHOMA SPIKE 20 PR CLLR",Dog
5473200438,4564,"NYLA DURACHEW REG",Dog
9761240301,204,"ZooMed Crested gecko diet watm.",Reptile
9761240301,3499,"VALHOMA SPIKE 18 PR CLLR",Dog
9761240301,4565,"NYLA DURACHEW PETITE",Dog
9761240319,205,"ZooMed Crested Gecko  BluBrede",Reptile
9761240319,3500,"VALHOMA SPIKE 26 PR CLLR",Dog
9761240319,4566,"NYLA DURACHEW GIANT BCN",Dog
9761240308,206,"ZooMed Crested Gecko Trop.",Reptile
9761240308,3501,"VALHOMA SPIKE 18 TQ CLLR",Dog
9761240308,4567,"NYLA DURACHEW WLF BCN",Dog
9761240315,207,"ZooMed Crested Gecko Plum",Reptile
9761240315,3502,"VALHOMA SPIKE 26 TQ CLLR",Dog
9761240315,4568,"NYLA DURACHEW REG BCN",Dog
9761240143,208,"ZooMed Lizard flower topper",Reptile
9761240143,3503,"VALHOMA SPIKE 16 HY CLLR",Dog
9761240143,4569,"NYLA DURACHEW PETITE BCN",Dog
9761211060,209,"ZooMed Cricket Block",Reptile
9761211060,3504,"VALHOMA SPIKE 24 HW CLLR",Dog
9761211060,4570,"NYLA FLEXICHEW GIANT",Dog
8436993180,210,"Komodo Dandelion Kit",Reptile
8436993180,3505,"COASTAL SNP06' LEASH",Dog
8436993180,4571,"NYLA FLEXICHEW WOLF",Dog
9119772034,211,"Flukers Bearded Dragon Treats",Reptile
9119772034,3506,"COASTAL RBG06' LEASH",Dog
9119772034,4572,"NYLA FLEXICHEW REG",Dog
9631609628,212,"Zilla Omnivore Mix w Calcium",Reptile
9631609628,3507,"COASTAL SLS06' LEASH",Dog
9631609628,4573,"NYLA FLEXICHEW PETITE",Dog
9631609625,213,"Zilla omnivore mix",Reptile
9631609625,3508,"COASTAL SUF06' LEASH",Dog
9631609625,4574,"NYLA DENTAL WOLF",Dog
9631609627,214,"Zila Fruit Mix",Reptile
9631609627,3509,"COASTAL BWS06' LEASH",Dog
9631609627,4575,"NYLA DENTALCHEW REG",Dog
9631609629,215,"Zilla Veg. Mix + Calcium",Reptile
9631609629,3510,"COASTAL PKT06' LEASH",Dog
9631609629,4576,"NYLA DENTAL CHEW PETITE",Dog
9631609626,216,"Zilla Vegtable Mix",Reptile
9631609626,3511,"COASTAL SNP12"" COLLAR",Dog
9631609626,4577,"NYLA FLEXI CHEW TRIPLE PACK",Dog
9631609951,217,"Zilla MealWorms",Reptile
9631609951,3512,"COASTAL RBG12"" COLLAR",Dog
9631609951,4578,"NYLAHEALTH PUPPY PACK",Dog
9119772036,218,"Flukers Calcium Mealworms",Reptile
9119772036,3513,"COASTAL SLS12"" COLLAR",Dog
9119772036,4579,"NYLAHEALTH 8CHEWS BCN",Dog
1556122047,219,"ExoTerra Ceramic 150W",Reptile
1556122047,3514,"COASTAL SUF12"" COLLAR",Dog
1556122047,4580,"NYLAHEALTH SM BACN CHEW",Dog
1556122046,220,"ExoTerra Ceramic 100W",Reptile
1556122046,3515,"COASTAL NSN12"" COLLAR",Dog
1556122046,4581,"NYLAHEALTH MED BACN CHEW",Dog
1556122045,221,"ExoTerra Ceramic 60W",Reptile
1556122045,3516,"COASTAL SNP18"" COLLAR",Dog
1556122045,4582,"NYLAHEALTH LG BCN CHEW",Dog
1556122044,222,"ExoTerra Ceramic 40W",Reptile
1556122044,3517,"COASTAL RBG18"" COLLAR",Dog
1556122044,4583,"NYLAHEALTH ROAST SM 2PK",Dog
1556122183,223,"ExoTerra Halogen 100W",Reptile
1556122183,3518,"COASTAL SLS18"" COLLAR",Dog
1556122183,4584,"NYLAHEALTH ROAST MD 2PK",Dog
1556122182,224,"ExoTerra Halogen 75W",Reptile
1556122182,3519,"COASTAL SUF18"" COLLAR",Dog
1556122182,4585,"NYLAHEALTH ROAST LG CHEW",Dog
1556122181,225,"ExoTerra Halogen 50W",Reptile
1556122181,3520,"COASTAL BWS12"" COLLAR",Dog
1556122181,4586,"NYLAHEALTH LG CHKN CHEW",Dog
1556122197,226,"ExoTerra Halogen 25W",Reptile
1556122197,3521,"COASTAL BWS18"" COLLAR",Dog
1556122197,4587,"NYLAHEALTH BEEF 4PK",Dog
1556122133,227,"ExoTerra Daylight Basking 100W",Reptile
1556122133,3522,"COASTAL PKT18"" COLLAR",Dog
1556122133,4588,"NYLAHEALTH BEEF 2PK CHEW",Dog
1556122132,228,"ExoTerra Daylight Basking 75W",Reptile
1556122132,3523,"COASTAL SNP26"" COLLAR",Dog
1556122132,4589,"NYLAHEALTH VENISON 2PK",Dog
1556122131,229,"ExoTerra Daylight Basking 50W",Reptile
1556122131,3524,"COASTAL RBG26"" COLLAR",Dog
1556122131,4590,"NYLAHEALTH ROAST XS 2PK",Dog
1556122195,230,"ExoTerra Daylight Basking 25W",Reptile
1556122195,3525,"COASTAL SLS26"" COLLAR",Dog
1556122195,4591,"NYLAHEALTH CHKN 3PK",Dog
1556122146,231,"ExoTerra Infrared Basking 150W",Reptile
1556122146,3526,"COASTAL SUF26"" COLLAR",Dog
1556122146,4592,"NYLAHEALTH BISON 2PK",Dog
1556122144,232,"ExoTerra Infrared Basking 100W",Reptile
1556122144,3527,"COASTAL BWS26"" COLLAR",Dog
1556122144,4593,"NYLAHEALTH VARIETY 3PK",Dog
1556122142,233,"ExoTerra Infrared Basking 75W",Reptile
1556122142,3528,"COASTAL PKT26"" COLLAR",Dog
1556122142,4594,"NYLAHEALTH TREATS VENISON",Dog
1556122140,234,"ExoTerra Intense Basking 150W",Reptile
1556122140,3529,"COASTAL SLSXXS HRNESS",Dog
1556122140,4595,"NYLAHEALTH CHEWY BITES PB",Dog
1556122138,235,"ExoTerra Intense Basking 100W",Reptile
1556122138,3530,"COASTAL SLSSML HRNESS",Dog
1556122138,4596,"BENEBONE GIANT ZAGGLER CHKN",Dog
1556122136,236,"ExoTerra Intense Basking 75W",Reptile
1556122136,3531,"COASTAL SLSMED HRNESS",Dog
1556122136,4597,"BENEBONE LG ZAGGLER CHKN",Dog
1665122135,237,"ExoTerra Instense Basking 50W",Reptile
1665122135,3532,"COASTAL SNPXXS HRNESS",Dog
1665122135,4598,"BENEBONE MD ZAGGLER CHKN",Dog
1556122196,238,"ExoTerra Intense Basking 25W",Reptile
1556122196,3533,"COASTAL SNPXSM HRNESS",Dog
1556122196,4599,"BENEBONE GIANT ZAGGLER BCN",Dog
1556122059,239,"ExoTerra Night Heat 150w",Reptile
1556122059,3534,"COASTAL SNPSML HRNESS",Dog
1556122059,4600,"BENEBONE LG ZAGGLER BCN",Dog
1556122058,240,"ExoTerra Night Heat 100W",Reptile
1556122058,3535,"COASTAL SNPMED HRNESS",Dog
1556122058,4601,"BENEBONE MD ZAGGLER BCN",Dog
1556122130,241,"ExoTerra Nigh Heat 75W",Reptile
1556122130,3536,"COASTAL BWSXXS HRNESS",Dog
1556122130,4602,"BENEBONE SM ZAGGLER BCN",Dog
1556122126,242,"ExoTerra Night Heat 50W",Reptile
1556122126,3537,"COASTAL BWSXSM HRNESS",Dog
1556122126,4603,"BENEBONE LG WISHBNE BCN",Dog
1556122124,243,"ExoTerra Night Heat 40W",Reptile
1556122124,3538,"COASTAL BWSSML HRNESS",Dog
1556122124,4604,"BENEBONE MED WISHBNE BCN",Dog
1556122122,244,"ExoTerra Night Heat 25W",Reptile
1556122122,3539,"COASTAL BWSMED HRNESS",Dog
1556122122,4605,"BENEBONE GIANT ZAGGLER PB",Dog
1556122120,245,"ExoTerra Night Heat 15W",Reptile
1556122120,3540,"COASTAL SUFXXS HRNESS",Dog
1556122120,4606,"BENEBONE MED ZAGGLER PB",Dog
1556122114,246,"ExoTerra Daytime Heat 150W",Reptile
1556122114,3541,"COASTAL SUFXSM HRNESS",Dog
1556122114,4607,"BENEBONE FISH TINY 2PK",Dog
1556122112,247,"ExoTerra Daytime Heat 100W",Reptile
1556122112,3542,"COASTAL SUFSML HRNESS",Dog
1556122112,4608,"BENEBONE SM FISHBONE",Dog
1556122111,248,"ExoTerra Daytime Heat 100W",Reptile
1556122111,3543,"COASTAL SUFMED HRNESS",Dog
1556122111,4609,"BENEBONE GIANT WISHBNE CHKN",Dog
1556122110,249,"ExoTerra Daytime Heat 60W",Reptile
1556122110,3544,"COASTAL PKTXXS HRNESS",Dog
1556122110,4610,"BENEBONE LG WISHBONE CHKN",Dog
1556122104,250,"ExoTerra Daytime Heat 40W",Reptile
1556122104,3545,"COASTAL PKTSML HRNESS",Dog
1556122104,4611,"BENEBONE MD WISHBONE CHKN",Dog
1556122102,251,"ExoTerra Daytime Heat 25W",Reptile
1556122102,3546,"COASTAL PKTMED HRNESS",Dog
1556122102,4612,"BENEBONE SM WISHBONE CHKN",Dog
1556122100,252,"ExoTerra Daytime Heat 15W",Reptile
1556122100,3547,"COASTAL RGBXXS HRNESS",Dog
1556122100,4613,"BENEBONE GIANT WISHBNE PB",Dog
9631600073,253,"Zilla Mini Ceramic Heat",Reptile
9631600073,3548,"COASTAL RGBXSM HRNESS",Dog
9631600073,4614,"BENEBONE LG WISHBONE PB",Dog
9631628089,254,"Zilla Trop. Mini Com. Fl.Bulb",Reptile
9631628089,3549,"COASTAL RBGSML HRNESS",Dog
9631628089,4615,"BENEBONE SM WISHBNE PB",Dog
9631628090,255,"Zilla Des. Mini Com Fl. Bulb",Reptile
9631628090,3550,"COASTAL RBGMED HRNESS",Dog
9631628090,4616,"SMARTSTICKS 16CT. CHAM&LAV",Dog
9631600047,256,"Zilla Mini Led plant Bulb",Reptile
9631600047,3551,"COASTAL PNKMED HRNESS",Dog
9631600047,4617,"SMARTBONES 16CT. SKIN&COAT",Dog
096316156326,257,"Zilla Mini Halogen Bulb 25W Red",Reptile
096316156326,3552,"COASTAL REDSML HRNESS",Dog
096316156326,4618,"SMARTBONES 16CT. HIP&JOINT",Dog
096316156357,258,"Zilla Mini Halogen Bulb 50W Red",Reptile
096316156357,3553,"COASTAL REDMED HRNESS",Dog
096316156357,4619,"HIMALAYAN CHEESE CHEW 3PK",Dog
096316156340,259,"Zilla Mini Halogen Bulb 50W Blue",Reptile
096316156340,3554,"COASTAL REDLRG HRNESS",Dog
096316156340,4620,"HIMALAYAN CHKN CHEW",Dog
096316156319,260,"Zilla Mini Halogen Bulb 25w Blue",Reptile
096316156319,3555,"COASTAL BLULRG HRNESS",Dog
096316156319,4621,"HIMALAYAN CHURROS 4PK",Dog
096316156302,261,"Zilla Mini Halogen Bulb 25W White",Reptile
096316156302,3556,"COASTAL BLUXXXS HRNESS",Dog
096316156302,4622,"HIMALAYAN UNHIDE 2PK",Dog
096316156333,262,"Zilla Mini Halogen Bulb 50W White",Reptile
096316156333,3557,"COASTAL GYBXXS HRNESS",Dog
096316156333,4623,"SMARTBONES STUFFED TWISTZ 6PK",Dog
096316280953,263,"Zilla Canopy Series Trop. 13W",Reptile
096316280953,3558,"COASTAL LIMXXS HRNESS",Dog
096316280953,4624,"SMARTBONES TWISTS 50PK PB",Dog
096316280960,264,"Zilla Canopy Series Des. 20W",Reptile
096316280960,3559,"COASTAL PKB3XS HRNESS",Dog
096316280960,4625,"SMARTBONES TWISTS 30PK SIRLOIN",Dog
096316007284,265,"Zilla Slimeline T8 Des. Fixture 18""",Reptile
096316007284,3560,"COASTAL LIM3XS HRNESS",Dog
096316007284,4626,"SMARTBONES KABOBZ CHK, PK,DCK",Dog
96316007260,266,"Zilla Slimeline T8 Trop. Fixture 18""",Reptile
96316007260,3561,"COASTAL GYPXSM HRNESS",Dog
96316007260,4627,"SMARTBONES 3LG PB",Dog
096316671072,267,"Zilla Trop. Series 25 T8 18"" 15W",Reptile
096316671072,3562,"COASTAL GYRXSM HRNESS",Dog
096316671072,4628,"SMARTBONES 3 LG BEEF",Dog
096316670952,268,"Zilla Des. Series 50 T8 18"" 15W",Reptile
096316670952,3563,"COASTAL GYUXSM HRNESS",Dog
096316670952,4629,"SMARTBONES 6SM PB",Dog
096316670921,269,"Zilla Des. Series 50 T8 24"" 17W",Reptile
096316670921,3564,"COASTAL GYBXSM HRNESS",Dog
096316670921,4630,"SMARTBONES 24 MINI PB",Dog
096316670822,270,"Zilla Pro Seires Trop. 25 UVB 20W",Reptile
096316670822,3565,"COASTAL NPKXSM HRNESS",Dog
096316670822,4631,"SMARTBONES 16 MINI PB",Dog
096316670839,271,"Zilla Pro Series Des. 50 UVB 20W",Reptile
096316670839,3566,"COASTAL LIMXSM HRNESS",Dog
096316670839,4632,"SMARTBONES 6 STUFF TWIST PRK",Dog
096316156296,272,"Zilla Light&Heat Halogen Mini Dome",Reptile
096316156296,3567,"COASTAL BLLXSM HRNESS",Dog
096316156296,4633,"N-BNE PUPPY TEETHING RING",Dog
96316000346,273,"Zilla Dual Low Profile Fixture",Reptile
96316000346,3568,"COASTAL BLKXSM HRNESS",Dog
96316000346,4634,"SMARTBONES 3 LG CHKN",Dog
096316280823,274,"Zilla Heat&UVB Basking Fixture",Reptile
096316280823,3569,"COASTAL PURXSM HRNESS",Dog
096316280823,4635,"SMARTBONES 24 MINI CHKN",Dog
096316280830,275,"Zilla Mini Heat&UVB Fixture",Reptile
096316280830,3570,"COASTAL SSOXSM HRNESS",Dog
096316280830,4636,"SMARTSTICKS 12 CHKN",Dog
015561220002,276,"ExoTerra HeatWave Rock Small",Reptile
015561220002,3571,"COASTAL DES18"" HRNESS",Dog
015561220002,4637,"SMARTBONES 4MED SWEET POT",Dog
015561220026,277,"ExoTerra HeatWave Rock Med.",Reptile
015561220026,3572,"COASTAL CYN18"" HRNESS",Dog
015561220026,4638,"SMARTBONES 24 MINI SWEET POT",Dog
15561220040,278,"ExoTerra HeatWave Rock lg",Reptile
15561220040,3573,"COASTAL PKBSML HRNESS",Dog
15561220040,4639,"SMARTBONES 4MED SWEET POT",Dog
091197230059,279,"Flukers SunGlow Coil Bulb",Reptile
091197230059,3574,"COASTAL BLUSML HRNESS",Dog
091197230059,4640,"SMARTBONES 12 CHKN STICKS",Dog
097612348545,280,"ZooMed ReptiSun 46""T5 54W",Reptile
097612348545,3575,"COASTAL LIMSML HRNESS",Dog
097612348545,4641,"SMARTBONES 24 MINI CHK",Dog
097612348392,281,"ZooMed ReptiSun 34"" T5 39W",Reptile
097612348392,3576,"COASTAL BLUXSM HRNESS",Dog
097612348392,4642,"SMARTBONES 3LG CHKN",Dog
097612343243,282,"ZooMed ReptiSun 24' T8 17W",Reptile
097612343243,3577,"COASTAL LIMXSM HRNESS",Dog
097612343243,4643,"N-BONE TEETHING RNG 3PK",Dog
097612343182,283,"ZooMed ReptiSun 18"" T8 15W",Reptile
097612343182,3578,"COASTAL GYPSML HRNESS",Dog
097612343182,4644,"DINGO MUNCHY STIX 10PK",Dog
097612340051,284,"ZooMed ReptiSun 5.0 Trop. 26W",Reptile
097612340051,3579,"COASTAL GYRSML HRNESS",Dog
097612340051,4645,"SAVORY PRIME GRILLERS",Dog
097612340105,285,"ZooMed ReptiSun 10.0 Des. 26W",Reptile
097612340105,3580,"COASTAL GYUSML HRNESS",Dog
097612340105,4646,"SMARTBONE 4LG CHURRO",Dog
097612348156,286,"ZooMed ReptiSun 12"" T5 15W",Reptile
097612348156,3581,"COASTAL GYBSML HRNESS",Dog
097612348156,4647,"SMARTBONE PROTEIN RINGS",Dog
097612340068,287,"ZooMed ReptiSun 5.0 Trop. 13W",Reptile
097612340068,3582,"COASTAL NPKSML HRNESS",Dog
097612340068,4648,"N-BONE TEETHING STICKS",Dog
097612340112,288,"ZooMed ReptiSun 10.0 Des. 13W",Reptile
097612340112,3583,"COASTAL SSOSML HRNESS",Dog
097612340112,4649,"N-BONE TEETHING PLUS RINGS 3PK",Dog
097612391060,289,"ZooMed Moonlite reptile Bulb 60W",Reptile
097612391060,3584,"COASTAL LIMSML HRNESS",Dog
097612391060,4650,"FRESHKISSES MED DBBL BRUSH",Dog
097612391046,290,"ZooMed Moonlite Reptile Bulb 40W",Reptile
097612391046,3585,"COASTAL BLKSML HRNESS",Dog
097612391046,4651,"FRESH KISSES SM DBBL BRUSH",Dog
015561223676,291,"ExoTerra MoonLite 5W",Reptile
015561223676,3586,"COASTAL BLLSML HRNESS",Dog
015561223676,4652,"FRESH KISSES XS DBBL BRUSH",Dog
097612340020,292,"ZooMed ReptiSun NANO UVB 5W",Reptile
097612340020,3587,"COASTAL CYN24: HRNESS",Dog
097612340020,4653,"FRESH KISSES LG DBBL BRUSH",Dog
097612328059,293,"ZooMed Nano LED 5W",Reptile
097612328059,3588,"COASTAL LAK24"" HRNESS",Dog
097612328059,4654,"FRESH KISSES XS DBBL BOX",Dog
097612970357,294,"ZooMed Nano Halogen Heat Lamp 35W",Reptile
097612970357,3589,"COASTAL MDW24"" HRNESS",Dog
097612970357,4655,"FRESH KISSES SM DBBL BOX",Dog
097612360202,295,"ZooMed Nano Bsking Lmp 25W",Reptile
097612360202,3590,"COASTAL PKBMED HRNESS",Dog
097612360202,4656,"FRESH KISSES MD DBBL BOX",Dog
097612360219,296,"ZooMed Nano Bskin Lmp 40W",Reptile
097612360219,3591,"COASTAL ORDMED HRNESS",Dog
097612360219,4657,"FRESH KISSES LG DBBL BOX",Dog
97612310252,297,"ZooMed Nano Cermaic 25W",Reptile
97612310252,3592,"COASTAL REDMED HRNESS",Dog
97612310252,4658,"FRESH KISSES LG MINT BRUSH",Dog
097612310405,298,"ZooMed Nano Ceramic 40W",Reptile
097612310405,3593,"COASTAL BLUMED HRNESS",Dog
097612310405,4659,"FRESH KISSES SM MINT BRUSH",Dog
097612331257,299,"Zoomed Nano Infrared Heat 25W",Reptile
097612331257,3594,"COASTAL LIMMED HRNESS",Dog
097612331257,4660,"FRESH KISSES XS MINT BRUSH",Dog
097612331400,300,"ZooMed Nano Infrared Heat 40W",Reptile
097612331400,3595,"COASTAL GYR3XS HRNESS",Dog
097612331400,4661,"FRESH KISSES XS MINT BOX",Dog
097612321036,301,"ZooMed T5 Hood LED UVB 30""",Reptile
097612321036,3596,"COASTAL BLU3XS HRNESS",Dog
097612321036,4662,"FRESH KISSES SM MINT BOX",Dog
097612326000,302,"ZooMed T8 Hood 20""",Reptile
097612326000,3597,"COASTAL GYB3XS HRNESS",Dog
097612326000,4663,"FRESH KISSES MD MINT BOX",Dog
97612326109,303,"ZooMed T8 Hood 24""",Reptile
97612326109,3598,"COASTAL GYPMED HRNSS",Dog
97612326109,4664,"FRESH KISSES LG MINT BOX",Dog
097612326307,304,"ZooMed T8 Hood 36""",Reptile
097612326307,3599,"COASTAL GYRMED HRNESS",Dog
097612326307,4665,"SHEPHARD FREEZE CHKN HEARTS",Dog
097612320787,305,"ZooMed T5 Hood ""36",Reptile
097612320787,3600,"COASTAL GYUMED HRNESS",Dog
097612320787,4666,"MILKBONE TRAIL MIX",Dog
097612320749,306,"ZooMed T5 Hood 48""",Reptile
097612320749,3601,"COASTAL GYBMED HRNESS",Dog
097612320749,4667,"MILKBONE CMFT CHEWS",Dog
15561224918,307,"ExoTerra Mister",Reptile
15561224918,3602,"COASTAL NPKMED HRNESS",Dog
15561224918,4668,"PUP-PERONI",Dog
561224895,308,"ExoTerra Mini Mister",Reptile
561224895,3603,"COASTAL PURMED HRNESS",Dog
561224895,4669,"BEGGIN STRIPS",Dog
097612910018,309,"ZooMed Big dripper",Reptile
097612910018,3604,"COASTAL BLKMED HRNESS",Dog
097612910018,4670,"WLN PUPPY BITES",Dog
097612910025,310,"ZooMed Little Dripper",Reptile
097612910025,3605,"COASTAL SSOMED HRNESS",Dog
097612910025,4671,"ST.ROCCOS COD 3OZ",Dog
015561242356,311,"ExoTerra Humidifier Extension kit",Reptile
015561242356,3606,"COASTAL BLLMED HRNESS",Dog
015561242356,4672,"ST.ROCCOS SALMON 8OZ",Dog
015561242011,312,"ExoTerra Monsoon Multi",Reptile
015561242011,3607,"COASTAL LIMMED HRNESS",Dog
015561242011,4673,"ST.ROCCOS MEAT LOVER 8OZ",Dog
015561242004,313,"ExoTerra Monsoon Solo",Reptile
015561242004,3608,"COASTAL MDW30 HRNESS",Dog
015561242004,4674,"ST.ROCCOS CHEESEBURGER 8OZ",Dog
015561220811,314,"ExoTerra Humidifier",Reptile
015561220811,3609,"COASTAL CYN30 HRNESS",Dog
015561220811,4675,"ST.ROCCOS COD 8OZ",Dog
097612910506,315,"ZooMed Waterfall kit",Reptile
097612910506,3610,"COASTAL PKBLRG HRNESS",Dog
097612910506,4676,"BEGGARBNS PRK SKN TWIST 11PK",Dog
015561220903,316,"ExoTerra ReptiFlo 200",Reptile
015561220903,3611,"COASTAL ORDLRG HRNESS",Dog
015561220903,4677,"RWRDS JUMPIN STIX VENISON 10OZ",Dog
97612950175,317,"ZooMed Multiport Fogger Attachment",Reptile
97612950175,3612,"COASTAL LIMLRG HRNESS",Dog
97612950175,4678,"RWRDS CRUNCH BIS SM BREED DCK 8OZ",Dog
97612950151,318,"ZooMed ReptiFogger",Reptile
97612950151,3613,"COASTAL GYRXXS HRNESS",Dog
97612950151,4679,"RWRDS CRUNCH BIS SM BR SAL 8OZ",Dog
097612950106,319,"ZooMed ReptiRain",Reptile
097612950106,3614,"COASTAL GYPXXS HRNESS",Dog
097612950106,4680,"BEGGARBNS MIX LG 1PK",Dog
015561229142,320,"ExoTerra Large Waterfall",Reptile
015561229142,3615,"COASTAL GYBXXS HRNESS",Dog
015561229142,4681,"BEGGARBNS 3IN1 TWISTS",Dog
015561229104,321,"ExoTerra Small Waterfall",Reptile
015561229104,3616,"COASTAL GYPLRG HRNESS",Dog
015561229104,4682,"RWRDS JUMPIN STIX DUCK 4OZ",Dog
096316001596,322,"Zilla Waterfall",Reptile
096316001596,3617,"COASTAL GYRLRG HRNESS",Dog
096316001596,4683,"RWRDS CRUNCH DUCK 14OZ",Dog
096316000490,323,"Zilla Spring Cave",Reptile
096316000490,3618,"COASTAL GYULRG HRNESS",Dog
096316000490,4684,"RWRDS CRUNCH VENISON 14OZ",Dog
097612910247,324,"ZooMed ReptiRapids WD Md Wtrfal",Reptile
097612910247,3619,"COASTAL BLLLRG HRNESS",Dog
097612910247,4685,"BEGGARBNS MINI 3IN1",Dog
097612910261,325,"ZooMed ReptiRapids Skul Sm Watrfl",Reptile
097612910261,3620,"COASTAL LIMLRG HRNESS",Dog
097612910261,4686,"GOODNFUN 3FLV WING",Dog
97612910278,326,"ZooMed ReptiRapid Skul Md. Watrfl",Reptile
97612910278,3621,"COASTAL PURLRG HRNSS",Dog
97612910278,4687,"SMKHOUSE CHKN STRIPS",Dog
015561222235,327,"Exoterr Large Light Bracket",Reptile
015561222235,3622,"COASTAL SSOLRG HRNESS",Dog
015561222235,4688,"SMKHOUSE CHKN SKEWRS",Dog
97612322002,328,"ZooMed Lamp Stand Lg",Reptile
97612322002,3623,"COASTAL BLKLRG HARNESS",Dog
97612322002,4689,"SMKHOUSE CHKN SWEET POT COMBO",Dog
097612322019,329,"ZooMed Lamp Stand SM",Reptile
097612322019,3624,"COASTAL LAK38"" HRNESS",Dog
097612322019,4690,"SMKHOUSE PEP STIX",Dog
15561223409,330,"ExoTerra UVB200 13W Intense",Reptile
15561223409,3625,"COASTAL CYN38"" HRNESS",Dog
15561223409,4691,"SMKHOUSE KABOBS W CHKN",Dog
015561221887,331,"ExoTerra UVB150 13W Des.",Reptile
015561221887,3626,"COASTAL DGM06' LEASH",Dog
015561221887,4692,"CHARLEE CHEESE&EGG 16OZ",Dog
015561221894,332,"ExoTerra UVB150 26W Des",Reptile
015561221894,3627,"COASTAL DGM06' LEASH",Dog
015561221894,4693,"GMAW LUCY BLUEBERRY",Dog
015561221863,333,"ExoTerra UVB100 13W Trop.",Reptile
015561221863,3628,"COASTAL BZS06' LEASH",Dog
015561221863,4694,"GMAW LUCY APPLE",Dog
015561221870,334,"ExoTerra UVB100 26W Trop.",Reptile
015561221870,3629,"COASTAL BZS06' LEASH",Dog
015561221870,4695,"GMAW LUCY CRANBERRY",Dog
015561224574,335,"ExoTerra Thermostat 300W",Reptile
015561224574,3630,"COASTAL MLM06' LEASH",Dog
015561224574,4696,"HEALTHEXT. 3.5 OZ SALMON",Dog
015561224635,336,"ExoTerra Thermostat 600W",Reptile
015561224635,3631,"COASTAL MLM06' LEASH",Dog
015561224635,4697,"HEALTHEXT 3.5OZ BEEF",Dog
097612980905,337,"ZooMed ReptiTuff 90W Splshpro Halo",Reptile
097612980905,3632,"COASTAL SHB06' LEASH",Dog
097612980905,4698,"FRUITABLES SWEET POT",Dog
015561237819,338,"ExoTerra Swamp 75W",Reptile
015561237819,3633,"COASTAL SHB06' LEASH",Dog
015561237819,4699,"FRUITABLES PUMPKIN",Dog
15561237802,339,"ExoTerra Swamp 50W",Reptile
15561237802,3634,"COASTAL RAF06' LEASH",Dog
15561237802,4700,"FRUITABLES BCN &APPL",Dog
096316671409,340,"Zilla Black Heat Bulb 150W",Reptile
096316671409,3635,"COASTAL RAF06' LEASH",Dog
096316671409,4701,"BEGGIN BCN&CHHESE",Dog
096316671393,341,"Zilla Black Heat Bulb 100W",Reptile
096316671393,3636,"COASTAL DGM14"" COLLAR",Dog
096316671393,4702,"NUTRICHOMPS 4COUNT PB",Dog
096316671386,342,"Zilla Black Heat Bulb 75W",Reptile
096316671386,3637,"COASTAL DGM12"" COLLAR",Dog
096316671386,4703,"NUTRICHOMPS 6COUNT CHKN",Dog
096316671379,343,"Zilla Black Heat Bulb 50W",Reptile
096316671379,3638,"COASTAL BZS14"" COLLAR",Dog
096316671379,4704,"NUTRICHOMPS MIX BRAID 4CNT",Dog
096316671560,344,"Zilla Black Heat Spot 150W",Reptile
096316671560,3639,"COASTAL BZS12"" COLLAR",Dog
096316671560,4705,"NUTRICHOMPS MINI 8 CNT",Dog
96316671553,345,"Zilla Black Heat Spot 100W",Reptile
96316671553,3640,"COASTAL MLM14"" COLLAR",Dog
96316671553,4706,"NUTRICHOMP BRAID CHKN 4CNT",Dog
096316671546,346,"Zilla Black Heat Spot 75W",Reptile
096316671546,3641,"COASTAL MLM12"" COLLAR",Dog
096316671546,4707,"CRAZYDOG MINI BACON",Dog
096316671539,347,"Zilla Black Heat Spot 50W",Reptile
096316671539,3642,"COASTAL SHB14"" COLLAR",Dog
096316671539,4708,"CRAZYDOG MINI CHKN",Dog
096316671447,348,"Zilla Day Blue Light 150W",Reptile
096316671447,3643,"COASTAL SHB12"" COLLAR",Dog
096316671447,4709,"CRAZYDOG MINI BEEF",Dog
96316671430,349,"Zilla Day Blue Light 100W",Reptile
96316671430,3644,"COASTAL RAF14"" COLLAR",Dog
96316671430,4710,"FLVRFULLZ CHEESE",Dog
096316671423,350,"Zilla Day Blue Light 75W",Reptile
096316671423,3645,"COASTAL RAF12"" COLLAR",Dog
096316671423,4711,"FLVRFULLZ CHKN",Dog
96316671416,351,"Zilla Day Blue Light 50W",Reptile
96316671416,3646,"COASTAL DGM26"" COLLAR",Dog
96316671416,4712,"FLVRFULLZ PEANUT",Dog
096316671485,352,"Zilla Night Red Heat 150W",Reptile
096316671485,3647,"COASTAL DBM20"" COLLAR",Dog
096316671485,4713,"CADET SWTPOT STEAK FRY",Dog
096316671478,353,"Zilla Night Red Heat 100W",Reptile
096316671478,3648,"COASTAL BZS26"" COLLAR",Dog
096316671478,4714,"DOGSWELL SKIN&COAT JERKY",Dog
096316671461,354,"Zilla Night Red Heat 75W",Reptile
096316671461,3649,"COASTAL BZS20"" COLLAR",Dog
096316671461,4715,"DOGSWELL GUTHEALTH JERKY",Dog
096316671454,355,"Zilla Night Red Heat 50W",Reptile
096316671454,3650,"COASTAL MLM26"" COLLAR",Dog
096316671454,4716,"DOGSWELL HIP&JOINT JERKY",Dog
096316671522,356,"Zilla Day White Light Spot 150W",Reptile
096316671522,3651,"COASTAL MLM20"" COLLAR",Dog
096316671522,4717,"BLUEBUFF LAMB STIX",Dog
096316671515,357,"Zilla Day White Light Spot 100W",Reptile
096316671515,3652,"COASTAL SHB26"" COLLAR",Dog
096316671515,4718,"BLUEBUFF BEEF STIX",Dog
096316671508,358,"Zilla Day White Light Spot 75W",Reptile
096316671508,3653,"COASTAL SHB20"" COLLAR",Dog
096316671508,4719,"BLUEBUFF CHKN STIX",Dog
096316671492,359,"Zilla Day White Light Spot 50W",Reptile
096316671492,3654,"COASTAL RAF26"" COLLAR",Dog
096316671492,4720,"BLUEBUFF BITS TURKEY",Dog
096316671362,360,"Zilla Day White Light Bulb 150W",Reptile
096316671362,3655,"COASTAL RAF20"" COLLAR",Dog
096316671362,4721,"BLUEBUFF BITS BEEF",Dog
096316671355,361,"Zilla Day White Light Bulb 100W",Reptile
096316671355,3656,"COASTAL REDSML PWRWALKER",Dog
096316671355,4722,"BLUEBUFF BITS CHKN",Dog
096316671331,362,"Zilla Day White Light Bulb 50W",Reptile
096316671331,3657,"COASTAL REDMED PWRWALKER",Dog
096316671331,4723,"BLUEBUFF BITS SALMON",Dog
015561227117,363,"ExoTerra Screen Cover 10 Gal.",Reptile
015561227117,3658,"COASTAL REDLRG PWRWALKER",Dog
015561227117,4724,"BLUEBUFF BISCUITS DUCK",Dog
015561227124,364,"ExoTerra Screen Cover 15/20 Gal.",Reptile
015561227124,3659,"COASTAL PNKSM PWRWALKER",Dog
015561227124,4725,"BLUEBUFF BISCUITS SALMON",Dog
015561227131,365,"ExoTerra Screen Cover 20 Gal. Long",Reptile
015561227131,3660,"COASTAL PNKMED PWRWALKER",Dog
015561227131,4726,"BLUEBUFF WILD BITS CHKN",Dog
015561227162,366,"ExoTerra Screen Cover 40/50Gal Breed",Reptile
015561227162,3661,"COASTAL PNKLRG PWRWALKER",Dog
015561227162,4727,"BLUEBUFF SIZZLERS ORIG 15OZ",Dog
015561227148,367,"ExoTerra Screen Cover 30Gal.",Reptile
015561227148,3662,"COASTAL BLKSML PWRWALKER",Dog
015561227148,4728,"BLUEBUFF SIZZLERS CHEESE 15OZ",Dog
15561227155,368,"ExoTerra Screen Cover 55 gal.",Reptile
15561227155,3663,"COASTAL BLKMED PWRWALKER",Dog
15561227155,4729,"BLUEBUFF SIZZLER ORIG. 6OZ",Dog
015561224253,369,"ExoTerra TerraSkyUV 9W",Reptile
015561224253,3664,"COASTAL BLKLRG PWRWALKER",Dog
015561224253,4730,"BLUEBUFF HEALTHBR BEEF",Dog
015561224154,370,"ExoTerra TerraSkyUV 3W",Reptile
015561224154,3665,"COASTAL BLUXSM PWRWALKER",Dog
015561224154,4731,"BLUEBUFF HEALTHBR BCN,EGG,CHE",Dog
015561224147,371,"ExoTerra TerraSkyUV Extendable 10W",Reptile
015561224147,3666,"COASTAL BLUSML PWRWALKER",Dog
015561224147,4732,"BLUEBUFF TRUCHEW CHKN&DCK",Dog
15561242585,372,"ExoTerra T5 Top 54W 47""",Reptile
15561242585,3667,"COASTAL BLUMED PWRWALKER",Dog
15561242585,4733,"BLUEBUFF TRUCHEW CKN PIE",Dog
3443981210285,373,"Reptile Sys. T5 Zone 3 Unit 39W 35""",Reptile
3443981210285,3668,"COASTAL BLULRG PWRWALKER",Dog
3443981210285,4734,"BLUEBUFF TRUCHEW CHKN",Dog
015561242561,374,"ExoTerra T5 Top 24W 24""",Reptile
015561242561,3669,"SUNBURST PKB06' LEASH",Dog
015561242561,4735,"BLUEBUFF HEALTHBR BANNA YOGURT",Dog
3443981210230,375,"Reptile Sys. T5 Zone 1 Unit 24W 23""",Reptile
3443981210230,3670,"SUNBURST BLU06' LEASH",Dog
3443981210230,4736,"BLUEBUFF HEALTHBR PUMPKIN",Dog
015561224338,376,"ExoTerra RepUVB300 T5 54W 14% 46""",Reptile
015561224338,3671,"SUNBURST RED06' LEASH",Dog
015561224338,4737,"BLUEBUFF HEALTHBR APPLE",Dog
015561224291,377,"ExoTerra RepUVB200 T5 54W 7% 46""",Reptile
015561224291,3672,"SUNBURTS BLK06' LEASH",Dog
015561224291,4738,"HEALTHEXT BAKED LAMB",Dog
015561223836,378,"ExoTerra RepUVB100 T5 54W 3% 46""",Reptile
015561223836,3673,"SUNBURST PUR10 COLLAR",Dog
015561223836,4739,"MILKBONE MAROSNACKS",Dog
3443981170077,379,"Reptile Sys. T5 Zone 3 12% 39W",Reptile
3443981170077,3674,"SUNBURST BLL10"" COLLAR",Dog
3443981170077,4740,"FROMM CRUNCHYOS BLUEBERRY",Dog
015561224284,380,"ExoTerra RepUVB200 T5 39W 7%",Reptile
015561224284,3675,"SUNBURST ORD10"" COLLAR",Dog
015561224284,4741,"FROMM CRUNCHYOS CHEESE",Dog
015561223829,381,"ExoTerra RepUVB100 T5 39W 3%",Reptile
015561223829,3676,"SUNBURST LIM12"" COLLAR",Dog
015561223829,4742,"FROMM CRUNCHYOS PUMKIN",Dog
3443981170060,382,"Reptile Sys. T5 Zone 3 24W 12%",Reptile
3443981170060,3677,"SUNBURST BLU10"" COLLAR",Dog
3443981170060,4743,"FROMM CRUNCHYOS BACON",Dog
3443981170039,383,"Reptile Sys. T5 Zone 2 24W 6""",Reptile
3443981170039,3678,"SUNBURST RED10"" COLLAR",Dog
3443981170039,4744,"FROMM CRUNCHYOS BANNA",Dog
015561224277,384,"ExoTerra RepUVB200 T5 24W 7%",Reptile
015561224277,3679,"SUNBURST BLK12"" COLLAR",Dog
015561224277,4745,"FROMM CRUNCHYOS PEANUT",Dog
443983200086,385,"Reptile Sys. T5 Zone 1 24W 2.4%",Reptile
443983200086,3680,"SUNBURST PKF10"" COLLAR",Dog
443983200086,4746,"FROMM CRUNCHYOS POTROAST",Dog
015561223812,386,"ExoTerra RepUVB100 T5 24W 3%",Reptile
015561223812,3681,"SUNBURST PKF12"" COLLAR",Dog
015561223812,4747,"FROMM TENDEROLLIES BCN",Dog
015561224307,387,"ExtoTerra RepUVB300 T5 8W 14%",Reptile
015561224307,3682,"SUNBURST BLK10"" COLLAR",Dog
015561224307,4748,"FROMM TENDEROLLIES BEEF",Dog
015561224260,388,"ExoTerra RepUVB200 T5 8W 7%",Reptile
015561224260,3683,"SUNBURST PKB12"" COLLAR",Dog
015561224260,4749,"FROMM NUTRI DIGESTIVE",Dog
015561223805,389,"ExoTerra RepUVB100 T5 8W 3%",Reptile
015561223805,3684,"SUNBURST BLU12"" COLLAR",Dog
015561223805,4750,"FROMM NUTRI IMMUNITY",Dog
015561242592,390,"ExoTerrra T5 Terraium mounting clips",Reptile
015561242592,3685,"SUNBURST RED12"" COLLAR",Dog
015561242592,4751,"FROMM NURTI MOBILITY",Dog
097612151244,391,"ZooMed FloraSun",Reptile
097612151244,3686,"COASTAL ORD6' 2906 LEASH",Dog
097612151244,4752,"FROMM BAKED LAMB",Dog
015561242691,392,"ExoTerra T5 Top Interconnection adap",Reptile
015561242691,3687,"COASTAL ORD6' 906 LEASH",Dog
015561242691,4753,"FROMM BAKED CHKN",Dog
015561224345,393,"ExoTerra Mounting Clips",Reptile
015561224345,3688,"COASTAL ORD6' 406 LEASH",Dog
015561224345,4754,"FROMM BAKED SALMON",Dog
015561223485,394,"ExoTerra Deep Dome Sm",Reptile
015561223485,3689,"COASTAL ORD6' 404 LEASH",Dog
015561223485,4755,"STARMARK SM COOKIE CUPS CHKN",Dog
015561223492,395,"ExoTerra Deep Dome Lrg.",Reptile
015561223492,3690,"COASTAL LIM6' 2906 LEASH",Dog
015561223492,4756,"STARMARK MD COOKIE CUP CHKN",Dog
015561220620,396,"ExoTerra Wire Light",Reptile
015561220620,3691,"COASTAL LIM6' 906 LEASH",Dog
015561220620,4757,"STARMARK LG COOKIE CUP CHKN",Dog
091197270017,397,"Flukers 10 in . Clamp Lamp",Reptile
091197270017,3692,"COASTAL LIM6' 404 LEASH",Dog
091197270017,4758,"STARMARK SM CUP JAR",Dog
091197270000,398,"Flukers 8.5 in Clamp Lamp",Reptile
091197270000,3693,"COASTAL LIM6' 306 LEASH",Dog
091197270000,4759,"STARMARK MD CUP JAR",Dog
091197270024,399,"Flukers 5.5 In Clamp Lamp",Reptile
091197270024,3694,"COASTAL ORD18"" 601 COLLAR",Dog
091197270024,4760,"STARMARK LG CUP JAR",Dog
015561220569,400,"ExoTerra Glow Light Large",Reptile
015561220569,3695,"COASTAL ORD22"" 2901 CLLR",Dog
015561220569,4761,"MERRICK POWR BITES SALMON",Dog
015561220521,401,"ExoTerra Glow Light Small",Reptile
015561220521,3696,"COASTAL ORD26"" 2901 CLLR",Dog
015561220521,4762,"MERRICK PWR BITES BEEF",Dog
096316670594,402,"Zilla Reflector DOME 5.5""",Reptile
096316670594,3697,"COASTAL ORD24"" 2901 CLLR",Dog
096316670594,4763,"MERRICK PWR BITES CHKN",Dog
096316670648,403,"Zilla Reflector Dome 8.5""",Reptile
096316670648,3698,"COASTAL ORD20"" 2901 CLLR",Dog
096316670648,4764,"VITALESS. SALMON BTS 2.5OZ",Dog
096316670365,404,"Zilla Premium Reflector 8.5""",Reptile
096316670365,3699,"COASTAL LIM20"" 2901 CLLR",Dog
096316670365,4765,"VITALESS BEEF TRIPE BITES 2.3OZ",Dog
096316670358,405,"Zilla Premium Reflector 5.5""",Reptile
096316670358,3700,"COASTAL LIM18"" 601 CLLR",Dog
096316670358,4766,"VITALESS RABBIT BTS 2.0OZ",Dog
015561222259,406,"ExoTerra Compact Top Mini",Reptile
015561222259,3701,"COASTAL LIM22"" 2901 CLLR",Dog
015561222259,4767,"VITALESS DUCK BTS 2.0OZ",Dog
015561222266,407,"ExoTerra Compact Top Small",Reptile
015561222266,3702,"COASTAL LIM24"" 2901 CLLR",Dog
015561222266,4768,"VITALESS BEEF LIVER 2.1 OZ",Dog
015561222273,408,"ExoTerra Compact Top Med",Reptile
015561222273,3703,"COASTAL LIM26"" 2901 CLLR",Dog
015561222273,4769,"VITALESS MINNOWS 1.0 OZ",Dog
015561223652,409,"ExoTerra Scorpion Light 15 LED",Reptile
015561223652,3704,"COASTAL ORD26"" BUCK CLLR",Dog
015561223652,4770,"VITALESS CHKN BREAST 2.1OZ",Dog
015561223614,410,"ExoTerra Reptile Dome Nano",Reptile
015561223614,3705,"COASTAL ORD14"" BUCK CLLR",Dog
015561223614,4771,"VITALESS CHKN HEART 1.9 OZ",Dog
015561223362,411,"ExoTerra Day&Night LED 3w",Reptile
015561223362,3706,"COASTAL ORD20"" BUCK CLLR",Dog
015561223362,4772,"NUTRISRC LITTLE BTS TURKEY",Dog
097612320503,412,"Reptile Eco , Clamp Lamp",Reptile
097612320503,3707,"COASTAL ORD14"" BUCK CLLR",Dog
097612320503,4773,"NUTRISRC LITTLE BTS PB",Dog
015561223348,413,"ExoTerra Solar Glo 80W",Reptile
015561223348,3708,"COASTAL LIM26"" BUCK CLLR",Dog
015561223348,4774,"NUTRISRC LITTLE BTS BEEF",Dog
015561221924,414,"ExoTerra Solar Glo 125W",Reptile
015561221924,3709,"COASTAL LIM20"" BUCK CLLR",Dog
015561221924,4775,"NUTRISRC LITTLE BTS CHKN",Dog
15561221931,415,"ExoTerra Solar Glo 160W",Reptile
15561221931,3710,"COASTAL LIM14"" BUCK CLLR",Dog
15561221931,4776,"NUTRISRC LIL BTS TROUT",Dog
091197270048,416,"Flukers Mini Sun Dome",Reptile
091197270048,3711,"COASTAL LIM26"" BUCK CLLR",Dog
091197270048,4777,"NUTRISRC LIL BTS DUCK",Dog
097612322309,417,"ZooMed Trop. UVB&Heat Kit",Reptile
097612322309,3712,"COASTAL LIM20"" BUCK CLLR",Dog
097612322309,4778,"NUTRISRC NUTTY BUTT BTS APP",Dog
097612322354,418,"ZooMed Nano Dome 40W",Reptile
097612322354,3713,"COASTAL LIM14"" BUCK CLLR",Dog
097612322354,4779,"NUTRISRC CRISPY CRISP TRUK&VENI",Dog
097612322361,419,"ZooMed Nano Combo Dome 80W",Reptile
097612322361,3714,"COASTAL ORD12"" BUCK CLLR",Dog
097612322361,4780,"NUTRISRC CRISPY CRISP LMB&BEEF",Dog
97612008357,420,"ZooMed Creatures Dome  40W",Reptile
97612008357,3715,"COASTAL ORD16"" 401 CLLR",Dog
97612008357,4781,"NUTRISRC CRIP CHKN&DUCK",Dog
097612008364,421,"ZooMed Creatures Dome Combo 80W",Reptile
097612008364,3716,"COASTAL ORD14"" 401 CLLR",Dog
097612008364,4782,"NUTRISRC BIG BITES CHK",Dog
097612325706,422,"ZooMed Palidirum Hood 18""",Reptile
097612325706,3717,"COASTAL ORD12"" 401 CLLR",Dog
097612325706,4783,"NUTRISRC BIG BITES BEEF",Dog
97612325607,423,"ZooMed Paludarium Hood 12""",Reptile
97612325607,3718,"COASTAL ORD12"" 301 CLLR",Dog
97612325607,4784,"NUTRISRC GRILL TRUKEY",Dog
97612321005,424,"ZooMed Wire Cage Clamp Lamp",Reptile
97612321005,3719,"COASTAL ORD10"" 301 CLLR",Dog
97612321005,4785,"NUTRISRC GRILL WHITEFISH",Dog
097612322255,425,"ZooMed Combo Deep Dome",Reptile
097612322255,3720,"COASTAL LIM16"" 401 CLLR",Dog
097612322255,4786,"NUTRISRC CHOMP SAL&TROUT",Dog
097612322286,426,"ZooMed Mini trop. UVB Combo",Reptile
097612322286,3721,"COASTAL LIM14"" 401 CLLR",Dog
097612322286,4787,"NUTRISRC CHOM TURK& DCK",Dog
097612322316,427,"ZooMed Des. UVB&Heat Kit",Reptile
097612322316,3722,"COASTAL LIM12"" 401 CLLR",Dog
097612322316,4788,"NUTRISRC CHOM RABBIT&VEN",Dog
097612322279,428,"ZooMed Min Des. UVB Combo",Reptile
097612322279,3723,"COASTAL LIM12"" 301 CLLR",Dog
097612322279,4789,"NUTRISRC TNDR BTS CHKN",Dog
097612321708,429,"ZooMed Deep Dome",Reptile
097612321708,3724,"COASTAL LIM10"" 301 CLLR",Dog
097612321708,4790,"FINLEYS BKD PB&BANNANA",Dog
097612322385,430,"ZooMed Palubarium UVB &Plant",Reptile
097612322385,3725,"COASTAL LIM12"" 3201 CLLR",Dog
097612322385,4791,"FINLEYS BKD APP&CINN",Dog
097612321906,431,"ZooMed Mini Combo Deep Dome",Reptile
097612321906,3726,"COASTAL RED18 HARNESS",Dog
097612321906,4792,"FINLEYS BKD BLUE&COCO",Dog
097612321807,432,"ZooMed Mini Deep Dome",Reptile
097612321807,3727,"COASTAL BLU18 HARNESS",Dog
097612321807,4793,"NUTRISRC CHOM BEEF&BORE",Dog
097612925500,433,"ZooMed Corner Bowl Lg",Reptile
097612925500,3728,"COASTAL ORD18"" HARNESS",Dog
097612925500,4794,"MILKBNE SM BONES",Dog
097612925401,434,"ZooMed Corner Bowl Med.",Reptile
097612925401,3729,"COASTAL BLK18 HARNESS",Dog
097612925401,4795,"RWRDS MINI SALMON",Dog
097612925203,435,"ZooMed Corner Bowl Sm",Reptile
097612925203,3730,"COASTAL BLL18 HARNESS",Dog
097612925203,4796,"ZIG TREATS DCK 12OZ",Dog
097612924107,436,"ZooMed ReptiRamp Bowl Med.",Reptile
097612924107,3731,"COASTAL TEL18 HARNESS",Dog
097612924107,4797,"ZIG TREATS TROUT 12OZ",Dog
97612924114,437,"ZooMed ReptiRampBowl Lrg.",Reptile
97612924114,3732,"COASTAL HUN18 HARNESS",Dog
97612924114,4798,"ZIG TREATS LAMB 12OZ",Dog
97612920406,438,"ZooMed  ReptiRock Lg.",Reptile
97612920406,3733,"COASTAL NPK24 HARNESS",Dog
97612920406,4799,"ZIG TREATS PRK",Dog
97612920307,439,"ZooMed ReptiRock Med",Reptile
97612920307,3734,"COASTAL ORD24 HARNESS",Dog
97612920307,4800,"ZIG SFT SALMON BTS",Dog
97612920208,440,"ZooMed ReptiRock Sm.",Reptile
97612920208,3735,"COASTAL PKB24 HARNESS",Dog
97612920208,4801,"ZIG SFT LAMB BTS",Dog
097612920109,441,"ZooMed ReptiRock XS",Reptile
097612920109,3736,"COASTAL PKF18 HARNESS",Dog
097612920109,4802,"ZIG SFT DCK BTS",Dog
097612923407,442,"ZooMed ReptiRock Combo Lg",Reptile
097612923407,3737,"COASTAL FSA18 HARNESS",Dog
097612923407,4803,"4"" PRESSED BONE",Dog
097612923308,443,"ZooMed ReptiRock Combo Med.",Reptile
097612923308,3738,"COASTAL RED24 HARNESS",Dog
097612923308,4804,"4.5"" PRESSED BNE NATURAL",Dog
097612923209,444,"ZooMed ReptiRock Combo Sm",Reptile
097612923209,3739,"COASTAL BLU24 HRNESS",Dog
097612923209,4805,"BEEFHIDE CHEW",Dog
097612921502,445,"ZooMed ReptiRock XL",Reptile
097612921502,3740,"COASTAL BLK24 HARNESS",Dog
097612921502,4806,"NUTRICHOMP PRK KNOT",Dog
097612921403,446,"ZooMed ReptiRock L",Reptile
097612921403,3741,"COASTAL PKF24 HARNESS",Dog
097612921403,4807,"4-5"" SUP, BNE WHITE",Dog
097612921304,447,"ZooMed ReptiRock M",Reptile
097612921304,3742,"COASTAL BLL24 HARNESS",Dog
097612921304,4808,"CADET KNOTTED BNS 1LB",Dog
096316116603,448,"Zilla Durable Dish L",Reptile
096316116603,3743,"COASTAL PUR24 HARNESS",Dog
096316116603,4809,"BIONIC URBAN STICK MED",Dog
096316116597,449,"Zila Durable Dish M.",Reptile
096316116597,3744,"COASTAL TEL24 HARNESS",Dog
096316116597,4810,"BIONIC URBAN STICK LG",Dog
096316116580,450,"Zilla Durable DIsh s",Reptile
096316116580,3745,"COASTAL HUN24 HARNESS",Dog
096316116580,4811,"BIONIC BONE LG",Dog
097612923612,451,"ZooMed Glow Bowls Combo M",Reptile
097612923612,3746,"COASTAL NPK18 HARNESS",Dog
097612923612,4812,"BIONIC BONE MD",Dog
097612923629,452,"ZooMed Glow Bowls Combo Lg.",Reptile
097612923629,3747,"COASTAL BLL30 HARNESS",Dog
097612923629,4813,"BIONIC BONE SM",Dog
015561228138,453,"ExoTerra Feeding Dish X-lg.",Reptile
015561228138,3748,"COASTAL PKF30 HARNESS",Dog
015561228138,4814,"BIONIC STUFFER",Dog
015561228121,454,"ExoTerra Feeding Dish Lg.",Reptile
015561228121,3749,"COASTAL PUR30 HARNESS",Dog
015561228121,4815,"BIONIC URBAN STICK SM",Dog
015561228114,455,"ExoTerra Feeding Dish sm",Reptile
015561228114,3750,"COASTAL HUN30 HARNESS",Dog
015561228114,4816,"BIONIC BALL SM",Dog
096316117624,456,"Zilla Terraced Dish Lg.",Reptile
096316117624,3751,"COASTAL ORD30 HARNESS",Dog
096316117624,4817,"BIONIC BALL MD",Dog
96316117617,457,"Zilla Terraced Dish Med.",Reptile
96316117617,3752,"COASTAL BLU30 HARNESS",Dog
96316117617,4818,"BIONIC BALL LG",Dog
096316685215,458,"Zilla Terraium Dish Sm.",Reptile
096316685215,3753,"COASTAL TEL30 HARNESS",Dog
096316685215,4819,"NTHNTOHIDE 10"" LG RLL BEEF",Dog
96316685222,459,"Zilla Terraium Dish Med.",Reptile
96316685222,3754,"COASTAL LIM30 HARNESS",Dog
96316685222,4820,"NTHNTOHIDE 10"" LG RLL PB",Dog
030172071966,460,"Reptology Feeder dish sm",Reptile
030172071966,3755,"COASTAL PKB30 HARNESS",Dog
030172071966,4821,"NTHNTOHIDE EXT FLIP CHIPS CHKN",Dog
030172071973,461,"Reptology Feeder Dish Lg.",Reptile
030172071973,3756,"COASTAL BLL38 HARNESS",Dog
030172071973,4822,"NTHNTOHIDE EXT CHKN RING&BONES",Dog
015561228077,462,"ExoTerra Water Dish x-sm",Reptile
015561228077,3757,"COASTAL HUN38 HARNESS",Dog
015561228077,4823,"NTHTOHIDE 10"" LG CHKN RLL 2PK",Dog
015561228015,463,"ExoTerra Water Dish Small",Reptile
015561228015,3758,"COASTAL BLK38 HARNESS",Dog
015561228015,4824,"NTHNTOHIDE 5"" SM RLLS CHKN",Dog
015561228022,464,"ExoTerra Water Dish Med",Reptile
015561228022,3759,"COASTAL NPK38 HARNESS",Dog
015561228022,4825,"NTHNTOHIDE SM TWST CHKN",Dog
15561228039,465,"ExoTerra Water Dish Large",Reptile
15561228039,3760,"COASTAL LIM38 HARNESS",Dog
15561228039,4826,"NTHNTOHIDE 5"" SM RLL PB",Dog
015561228275,466,"ExoTerra Corner Water dish Med",Reptile
015561228275,3761,"COASTAL PKF38 HARNESS",Dog
015561228275,4827,"NTHNTOHIDE 3"" BAGEL BEEF",Dog
015561228282,467,"ExoTerra Corner Water Dish Lg",Reptile
015561228282,3762,"COASTAL PUR38 HARNESS",Dog
015561228282,4828,"NTHNTOHIDE 3"" BAGEL PB",Dog
015561228299,468,"ExoTerra Corner Water Dish X-lg",Reptile
015561228299,3763,"COASTAL ORD38 HARNESS",Dog
015561228299,4829,"NTHNTOHIDE 5"" SM RLL CHKN",Dog
015561225069,469,"ExoTerra Monsoon Knozzles",Reptile
015561225069,3764,"COASTAL TEL38 HARNESS",Dog
015561225069,4830,"NTHTOHIDE SM TWST STIX SALMON",Dog
097612660104,470,"ZooMed Turltle Dock Sm",Reptile
097612660104,3765,"COASTAL PKB38 HARNESS",Dog
097612660104,4831,"NTHTOHIDE 5"" SM RLL BEEF 2PK",Dog
097612660203,471,"ZooMed Turltle Dock Med",Reptile
097612660203,3766,"COASTAL BLL6' 2906 LEASH",Dog
097612660203,4832,"NTHNTOHIDE 10"" LG RLL BEEF 2PK",Dog
010838201258,472,"Lagoon 11"" oval",Reptile
010838201258,3767,"COASTAL BLL6' 2904 LEASH",Dog
010838201258,4833,"NTHNTOHIDE BEEF RING&BONES",Dog
010838201357,473,"Lagoon Kidney",Reptile
010838201357,3768,"COASTAL BLL6' 406 LEASH",Dog
010838201357,4834,"NTHNTOHIDE FLIP CHIPS BEEF",Dog
097612660050,474,"ZooMed Floating Dock Mini",Reptile
097612660050,3769,"COASTAL BLL4' 404 LEASH",Dog
097612660050,4835,"NTHTOHIDE 10"" LG RLL PB",Dog
015561238007,475,"ExoTerra Turtle bank",Reptile
015561238007,3770,"COASTAL BLL4' 304 LEASH",Dog
015561238007,4836,"NTHTOHIDE 5"" SM PB RLL",Dog
030172061059,476,"Floating Turtle Pier Sm",Reptile
030172061059,3771,"COASTAL PKB6' 2906 LEASH",Dog
030172061059,4837,"NTHNTOHIDE FLIP CHIPS PB",Dog
030172060885,477,"Floating Turtle Pier Med.",Reptile
030172060885,3772,"COASTAL PKB6' 906 LEASH",Dog
030172060885,4838,"NTHNTOHIDE SM TWST STIX BFF",Dog
030172065224,478,"Floating Turtle Pier Lg.",Reptile
030172065224,3773,"COASTA; PKB6' 406 LEASH",Dog
030172065224,4839,"TUESDAYS SM BEEF TAIL",Dog
096316280779,479,"Basking Platform Filter",Reptile
096316280779,3774,"COASTAL PKB4' 404 LEASH",Dog
096316280779,4840,"TUESDAYS 6"" SPIRAL COLLAGEN STIX",Dog
046798166047,480,"ReptoMin Floating turtle sticks JUMBO",Reptile
046798166047,3775,"COASTAL PKB4' 306 LEASH",Dog
046798166047,4841,"TUESDAYS 6"" TREMENDA CHW BULL",Dog
046798162551,481,"ReptoMin Floating Turtle Sticks 10.59Oz",Reptile
046798162551,3776,"COASTAL BLL26"" 2901 CLLR",Dog
046798162551,4842,"TUESDAY BEEF BLADDER",Dog
046798292524,482,"ReptoMin Floating Turtle sticks 1.94 oz",Reptile
046798292524,3777,"COASTAL BLL24"" 2901 CLLR",Dog
046798292524,4843,"TUESDAY 12"" CLL STRT STICS BEEF",Dog
046798165989,483,"ReptoMin Floating Turtle BABY",Reptile
046798165989,3778,"COASTAL BLL22"" 2901 CLLR",Dog
046798165989,4844,"TUESDAYS 10-12"" STUFF PRK GULLETS",Dog
46798162537,484,"Repto Treat Turtle",Reptile
46798162537,3779,"COASTAL BLL20"" 2901 CLLR",Dog
46798162537,4845,"TUESDAYS 5"" BEEF CHEEK RLL",Dog
046798292531,485,"ReptoMin Select a food Turtle",Reptile
046798292531,3780,"COASTAL BLL18"" 2901 CLLR",Dog
046798292531,4846,"TUESDAYS 12"" CLLGEN PB",Dog
097612400564,486,"ZooMed Aquatic Turtle Food Hatching",Reptile
097612400564,3781,"COASTAL PKB20"" 2901 CLLR",Dog
097612400564,4847,"TUESDAYS CHKN BASTED CHEEK RLL",Dog
097612410501,487,"ZooMed Aquatic Turtle Food Growth",Reptile
097612410501,3782,"COASTAL PKB18"" 2901 CLLR",Dog
097612410501,4848,"TUESDAYS 10-12"" BF BASTED CHKRLL",Dog
097612400311,488,"ReptiSticks Turtle",Reptile
097612400311,3783,"COASTAL PKB22"" 2901 CLLR",Dog
097612400311,4849,"TUESDAYS 10"" BF CHEEK RLL DUSTED",Dog
97612410211,489,"ZooMed Box Turtle Food",Reptile
97612410211,3784,"COASTAL PKB24"" 2901 CLLR",Dog
97612410211,4850,"TUESDAYS 10"" BEEF CHEEK PB",Dog
097612400991,490,"ZooMed Gourment Box Turtle Food",Reptile
097612400991,3785,"COASTAL PKB26"" 2901 CLLR",Dog
097612400991,4851,"WHLSM RWRDS LG ORIGNIAL",Dog
97612401011,491,"ZooMed Gourmet Tortoise Food",Reptile
97612401011,3786,"COASTAL BLL26"" MBUCK CLLR",Dog
97612401011,4852,"WHLSM RWRDS MD ORIGINAL",Dog
097612401301,492,"ZooMed Grassland Tortoise",Reptile
097612401301,3787,"COASTAL BLL20"" MBUCK CLLR",Dog
097612401301,4853,"WHLSM RWRDS MD VARIETY",Dog
317163034408,493,"API Turtle Water Conditioner",Reptile
317163034408,3788,"COASTAL BLL14"" MBUCK CLLR",Dog
317163034408,4854,"WHLSM RWRDS LITE BITES",Dog
317163034415,494,"API Turtle Sludge Destroyer",Reptile
317163034415,3789,"COASTAL BLL26"" BUCK CLLR",Dog
317163034415,4855,"WHLSM RWRDS PUPPY ORIGINALS",Dog
317163034422,495,"API Turtle Turtle Fix",Reptile
317163034422,3790,"COASTAL BLL20"" BUCK CLLR",Dog
317163034422,4856,"WHLSM RWRDS PUPPY VAREITY",Dog
783178592613,496,"Nature Zone Turtle Shell Saver",Reptile
783178592613,3791,"COASTAL BLL14"" BUCK CLLR",Dog
783178592613,4857,"WHLSM TANKS JERKY STICKS",Dog
015561219983,497,"ExoTerra Turtle Cleaner",Reptile
015561219983,3792,"COASTAL PKB26"" MBUCK CLLR",Dog
015561219983,4858,"WHLSM BRUNOS JERKY STRIPS",Dog
783178592415,498,"Nature Zone Turtle Fungus Bath",Reptile
783178592415,3793,"COASTAL PKB20"" MBUCK CLLR",Dog
783178592415,4859,"WHLSM HEIDIS JERKY STICKS",Dog
91197730405,499,"Flukers Repta Rinse Eye Rinse",Reptile
91197730405,3794,"COASTAL PKB14"" MBUCK CLLR",Dog
91197730405,4860,"WHLSM RWRDS NUT R NIPZ",Dog
042055206310,501,"Hikari MulBerific Delite",Reptile
042055206310,3796,"COASTAL PKB20"" BUCK CLLR",Dog
042055206310,4862,"WHLSM RWRDS SMOKY BITES",Dog
46798260493,502,"TetraFauna ReptoFilter 3 pk",Reptile
46798260493,3797,"COASTAL PKB14"" BUCK CLLR",Dog
46798260493,4863,"WHLSM RWRDS PEANUT BUTTER",Dog
030172100161,503,"Turtle Pier Extender Clips",Reptile
030172100161,3798,"COASTAL BLL16"" 401 CLLR",Dog
030172100161,4864,"PETODOR SIPPIN SANGRIA",Dog
84369931709,504,"Komodo Tortoise Hay",Reptile
84369931709,3799,"COASTAL BLL14"" 401 CLLR",Dog
84369931709,4865,"PETODOR LOLLIPETS",Dog
097612661040,505,"Turtle Dock Suction Cups",Reptile
097612661040,3800,"COASTAL BLL12"" 401 CLLR",Dog
097612661040,4866,"PETODOR WHT PUM",Dog
046798169680,506,"ReptoGuard Turtle Health Condi",Reptile
046798169680,3801,"COASTAL BLL12"" 301 CLLR",Dog
046798169680,4867,"PETODOR CINN APPLE",Dog
0172060861,507,"Reptology Carbon Cartridge 175",Reptile
0172060861,3802,"COASTAL BLL10"" 301 CLLR",Dog
0172060861,4868,"PETODOR SPRINKLES",Dog
097612110524,508,"ZooMed Aquatic Turtle Food Block",Reptile
097612110524,3803,"COASTAL BLL12"" BUCK CLLR",Dog
097612110524,4869,"PETODOR GUMMIES",Dog
30172060830,509,"Reptology Bio Sponge 70 replace",Reptile
30172060830,3804,"COASTAL PKB14"" 401CLLR",Dog
30172060830,4870,"PETODOR BAMBOO BREEZE",Dog
030172060847,510,"Reptology Filter Cart. 70",Reptile
030172060847,3805,"COASTAL PKB16""  401 CLLR",Dog
030172060847,4871,"PETODOR KIBBLEZ",Dog
96316003286,511,"Zilla Turtle Mircale Ball",Reptile
96316003286,3806,"COASTAL PKB12"" 401 CLLR",Dog
96316003286,4872,"PETODOR PINEAPPLE COCONUT",Dog
096316003293,512,"Zilla Turtle Pure water care",Reptile
096316003293,3807,"COASTAL PKB10"" 301 CLLR",Dog
096316003293,4873,"PETODOR SOUR APPLE",Dog
15561230681,513,"ExoTerra Turtle Island",Reptile
15561230681,3808,"COASTAL PKB12"" 301 CLLR",Dog
15561230681,4874,"PETODOR TANGIE",Dog
015561230667,514,"ExoTerra Hippo Island",Reptile
015561230667,3809,"COASTAL PKB12"" BUCK CLLR",Dog
015561230667,4875,"PETODOR FURRY TAILS",Dog
030172077340,515,"Reptology Turtle Platform",Reptile
030172077340,3810,"COASTAL PUR06' 2906 LEASH",Dog
030172077340,4876,"PETODOR FALLEN LEAVES",Dog
091197720352,516,"Flukers Calcium Tortoie Treats",Reptile
091197720352,3811,"COASTAL PUR04' 2904 LEASH",Dog
091197720352,4877,"PETODOR MULBERRY SPICE",Dog
091197720307,517,"Flukers Grub Bag Turtle Treats",Reptile
091197720307,3812,"COASTAL PUR06' 906 LEASH",Dog
091197720307,4878,"PETODOR BLUE SERENETY",Dog
097612800302,518,"ZooMed Turtle Eye Drops",Reptile
097612800302,3813,"COASTAL PUR04' 904 LEASH",Dog
097612800302,4879,"PETODOR CREAMY VANILLA",Dog
097612401400,519,"ZooMed TorToise Flower food topper",Reptile
097612401400,3814,"COASTAL PUR06' 606 LEASH",Dog
097612401400,4880,"PETODOR FLWR PWR SPRAY",Dog
15561224789,520,"ExoTerra Moss Ball",Reptile
15561224789,3815,"COASTAL PUR06' 604 LEASH",Dog
15561224789,4881,"PETODOR CREAMY VANILLA",Dog
091197700637,521,"Flukers Aquatic Turtle Diet",Reptile
091197700637,3816,"COASTAL PUR04' 404 LEASH",Dog
091197700637,4882,"PETODOR WOOFSTOCK SPRAY",Dog
091197700644,522,"Flukers Tortoise Diet",Reptile
091197700644,3817,"COASTAL PUR06' 306 LEASH",Dog
091197700644,4883,"PETODOR PAWTOPIA",Dog
784369931815,523,"Komodo Tortoise Seed Kid",Reptile
784369931815,3818,"COASTAL PUR26"" MBUCK CLLR",Dog
784369931815,4884,"PETODOR BARKERY",Dog
096316003026,524,"Zilla Aquatic Turtle Sticks",Reptile
096316003026,3819,"COASTAL PUR26"" BUCK CLLR",Dog
096316003026,4885,"PETODOR LAV &CHAME",Dog
091197510212,525,"Flukers Bamboo Bars",Reptile
091197510212,3820,"COASTAL PUR20"" 2901 CLLR",Dog
091197510212,4886,"PETODOR BLUE SERENITY",Dog
030172060267,526,"Reptology Climber vines w leaves",Reptile
030172060267,3821,"COASTAL PUR22"" 2901 CLLR",Dog
030172060267,4887,"PETODOR LOLLIPETS",Dog
097612180534,527,"ZooMed ReptiVine",Reptile
097612180534,3822,"COASTAL PUR24"" 2901 CLLR",Dog
097612180534,4888,"PETODOT FURRYTAILS",Dog
97612180527,528,"ZooMed Naturalisic Flora",Reptile
97612180527,3823,"COASTAL PUR26"" 2901 CLLR",Dog
97612180527,4889,"PETHOUSE WAX WARMER",Dog
030172087509,529,"Repto. Orange Hanging Vines 24""",Reptile
030172087509,3824,"COASTAL PUR20"" MBUCK CLLR",Dog
030172087509,4890,"PETODOR ORNG LEM CAR",Dog
030172094774,530,"Repto Orange Hanging Vines 12""",Reptile
030172094774,3825,"COASTAL PUR20"" BUCK CLLR",Dog
030172094774,4891,"PETODOR LAV&CHAM CAR",Dog
030172094781,531,"Repto Pink Hanging Vines 24""",Reptile
030172094781,3826,"COASTAL PUR20"" 901 CLLR",Dog
030172094781,4892,"PETODOR CREAMY VANILLA CAR",Dog
030172087516,532,"Repto Pink Hanging Vines 12'",Reptile
030172087516,3827,"COASTAL PUR18"" 901 CLLR",Dog
030172087516,4893,"PETODOR CLOTHESLINE CAR",Dog
030172087523,533,"Repto green hanging Vines 24'",Reptile
030172087523,3828,"COASTAL PUR20"" 61601 MBUC CLLR",Dog
030172087523,4894,"PETODOR MAUIWOWIE WAX",Dog
030172087493,534,"Repto Green Hanging Vines 12'",Reptile
030172087493,3829,"COASTAL PUR20"" 61601 BUC CLLR",Dog
030172087493,4895,"PETODOR HIPPIE LOVE WAX",Dog
097612180190,535,"ZooMed Madagascar Bamboo sm",Reptile
097612180190,3830,"COASTAL PUR16"" 601 CLLR",Dog
097612180190,4896,"PETODOR HAPPY DAYS WAX",Dog
97612180268,536,"ZooMed Med. Cannibas",Reptile
97612180268,3831,"COASTAL PUR18"" 601 CLLR",Dog
97612180268,4897,"PETODOR CREAM VANILLA WAX",Dog
097612180213,537,"ZooMed Amazonian Phyllo Med",Reptile
097612180213,3832,"COASTAL PUR14"" MBUCK CLLR",Dog
097612180213,4898,"PETODOR PINEAPPLE COCONUT WAX",Dog
097612180305,538,"ZooMed Mexican Phyllo Lg.",Reptile
097612180305,3833,"COASTAL PUR14"" BUCK CLLR",Dog
097612180305,4899,"PETHOUSE LAVENDER CAR",Dog
097612180367,539,"ZooMed Lg Cannibas",Reptile
097612180367,3834,"COASTAL PUR12"" BUCK CLLR",Dog
097612180367,4900,"WICK TRIMMER",Dog
015561230117,540,"ExoTerra Amapallo Med",Reptile
015561230117,3835,"COASTAL PUR12"" 301 CLLR",Dog
015561230117,4901,"PETHOUSE VAN SANDLEWD CAR",Dog
15561230025,541,"ExoTerra Mandarin Small",Reptile
15561230025,3836,"COASTAL PUR10"" 301 CLLR",Dog
15561230025,4902,"PETHOUSE CITRUS CAR",Dog
015561230124,542,"ExoTerra Mandarin Med",Reptile
015561230124,3837,"COASTAL PUR12"" 401 CLLR",Dog
015561230124,4903,"PETHOUSE VANILLA SANDAL WAX",Dog
015561230223,543,"ExoTerra Mandarin Large.",Reptile
015561230223,3838,"COASTAL PUR16"" 401 CLLR",Dog
015561230223,4904,"PETHOUSE LAVENDER WAX",Dog
15561230216,544,"ExoTerra Amapallo Large",Reptile
15561230216,3839,"COASTAL PUR14"" 401 CLLR",Dog
15561230216,4905,"PETHOUSE CITRUS WAX",Dog
015561230322,545,"ExoTerra Abutilon Silk Small",Reptile
015561230322,3840,"COASTAL BLK04' 2904 LEASH",Dog
015561230322,4906,"PETHOUSE LAV MINI CAN",Dog
015561230421,546,"ExoTerra Abutilon Silk Med",Reptile
015561230421,3841,"COASTAL BLK06' 2906 LEASH",Dog
015561230421,4907,"PETHOUSE HRVST MINI CAN",Dog
015561230520,547,"ExoTerra Abutilon Silk Large",Reptile
015561230520,3842,"COASTAL BLK06' 906 LEASH",Dog
015561230520,4908,"PETHOUSE LILAC GARDEN",Dog
015561230506,548,"ExoTerra Ficus Silk Large",Reptile
015561230506,3843,"COASTAL BLK06' 606 LEASH",Dog
015561230506,4909,"PETHOUSE ORANGE SPICE",Dog
015561230865,549,"Exoterra Jungle Vine Large",Reptile
015561230865,3844,"COASTAL BLK04' 604 LEASH",Dog
015561230865,4910,"PETHOUSE ATM HRVST",Dog
015561230834,550,"ExoTerra Moss Vine Sm",Reptile
015561230834,3845,"COASTAL BLK06' 406 LEASH",Dog
015561230834,4911,"PETHOUSE SILVER BIRCH",Dog
015561230841,551,"ExoTerra Moss Vine Large",Reptile
015561230841,3846,"COASTAL BLK04' 404 LEASH",Dog
015561230841,4912,"PETHOUSE CITRUS SPRAY",Dog
50005832904,552,"Pangea Hanging Orchid purple",Reptile
50005832904,3847,"COASTAL BLK06' 606 LEASH",Dog
50005832904,4913,"PETHOUSE LAV SPRAY",Dog
850005832225,553,"Pangea Hanging Caladium Bush Lg",Reptile
850005832225,3848,"COASTAL BLK26"" MBUCK CLLR",Dog
850005832225,4914,"PETHOUSE MANGOPEACH",Dog
91197510168,554,"Flukers Purple Coleus",Reptile
91197510168,3849,"COASTAL BLK26"" BUCK CLLR",Dog
91197510168,4915,"PETHOUSE CITRUS",Dog
091197510144,555,"Flukers Pothos",Reptile
091197510144,3850,"COASTAL BLK26"" 2901 CLLR",Dog
091197510144,4916,"PETHOUSE REED DIFF COTTON",Dog
091197510175,556,"Flukers Red Coleus",Reptile
091197510175,3851,"COASTAL BLK22"" 2901 CLLR",Dog
091197510175,4917,"PETHOUSE REED DIFF CITRUS",Dog
850005832324,557,"Pangea Brown reptile vine",Reptile
850005832324,3852,"COASTAL BLK20"" 2901 CLLR",Dog
850005832324,4918,"PETHOUSE BAMBOO WATERMINT",Dog
091197510205,558,"Flukers bend a branch",Reptile
091197510205,3853,"COASTAL BLK20"" MBUCK CLLR",Dog
091197510205,4919,"PETHOUSE SUGAR COOKIE",Dog
850005832317,559,"Pangea Green Repltile Vine",Reptile
850005832317,3854,"COASTAL BLK20"" BUCK CLLR",Dog
850005832317,4920,"PETHOUSE WINTER FIG",Dog
030172060274,560,"rept. Climber vines with leaves 5'",Reptile
030172060274,3855,"COASTAL BLK20"" 901 CLLR",Dog
030172060274,4921,"PETHOUSE VAN SANDLE WD",Dog
015561229500,561,"ExoTerra Rock Backround",Reptile
015561229500,3856,"COASTAL BLK18"" 901 CLLR",Dog
015561229500,4922,"PETHOUSE PEAR ORCHID",Dog
9834053217,562,"Galopagos 24in mossy sticks",Reptile
9834053217,3857,"COASTAL BLK20"" MBUCK CLLR",Dog
9834053217,4923,"PETHOUSE MEMORIAL",Dog
759834053200,563,"Galopagoos 18in Mossy Sticks",Reptile
759834053200,3858,"COASTAL BLK20"" BUCK CLLR",Dog
759834053200,4924,"PETHOUSE SUNWASHED COTTON",Dog
759834053224,564,"GaloPAGOS 32inch Mossy Sticks",Reptile
759834053224,3859,"COASTAL BLK18"" 601 CLLR",Dog
759834053224,4925,"ZYMOX SHAMPOO TRIAL",Dog
015561230704,565,"ExoTerra Small Jungle Tree",Reptile
015561230704,3860,"COASTAL BLK16"" 601 CLLR",Dog
015561230704,4926,"ZYMOX COND TRIAL",Dog
097612210200,566,"ZooMed Small Cork Round",Reptile
097612210200,3861,"COASTAL BLK14"" MBUCK CLLR",Dog
097612210200,4927,"BANIXX SPRAY 2FL OZ",Dog
097612210217,567,"ZooMed Cork Round Med.",Reptile
097612210217,3862,"COASTAL BLK14"" BUCK CLLR",Dog
097612210217,4928,"GREENIES ORG LG 6OZ",Dog
097612210224,568,"ZooMed Cork round Lar",Reptile
097612210224,3863,"COASTAL BLK16"" 401 CLLR",Dog
097612210224,4929,"GREENIES ORG PETITE 6OZ",Dog
097612210248,569,"ZooMed Cork Round Jumbo",Reptile
097612210248,3864,"COASTAL BLK14"" 401 CLLR",Dog
097612210248,4930,"GREENIES ORG TEENIE 6OZ",Dog
97612210231,570,"ZooMed Cork Round x-large",Reptile
97612210231,3865,"COASTAL BLK12"" 401 CLLR",Dog
97612210231,4931,"GREENIES ORG REG 12OZ",Dog
97612210101,571,"ZooMed Cork Flat Sm",Reptile
97612210101,3866,"COASTAL BLK12"" BUCK CLLR",Dog
97612210101,4932,"GREENIES ORG PETITE 12OZ",Dog
97612210118,572,"ZooMed Cork Flat Med",Reptile
97612210118,3867,"COASTAL BLK12"" 301 CLLR",Dog
97612210118,4933,"GREENIES ORG TEENIE 12OZ",Dog
097612210125,573,"ZooMed Cork Flat Lrg",Reptile
097612210125,3868,"COASTAL BLK10"" 301 CLLR",Dog
097612210125,4934,"GREENIES ANYTIME BITES ORG",Dog
097612210019,574,"ZooMed Grapevine M",Reptile
097612210019,3869,"COASTAL BLK14"" 4201 CLLR",Dog
097612210019,4935,"GREENIES TEENIE ORG 27OZ",Dog
015561230759,575,"ExoTerra Small forest Branchh",Reptile
015561230759,3870,"COASTAL NPK06' 2906 CLLR",Dog
015561230759,4936,"GREENIES REG ORG 27OZ",Dog
15561230766,576,"ExoTerra Forest Branch Med",Reptile
15561230766,3871,"COASTAL NPK04' 2904 CLLR",Dog
15561230766,4937,"GREENIES LG ORG 27OZ",Dog
015561230773,577,"ExoTerra Forest Branch Large",Reptile
015561230773,3872,"COASTAL NPK06' 906 CLLR",Dog
015561230773,4938,"YUMMYCMBS XL 12OZ",Dog
096316680333,578,"Zilla Heat Mat Mini",Reptile
096316680333,3873,"COASTAL NPK04' 904 CLLR",Dog
096316680333,4939,"YUMMYCMBS SM 12OZ",Dog
096316680340,579,"Zilla Heat Mat Small",Reptile
096316680340,3874,"COASTAL NPK06' 606 CLLR",Dog
096316680340,4940,"YUMMY CMBS L 12OZ",Dog
6316680357,580,"Zilla Heat Mat Medium",Reptile
6316680357,3875,"COASTAL NPK04"" 604 CLLR",Dog
6316680357,4941,"GREENIES PETITE ORG 36OZ",Dog
096316680364,581,"Zilla Heat Mat Large",Reptile
096316680364,3876,"COASTAL NPK06' 606 CLLR",Dog
096316680364,4942,"GREENIES TEENIE ORG 36OZ",Dog
097612300086,582,"ZooMed Under tank Heater Mini",Reptile
097612300086,3877,"COASTAL NPK04' 404 CLLR",Dog
097612300086,4943,"GREENIES FRSH TEENIE 12OZ",Dog
97612300055,583,"ZooMed Under tank Heater 10-20Gal",Reptile
97612300055,3878,"COASTAL NPK06' 306 CLLR",Dog
97612300055,4944,"GREENIES FRSH PETITE 12OZ",Dog
097612300062,584,"ZooMed Under tank Heater 30-40Gal",Reptile
097612300062,3879,"COASTAL NPK26"" MBUCK CLLR",Dog
097612300062,4945,"GREENIES FRSH LG 12OZ",Dog
097612300079,585,"ZooMed Under tank Heater 50-60 Gal",Reptile
097612300079,3880,"COASTAL NPK26"" BUCK CLLR",Dog
097612300079,4946,"GREENIES BLUBRRY TEENIE 12OZ",Dog
097612375039,586,"ZooMed Enviromental Control Center",Reptile
097612375039,3881,"COASTAL NPK20"" 2901 CLLR",Dog
097612375039,4947,"GREENIES BLUBRRY PETITE 12OZ",Dog
096316001589,587,"Zilla Digital Temp Control",Reptile
096316001589,3882,"COASTAL NPK22"" 2901 CLLR",Dog
096316001589,4948,"GREENIES BLUBRRY REG 12OZ",Dog
097612376005,588,"ZooMed Reptitemp Digital Thermo",Reptile
097612376005,3883,"COASTAL NPK26"" 2901 CLLR",Dog
097612376005,4949,"GREENIES PETITE PUPPY 12OZ",Dog
097612500257,589,"ZooMed Paludarium 25",Reptile
097612500257,3884,"COASTAL NPK24"" 2901 CLLR",Dog
097612500257,4950,"GREENIES BLUBRRY LG 12OZ",Dog
097612511116,590,"ZooMed Paludarium Filter 20 Cart",Reptile
097612511116,3885,"COASTAL NPK20"" MBUC CLLR",Dog
097612511116,4951,"GREENIES SWTPOT TEENIE 12OZ",Dog
97612510119,591,"ZooMed Paludarium Filter 20",Reptile
97612510119,3886,"COASTAL NPK18"" 901 CLLR",Dog
97612510119,4952,"GREENIES SWTPT PETITE 12OZ",Dog
97612520019,592,"ZooMed Paludarium Platform Sm",Reptile
97612520019,3887,"COASTAL NPK20"" MBUC CLLR",Dog
97612520019,4953,"GREENIES SWTPT REG 12OZ",Dog
097612008302,593,"ZooMed Creaturetherm Heater",Reptile
097612008302,3888,"COASTAL NPK20"" BUC CLLR",Dog
097612008302,4954,"GREENIES PLLPCKT PB TAB 3.2OZ",Dog
097612327120,594,"ZooMed Terraium Controller",Reptile
097612327120,3889,"COASTAL NPK18"" 601 CLLR",Dog
097612327120,4955,"GREENIES PLLPCKT PB CAP 7.9OZ",Dog
97612120110,595,"ZooMed Aquasun Aquarium Contr",Reptile
97612120110,3890,"COASTAL NPK16"" 601 CLLR",Dog
97612120110,4956,"GREENIES PLLPCKT PB CAP 15.8OZ",Dog
097612300109,596,"Zoomed High range Reptile Therm",Reptile
097612300109,3891,"COASTAL NPK14"" MBUCK CLLR",Dog
097612300109,4957,"GREENIES PLLPCKT CHEESE CAP 7.9OZ",Dog
097612300246,597,"Zoomed Digital thermo",Reptile
097612300246,3892,"COASTAL NPK14"" BUCK CLLR",Dog
097612300246,4958,"GREENIES PLLLPCKTCHE CAP 15.8OZ",Dog
030172060366,598,"Reptology Digtial Thermo",Reptile
030172060366,3893,"COASTAL NPK16"" 401 CLLR",Dog
030172060366,4959,"GREENIES PLLPCKT CHKN TAB 3.2OZ",Dog
097612327113,599,"ZooMed Terrarum Timer",Reptile
097612327113,3894,"COASTAL NPK14"" 401 CLLR",Dog
097612327113,4960,"GREENIES PLLPCKT CHKN CAP 7.9OZ",Dog
097612300314,600,"ZooMed Combo Gauge",Reptile
097612300314,3895,"COASTAL NPK12"" 401 CLLR",Dog
097612300314,4961,"GREENIES PLLPCKT CHKN CAP 15.8OZ",Dog
97612322804,601,"ZooMed Nano Hold down kit",Reptile
97612322804,3896,"COASTAL NPK12"" 301 CLLR",Dog
97612322804,4962,"GREENIES PLLPCKT SMK TAB 3.2OZ",Dog
097612322811,602,"ZooMed Nano Combo Hold down kit",Reptile
097612322811,3897,"COASTAL NPK10"" 301 CLLR",Dog
097612322811,4963,"GREENIES PLLPCKT SMK CAP 7.9OZ",Dog
030172060359,603,"Reptology thermo",Reptile
030172060359,3898,"COASTAL HUN06"" 2906 LEASH",Dog
030172060359,4964,"GREENIES PLLPCKT SMK CAP 15.8OZ",Dog
030172060335,604,"Reptology Combo Meters",Reptile
030172060335,3899,"COASTAL HUN04' 2904 LEASH",Dog
030172060335,4965,"GREENIES REG ORG 36OZ",Dog
015561224727,605,"ExoTerra Min/Max Thermo",Reptile
015561224727,3900,"COASTAL HUN06' 906 LEASH",Dog
015561224727,4966,"GREENIES LG ORG 36OZ",Dog
15561224666,606,"ExoTerra Hygrometer",Reptile
15561224666,3901,"COASTAL HUN04' 904 LEASH",Dog
15561224666,4967,"ETTA SAYS BUFFALO CHEW",Dog
015561224659,607,"ExoTerra Thermometer",Reptile
015561224659,3902,"COASTAL HUN06' 606 LEASH",Dog
015561224659,4968,"KANGAROO TAIL",Dog
097612300321,608,"ZooMed Min/Max Thermo",Reptile
097612300321,3903,"COASTAL HUN04' 604 LEASH",Dog
097612300321,4969,"SMKHOUSE BULLY BITES 6OZ",Dog
15561224772,609,"ExoTerra Min/Max Hygrometer",Reptile
15561224772,3904,"COASTAL HUN06' 406 LEASH",Dog
15561224772,4970,"SMKHOUSE GULLET BITES 5OZ",Dog
015561224741,610,"ExoTerra Infrared Thermo",Reptile
015561224741,3905,"COASTAL HUN04' 404 LEASH",Dog
015561224741,4971,"SMKHOUSE TRACHEA 3 CHEWS",Dog
015561224703,611,"ExoTerra Min/Max ComboMeter",Reptile
015561224703,3906,"COASTAL HUN06' 306 LEASH",Dog
015561224703,4972,"SMKHOUSE TENDON STRIPS 3 CHEWS",Dog
784369932072,612,"Komodo turtle hide",Reptile
784369932072,3907,"COASTAL HUN26"" MBUCK CLLR",Dog
784369932072,4973,"SMKHOUSE BEEFY STICKS 15 CHEWS",Dog
030172041693,613,"Reptology Ledge and cave hideout",Reptile
030172041693,3908,"COASTAL HUN26"" BUCK CLLR",Dog
030172041693,4974,"SMKHOUSE CHKN BREAST FILLET 4OZ",Dog
30172041686,614,"Reptology ledge and cave hideout sm",Reptile
30172041686,3909,"COASTAL HUN20"" 2901 CLLR",Dog
30172041686,4975,"SMKHOUSE COW EARS 5 EARS",Dog
015561229272,615,"ExoTerra Tortoise Skeleton",Reptile
015561229272,3910,"COASTAL HUN22"" 2901 CLLR",Dog
015561229272,4976,"SMKHOUSE TRACHEA",Dog
030172077395,616,"Reptology Crocodile Skill",Reptile
030172077395,3911,"COASTAL HUN26"" 2901 CLLR",Dog
030172077395,4977,"SMKHOUSE DUCK FOOT",Dog
784369932126,617,"Komodo Raptor Skull",Reptile
784369932126,3912,"COASTAL HUN24"" 2901 CLLR",Dog
784369932126,4978,"SMKHOUSE GULLET STICK",Dog
015561228428,618,"ExoTerra DinoSaur Bone",Reptile
015561228428,3913,"COASTAL HUN20"" MBUC CLLR",Dog
015561228428,4979,"SMKHOUSE TRACHEA 10""",Dog
096316117419,619,"Zilla Herp Hotel Lg.",Reptile
096316117419,3914,"COASTAL HUN20"" BUC CLLR",Dog
096316117419,4980,"SMKHOUSE YAK CHEESE",Dog
096316117402,620,"Zilla Herp Hotel Med",Reptile
096316117402,3915,"COASTAL HUN18"" 901 CLLR",Dog
096316117402,4981,"SMKHOUSE CHEEKY CHEW",Dog
96316685031,621,"Zilla Basking Platform w Ramp sm",Reptile
96316685031,3916,"COASTAL HUN20"" MBUC CLLR",Dog
96316685031,4982,"SMKHOUSE BEEF RIB BONE",Dog
096316685048,622,"Zilla Basking Platform W ramp Lg",Reptile
096316685048,3917,"COASTAL HUN20"" BUC CLLR",Dog
096316685048,4983,"SMKHOUSE MARROW BONE",Dog
096316685055,623,"Zilla Basking Platform W ramp Corner Sm",Reptile
096316685055,3918,"COASTAL HUN18"" 601 CLLR",Dog
096316685055,4984,"SMKHOUSE BULLY STICK",Dog
096316685062,624,"Zilla Basking Platform w ramp corner lg",Reptile
096316685062,3919,"COASTAL HUN16"" 601 CLLR",Dog
096316685062,4985,"PENN-PLAX WIZARD",Fish
015561231732,625,"ExoTerra Wet Rock lg",Reptile
015561231732,3920,"COASTAL HUN14"" MBUC CLLR",Dog
015561231732,4986,"AQUEON PROSCRAPER 3.0 ADJUST",Fish
015561231725,626,"ExoTerra Wet Rock Med",Reptile
015561231725,3921,"COASTAL HUN14"" BUC CLLR",Dog
015561231725,4987,"AQUEON PROSCRAPER 3.0 SHORT",Fish
015561231718,627,"ExoTerra Wet Rock Sm",Reptile
015561231718,3922,"COASTAL HUN16"" 401 CLLR",Dog
015561231718,4988,"PENN-PLAX WIZARD VALUE PK",Fish
784369932225,628,"Komodo JP Rock Den sm",Reptile
784369932225,3923,"COASTAL HUN14"" 401 CLLR",Dog
784369932225,4989,"FILT-A-BRUSH KIT",Fish
784369932232,629,"Komodo Jp Rock Den Lg",Reptile
784369932232,3924,"COASTAL HUN12"" 401 CLLR",Dog
784369932232,4990,"AQUEON 14"" LED BBL WAND",Fish
30172079887,630,"Reptology Granite Stone hideaway Lg",Reptile
30172079887,3925,"COASTAL HUN12"" BUC CLLR",Dog
30172079887,4991,"AQUEON 21"" LED BBL WAND",Fish
030172079894,631,"Reptology Granite Stone Hideaway Xl",Reptile
030172079894,3926,"COASTAL HUN12"" 301 CLLR",Dog
030172079894,4992,"AQUEON FOMCLN PAD 1PK",Fish
50005832560,632,"Pangea Med. Humid Hide",Reptile
50005832560,3927,"COASTAL HUN10"" 301 CLLR",Dog
50005832560,4993,"FILT-A-BRUSH",Fish
850005832300,633,"Pangea Sm Humid Hide",Reptile
850005832300,3928,"COASTAL BLU06' 2906 LEASH",Dog
850005832300,4994,"API ACRYLIC ALGEA SCRAPER",Fish
002NZFHUJ,634,"XL Humid Hide",Reptile
002NZFHUJ,3929,"COASTAL BLU04' 2904 LEASH",Dog
002NZFHUJ,4995,"API GLASS ALGEA SCRAPER",Fish
015561231770,635,"ExoTerra Med wet Log",Reptile
015561231770,3930,"COASTAL BLU06' 906 LEASH",Dog
015561231770,4996,"AQUEON ALGEA CLEANING MAGNET SM",Fish
015561231763,636,"ExoTerra Sm Wet Log",Reptile
015561231763,3931,"COASTAL BLU04' 904 LEASH",Dog
015561231763,4997,"UNDERWATER RIVER",Fish
015561228152,637,"ExoTerra Snake Bowl",Reptile
015561228152,3932,"COASTAL BLU06' 606 LEASH",Dog
015561228152,4998,"AQUEON TWST&CLK PLASTIC BLADES 3PK",Fish
015561231954,638,"Exo Terra Corner Cave Sm",Reptile
015561231954,3933,"COASTAL BLU04' 604 LEASH",Dog
015561231954,4999,"AQUEON TWST&CLK STEEL BLADE 3PK",Fish
015561231961,639,"ExoTerra Conrner Cave med",Reptile
015561231961,3934,"COASTAL BLU06' 406 LEASH",Dog
015561231961,5000,"WIZARD ALGAE SCRUBBER PAD",Fish
015561231978,640,"ExoTerra Corner Cave lg",Reptile
015561231978,3935,"COASTAL BLU04' 404 LEASH",Dog
015561231978,5001,"AQUEON MD ALGAE MAGNET",Fish
015561229883,641,"ExoTerra Cholla Cage Med",Reptile
015561229883,3936,"COASTAL BLU26"" MBUC CLLR",Dog
015561229883,5002,"DECOR AIRLINE TUBING",Fish
84369932317,642,"Komodo Forest Log",Reptile
84369932317,3937,"COASTAL BLU26"" BUC CLLR",Dog
84369932317,5003,"AERATING LIGHTHOUSE",Fish
15561229890,643,"ExoTerra Cholla Cage Lg",Reptile
15561229890,3938,"COASTAL BLU18"" 901 CLLR",Dog
15561229890,5004,"AQUALIFE THERMA TEMP",Fish
030172102141,644,"Reptology Basking Arch",Reptile
030172102141,3939,"COASTAL BLU20"" MBUC CLLR",Dog
030172102141,5005,"KENT STEEL BLADES 3PK",Fish
030172101922,645,"Reptology Rock Scape",Reptile
030172101922,3940,"COASTAL BLU18"" 601 CLLR",Dog
030172101922,5006,"FLUVAL IMPELLER BRUSH SET",Fish
30172101786,646,"Reptology Ledge and Cave hideout XL",Reptile
30172101786,3941,"COASTAL BLU16"" 601 CLLR",Dog
30172101786,5007,"AQUEON LG ALGEA MAGNET",Fish
030172068188,647,"penn plax rockscapes",Reptile
030172068188,3942,"COASTAL BLU14"" MBUC CLLR",Dog
030172068188,5008,"LED LIGHTHOUSE",Fish
015561228435,648,"ExoTerra Grow Mushrooms",Reptile
015561228435,3943,"COASTAL BLU14"" BUC CLLR",Dog
015561228435,5009,"MARINA FLOATING THERM",Fish
15561228565,649,"ExoTerra Crocodile Skull",Reptile
15561228565,3944,"COASTAL BLU16"" 401 CLLR",Dog
15561228565,5010,"MARINA FLOATING THERM W SUCTION",Fish
015561228596,650,"ExoTerra Trex Skull",Reptile
015561228596,3945,"COASTAL BLU14"" 401 CLLR",Dog
015561228596,5011,"MARINA STAND THERM",Fish
015561228701,651,"ExoTerra Canopy Cave",Reptile
015561228701,3946,"COASTAL BLU12"" 401 CLLR",Dog
015561228701,5012,"FLUVAL PULL-THRU HOSE BRUSH",Fish
015561228411,652,"ExoTerra Dinosaur Eggs",Reptile
015561228411,3947,"COASTAL BLU12"" 301 CLLR",Dog
015561228411,5013,"FLUVAL DIFFUSER",Fish
015561228558,653,"ExoTerra Primate Skull",Reptile
015561228558,3948,"COASTAL BLU10"" 301 CLLR",Dog
015561228558,5014,"AQUALIFE THERMA-TEMP",Fish
015561228572,654,"Buffalo Skull",Reptile
015561228572,3949,"COASTAL BLU14"" 4201 CLLR",Dog
015561228572,5015,"MARINA DIGITAL THERM",Fish
096316117709,655,"Zilla Small rock Den",Reptile
096316117709,3950,"COASTAL BLU12"" BUC CLLR",Dog
096316117709,5016,"AQUALIFE STEEL THERM",Fish
096316117723,656,"Zilla Large rock denn",Reptile
096316117723,3951,"COASTAL RED06' 2906 LEASH",Dog
096316117723,5017,"ZOOMED DIGITAL AQUA THERM",Fish
015561229227,657,"ExoTerra Tortoie Cave",Reptile
015561229227,3952,"COASTAL RED04' 2904 LEASH",Dog
015561229227,5018,"LOK-TITE 3GANG VLV",Fish
680660859776,658,"Redline Science Incubator",Reptile
680660859776,3953,"COASTAL RED04' 904 LEASH",Dog
680660859776,5019,"MARINA 2WAY CONTROL VALVE",Fish
015561229852,659,"ExoTerra barrel Cactus Med",Reptile
015561229852,3954,"COASTAL RED06' 606 LEASH",Dog
015561229852,5020,"MAG-FLT GLSS CLEAN MD",Fish
015561229807,660,"ExoTerra Barrel Cactus Sm",Reptile
015561229807,3955,"COASTAL RED06' 406 LEASH",Dog
015561229807,5021,"SILENT AIR B11",Fish
097612200867,661,"Zoomed CocoNut House",Reptile
097612200867,3956,"COASTAL RED04' 604 LEASH",Dog
097612200867,5022,"EMERGENCY AIR",Fish
015561229838,662,"ExoTerra Finger Cactus",Reptile
015561229838,3957,"COASTAL RED04' 404 LEASH",Dog
015561229838,5023,"MARINA DIGIT THERM",Fish
015561229814,663,"ExoTerra Saguard Cactus Sm",Reptile
015561229814,3958,"COASTAL RED06' 306 LEASH",Dog
015561229814,5024,"LOK-TITE 4GANG VALVE",Fish
30172098192,664,"Reptology Lava rock Plant",Reptile
30172098192,3959,"COASTAL RED26"" MBUC CLLR",Dog
30172098192,5025,"MARINA 3WAY CONTROL VALVE",Fish
784369932010,665,"Komodo Anthurium Bush",Reptile
784369932010,3960,"COASTAL RED26"" BUC CLLR",Dog
784369932010,5026,"MAG-FLT GLASS CLEAN LG",Fish
097612180640,666,"ZooMed Tillandsia Air plant",Reptile
097612180640,3961,"COASTAL RED26"" 2901 CLLR",Dog
097612180640,5027,"MAG-SCRAPE SCRAPER BLADES",Fish
097612180619,667,"ZooMed chestnut bromeland",Reptile
097612180619,3962,"COASTAL RED24"" 2901 CLLR",Dog
097612180619,5028,"AIRPOD",Fish
850005832522,668,"Suculate Garden",Reptile
850005832522,3963,"COASTAL RED22"" 2901 CLLR",Dog
850005832522,5029,"CASCADE AIR CHARGER I",Fish
096316113503,669,"Zilla Rock Liar Small",Reptile
096316113503,3964,"COASTAL RED20"" 2901 CLLR",Dog
096316113503,5030,"CASCADE AIR CHARGER II",Fish
096316113527,670,"Zilla Rock Lair Large",Reptile
096316113527,3965,"COASTAL RED20"" MBUC CLLR",Dog
096316113527,5031,"MARINA BATTERY AIR PUMP",Fish
096316113510,671,"Zilla Rock Lair Med",Reptile
096316113510,3966,"COASTAL RED20"" BUC CLLR",Dog
096316113510,5032,"AQUEON QUIETFLOW AIRPUMP100",Fish
097612621501,672,"ZooMed Small Mushroom ledge",Reptile
097612621501,3967,"COASTAL RED20' 901 CLLR",Dog
097612621501,5033,"AQUALIFE 28"" BUBBLE WALL",Fish
784369933727,673,"komodo begonia",Reptile
784369933727,3968,"COASTAL RED18"" 901 CLLR",Dog
784369933727,5034,"AQUALIFE 23"" BUBBLE WALL",Fish
784369932041,674,"Komodo rainforest canopy",Reptile
784369932041,3969,"COASTAL RED20"" MBUC CLLR",Dog
784369932041,5035,"AQUALIFE 10"" BUBBLE WALL",Fish
015561229920,675,"ExoTerra Anthurium Bush",Reptile
015561229920,3970,"COASTAL RED20"" BUC CLLR",Dog
015561229920,5036,"MARINA AIR CURTAIN",Fish
015561229845,676,"ExoTerra Jade Cactus",Reptile
015561229845,3971,"COASTAL RED16"" 601 CLLR",Dog
015561229845,5037,"AQUALIFE 48"" BEND BUBBLE WALL",Fish
015561229913,677,"ExoTerra Spider Orchid",Reptile
015561229913,3972,"COASTAL RED18"" 601 CLLR",Dog
015561229913,5038,"AQUALIFE 35.5"" BEND BUBBLE WALL",Fish
015561229944,678,"ExoTerra BoxWood Bush",Reptile
015561229944,3973,"COASTAL RED14"" MBUC CLLR",Dog
015561229944,5039,"AQUALIFE 23.5"" BEND BUBBLE WALL",Fish
015561229951,679,"ExoTerra Boston Fern",Reptile
015561229951,3974,"COASTAL RED16"" 401 CLLR",Dog
015561229951,5040,"AQUALIFE 12"" BEND BUBBLE WALL",Fish
784369932027,680,"Komodo Guiniana Plant Jumbo",Reptile
784369932027,3975,"COASTAL RED12"" 401 CLLR",Dog
784369932027,5041,"AQUALIFE DELUX AIRLINE TUBE 8FT",Fish
015561231947,681,"ExoTerra Big Rock Large",Reptile
015561231947,3976,"COASTAL RED14"" 401 CLLR",Dog
015561231947,5042,"AQUALIFE DELUX AIRLINE TUBE 20FT",Fish
015561231930,682,"ExoTerra Big Rock Med",Reptile
015561231930,3977,"COASTAL RED12"" BUC CLLR",Dog
015561231930,5043,"BUBBLE-SHELL",Fish
015561231923,683,"ExoTerra Big rock Sm",Reptile
015561231923,3978,"COASTAL RED10"" 301 CLLR",Dog
015561231923,5044,"MARINA AIR STONE 10CM",Fish
854732004504,684,"Pangea Gecko Feeding Ledge",Reptile
854732004504,3979,"COASTAL RED12"" 301 CLLR",Dog
854732004504,5045,"AQUALIFE AQUAMIST 6IN",Fish
759834053460,685,"Galapogoas Mossy Cave 4""",Reptile
759834053460,3980,"COASTAL EXTRA LINK",Dog
759834053460,5046,"AQUAMIST 12""",Fish
759834053484,686,"Galapogoas Mossy Cave 6""",Reptile
759834053484,3981,"COASTAL RED22"" TRNCLLR",Dog
759834053484,5047,"MARINA EXTENDABLE AIR STONE",Fish
759834053446,687,"Galapogoas Mossy Cave lg",Reptile
759834053446,3982,"COASTAL RED16"" TRNCLLR",Dog
759834053446,5048,"MARINA AIR STONE 30.5 CM",Fish
59834053088,688,"Galap. Flexible Bridge 2x3",Reptile
59834053088,3983,"COASTAL GRY22"" TRNCLLR",Dog
59834053088,5049,"AQUALIFE STAND AIRLINE TUBE 8FT",Fish
759834053095,689,"Galap. Flexible Bridge 3x3",Reptile
759834053095,3984,"COASTAL GRY16"" TRNCLLR",Dog
759834053095,5050,"AQUALIFE STAND AIRLINE TUBE 25FT",Fish
759834053705,690,"Galap. Mossy Corner Hide",Reptile
759834053705,3985,"COASTAL BLU22"" TRNCLLR",Dog
759834053705,5051,"MARINA BUBBLE DISK SM",Fish
756144053668,691,"Galap Mossy Dome Hide Sm",Reptile
756144053668,3986,"COASTAL BLU16"" TRNCLLR",Dog
756144053668,5052,"MARINA BUBBLE DISK LG",Fish
759834053682,692,"Galap. Mossy Dome Hide Lg",Reptile
759834053682,3987,"COASTAL BLK14"" SECCLLR",Dog
759834053682,5053,"MARINA AIRSTONE 2PK",Fish
759834552710,693,"Galap. Mossy Mushroom",Reptile
759834552710,3988,"COASTAL BLK12"" SECCLLR",Dog
759834552710,5054,"AQUAMIST 7/16""",Fish
97612200850,694,"ZooMed Habba Hut Giant",Reptile
97612200850,3989,"COASTAL RED26"" SECCLLR",Dog
97612200850,5055,"AQUAMIST 1 3/16""",Fish
97612200836,695,"ZooMed Habba Hut Large",Reptile
97612200836,3990,"COASTAL RED20"" SECCLLR",Dog
97612200836,5056,"CHECKVALVE",Fish
097612200829,696,"ZooMed Habba Hut Med",Reptile
097612200829,3991,"COASTAL RED12"" SECCLLR",Dog
097612200829,5057,"AQUATOP CHECK VALVE",Fish
097612200812,697,"ZooMed Habba Hut Sm",Reptile
097612200812,3992,"COASTAL MPW20"" SECCLRR",Dog
097612200812,5058,"AQUALIFE SPRFLX AIRTUBE PNK 8FT",Fish
096316116641,698,"Zilla Durable Den Lg",Reptile
096316116641,3993,"COASTAL MPW26"" SECCLLR",Dog
096316116641,5059,"AQUALIFE SPRFLX AIRTUBE BLU 8FT",Fish
096316116634,699,"Zilla Durable Den Med",Reptile
096316116634,3994,"COASTAL MBN20"" SECCLLR",Dog
096316116634,5060,"ACT-AIR SKELE ON WHEEL",Fish
096316116627,700,"Zilla Durable Den Sm",Reptile
096316116627,3995,"COASTAL MBN26"" SECCLLR",Dog
096316116627,5061,"ACT-AIR ACTION SKELETON",Fish
097612091397,701,"ZooMed Hermit Crab Habitat kit",Reptile
097612091397,3996,"COASTAL BLU24"" 2924 LEASH",Dog
097612091397,5062,"ACT-AIR DIVER W HOSE",Fish
759834050827,702,"Galap. Hermit Crab Sub",Reptile
759834050827,3997,"COASTAL BLK18"" 2918 LEASH",Dog
759834050827,5063,"ACT-AIR SEA DOG",Fish
97612251029,703,"ZooMed hermit Crab starter kit",Reptile
97612251029,3998,"COASTAL RED18"" 2918 LEASH",Dog
97612251029,5064,"ACT-AIR BARREL OF JEWLS",Fish
97612009255,704,"ZooMed Blue Hermit Crab Sand",Reptile
97612009255,3999,"COASTAL BLU18"" 2918 LEASH",Dog
97612009255,5065,"ACT-AIR RICE MILL",Fish
097612009217,705,"ZooMed White Hermit Crab Sand",Reptile
097612009217,4000,"COASTAL BLK12"" 2912 LEASH",Dog
097612009217,5066,"ACT-AIR TREASURE CHEST",Fish
091197660276,706,"Hermit Beach",Reptile
091197660276,4001,"COASTAL RED12"" 2912 LEASH",Dog
091197660276,5067,"BACTOSURGE SPNG FILTER LG",Fish
097612009705,707,"ZooMed Hermit Soil",Reptile
097612009705,4002,"COASTAL BLU12"" 2912 LEASH",Dog
097612009705,5068,"BACTOSURGE SPNG FILTER XL",Fish
097612009507,708,"ZooMed Hermit Crab Sponge",Reptile
097612009507,4003,"COASTAL BLU36"" COUPLER",Dog
097612009507,5069,"ACT-AIR ACTION SPLIT SHIPWRECK",Fish
097612009415,709,"ZooMed Neon Crab Shells",Reptile
097612009415,4004,"COASTAL RED36"" COUPLER",Dog
097612009415,5070,"ACT-AIR ROCKING SHIPWRECK",Fish
097612009408,710,"ZooMed Mixed Fancy Shells",Reptile
097612009408,4005,"COASTAL BLU24"" COUPLER",Dog
097612009408,5071,"ACT-AIR HALF SHIPWRECK",Fish
097612009804,711,"ZooMed Bright Bowls",Reptile
097612009804,4006,"COASTAL RED24"" COUPLER",Dog
097612009804,5072,"ACT-AIR TROPICAL CLAM",Fish
097612924091,712,"Zoomed ReptiRamp Bowl Sm",Reptile
097612924091,4007,"COASTAL BLK24"" COUPLER",Dog
097612924091,5073,"ACT-AIR GIANT CLAM",Fish
046798169765,713,"Tetra Hermit Crab Cakes",Reptile
046798169765,4008,"COASTAL NPK24"" COUPLER",Dog
046798169765,5074,"DECOR AQUA FILTER",Fish
097612410112,714,"ZooMed Hermit Crab Food",Reptile
097612410112,4009,"COASTAL BLU24"" COUPLER",Dog
097612410112,5075,"THE BUBBLER BOTTM FILTER",Fish
97612009613,715,"ZooMed Hermit Crab Salad",Reptile
97612009613,4010,"COASTAL RED14"" NO SLIP",Dog
97612009613,5076,"NANO AIR PUMP",Fish
97612009606,716,"ZooMed hermit Crab Crunchies",Reptile
97612009606,4011,"COASTAL PKF20"" NO SLIP",Dog
97612009606,5077,"AIRPOD 75G",Fish
97612009262,717,"ZooMed Crab Glow in the dark scoop",Reptile
97612009262,4012,"COASTAL GRN30"" LEASH",Dog
97612009262,5078,"AIRPOD 30GAL",Fish
097612009125,718,"ZooMed Crab GITD Dual Meter",Reptile
097612009125,4013,"COASTAL RED30"" LEASH",Dog
097612009125,5079,"AIRPOD 20GAL",Fish
097612009521,719,"ZooMed Crab GITD Climbing Branch",Reptile
097612009521,4014,"COASTAL BLK20"" LEASH",Dog
097612009521,5080,"AIRTECH 2K4",Fish
97612009118,720,"ZooMed Crab Combo Gauge",Reptile
97612009118,4015,"RNDLAKE TIMOTHY HAY 90OZ",Small Animal
97612009118,5081,"AIRTECH 2K1",Fish
097612009101,721,"ZooMed Crab thermoter",Reptile
097612009101,4016,"KAYTEE TIMOTHY HAY 48OZ",Small Animal
097612009101,5082,"AQUEON QUITFLOW AIR PUMP40",Fish
097612009903,722,"ZooMed Crab Drinking Water con",Reptile
097612009903,4017,"KAYTEE TIMOTHY HAY 24OZ",Small Animal
097612009903,5083,"AQUEON QUITETFLW AIR PUMP10",Fish
097612009910,723,"ZooMed Crab Salt Water Con",Reptile
097612009910,4018,"KAYTEE TIMWCARROT HAY 24OZ",Small Animal
097612009910,5084,"LED AIR STONE",Fish
097612009309,724,"Zoomed Crab Heater",Reptile
097612009309,4019,"KAYTEE TIMWMARI HAY 24OZ",Small Animal
097612009309,5085,"MARINA AIR PUMP 50",Fish
097612009378,725,"ZooMed Growth Shells Lg",Reptile
097612009378,4020,"KAYTEE TIMWCRAN HAY 24OZ",Small Animal
097612009378,5086,"MARINA AIR PUMP A75",Fish
097612009354,726,"ZooMed Growth Shells Sm",Reptile
097612009354,4021,"KAYTEE TIMWMINT HAY 24OZ",Small Animal
097612009354,5087,"MARINA AIR PUMP A100",Fish
097612009538,727,"ZooMed Crab Cork Shelter",Reptile
097612009538,4022,"KAYTEE ALFALFA HAY 24OZ",Small Animal
097612009538,5088,"MARINA AIR PUMP A200",Fish
097612009385,728,"ZooMed Growth Shell XL",Reptile
097612009385,4023,"OXBOY HRVSTSTCK WT 35OZ",Small Animal
097612009385,5089,"MARINA AIR PUMP A300",Fish
97612009361,729,"ZooMed Growth Shell Med",Reptile
97612009361,4024,"RNDLAKE TIMOTHY HAY 48 OZ",Small Animal
97612009361,5090,"CARIBSEA ARAGONITE 15LB",Fish
097612930108,730,"ZooMed Hermit Sea Sponge",Reptile
097612930108,4025,"RNDLAKE TIMOTHY HAY 18OZ",Small Animal
097612930108,5091,"CARIBSEA CICHLID 20LB SAND",Fish
097612091274,731,"ZooMed Juv. Bearded Dragon Kit 20g",Reptile
097612091274,4026,"OXBOW ALFALFA HAY 15OZ",Small Animal
097612091274,5092,"CARIBSEA AFRICAN CICHLAD MIX 20LB",Fish
097612091557,732,"ZooMed Desert Starter Kit 10G.",Reptile
097612091557,4027,"OXBOW ORCHARD GRASS HAY 15OZ",Small Animal
097612091557,5093,"ECOPLANTED RED 20LB",Fish
015561238977,733,"ExoTerra Snake Starter Kit 20Gal.",Reptile
015561238977,4028,"OXBOW OAT HAY 15OZ",Small Animal
015561238977,5094,"AQUEON PLANT&SHRIMP 5LB",Fish
015561225953,734,"ExoTerra Mini x-Tall",Reptile
015561225953,4029,"OXBOW BOTANICAL HAY 15OZ",Small Animal
015561225953,5095,"FLUVAL BIO-STRATUM 4.4LB",Fish
097612091045,735,"ZooMed 18x18x24 Tall",Reptile
097612091045,4030,"OXBOW WESTERN TIMHAY 15OZ",Small Animal
097612091045,5096,"FLUVAL STRATUM 4.4LB",Fish
015561226042,736,"ExoTerra Medium Low",Reptile
015561226042,4031,"OXBOW BLEND HAY 15OZ",Small Animal
015561226042,5097,"STONEY RIVER CARRIBEAN SAND 5LB",Fish
097612090512,737,"ZooMed Reptihabitat 40 Gal",Reptile
097612090512,4032,"OXBOW ALFALFA HAY 40OZ",Small Animal
097612090512,5098,"STONEY RIVER JAVA SAND 5LB",Fish
096316001558,738,"Zilla Micro Arboreal Habitat",Reptile
096316001558,4033,"OXBOW ORCHARD GRASS HAY 40OZ",Small Animal
096316001558,5099,"STONEY RIVER WHITE SAND 5LB",Fish
096316001541,739,"Zilla Micro Terrestial Habitat",Reptile
096316001541,4034,"OXBOW WESTERN TIMHAY 40OZ",Small Animal
096316001541,5100,"STONEY RIVER BLACK SAND 5LB",Fish
015561238960,740,"ExoTerra Leo Gecko Starter kit 10g",Reptile
015561238960,4035,"OXBOW WESTERN TIMHAY 90OZ",Small Animal
015561238960,5101,"SPECTRASTONE MINI RAINBOW 5LB",Fish
96316002593,741,"Zilla Deluxe Snake Kit",Reptile
96316002593,4036,"OXBOW HAY BLEND 40OZ",Small Animal
96316002593,5102,"PUREWATER PEBBLE NEON PINK",Fish
096316002586,742,"Zilla Trop. Kit",Reptile
096316002586,4037,"OXBOW HAY BLEND 90OZ",Small Animal
096316002586,5103,"SPECTRASTONE PGL LAVENDER 5LB",Fish
096316002692,743,"Zilla BeardDrg Kit",Reptile
096316002692,4038,"OXBOW PURCMFRT 72L WHITE",Small Animal
096316002692,5104,"SPECTRASTONE GREEN SPECIAL 5LB",Fish
097612090413,744,"ZooMed tortoise play pen",Reptile
097612090413,4039,"OXBOW PURCMFRT 72L OXBW BLEND",Small Animal
097612090413,5105,"SPECTRASTONE RED 5LB",Fish
47497269237,745,"TetraFauna 75ReptoHabitat 75g",Reptile
47497269237,4040,"OXBOW PURCMFRT 72L NAT.",Small Animal
47497269237,5106,"SPECTRASTONE MINI BLK LAG 5LB",Fish
96316660267,746,"Zilla Creature Cage 30G",Reptile
96316660267,4041,"OXBOW PURCMFRT 36L WHITE",Small Animal
96316660267,5107,"SPECTRASTONE BERRY LK 5LB",Fish
096316660045,747,"Zilla Aquatic Turtle kit 20L",Reptile
096316660045,4042,"OXBOW PURCMFRT 36L OXBLEND",Small Animal
096316660045,5108,"PUREWATER PEBBLE NEON RAIBOW",Fish
015561238939,748,"ExoTerra Aquatic Turtle Kit 20L",Reptile
015561238939,4043,"OXBW PURCMFRT 28L NAT",Small Animal
015561238939,5109,"PUREWATER PEBBLE NEON ORG 5LB",Fish
096316660441,749,"Zilla Basic Trop. KIt",Reptile
096316660441,4044,"CAREFRESH CONFETTI 10L",Small Animal
096316660441,5110,"PUREWATER PEBBLE BLUE LAG 5LB",Fish
97612091359,750,"ZooMed LeoGecko Kit 10G.",Reptile
97612091359,4045,"CAREFRESH NATURAL 14L",Small Animal
97612091359,5111,"SPECTRASTONE BLU SPECIAL 5LB",Fish
097612090550,751,"ZooMed ReptiHabitat 30Gal",Reptile
097612090550,4046,"CAREFRESH WHITE 23L",Small Animal
097612090550,5112,"SPECTRASTONE LTE BLU SPEC. 5LB",Fish
097612091328,752,"ZooMed Snake Starter Kit 20 g",Reptile
097612091328,4047,"CAREFRESH SEAGLASS 23L",Small Animal
097612091328,5113,"SPECTRASTONE LAKE GREEN 5LB",Fish
015561226011,753,"ExoTerra Nano Tall",Reptile
015561226011,4048,"CAREFRESH BLUE 10L",Small Animal
015561226011,5114,"PUREWATER PEBBLES SNOW WHT. 5LB",Fish
015561226004,754,"ExoTerra Mini Wide",Reptile
015561226004,4049,"CAREFRESH NATURAL 30L",Small Animal
015561226004,5115,"PUREWATER PEBBLES BLCK BEATY 5LB",Fish
015561226028,755,"ExoTerra Mini Tall",Reptile
015561226028,4050,"CAREFRESH BEACHPARTY 23L",Small Animal
015561226028,5116,"PUREWATER PEBB RAINBW GEMS 5LB",Fish
097612091267,756,"ZooMed Crested Gecko KIt",Reptile
097612091267,4051,"CAREFRESH BLUE 23L",Small Animal
097612091267,5117,"STONEYRIVER JUMBO NEAUTRAL 5LB",Fish
097612091014,757,"ZooMed Small and wide",Reptile
097612091014,4052,"CAREFRESH NATURAL 60L",Small Animal
097612091014,5118,"STONEYRIVER CHEROKEE",Fish
097612091243,758,"ZooMed Frog Kit",Reptile
097612091243,4053,"CAREFRESH CONFETTI 50L",Small Animal
097612091243,5119,"STONEYRIVER NUTMEG",Fish
097612091069,759,"ZooMed Creature Habitat Kit",Reptile
097612091069,4054,"CAREFRESH BLUE 50L",Small Animal
097612091069,5120,"STONEYRIVER BEACH 5LB",Fish
097612091076,760,"ZooMed Creatures den low profile",Reptile
097612091076,4055,"PRETTYPETS GLIDER FOOD",Small Animal
097612091076,5121,"SUPERNATURAL GEMSTONE 5LB",Fish
015561226035,761,"ExoTerra Small low",Reptile
015561226035,4056,"PRETTYPETS HEDGEHOG FOOD",Small Animal
015561226035,5122,"SUPERNATURAL JELLY BEANS 20LB",Fish
097612008906,762,"ZooMed Rolly Polly Kit",Reptile
097612008906,4057,"MARSHALS 9OZ FERRET DIET",Small Animal
097612008906,5123,"AQUASCAPES MOODLIGHT",Fish
015561222600,763,"ExoTerra Faunarium Large",Reptile
015561222600,4058,"MARSHALS DUCK SOUP 4.5OZ",Small Animal
015561222600,5124,"AQUASCAPES MIDNIGHT RIVER",Fish
015561222556,764,"ExoTerra Faunarium Med",Reptile
015561222556,4059,"VETRX RABBIT AID 2OZ",Small Animal
015561222556,5125,"SPECTRASTONE BLUE JEAN 25LB",Fish
015561222501,765,"ExoTerra Faunarium Sm",Reptile
015561222501,4060,"OASIS VITAEZMIST FERRETS 2OZ SPRY",Small Animal
015561222501,5126,"SPECTRASTONE BLUE SPEC 25LB",Fish
15561222655,766,"ExoTerra Faunarium Jumbo",Reptile
15561222655,4061,"MARSHALS FUROVITE 3.5OZ",Small Animal
15561222655,5127,"SPECTRASTONE LB WHITE SPE 25LB",Fish
15561226134,767,"ExoTerra Large Wide",Reptile
15561226134,4062,"MARSHALS FERRET RX 2OZ",Small Animal
15561226134,5128,"SPECTRASTONE LB BLK 25LB",Fish
015561226103,768,"ExoTerra Med Wide",Reptile
015561226103,4063,"MARSHALS PROBIOTIC 1.7 OZ",Small Animal
015561226103,5129,"PUREWATR PEBBLES LIBERTY 25 LB",Fish
096316660243,769,"Zilla Critter Cage 20L",Reptile
096316660243,4064,"MARSHALS FERRET LAX 3OZ",Small Animal
096316660243,5130,"AQUAPLANTS 12"" VARIOUS 6PK",Fish
047497269176,770,"TetraFaune Deluxe Reptohabitat 40",Reptile
047497269176,4065,"MARSHALS FERRET EAR CLEANER 4OZ",Small Animal
047497269176,5131,"AQUAPLANTS 8"" VARIOUS 6PK",Fish
047497269190,771,"Tetra Fauna 10G Reptohab",Reptile
047497269190,4066,"MARSHALL FERRET ODOR REMOVE 8OZ",Small Animal
047497269190,5132,"AQUAPLNT 1LG2MD ASSRT",Fish
15561226110,772,"ExoTerra large Low",Reptile
15561226110,4067,"MARSHAL FERRET DAILY SPRITZ 8OZ",Small Animal
15561226110,5133,"SINKERS WATER LILY WHT MD",Fish
030172091254,773,"Small world Habitat 2.3 Gal",Reptile
030172091254,4068,"MARSHAL GDBYE ODOR 8OZ FERRET",Small Animal
030172091254,5134,"SINKERS WTRLILY RED MD",Fish
015561223003,774,"Faunariam Low Small",Reptile
015561223003,4069,"MARSHALL FERRET SHAMPOO 8OZ",Small Animal
015561223003,5135,"SINKERS WTRLILY WHT LG",Fish
010838200503,775,"Reptile ranch Sm",Reptile
010838200503,4070,"MARSHALL ORIG. SHAMPOO FERRET",Small Animal
010838200503,5136,"SINKERS FLRSPIKE XL",Fish
030172091032,776,"Small world Habitat 4Gal",Reptile
030172091032,4071,"MARSHALL FUROTONE 6OZ",Small Animal
030172091032,5137,"SINKERS BLOM LUDWIG GRN SUPER",Fish
030172091018,777,"Small world Habitat 2.2 Gal",Reptile
030172091018,4072,"KAYTEE SUPREME MOUSE&RAT 4LB",Small Animal
030172091018,5138,"SINKERS BLM LUDWIG RD SUPER",Fish
030172090561,778,"Small World Habitat 1G",Reptile
030172090561,4073,"KAYTEE FORTIDIET MUS,RT,HAM 3LB",Small Animal
030172090561,5139,"SINKERS BLM LUDWIG RD GIANT",Fish
030172090318,779,"Small world .6gal",Reptile
030172090318,4074,"FRIENDSFARM REGGIERAT 2LB",Small Animal
030172090318,5140,"SINKERS AMBULIA GRN GIANT",Fish
015561222853,780,"ExoTerra Cricket Pen Small",Reptile
015561222853,4075,"OXBOW FERRET FOOD 4LB",Small Animal
015561222853,5141,"AQUAPLT 6PC MULTI BETTA PLNT",Fish
015561222877,781,"ExoTerra Cricket Pen large",Reptile
015561222877,4076,"COMPLETE CHINCHILLA DEGU 3LB",Small Animal
015561222877,5142,"AQUAPLT 6PC GRN BETTA PLNT",Fish
097612090604,782,"ZooMed Paludarium sm",Reptile
097612090604,4077,"TINYFRIENDFARM CHINCH 2LB",Small Animal
097612090604,5143,"AQUAPLT 4"" PLNT VARIOUS",Fish
097612090611,783,"ZooMed Paludarium Lg",Reptile
097612090611,4078,"OXBOW CHINCH 3LB",Small Animal
097612090611,5144,"AQUAPLT 4"" PLNT GREEN",Fish
072725004182,784,"Harris Diatomaceous Earth 10.5 lbs.",Dog
072725004182,4079,"OXBOW MOUSE & YNG RAT GRDNSEL",Small Animal
072725004182,5145,"AQUAPLNT 2"" 6PK NAT BETTA PLNT",Fish
072725004083,785,"Harris Diatomaceous Earth 4Lbs",Dog
072725004083,4080,"OXBOW MOUSE&YNG RAT 2.5 LB",Small Animal
072725004083,5146,"AQUAPLT 8"" GLW PLNT 6PC PCK",Fish
72725004076,786,"Harris Diatomaceous Earth 2 lbs",Dog
72725004076,4081,"OXBOW ADULT RAT 3LB",Small Animal
72725004076,5147,"AQUAPLT 16"" MULTI 3PK",Fish
732221333277,787,"Bug Blaster",Dog
732221333277,4082,"VITAGARDEN RAT&MOUSE 2.5 LB",Small Animal
732221333277,5148,"AQUAPLT 24"" MULTI 2PK",Fish
694244901232,788,"AniMed Dia Earth",Dog
694244901232,4083,"SUNBURTS RAT&MOUSE 2.5 LB",Small Animal
694244901232,5149,"AQUAPLT 16"" GREEN 3PK",Fish
072725002706,789,"Harris Diatomacouse Earth Bottle",Dog
072725002706,4084,"KAYTEE FORTI HAM&GERBIL 3LB",Small Animal
072725002706,5150,"AQUAPLT 24"" GREEN 2PK",Fish
645095320031,790,"Tropiclean Natural Flea &Tic Yard",Dog
645095320031,4085,"KAYTEE GOURMET HAM&GRBL 3LB",Small Animal
645095320031,5151,"AQUAPLT 8' PLNT GREEN",Fish
45095202542,791,"Tropicalen Ntrl Flea&Tick Soothing Sham",Dog
45095202542,4086,"FRIENDFARM HAZEL HAM 2LB",Small Animal
45095202542,5152,"AQUAPLT 12"" PLANTS GREEN",Fish
645095202573,792,"Tropiclean Ntrl Flea&Tik MAX sham",Dog
645095202573,4087,"VITAGARDEN HAM&GRBL 2.5 LB",Small Animal
645095202573,5153,"AQUATOP VIB GAR BLU PLNT 16""",Fish
645095320420,793,"Troiclean Ntrl Flea&Tik Soothing Spray",Dog
645095320420,4088,"SUNBURST HAM&GBRL 2.5 LB",Small Animal
645095320420,5154,"AQUATIP VIB PASS PNK PLNT 16""",Fish
645095007413,794,"Tropiclean Ntrl Flea&Tik Easy Mist",Dog
645095007413,4089,"SWEETHRVST HAMSTER 2LB",Small Animal
645095007413,5155,"AQUATOP VIB WLD GREEN PLNT 16""",Fish
45095160026,795,"TropiClean Natrl Flea&Tik Home spray",Dog
45095160026,4090,"FRIENDFARM GERTY GPIG 2LB",Small Animal
45095160026,5156,"AQUATOP VIB PASS YELLW PLNT 16""",Fish
810053870419,796,"Skouts Honor Flea Sham",Dog
810053870419,4091,"RNDLK YNG GPIG 4LB",Small Animal
810053870419,5157,"AQUATOP VIB WLD MIX RD PLNT 16""",Fish
10053870426,797,"Skouts Honor Flea Home Spray",Dog
10053870426,4092,"RNDLK ADULT GPIG 4LB",Small Animal
10053870426,5158,"AQUATOP VIB WLD PURP PLNT 16""",Fish
810053870433,798,"Skouts Honor Flea Yard spray",Dog
810053870433,4093,"KAYTEE FORITDIET GPIG 5LB",Small Animal
810053870433,5159,"AQUATOP VIB GAR PNK PLNT 16""",Fish
50024364318,799,"WeeAway Flea Spray",Dog
50024364318,4094,"SWEETHRVST RABBIT 4LB",Small Animal
50024364318,5160,"AQUATOP VIB PASS ROSE PLNT 16""",Fish
041535278304,800,"Zodiac Flea and tick Powder",Dog
041535278304,4095,"KAYTEE FIESTA RABBIT 6.5 LB",Small Animal
041535278304,5161,"AQUATOP VIB WLD WHT PLNT 16""",Fish
021653080164,801,"Bio-Groom Repel 35",Dog
021653080164,4096,"VITAGRDEN ADULT RABBIT 4LB",Small Animal
021653080164,5162,"AQUATOP VIB PASS TURQ PLNT 16""",Fish
21653101128,802,"BIo Groom Flea Shampoo",Dog
21653101128,4097,"SUNBURST RABBIT 3LB",Small Animal
21653101128,5163,"AQUATOP VIB GAR VIOL PLNT 16""",Fish
724089792655,803,"Advantage Shampoo Dogs",Dog
724089792655,4098,"SUNBURST RABBIT 6LB",Small Animal
724089792655,5164,"AQUATOP VIB GAR PURP PLNT",Fish
24089792730,804,"Advantage Shampoo Cat",Cat
24089792730,4099,"SWEETHRVST GPIG 4LB",Small Animal
24089792730,5165,"AQUATOP VIB GAR GRN PLNT 16""",Fish
724089113467,805,"Advantage Spray Dog",Dog
724089113467,4100,"KAYTEE FIESTA GPIG 4.5LB",Small Animal
724089113467,5166,"AQUATOP VIB WLD RED PLNT 16""",Fish
039079060172,806,"Adams Plus Pyrthrin Drip",Dog
039079060172,4101,"VITAGARDEN GPIG 4LB",Small Animal
039079060172,5167,"AQUATOP VIB PASS BLU PLNT 16""",Fish
039079090025,807,"Adams Plus Shamp W Precor",Dog
039079090025,4102,"SUNBURST GPIG 3LB",Small Animal
039079090025,5168,"AQUATOP VIB GAR BLU PLNT 10""",Fish
039079060226,808,"Adams Yard Spray",Dog
039079060226,4103,"OXBOW GRDEN YNG GPIG 4LB",Small Animal
039079060226,5169,"AQUATOP VIB WLD MIXED RD PLNT 10""",Fish
9079059817,809,"Adams Indoor Fogger",Dog
9079059817,4104,"OXBOW YNG GPIG 5LB",Small Animal
9079059817,5170,"AQUATOP VIB PASS YLW PLNT 10""",Fish
39079058971,810,"Adams Flea Spray",Dog
39079058971,4105,"OXBOW YNG GPIG 10LB",Small Animal
39079058971,5171,"AQUATOP VIB PASS TURQ PLNT 10""",Fish
039079058964,811,"Adams Flea Spray 16floz",Dog
039079058964,4106,"OXBOW ADULT GPIG 5LB",Small Animal
039079058964,5172,"AQUATOP VIB WLD GRN PLNT 10""",Fish
039079058872,812,"Adams Home Spray",Dog
039079058872,4107,"OXBOW ADULT GPIG 10LB",Small Animal
039079058872,5173,"AQUATOP VIB GAR PNK PLNT 10""",Fish
039079058834,813,"Adams Carpet Spray",Dog
039079058834,4108,"OXBOW GRDEN YNG RABBIT 4LB",Small Animal
039079058834,5174,"AQUATOP VIB WLD PURP PLNT 10""",Fish
039079012287,814,"Adams Carpet Powder",Dog
039079012287,4109,"OXBOW YNG RABBIT 5LB",Small Animal
039079012287,5175,"AQUATOP VIB GAR VIOL PLNT 10""",Fish
039079007405,815,"Adams Dog Large Flea Collar",Dog
039079007405,4110,"OXBOW YNG RABBIT 10LB",Small Animal
039079007405,5176,"AQUATOP VIB PASS PNK PLNT 6'",Fish
039079007412,816,"Adams Dog Small Flea Collar",Dog
039079007412,4111,"OXBOW ADULT RABBIT 5LB",Small Animal
039079007412,5177,"AQUATOP VIB PASS ROSE PLNT 6""",Fish
039079001267,817,"Adams Cat Flea Collar",Dog
039079001267,4112,"OXBOW ADULT RABBIT 10LB",Small Animal
039079001267,5178,"AQUATOP VIB PASS TURQ PLNT 6""",Fish
039079002387,818,"Adams Dog Flea Collar 2pk",Dog
039079002387,4113,"FRIENDFRM RUSSEL RABBIT 2LB",Small Animal
039079002387,5179,"AQUATOP VIB WLD WHTE PLNT 6""",Fish
039079003698,819,"Adams Dog Spot on 61-150lbs",Dog
039079003698,4114,"KAYTEE JUVI RABBIT 5LB",Small Animal
039079003698,5180,"AQUATOP VIB WLD  MXRED PLNT 6""",Fish
039079003704,820,"Adams Dog Spot on 31-60Lbs",Dog
039079003704,4115,"KAYTEE RABBIT 5LB",Small Animal
039079003704,5181,"AQUATOP VIB WLD GRN PLNT 10""",Fish
039079003728,821,"Adams Dog Spot on 15-30 LBs",Dog
039079003728,4116,"RNDLK YNG RABBIT 4LB",Small Animal
039079003728,5182,"AQUATOP VIB GAR PURP PLNT 10""",Fish
039079003735,822,"Adams Dog Spot on 5-14lbs",Dog
039079003735,4117,"RNDLK ADULT RABBIT 4LB",Small Animal
039079003735,5183,"AQUATOP VIB PASS BLU PLNT 10""",Fish
039079003179,823,"Adams Cat Spot on 5 and over",Cat
039079003179,4118,"RNDLK ADULT RABBIT 8LB",Small Animal
039079003179,5184,"AQUATOP VIB PASS PNK PLNT 10'",Fish
076484835322,824,"Turbo Cat ball",Cat
076484835322,4119,"OXBOW ADULT RABBIT 25LB",Small Animal
076484835322,5185,"AQUATOP VIB WLD RD PLNT 10""",Fish
076484835278,825,"Turbo Yarn Ball",Cat
076484835278,4120,"OXBOW YNG GPIG 25LB",Small Animal
076484835278,5186,"AQUATOP VIB PASS RSE PLNT 6""",Fish
076484228612,826,"Turbo Octopus",Cat
076484228612,4121,"KAYTEE HAYFEEDER FREESTND TRTH",Small Animal
076484228612,5187,"AQUATOP VIB GAR PNK PLNT 6""",Fish
076484855313,827,"Turbo Sports Ball",Cat
076484855313,4122,"KAYTEE HAY&FOOD BIN FEEDER",Small Animal
076484855313,5188,"AQUATOP VIB WLD RD PLNT 6""",Fish
076484536076,828,"Turbo Foil Ball",Cat
076484536076,4123,"KAYTEE GRAVITY BIN FEEDER",Small Animal
076484536076,5189,"AQUATOP VIB PASS YELLOW PLNT 6""",Fish
076484835339,829,"Turbo Sponge ball",Cat
076484835339,834,"Turbo Sponge Mouse",Cat
076484835339,4124,"KAYTEE TREE TRUNK HIDE SM",Small Animal
076484835339,4129,"KAYTEE WOODLAND GETAWAY SM",Small Animal
076484835339,5190,"AQUATOP VIB GAR PURP PLNT 6""",Fish
076484835339,5195,"AQUATOP VIB GAR GRN PLNT 6""",Fish
76484228582,830,"Turbo Birds",Cat
76484228582,4125,"KAYTEE TREE TRUNK HIDE LG",Small Animal
76484228582,5191,"AQUATOP VIB GAR BLU PLNT 6""",Fish
076484851216,831,"Turbo Mouse",Cat
076484851216,4126,"KAYTEE WOODLAND GETAWAY XLG",Small Animal
076484851216,5192,"AQUATOP VIB GAR VIOL PLNT 6""",Fish
076484835247,832,"Turbo Animal Prints",Cat
076484835247,4127,"KAYTEE WOODLAND GETAWAY LG",Small Animal
076484835247,5193,"AQUATOP VIB WLD PURP PLNT 6""",Fish
076484536090,833,"Turbo Stick and ball",Cat
076484536090,4128,"KAYTEE WOODLAND GETAWAY MED",Small Animal
076484536090,5194,"AQUATOP VIB PASS ROSE PLNT 6""",Fish
076484835308,835,"Turbo Yarn Mouse",Cat
076484835308,4130,"WARE WOOD DEN",Small Animal
076484835308,5196,"AQUAPLNT 6"" RCKPLNT GRN",Fish
76484536014,836,"Turbo Fish",Cat
76484536014,4131,"OXBOW TCLUB BUNGALOW LG",Small Animal
76484536014,5197,"AQUAPLNT 2.5/3.5"" RCKPLNT ASST",Fish
076484835353,837,"Turbo Fleece Mouse",Cat
076484835353,4132,"OXBOW TCLUB BUNGALOW MED",Small Animal
076484835353,5198,"AQUAPLNT 12"" RCKPLNT COLOR",Fish
076484835254,838,"Turbo Hairy",Cat
076484835254,4133,"OXBOW TCLUB TUNNEL",Small Animal
076484835254,5199,"AQYAPLNT 8"" RCKPLNT COLOR",Fish
076484835292,839,"Turbo Twine Ball",Cat
076484835292,4134,"MARSHALL HIDEAWAY HUT",Small Animal
076484835292,5200,"JUNGLE PDS LG STLE 6",Fish
030172098109,840,"E-Z Feed 6oz",Bird
030172098109,4135,"JW WALK UP HIDE LG",Small Animal
030172098109,5201,"12"" RCK PLNT GREEN",Fish
030172902666,841,"E-Z Feed 2oz",Bird
030172902666,4136,"JW WALK UP HIDE MED",Small Animal
030172902666,5202,"6"" RCKPLNT GREEN",Fish
030172902673,842,"E-Z Feed 4oz",Bird
030172902673,4137,"CRITTER SPACE POD",Small Animal
030172902673,5203,"GLOFISH CYCL PLNT GRN/YLLW SM",Fish
030172902314,843,"BirdLife Large Seed/Water Fountain",Bird
030172902314,4138,"PH NATURES HIDEAWAY",Small Animal
030172902314,5204,"8"" RCKPLNT COLOR",Fish
030172902239,844,"Birdlife 2week Seed Feeder",Bird
030172902239,4139,"PH SAGUARO HIDEAWAY MED",Small Animal
030172902239,5205,"6"" RCKPLNT GRN",Fish
030172102363,845,"Birdlife Mineral Berry Flavor",Bird
030172102363,4140,"PH SAGUARO HIDEAWAY SM",Small Animal
030172102363,5206,"JUNGLEPD SM STYLE 2",Fish
030172102356,846,"BirdLife Mineral Block Bannan Flavr",Bird
030172102356,4141,"KAYTEE PREM HIDEOUT TIM LG",Small Animal
030172102356,5207,"AQUALIFE PLNT SCAPES 8""",Fish
030172102370,847,"BirdLIf Mineral Block 2pk",Bird
030172102370,4142,"KAYTEE PREM HIDEOUT TIM SM",Small Animal
030172102370,5208,"AQUALIFE PLNT SCAPES 8""",Fish
030172005497,848,"BirdLife Small Seed/Water fountain",Bird
030172005497,4143,"KAYTEE COME ALONG CARRIER LG",Small Animal
030172005497,5209,"AQUALIFE PLNT SCAPES 8""",Fish
030172902833,849,"BirdLife Cuttle Bones 2pk",Bird
030172902833,4144,"KAYTEE COME ALONG CARRIER MED",Small Animal
030172902833,5210,"AQUALIFE PLNT SCAPES 8""",Fish
030172902826,850,"BirdLife Cuttle bone",Bird
030172902826,4145,"HAPPY BEAKS CARRIER",Small Animal
030172902826,5211,"AQUALIFE PLNT SCAPES 8""",Fish
030172096853,851,"BirdLife Fruit Dipped Cuttle Bone 2pk",Bird
030172096853,4146,"HAPPY BEAKS HAMSTER CAGE",Small Animal
030172096853,5212,"AQUALIFE PLNT SCAPES 14""",Fish
618940313090,852,"JW Clean Cup MED",Bird
618940313090,4147,"KAYTEE GIANT IGLOO",Small Animal
618940313090,5213,"AQUALIFE PLNT SCAPES 14""",Fish
644472014693,853,"Captain CuttleBone",Bird
644472014693,4148,"KAYTEE LARGE IGLOO",Small Animal
644472014693,5214,"AQUALIFE PLNT SCAPES 14""",Fish
030172095801,854,"BirdLIfe E-CuttleBone 2 pk",Bird
030172095801,4149,"KAYTEE MINI IGLOO",Small Animal
030172095801,5215,"AQUALIFE DECOSCAPES SM",Fish
644472014785,855,"A&E Treat Clips",Bird
644472014785,4150,"KAYTEE ITTY BITTY IGLOO",Small Animal
644472014785,5216,"AQUALIFE PLNT SCAPES 8""",Fish
48081001097,856,"PH Cage Saver",Bird
48081001097,4151,"PH NATURES HIDEAWAY LARGE",Small Animal
48081001097,5217,"AQUALIFE PLNT SCAPES 8""",Fish
618940313113,857,"JW Clean Cup Lg.",Bird
618940313113,4152,"KAYTEE CHINHUT",Small Animal
618940313113,5218,"AQUALIFE PLNT SCAPES 10""",Fish
618940313083,858,"JW Clean Cup Sm",Bird
618940313083,4153,"KAYTEE GIANT STRT TUBE",Small Animal
618940313083,5219,"AQUALIFE PLNT SCAPES 10""",Fish
618940313137,859,"JW CuttleBone Holder",Bird
618940313137,4154,"KAYTEE CHEWBULAR MED",Small Animal
618940313137,5220,"AQUALIFE DECOSCAPES LG",Fish
18940313014,860,"JW Tall Silo Waterer",Bird
18940313014,4155,"KAYTEE CHEWBULAR LRG",Small Animal
18940313014,5221,"AQUALIFE DECOSCAPES LG",Fish
618940313052,861,"JW Silo Bird Feeder",Bird
618940313052,4156,"OXBOW RUNRND BALL",Small Animal
618940313052,5222,"FOREGROUNDER MNYWRT/GRN",Fish
618940313007,862,"JW Sm Silo Waterer",Bird
618940313007,4157,"PREVUE QUIET WHEEL 9 1/2""",Small Animal
618940313007,5223,"SINKERS RDWTR HYACINTH BOTTOM",Fish
644472017144,863,"A&E Seed Catcher Lg",Bird
644472017144,4158,"OXBOW RUN&HIDE 10""",Small Animal
644472017144,5224,"DURVET TRIPWRM 2PK CHEWS MDLG",Dog
048081008201,864,"PH Sm Seed Catcher",Bird
048081008201,4159,"KAYTEE SILENT SPINNER GIANT",Small Animal
048081008201,5225,"DURVET TRIPWRM 2PK CHW PUPPY",Dog
48081008218,865,"PH Med Seed Catcher",Bird
48081008218,4160,"KAYTEE SILENT SPINNER LRG",Small Animal
48081008218,5226,"DURVET TRIPWRM 12PK CHW PUPPY",Dog
030172105319,866,"BirdLife Casino Kabob",Bird
030172105319,4161,"KAYTEE MINI SILET SPINNER",Small Animal
030172105319,5227,"DURVET WRMEZE LIQUID 8OZ",Dog
030172105456,867,"Donut Chew 2pk",Bird
030172105456,4162,"OXBOW TIMOTHY HUT MED",Small Animal
030172105456,5228,"DURVET LIQUID WRM DOGS 2OZ",Dog
030172095771,868,"Finch Fries",Bird
030172095771,4163,"PH FIESTA HIDEAWAY/SM",Small Animal
030172095771,5229,"DURVET FELINE WRMEZE LIQUID 4OZ",Dog
44472017632,869,"VitaPol Mineral Block",Bird
44472017632,4164,"PH SMALL GRASS TUNNEL",Small Animal
44472017632,5230,"CRAZYCAT KITTEN WRMER 4OZ",Dog
030172031519,870,"BirdLife Banna Cuttle Bone",Bird
030172031519,4165,"PH SM GRASS BALL",Small Animal
030172031519,5231,"REMEDYRECV PET WRM 8OZ",Dog
080605821903,871,"Living World Mineral Block",Bird
080605821903,4166,"PH GRASS TUNNEL",Small Animal
080605821903,5232,"TAPEWORM DEWORMER DOGS TABS",Dog
030172902642,872,"BirdLife Vacation bird Feeder",Bird
030172902642,4167,"KAYTEE CRITTER CRUISER",Small Animal
030172902642,5233,"PRAZIGUARD FOR DOGS 6TABS",Dog
644472015010,873,"A&E 5oz Jungle Cups",Bird
644472015010,4168,"KAYTEE CRITTER LAZY LOOKOUT",Small Animal
644472015010,5234,"SERESTO CAT COLLAR",Dog
644472015034,874,"A&E 10oz Jungle Cups",Bird
644472015034,4169,"KAYTEE CRITTER ACTIVITY KIT",Small Animal
644472015034,5235,"SERESTO SM DOG COLLAR",Dog
44472015058,875,"A&E 20oz Jungle Cups",Bird
44472015058,4170,"KAYTEE CRITTER LOOPDLOOP",Small Animal
44472015058,5236,"SERESTO LG DOG COLLAR",Dog
048081612231,876,"10oz Coop Cups",Bird
048081612231,4171,"KAYTEE FLEX TUNNEL",Small Animal
048081612231,5237,"UCARI INTOLERANCE TEST",Dog
048081612248,877,"20oz Coop Cup",Bird
048081612248,4172,"PH PET PLAYPEN",Small Animal
048081612248,5238,"SUZIESCBD PUMPKIN 6OZ",Dog
048081612279,878,"30oz Coop Cup",Bird
048081612279,4173,"KAYTEE CRITTER PLAY PEN",Small Animal
048081612279,5239,"SUZIESCBD APPLE 6OZ",Dog
077234060117,879,"SPOT 20oz Hook on cup",Bird
077234060117,4174,"A&E LRG CORNER SHELF",Small Animal
077234060117,5240,"SUZIESCBD ORIGNIAL 6OZ",Dog
18065984692,880,"Natures Miracle bird Cage cleaner",Bird
18065984692,4175,"PH CAGE PLATFORM",Small Animal
18065984692,5241,"HIPPIE HOUNDS 10MG CBD 5.3OZ",Dog
071859942834,881,"Kaytee Mixed nuts & Cherries",Bird
071859942834,4176,"A&E LRG WOODN PLATFORM",Small Animal
071859942834,5242,"HIPPIEHOUNDS 5MG CBD 5.3OZ",Dog
071859998527,882,"Kaytee Garden Veggie Treat",Bird
071859998527,4177,"A&E SM WOODEN PLATFORM",Small Animal
071859998527,5243,"HIPPIEHNDS 250MG DOG DROPS",Dog
644472002355,883,"Vitapol Fruite Smackers Cockatiel",Bird
644472002355,4178,"KAYTEE HAMTRAC EXERCISE LOOP",Small Animal
644472002355,5244,"HIPPIEHNDS 1000MG DOG DROPS",Dog
051233316895,884,"VitaKraft Sticks apricot&Cherry Parrot",Bird
051233316895,4179,"OXBOW CORNER LITTER PAN",Small Animal
051233316895,5245,"HIPPIEHNDS 125MG CAT DROPS",Dog
051233316871,885,"VitaKraft Sticks Apple&Honey Parrot",Bird
051233316871,4180,"OXBOW RECTANGLE LITTER PAN",Small Animal
051233316871,5246,"HIPPIEHNDS 500MG DOG DROPS",Dog
051233316956,886,"VitaKraft Sticks Apricot&Cherry Conur",Bird
051233316956,4181,"PH CORNER LITTER PAN",Small Animal
44472002393,887,"Vitapol Smakers MAXI 2pc",Bird
44472002393,4182,"KAYTEE HIGH CRNR LITTER PAN",Small Animal
644472002331,888,"Vitapol Smakers Nuts Cockatiel",Bird
644472002331,4183,"KAYTEE LRG HIGH CRNR LITTER PAN",Small Animal
644472013894,889,"Vitapol VitaLine Paradise 2pc parr",Bird
644472013894,4184,"KAYTEE GIANT CMFRT WHEEL",Small Animal
071859942360,890,"Kaytee Treat Stick Honey Multipk keet",Bird
071859942360,4185,"KAYTEE LRG COMFORT WHEEL",Small Animal
071859942407,891,"Kaytee TreatStick Hny Multi Cocktiel",Bird
071859942407,4186,"KAYTEE SM COMFORT WHEEL",Small Animal
071859942407,5252,"FOREGROUNDER FAN BRUSH ORNG",Fish
071859942384,892,"Kaytee Treat Stick hny multi Parrot",Bird
071859942384,4187,"A&E MERRY ROLLER WHEEL 9""",Small Animal
071859942384,5253,"FOREGROUNDER FAN PALM RD",Fish
051233211206,893,"Vitacraft Sticks Egg and honey keets",Bird
051233211206,4188,"A&E MERRY ROLLER 4"" WHEEL",Small Animal
051233211206,5254,"AQUAPLNT 4"" GRN PLNT",Fish
644472991499,894,"Vitapol Smakers Snack Kiwi Cocktiel",Bird
644472991499,4189,"KAYTEE 5"" RUN-ABOUT BALL CL",Small Animal
644472991499,5255,"CASCADE BABY HIDEOUT",Fish
44472006209,895,"Vitapol smakers Snack Fruit Cocktiel",Bird
44472006209,4190,"KAYTEE 5"" RUNABOUT BALL RAINBW",Small Animal
44472006209,5256,"FOREGROUNDER CABOMA GRNWRD",Fish
046706321650,896,"Higgins Tuscan Dream",Bird
046706321650,4191,"KAYTEE 7"" RUNABOUT BALL RAINBOW",Small Animal
046706321650,5257,"GLO-PLNT 4"" AQUAPLNT",Fish
44472002126,897,"Vitapol Smackers 3w1",Bird
44472002126,4192,"KAYTEE 7"" RUNABOUT BALL CLR",Small Animal
44472002126,5258,"GLO-PLNT SM GLOW PD",Fish
644472010046,898,"Vitapol Smackers Snacks Straw",Bird
644472010046,4193,"PH PLAYPEN COVER MAT",Small Animal
644472010046,5259,"GLOPLNT",Fish
644472013887,899,"Vitapol Vitaline Smakers Vege 2pc",Bird
644472013887,4194,"FRIENDSFARM BATHING SAND",Small Animal
644472013887,5260,"FRZN ICE CASTLE/MINI",Fish
644472013870,900,"Vitapol Vitaline Smakers Super Foods",Bird
644472013870,4195,"OXBOW POOF BATHING SAND",Small Animal
644472013870,5261,"FRZN MINI ELSA",Fish
720101222155,901,"Sweet Harvest Chilli Pepper",Bird
720101222155,4196,"BLUE BEAUTY DUST",Small Animal
720101222155,5262,"MINI REPLICA FISH",Fish
046706303601,902,"Higgins Duets Conure&Lovebird",Bird
046706303601,4197,"KAYTEE CHINCHILLA BATH HOUSE",Small Animal
046706303601,5263,"FRZN ANNA MINI",Fish
046706303502,903,"Higgins Duets Parrots&Macaws",Bird
046706303502,4198,"KAYTEE 11.5"" RUN ABOUT BALL CL",Small Animal
046706303502,5264,"FRZN OLAF SLIDE MINI",Fish
046706322718,904,"SunBurst Millet Bits",Bird
046706322718,4199,"KAYTEE 13"" RUNABOUT BALL CL",Small Animal
046706322718,5265,"SESAME OSCAR THE GROUCH",Fish
46706322510,905,"SunBurst Fruits and Veggies",Bird
46706322510,4200,"KAYTEE 11.5"" RUNABUTBALL RAINBOW",Small Animal
46706322510,5266,"MICKEY MERMINNIE MINI",Fish
46706322503,906,"SunBurst Fruit To Nuts",Bird
46706322503,4201,"KAYTEE 13"" RUNABOUT BALL RAINBOW",Small Animal
46706322503,5267,"MICKEY GOOFY& DOLPHIN",Fish
046706002702,907,"SunBurts Sticks lil fruits",Bird
046706002702,4202,"OXBOW PURECOMFORT 178L",Small Animal
046706002702,5268,"SEASME COOKIE MONSTER",Fish
046706002641,908,"SunBurst Sticks Nuts&Berries",Bird
046706002641,4203,"KAYTEE PINE 52.4L",Small Animal
046706002641,5269,"MINION STUART BEACH BUDD",Fish
046706002627,909,"SunBurst Sticks Island Fruits",Bird
046706002627,4204,"OXBOW ECOSTRAW 20LB",Small Animal
046706002627,5270,"JURASSIC PRK GATES",Fish
071859002583,910,"Kaytee Treat Stick Almd Walnut",Bird
071859002583,4205,"KAYTEE WOOD PELLETS 4.9L",Small Animal
071859002583,5271,"MINIREPLICA TREASURE CHEST",Fish
720101288052,911,"Sweet Harvest Fruit MIx",Bird
720101288052,4206,"KAYTEE PINE 19.7L",Small Animal
720101288052,5272,"SEASME BIG BIRD",Fish
071859942667,912,"Kaytee Healthy Toppings Papaya",Bird
071859942667,4207,"KAYTEE PINE 9.8L",Small Animal
071859942667,5273,"LITTLE MEREMAID 5PK",Fish
071859998497,913,"Kaytee Yo Dips",Bird
071859998497,4208,"BACK2NATURE LITTER 30L",Small Animal
071859998497,5274,"AQUASCAPES MD GRN/PNK BUNCH",Fish
071859942445,914,"Kaytee Healthy Bits Treats",Bird
071859942445,4209,"KAYTEE ASPEN 19.7L",Small Animal
071859942445,5275,"AQUASCAPES MD GRN/PURP BUNCH",Fish
071859998473,915,"Kaytee Yo Dips Sunflower Seeds",Bird
071859998473,4210,"KAYTEE CRITTER LITTER 4LB",Small Animal
071859998473,5276,"AQUASCAPES SM PURPL BUNCH",Fish
71859949260,916,"Kaytee Bird Greens",Bird
71859949260,4211,"BACK2NATURE 15L LITTER",Small Animal
71859949260,5277,"AQUASCAPES SM YELL BUNCH",Fish
071859006239,917,"Kaytee Food For the wild Bird",Bird
071859006239,4212,"FRESH WORLD BEDDING",Small Animal
071859006239,5278,"AQUASCAPES MD PNNYWRT BUNCH",Fish
720101211258,918,"Sweet Harvest Mixed Veggies",Bird
720101211258,4213,"KAYTEE KAYBOB BEDDING",Small Animal
720101211258,5279,"AQUASCAPES MD OSTRICH FERN BUNCH",Fish
041054717407,919,"Lafebers Pellet Berries",Bird
041054717407,4214,"KAYTEE BEDDING TRAY MED",Small Animal
041054717407,5280,"AQUASCAPES LRG RED BUNCH",Fish
041054862305,920,"Lafebers Avi cakes",Bird
041054862305,4215,"KAYTEE GRN FERRET BOWL",Small Animal
041054862305,5281,"AQUASCAPES GLOW BUNCH",Fish
041054616403,921,"Lafebers Featuing Popcorn",Bird
041054616403,4216,"LIVINGWRLD ERGONOMIC DISH",Small Animal
041054616403,5282,"AQUASCAPES GLW BUNCH MD GRN/PNK",Fish
041054821500,922,"Lafebers el paso Nutri berries parrot",Bird
041054821500,4217,"FEEDING DISH SM",Small Animal
041054821500,5283,"AQUAFLORAS BLM FLWR",Fish
041054823504,923,"Lafebers Garden Veggie NutriBerries",Bird
041054823504,4218,"FEEDING DISH LG",Small Animal
041054823504,5284,"AQUAFLORAS MUSH PATCH",Fish
087535593054,924,"SunSeed Fantasy Fruit Mix",Bird
087535593054,4219,"KAYTEE VEGE-T-BOWL MED",Small Animal
087535593054,5285,"AQUAFLORAS SPONGEBOB",Fish
720101244041,925,"Sweet Harvest Fruits &Nuts mix",Bird
720101244041,4220,"PENNPLAX HYDRATOR 1L",Small Animal
720101244041,5286,"AQUAFLORAS MOSS PTCH",Fish
046706600038,926,"Higgins Spray Millet",Bird
046706600038,4221,"PENNPLAX HYDRATOR 237ML",Small Animal
046706600038,5287,"AQUAFLORAS LIVING LG",Fish
071859003054,927,"Kaytee Spray Millet lg",Bird
071859003054,4222,"KAYTEE COOL CROK LG",Small Animal
071859003054,5288,"AQUAFLORAS TREE STUMP",Fish
071859003016,928,"Kaytee Spray Millet Sm",Bird
071859003016,4223,"KAYTEE COOL CROK SM",Small Animal
071859003016,5289,"AQUAFLORAS RCK RANGE",Fish
080605824706,929,"Hari Spray Millet",Bird
080605824706,4224,"KAYTEE CLEAR VIEW BOTTLE 4OZ",Small Animal
080605824706,5290,"AQUAFLORAS REDRCK",Fish
030172902628,930,"BirdLife milletholder w bells",Bird
030172902628,4225,"KAYTEE CLEAR VIEW BOTTLE 8OZ",Small Animal
030172902628,5291,"GALAPAGOS 12""-24"" SPIDER WD",Fish
618940313144,931,"JW Millet Holder",Bird
618940313144,4226,"KAYTEE CLEAR VIEW BOTTLE 16OZ",Small Animal
618940313144,5292,"ZOOMED MD SPIDER WOOD",Fish
720101277650,932,"SweetHarvest Papaya",Bird
720101277650,4227,"KAYTEE CLR VIEW BOTTLE 32OZ",Small Animal
720101277650,5293,"NATURAL DRIFTWOOD SM",Fish
030172101212,933,"Tweet Eats Corn Puffs",Bird
030172101212,4228,"KAYTEE CHEW A BOWL",Small Animal
030172101212,5294,"MOPANI WD SM",Fish
713733591706,934,"Meijer Ecuttlebone Perch",Bird
713733591706,4229,"OXBOW TIMBLEND CUBES",Small Animal
713733591706,5295,"NATURAL DRIFTWOOD MD",Fish
30172012938,935,"BirdLife Calcium Perch Parakeet",Bird
30172012938,4230,"OXBOW ALFALFA CUBES",Small Animal
30172012938,5296,"NATURAL DRIFTWOOD LG",Fish
030172009983,936,"BirdLife Calcium Perch Small birds",Bird
030172009983,4231,"KAYTEE CRITTER BOTTLE",Small Animal
030172009983,5297,"MOPANI WD MD",Fish
048081010044,937,"Pacific Perch Beach Walk sm 4""",Bird
048081010044,4232,"KAYTEE WTR BTTL HOLDER LG",Small Animal
048081010044,5298,"PLECO CAVE",Fish
048081010051,938,"Pacific Perch Beach Walk Sm 5""",Bird
048081010051,4233,"KAYTEE WTR BTTL HOLDER SM",Small Animal
048081010051,5299,"CICHLID HUT",Fish
030172005442,939,"BirdLife Trimmer Perch 9""",Bird
030172005442,4234,"LOCK CROC 20OZ",Small Animal
030172005442,5300,"BREEDING CONE",Fish
618940312161,940,"Insight Sand Perch T-perch",Bird
618940312161,4235,"LOCK CROK 10OZ",Small Animal
618940312161,5301,"MARINA FISH NET BREEDER",Fish
030172012945,941,"BirdLife Calcium Perch Small&Med",Bird
030172012945,4236,"KAYTEE CHEW PROOF 6OZ",Small Animal
030172012945,5302,"MARINA FLOAT BREED TRAP",Fish
030172012952,942,"BirdLife Calcium Perch Med&Lrg.",Bird
030172012952,4237,"KAYTEE CHEW PROOF 12OZ",Small Animal
030172012952,5303,"MARINA FLOAT FISH HATCHERY",Fish
030172012969,943,"PennPlac Calcium Perch Med&Lrg",Bird
030172012969,4238,"NIBBLES CRITTER QUENCHER 32OZ",Small Animal
030172012969,5304,"PLANT DECOR KIT 2MD 4XS",Fish
048081010204,944,"Pacific Perch 6"" Cosmic Crunch",Bird
048081010204,4239,"OXBOW DRIPLESS WTRBTTL 15OZ",Small Animal
048081010204,5305,"PLANT DECOR KIT 2MD 4XS",Fish
048081010228,945,"Pacific Perch 9"" Cosmic Crunch",Bird
048081010228,4240,"PETWTRBTTL 16OZ",Small Animal
048081010228,5306,"FLAMING SKULL BLUE 31/2",Fish
030172902956,946,"BirdLife 4Perch Covers",Bird
030172902956,4241,"PETWTRBTTLE 32OZ",Small Animal
030172902956,5307,"FLAMING SKULL RED",Fish
080605803251,947,"LivingWorld Sand perch Covers",Bird
080605803251,4242,"FRNDSFRM HAMSTER LOVELIES",Small Animal
080605803251,5308,"ZOMBIE FISH",Fish
030172002564,948,"BirdLife Natures Perch",Bird
030172002564,4243,"FRNDSFRM PIG SCRUMMIES",Small Animal
030172002564,5309,"SKELETON ESCAPE",Fish
080605834057,949,"Vision Perch Green",Bird
080605834057,4244,"HABITAT SNK CAR,PEA,GREENS",Small Animal
080605834057,5310,"SWIMMING SEA TURTLE SM",Fish
030172018626,950,"BirdLife Cement Ladder",Bird
030172018626,4245,"HABITAT SNK APPLE & BAN",Small Animal
030172018626,5311,"MD LIGHTHOUSE",Fish
618940312000,951,"JW Insight Sand Perch Sm",Bird
618940312000,4246,"HABITAT SNK FLWR&BERRY",Small Animal
618940312000,5312,"CORAL RCK LG",Fish
618940312017,952,"JW Insight Sand Perch Lg",Bird
618940312017,4247,"ORAL SYRINGE & MED DROPPER",Small Animal
618940312017,5313,"JAMMIN JAM",Fish
048081010402,953,"Naturals 9"" Java Wood Perch",Bird
048081010402,4248,"SMAKERS NUT",Small Animal
048081010402,5314,"WEIRD WATRS SIGN",Fish
048081010501,954,"Naturals 9""Coffee Wood Y-Branch",Bird
048081010501,4249,"HERB SMACK RED VEGGIES",Small Animal
048081010501,5315,"SPRATS",Fish
048081623954,955,"Wacky Wood 14""",Bird
048081623954,4250,"HERB SMACK GPAW ORCHARD",Small Animal
048081623954,5316,"NEMO",Fish
048081623961,956,"Wacky Wood 24""",Bird
048081623961,4251,"HERB SMACK BROCC-ROSE",Small Animal
048081623961,5317,"NEMO &MARLIN",Fish
048081623992,957,"Wacky Wood 36""",Bird
048081623992,4252,"HERB SMACK GMAW PATCH",Small Animal
048081623992,5318,"BAILEYINWTR SM",Fish
048081003305,958,"Perch Birdie Basics Y-Shaped",Bird
048081003305,4253,"VITAKRAFT DROPS WLDBERRY FLVR",Small Animal
048081003305,5319,"BAILEY WCRAL SM",Fish
048081003701,959,"Birdie Basics perch Sm7/16x10",Bird
048081003701,4254,"MENU FLAKES CAR&BEETROOT",Small Animal
048081003701,5320,"DESTINY IN WATER SM",Fish
048081003732,960,"Birdie Basics Perch Sm -Med 7/16x16",Bird
048081003732,4255,"DROPS FOREST FRUIT",Small Animal
048081003732,5321,"HANK ON SAND MED",Fish
048081003763,961,"Birdie Basics Perch Med 3/4x15",Bird
048081003763,4256,"DROPS VEGGIE",Small Animal
048081003763,5322,"CLOWN FISH",Fish
048081711408,962,"Carpenter Creations Bendable Ladder",Bird
048081711408,4257,"SMACKERS POPCORN",Small Animal
048081711408,5323,"BLACK PEARL SHIP MD",Fish
048081011393,963,"Carpenter Creations 15-Rung Ladder",Bird
048081011393,4258,"SMACKERS BANANA",Small Animal
048081011393,5324,"STAR WARS",Fish
048081011355,964,"Carpenter Creations 6 Rung Ladder",Bird
048081011355,4259,"SMACKERS STRAWBERRY",Small Animal
048081011355,5325,"JAWS W BAIR TANK MED",Fish
048081011362,965,"Carpenter Creations 7-Rung Ladder",Bird
048081011362,4260,"SMACKERS VEGGIE",Small Animal
048081011362,5326,"JAWS BOAT ATTACK SM",Fish
048081011379,966,"Carpenter Creations 9 Rung Ladder",Bird
048081011379,4261,"OXBOW SIM RWDS CARROT&DILL",Small Animal
048081011379,5327,"JAWS SWIM-THRU SM",Fish
048081011386,967,"Carpenter Creations 11-Rung Ladder",Bird
048081011386,4262,"OXBOW SIM RWDS BELL PEPPER",Small Animal
048081011386,5328,"MD RUBBLE ON FLOAT",Fish
030172902109,968,"BirdLife Wood Ladder 5 Step",Bird
030172902109,4263,"OXBOW SIM RWDS CRANBERRY",Small Animal
030172902109,5329,"MD MARSHALL &SANDCASTLE",Fish
030172902116,969,"BirdLIfe Wood Ladder 7 Step",Bird
030172902116,4264,"OXBOW SIM RWDS TIMOTHY TREATS",Small Animal
030172902116,5330,"MD SEA PATROL CHASE",Fish
030172018664,970,"BirdLIfe 16"" Cement Perches",Bird
030172018664,4265,"VITAKRAFT STICKS PNUT&HNY",Small Animal
030172018664,5331,"MD SEA PATROL SKYE",Fish
644472008418,971,"A&E 18"" Sand Perches",Bird
644472008418,4266,"VITAKRAFT STICKS POPGRAIN&HNY",Small Animal
644472008418,5332,"SPONGEBOB SNOW BOARD",Fish
030172018688,972,"BirdLife 19"" Cement Perches",Bird
030172018688,4267,"VITAKRAFT STICKS CARR&HNY",Small Animal
030172018688,5333,"PATRICK IN CANOE",Fish
030172902017,973,"BirdLife 11"" Wooden Perches",Bird
030172902017,4268,"KAYTEE SUPERFOODS SPIN&KALE",Small Animal
030172902017,5334,"PATRICK ON LOUGE CHAIR",Fish
030172902024,974,"BirdLIfe 12"" Wooden Perches",Bird
030172902024,4269,"COMPLETE CRUNCH CHEESE",Small Animal
030172902024,5335,"BIKINI BOTTOM HOMES",Fish
030172902031,975,"BirdLIfe 14"" Wooden Perches",Bird
030172902031,4270,"COMPLETE CRUNCH CARROT",Small Animal
030172902031,5336,"GARY LG",Fish
644472008388,976,"A&E 14"" Wooden Perches",Bird
644472008388,4271,"KAYTEE TIMOTHY BISCUITS",Small Animal
644472008388,5337,"SPONGEBOB LG",Fish
030172902048,977,"BirdLife 16"" Wooden Perches",Bird
030172902048,4272,"SUNBURST NUTTY PUMPKIN",Small Animal
030172902048,5338,"KRUSTY KRAB",Fish
030172902055,978,"BirdLIfe 18"" Wooden Perches",Bird
030172902055,4273,"SUNBURST PEAS&BEANS",Small Animal
030172902055,5339,"SQUIDWARDS EASTER ISLAND HOME",Fish
644472008401,979,"A&E 18"" Wooden Perches",Bird
644472008401,4274,"VITAHERBAL RICE RING",Small Animal
644472008401,5340,"GRANITE STONE HIDEAWAY 2PK",Fish
048081010105,980,"Pacific Perch 7"" Beach Branch",Bird
048081010105,4275,"KAYTEE APPLE&CARROT SNK",Small Animal
048081010105,5341,"ROUNDSTONE HIDEAWAY LG 4""",Fish
048081010112,981,"Pacific Perch 9"" Beach Branch",Bird
048081010112,4276,"KAYTEE FDINTHEWLD",Small Animal
048081010112,5342,"STONE HIDEAWAY SM 2IN",Fish
030172036781,982,"BirdLIfe Rope Perch 21in",Bird
030172036781,4277,"KAYTEE KRUNCH-A-ROUNDS",Small Animal
030172036781,5343,"SHARK JAW",Fish
030172085369,983,"BirdLife Cross Rope Perch",Bird
030172085369,4278,"KAYTEE HEALTHY BITS TREAT",Small Animal
030172085369,5344,"RHINO SKULL RESIN",Fish
030172902864,984,"BirdLife Hanging Pacifer w Bells",Bird
030172902864,4279,"SUNBURST VEGGIE GARDEN",Small Animal
030172902864,5345,"CROCODILE SKULL",Fish
644472015232,985,"Happy Beaks Two Sided Mirror",Bird
644472015232,4280,"SUNBURST VEGGIE STICK",Small Animal
644472015232,5346,"DRAGON SKULL GAZER SM",Fish
048081604229,986,"Birdie basics 2-sided mirror w bell",Bird
048081604229,4281,"SUNBURST HERB GARDEN",Small Animal
048081604229,5347,"DRAGON SKULL GAZER LG",Fish
048081604212,987,"Birdie basics 2-sided mirror",Bird
048081604212,4282,"N-BONE FRRT CHEW CHICK",Small Animal
048081604212,5348,"SKULL GAZER SM ASST",Fish
618940310303,988,"Jw Hanging Dice",Bird
618940310303,4283,"N-BNE FRRT CHEW SALMON",Small Animal
618940310303,5349,"MARINA SM REEF",Fish
18940310365,989,"JW Lattice Chain",Bird
18940310365,4284,"KAYTEE HEALTHY TOPPINGS PAP",Small Animal
18940310365,5350,"SHIPWRECK STERN LG",Fish
030172902765,990,"BirdLIfe Hanging Pacifier with bell",Bird
030172902765,4285,"KAYTEE CNTRYHRVST BLEND TREAT",Small Animal
030172902765,5351,"SHIPWRECK BOW LG",Fish
030172082818,991,"BirdLife Flower Mirror w Bell",Bird
030172082818,4286,"KAYTEE HEALTH TOP MIX FRUIT",Small Animal
030172082818,5352,"PIRATE WAVE RUNNER",Fish
030172082832,992,"BirdLife Twin Rings with turning beads",Bird
030172082832,4287,"INTUNE DUETS CHKN&TURK",Small Animal
030172082832,5353,"TUFA STONE MED",Fish
030172906268,993,"PennPlax Jingle Bird wMirror/perch",Bird
030172906268,4288,"INTUNE DUETS CHKN&SALM",Small Animal
030172906268,5354,"ALGAE BOAT WHEEL",Fish
030172902451,994,"BirdLife Perch w Mirror and Beads",Bird
030172902451,4289,"MARSHALL BANDITTS BCN FLV",Small Animal
030172902451,5355,"SM PLANE WRECK",Fish
618940310372,995,"JW Hall Of Mirrors",Bird
618940310372,4290,"MARSHALL BANDITS BANN FLV",Small Animal
618940310372,5356,"SUNKEN ARMY TRUCK",Fish
618940310013,996,"JW Double Axis",Bird
618940310013,4291,"MARSHALL BANDITS PB FLVR",Small Animal
618940310013,5357,"JURASSIC PRK GATES SML",Fish
030172902505,997,"BirdLife Small Bird play",Bird
030172902505,4292,"OXBOW CRUNCH&CHEWY CHKN",Small Animal
030172902505,5358,"TREX JURRASIC SML",Fish
030172906183,998,"BirdLife Landing Perch w Mirror",Bird
030172906183,4293,"MARSHALL FERRET EXT MINNOW",Small Animal
030172906183,5359,"DILOPHOSAURUS MD",Fish
030172902543,999,"BirdLIfe Bird Bath w Mirror",Bird
030172902543,4294,"OXBOW NS URINARY SUPP 4.2OZ",Small Animal
030172902543,5360,"VELOCIRAPTORS SML",Fish
030172082764,1000,"BirdLife SwingWMirrorand Spinner",Bird
030172082764,4295,"OXBOW NS VIT C 4.2 OZ",Small Animal
030172082764,5361,"ASSRT FISH SM",Fish
030172902482,1001,"BirdLife Mirror With Beads",Bird
030172902482,4296,"OXBOW CRITICAL CARE CARN",Small Animal
030172902482,5362,"MINI CORAL",Fish
030172082795,1002,"BirdLife Geo-Balls With Bell",Bird
030172082795,4297,"OXBOW CRITICAL CARE OMNIV",Small Animal
030172082795,5363,"PEACE&LOVE KIT",Fish
048081604205,1003,"Birdie Basics Lantern Mirror",Bird
048081604205,4298,"OXBOW CRITICAL CARE HERB AB",Small Animal
048081604205,5364,"MED AFR SHADE LEAF LOG",Fish
030172902741,1004,"BirdLIfe PerchwMirrorBeads&Seedcup",Bird
030172902741,4299,"OXBOW LAVA LEDGE",Small Animal
030172902741,5365,"NATURALS LOG MED",Fish
048081626818,1005,"Wacky Wood Large Swing",Bird
048081626818,4300,"KAYTEE CHINCHILLER",Small Animal
048081626818,5366,"CLAMSHELL ASSST",Fish
030172021398,1006,"BirdLife Cement &Acrylic Swing LG",Bird
030172021398,4301,"WARE SALT LICK",Small Animal
030172021398,5367,"FRZN ANNA MD",Fish
030172021374,1007,"BirdLife Cement&Acrylic Swing Sm",Bird
030172021374,4302,"WETTAIL DROPS",Small Animal
030172021374,5368,"FRZN ELSA",Fish
030172100338,1008,"BirdLIfe 5"" Bird Swing",Bird
030172100338,4303,"PLAYFULS SAY CHEESE",Small Animal
030172100338,5369,"CRYSTAL CLUSTER BLUE",Fish
048081609514,1009,"Playfuls Phys&Ment ""Sassy""",Bird
048081609514,4304,"ALFALFA&CALCIUM BLOCK",Small Animal
048081609514,5370,"CRYSTAL CLUSTER PNK",Fish
048081626153,1010,"Playfuls Phys&Ment""Tug Of war""",Bird
048081626153,4305,"ZOOMED SMANIMAL MINERAL BLK",Small Animal
048081626153,5371,"CHUM BUCKET",Fish
048081626177,1011,"PlayFul Forage&Eng ""Raincatcher""",Bird
048081626177,4306,"VITADROPS PURE C PIGS",Small Animal
048081626177,5372,"SPNGEB PINAPPLE HOME",Fish
048081626344,1012,"PlayFuls Preen&paci""Straw Stacker""",Bird
048081626344,4307,"VITADROPS PIGS",Small Animal
048081626344,5373,"BABY SHARK &FAM",Fish
048081625033,1013,"PlayFuls Forage&Eng ""Fireball""",Bird
048081625033,1070,"playfuls fireball",Bird
048081625033,4308,"WARE FESTIVE CHEW MIX",Small Animal
048081625033,5374,"BABY SHARK SM",Fish
048081625033,5431,"GREEN/RD LEAF DRIFTWD",Fish
723503562041,1014,"JW SwingnPerch Md",Bird
723503562041,4309,"WARE HANGING LOOFA BUNCH",Small Animal
723503562041,5375,"MINIONS BEACG BUDDIES SM",Fish
723503562027,1015,"JW SwingnPerch Sm",Bird
723503562027,4310,"NIBBLES SMALL PET CHEW",Small Animal
723503562027,5376,"KEV&STU SURF SM",Fish
030172902178,1016,"BirdLife 3"" Wooden Swing",Bird
030172902178,4311,"NIBBLES SMALL PET CHEW",Small Animal
030172902178,5377,"RODGER DODGER HOTWHEEL SM",Fish
030172902185,1017,"BirdLife 4"" Wooden Swing",Bird
030172902185,4312,"NIBBLES PET CHEW CALCIUM",Small Animal
030172902185,5378,"TWIN MILL HOTWHEEL SM",Fish
030172902192,1018,"BirdLife Wooden Swing",Bird
030172902192,4313,"NIBBLES SMALL PET CHEW",Small Animal
030172902192,5379,"NIGHT SHIFTER HOTWHEEL SM",Fish
048081132043,1019,"Pine Swing Med",Bird
048081132043,4314,"NIBBLES PET CHEW CALCIUM",Small Animal
048081132043,5380,"BARBIES MERMAID MD",Fish
048081132067,1020,"Pine Swing Lg",Bird
048081132067,4315,"NIBBLES SMALL PET CHEW",Small Animal
048081132067,5381,"BARBIE MERMAID MD",Fish
048081211687,1021,"PH Snuggle Sack Med",Bird
048081211687,4316,"NIBBLES TIKI",Small Animal
048081211687,5382,"SITTING UNICORN",Fish
048081111659,1022,"PH Snuggle Sack XL",Bird
048081111659,4317,"NIBBLES BARNYARD",Small Animal
048081111659,5383,"STUMP ORNATMENT LG",Fish
048081111673,1023,"PH Snuggle Sack SM",Bird
048081111673,4318,"NIBBLES BARNYARD",Small Animal
048081111673,5384,"WOOD DECOR",Fish
644472001853,1024,"Happy Beaks Snuggle Sack MD",Bird
644472001853,4319,"NIBBLES SMALL PET CHEW",Small Animal
644472001853,5385,"SM RCK CAVE",Fish
644472001846,1025,"Happy Beaks Snuggle SackLG",Bird
644472001846,4320,"NIBBLES SMALL PET CHEW",Small Animal
644472001846,5386,"MD RCK CAVE",Fish
644472000542,1026,"Happy Beaks Tent",Bird
644472000542,4321,"NIBBLES BARNYARD",Small Animal
644472000542,5387,"LG RCK CAVE",Fish
048081411612,1027,"PH Cozy Corner Med",Bird
048081411612,4322,"NIBBLES FABRIC TOY",Small Animal
048081411612,5388,"FIGHTER JET WRECK SCAPE",Fish
44472002034,1028,"Happy Beaks Cozy Corner Sm",Bird
44472002034,4323,"KAYTEE LAVA BLOCK",Small Animal
44472002034,5389,"TAN PLANE CORAL SCAPE",Fish
644472001990,1029,"Happy Beaks Cozy Corner LG",Bird
644472001990,4324,"FRIEND FRIES",Small Animal
644472001990,5390,"GROTTO CRNER MD",Fish
048081311622,1030,"PH Cozy Corner Lg",Bird
048081311622,4325,"NIBBLES SMALL PET CHEW",Small Animal
048081311622,5391,"GROTTO MED",Fish
048081111635,1031,"PH Snuggle Huts sm",Bird
048081111635,4326,"NIBBLES SMALL PET CHEW",Small Animal
048081111635,5392,"DDBL RCK CROP W PLNTS MED",Fish
048081011645,1032,"PH Snuggle Hut MD",Bird
048081011645,4327,"NIBBLES SMALL PET CHEW",Small Animal
048081011645,5393,"GRASS HIDEAWAY",Fish
030172095788,1033,"BirdLIfe Toy Purse",Bird
030172095788,4328,"NIBBLES SMALL PET CHEW",Small Animal
030172095788,5394,"PIPE HIDEAWAY LG",Fish
048081628096,1034,"PH Wonder Walk Med",Bird
048081628096,4329,"NIBBLES SMALL PET CHEW",Small Animal
048081628096,5395,"FLUVAL DECOR MD",Fish
644472008685,1035,"Happy Beaks Wood Bridge",Bird
644472008685,4330,"NIBBLES SMALL PET CHEW",Small Animal
644472008685,5396,"MARINA NATURALS LG",Fish
644472117653,1036,"Happy Beaks Wood Bridge",Bird
644472117653,4331,"NIBBLES SMALL PET CHEW",Small Animal
644472117653,5397,"HINDU PALACE",Fish
048081628065,1037,"PH Naturals Rope Ladder",Bird
048081628065,4332,"NIBBLES SMALL PET CHEW",Small Animal
048081628065,5398,"CRYSTAL CLUSTER AMETHYST PURP",Fish
030172023668,1038,"BirdLife Activity Center XS",Bird
030172023668,4333,"NIBBLES SMALL PET CHEW",Small Animal
030172023668,5399,"CRYSTAL CLUSTER SAPPHIRE BLUE",Fish
030172023675,1039,"BirdLIfe Activity Center S",Bird
030172023675,4334,"NIBBLES SMALL PET CHEW",Small Animal
030172023675,5400,"SEA ANEMONE PINK MD",Fish
030172023682,1040,"BirdLife Activity Center Med",Bird
030172023682,4335,"KAYTEE PERFECT CHEWS RABBIT",Small Animal
030172023682,5401,"SEA ANEMONE BLUE MD",Fish
030172025594,1041,"BirdLIfe Activity Center LG",Bird
030172025594,4336,"KAYTEE PEFECT CHEWS PIGS",Small Animal
030172025594,5402,"GEODE STONE PURPLE",Fish
048081033012,1042,"PH Forage &Engage",Bird
048081033012,4337,"KAYTEE CRISPY GARDEN CHEW",Small Animal
048081033012,5403,"DECO CORAL BLUE",Fish
048081033005,1043,"PH Wood Corner Shelf",Bird
048081033005,4338,"KAYTEE KA-BOB",Small Animal
048081033005,5404,"POISED MERMAID",Fish
048081625071,1044,"PlayFuls Sound&Move""Partytime""",Bird
048081625071,4339,"KAPOK POD",Small Animal
048081625071,5405,"MERMAID",Fish
048081621608,1045,"PlayFuls Sound&Move""Summer Breeze""",Bird
048081621608,4340,"KAYTEE LAVA BITES",Small Animal
048081621608,5406,"AQUA MARINE ITEM- ASST",Fish
048081621561,1046,"PlayFuls Sound&Move ""Monsoon""",Bird
048081621561,4341,"KAYTEE BUNNY BITES",Small Animal
048081621561,5407,"RED RCK TANK DECOR",Fish
048081602409,1047,"PlayFuls Sound&Move ""BlockRock""",Bird
048081602409,4342,"KAYTEE COMBO CHEWS",Small Animal
048081602409,5408,"2PK NAT 10 GAL TANK DECOR",Fish
644472990645,1048,"Happy Beaks Rope Swing w frays",Bird
644472990645,4343,"KAYTEE COMBO TOY",Small Animal
644472990645,5409,"1PK NATURAL TANK DECOR",Fish
048081625057,1049,"Playfuls Preen&Paci ""Shell&Sticks""",Bird
048081625057,4344,"KAYTEE CARROT PATCH",Small Animal
048081625057,5410,"RCK CAVE MOUNTAIN",Fish
080605810044,1050,"SmartPlay Bird Toy",Bird
080605810044,4345,"KAYTEE APPLE ORCHARD STICKS",Small Animal
080605810044,5411,"ZOOMED FISH LOG JUMBO",Fish
48081605059,1051,"PlayFuls Sound&Mov""Dollar""",Bird
48081605059,4346,"OXBOW CRITICAL CARE HERB 36G",Small Animal
48081605059,5412,"ZOOMED AQUALOG LG",Fish
48081624784,1052,"Playfuls Preen&Paci ""Mineral",Bird
48081624784,4347,"MYSTERY MINERAL BLCK",Small Animal
48081624784,5413,"ZOOMED AQUALOG SM",Fish
644472016338,1053,"HappyBeaks rotating Circle",Bird
644472016338,4348,"NIBBLES BARNYARD TREATS",Small Animal
644472016338,5414,"SM RDCK CAVE",Fish
048081626030,1054,"PlayFuls Sound&Move ""Rope&Shellthings""",Bird
048081626030,4349,"GRASSY NIBBLER CARROT",Small Animal
048081626030,5415,"XL RED RCK",Fish
048081624838,1055,"PlayFuls Sound&Move""Spindles&spokes",Bird
048081624838,4350,"OXBOW COZY CAVE",Small Animal
048081624838,5416,"XL RED TRUNK",Fish
030172013454,1056,"BirdLife Kabob Toy",Bird
030172013454,4351,"OXBOW TIMOTHY MAT LG",Small Animal
030172013454,5417,"RIALTO BRIDGE SM",Fish
048081602393,1057,"PlayFuls ""wailua falls mobile""",Bird
048081602393,4352,"OXBOW TIMOTHY MAT MED",Small Animal
048081602393,5418,"RIALTO BRIDGE MED",Fish
048081626368,1058,"PLayfuls Over the rainbow",Bird
048081626368,4353,"NIBBLES GROOMING KIT",Small Animal
048081626368,5419,"TROLL BRIDGE",Fish
030172013485,1059,"BirdLife Combo Kabob sm",Bird
030172013485,4354,"PLAYFULS ALFALFA CARROT CRUNCH",Small Animal
030172013485,5420,"CAMBODIA ROCK FACES",Fish
04808162606,1060,"PlayFuls Club",Bird
04808162606,4355,"OXBOW TIMOTHY CARROT",Small Animal
04808162606,5421,"TIKIW/ SURFBOARD",Fish
030172000461,1061,"BirdLife Fruit Kabob",Bird
030172000461,1083,"BirdLife Leather Kabob",Bird
030172000461,4356,"OXBOW TIMOTHY TWISTS",Small Animal
030172000461,5422,"ASSRT TIKI THEME",Fish
030172000461,5444,"SHIPWRECK STERN MD",Fish
30172080104,1062,"BirdLife Coconut with ladder",Bird
30172080104,4357,"GRASSY NIBBLER SQUASH",Small Animal
30172080104,5423,"RAINBOW RCK SM",Fish
048081625170,1063,"Playfuls Accordian Crinkle",Bird
048081625170,4358,"OXBOW HIDEBXHANGER",Small Animal
048081625170,5424,"RCK STACK",Fish
048081620915,1064,"PH Coconut Fiber Bundles",Bird
048081620915,4359,"OXBOW LOCO BALL",Small Animal
048081620915,5425,"RCK STACK",Fish
048081602379,1065,"Playfuls Volcano Flower",Bird
048081602379,4360,"OXBOW APPLESTICK HAY FEEDER",Small Animal
048081602379,5426,"KITBOX VOLCANO",Fish
048081609354,1066,"Playfuls Buffet",Bird
048081609354,4361,"OXBOW COLOR PLAY DANGLY",Small Animal
048081609354,5427,"KITWOOD GREEN LIGHT",Fish
048081626757,1067,"Playfuls barn Dance",Bird
048081626757,4362,"OXBOW TIMOTHY CLUB",Small Animal
048081626757,5428,"ALGEA VASE",Fish
048081625576,1068,"PH Naturals Crown",Bird
048081625576,5429,"ALGEA SHIP",Fish
030172000423,1069,"BirdLife Fruit kabob Sm",Bird
030172000423,5430,"BONSAI TREE SM",Fish
048081623473,1071,"Playfuls Helicopter",Bird
048081623473,5432,"GREEN LEAF DIRTFWOOD",Fish
048081602485,1072,"Playfuls Preening Wheel",Bird
048081602485,5433,"ROCK&BRANCH SCAPE",Fish
048081626719,1073,"PlayFuls JellyFish",Bird
048081626719,5434,"MOSSY ROCK SCAPE",Fish
048081628027,1074,"PH Naturals cocohideaway w shells",Bird
048081628027,5435,"GREY ROCK SCAPE",Fish
048081625644,1075,"Playfuls octopus",Bird
048081625644,5436,"MOSSY RCK SCAPE 2",Fish
080605810129,1076,"SmartPLay Coconut",Bird
080605810129,5437,"SUNKEN BATTLESHIP MD",Fish
048081628188,1077,"PH natu doublecoconut w ladder",Bird
048081628188,5438,"BONSAI TREE ON RCK",Fish
048081011560,1078,"PH Finch Tiki Hut",Bird
048081011560,1190,"Finch Tiki Hut",Bird
048081011560,5439,"BONSAI TREE ON RCK",Fish
048081011560,5551,"AQUATOP ELIMINATOR 9W",Fish
048081623480,1079,"Playfuls Flower",Bird
048081623480,5440,"GREEN LEAF DRIFTWOOD",Fish
048081625040,1080,"Playfuls mojioto",Bird
048081625040,5441,"CAR WRECK SM",Fish
080605810235,1081,"Smart Play Tower",Bird
080605810235,5442,"CARWRECK MD",Fish
048081619247,1082,"PH bodacious bites",Bird
048081619247,5443,"SUNKEN SHIPWRECK FRONT MD",Fish
030172025990,1084,"BirdLife Leather kabob LG",Bird
030172025990,5445,"DECO KIT 3PCS",Fish
644472017878,1085,"HappyBeaks Big Cirlce and Blocks",Bird
644472017878,5446,"GRAY STRIPED RCK 3PC KIT",Fish
030172026003,1086,"BirdLife Shaggy Kabob",Bird
030172026003,5447,"MADISON BRIDGE",Fish
048081621844,1087,"Playfuls MaiTai",Bird
048081621844,5448,"BROOKLYN BRIDGE MD",Fish
030172098871,1088,"BirdLife hanging Platform",Bird
030172098871,5449,"CASTLE SUPER",Fish
644472990935,1089,"HappyBeaks Stacked Blocks",Bird
644472990935,5450,"CASTLE SUPER 2",Fish
048081626061,1090,"PlayFuls Club",Bird
048081626061,5451,"ENCHANTED CASTLE LG",Fish
048081624630,1091,"PlayFuls Krusty Crown",Bird
048081624630,5452,"AGE OF MAGIC CASTLE",Fish
644472990942,1092,"HappyBeaks ABC Hanging Blocks",Bird
644472990942,5453,"ENCHANTED CASTLE MED",Fish
048081623756,1093,"Playfuls though puff",Bird
048081623756,5454,"CASTLE MINI BLUE",Fish
048081626078,1094,"PlayFuls Dagwood",Bird
048081626078,5455,"CASTLE MINI BLUE",Fish
048081623763,1095,"PlayFuls Explosion",Bird
048081623763,5456,"CASTLE MINI RED",Fish
644472014228,1096,"HappyBeaks Ball Hanging",Bird
644472014228,5457,"MAGICAL CASTLE SM",Fish
080605810143,1097,"SmartPlay Hanging Rings",Bird
080605810143,5458,"MAGICAL CASTLE MED",Fish
030172013508,1098,"BirdLife Combo Kabob Med",Bird
030172013508,5459,"MINI CASTLE",Fish
080605810273,1099,"SmartPlay Stacker",Bird
080605810273,5460,"ENCHANTED CASTLE SM",Fish
048081624753,1100,"Playfuls Banquet",Bird
048081624753,5461,"SHIPWRECK BOW SM",Fish
048081609446,1101,"PH Bodacious Bites LG",Bird
048081609446,5462,"SM SPLIT SHIPWRECK",Fish
048081609606,1102,"Playfuls Tower",Bird
048081609606,5463,"SUNKEN TREASURE SHIP SM",Fish
644472990621,1103,"HappyBeaks Hanging Blocks LG",Bird
644472990621,5464,"STRIPED PIRATE SHIP SM",Fish
048081609620,1104,"Playfuls wizard",Bird
048081609620,5465,"ANCHOR W PLANT SM",Fish
030172081446,1105,"BirdLife Natural Weave Playground",Bird
030172081446,5466,"ANCHOR W PLANT MD",Fish
030172080432,1106,"BirdLife Weave Kabob",Bird
030172080432,5467,"MINI UNDERSEA MINI CANNON",Fish
030172013478,1107,"BirdLIfe Kabob toy Lg",Bird
030172013478,5468,"MINI SHIP",Fish
048081609583,1108,"Playfuls Slice of life",Bird
048081609583,5469,"MINI UNDERSEA TREASURE CHEST",Fish
644472991208,1109,"HappyBeaks Hanging Blocks Med",Bird
644472991208,5470,"TREASURE CHEST SM",Fish
048081624722,1110,"PlayFuls Fluff & Stuff",Bird
048081624722,5471,"SHIPWRECK SM",Fish
048081624708,1111,"PlayFuls Voracious",Bird
048081624708,5472,"SUNKEN TREASURE SHIP MD",Fish
644472012828,1112,"Happy Beaks Rainbow Blocks",Bird
644472012828,5473,"STRIPED PIRATE SHIP MED",Fish
030172088285,1113,"BirdLife Natural Kabob",Bird
030172088285,5474,"TREASURE CHEST XL",Fish
030172077838,1114,"BirdLife Natur weave kabob lg",Bird
030172077838,5475,"TREASURE CHEST LG",Fish
071859005324,1115,"Kaytee Kay-Kob litter",Bird
071859005324,5476,"TETRA WHISPER FILTER CRT SM 2PK",Fish
071859942704,1116,"Kaytee High Calcium Grit",Bird
071859942704,5477,"TETRA WHISP FILT CRT MED",Fish
759834050742,1117,"Galaop. Walnut Bedding",Bird
759834050742,5478,"TETRA BIOBAG LG",Fish
015561824606,1118,"Hari Oyster Shells",Bird
015561824606,5479,"TETRA CRB FILT EX20 2PK MD",Fish
080605803336,1119,"Hari Clay-Cal",Bird
080605803336,5480,"TETRA CRB FILT EX30, EX45, EX70 2PK LG",Fish
015561824590,1120,"Hari Charcoal",Bird
015561824590,5481,"CASCADE 100 FILT CART",Fish
037685114623,1121,"Grannicks Bitter Apple",Bird
037685114623,5482,"CASCADE 80 FILT CART",Fish
071859475110,1122,"Exact Hand Feeding Formula",Bird
071859475110,5483,"CASCADE 150/200 FLT CART",Fish
015561822596,1123,"Hagan Tropican Handfeeding Formula",Bird
015561822596,5484,"CASCADE 300 FILT CRT",Fish
015561822633,1124,"Hagan Trop HandFeeding 4lb",Bird
015561822633,5485,"CASCADE 300 FILT CART 3PK",Fish
048054800702,1125,"Oasis Alive&Well Probiotics",Bird
048054800702,5486,"FORZA REPLACE FZ7UV CART",Fish
048054810589,1126,"Oasis Vita E-Z-MIST",Bird
048054810589,5487,"FORZA REPLACE FZPUV CART",Fish
667334451252,1127,"Zymox Avain Care",Bird
667334451252,5488,"FORZA REPLACE FILTER PD FZ7UV",Fish
048054800580,1128,"Oasis Vita Drops Large Birds",Bird
048054800580,5489,"FORZA REPLACE FILTER PD FZ9UV",Fish
048054802577,1129,"Oasis Vita Drops Small Birds",Bird
048054802577,5490,"FORZA REPLACE FILTER PD FZ13UV",Fish
87535360694,1130,"Quiko Red Egg Food",Bird
87535360694,5491,"AQUATOP CFU400 3PK FILT PD",Fish
087535360687,1131,"Quiko Classic Egg Food",Bird
087535360687,5492,"ACUREL AMONIA REDUCE PD",Fish
087535361516,1132,"SunSeed Dove&Pigeon Diet",Bird
087535361516,5493,"MARINELND BONDED FILT PD 1 PK",Fish
046706302451,1133,"Higgins Intune Parakeet",Bird
046706302451,5494,"CARBON PAD",Fish
046706210206,1134,"Higgins VitaSeed Parakeet",Bird
046706210206,5495,"AMMONIA REMOVER PAD",Fish
046706302284,1135,"Higgins Sunburts Parakeet",Bird
046706302284,5496,"POLYFIBER PLUS PAD",Fish
720101103027,1136,"Sweetharvest Parakeet 2lbs",Bird
720101103027,5497,"NITRATE REMOVER PAD",Fish
720101103041,1137,"SweetHarvest Parakeet 4lbs",Bird
720101103041,5498,"POLYFIBER PAD",Fish
720101104024,1138,"SweetHarvest Cockatiel w Sunflower",Bird
720101104024,5499,"CASCADE 20 FILT 3PK",Fish
720101105021,1139,"SweetHarvest Cockatiel No Sunflower",Bird
720101105021,5500,"RITESIZE JH FLOSS SLEEVE",Fish
046706302307,1140,"Higgins Sunburts Cockatiel",Bird
046706302307,5501,"AQUEON CARBON PD 30-50 4CNT",Fish
046706210145,1141,"Higgins VitaSeed Cockateil",Bird
046706210145,5502,"AQUEON CARBON PD 10 4CNT",Fish
046706301218,1142,"SafflowerGold Parrot",Bird
046706301218,5503,"AQUEON AMMONIA REDUCE  10 4PK",Fish
046706302345,1143,"Higgins Sunburts Parrot",Bird
046706302345,5504,"AQUEON AMMONIA REDUCE 20-75 4PK",Fish
046706210015,1144,"Higgins VitaSeed Parrot",Bird
046706210015,5505,"AQUEON REPLACE FILT CART LG",Fish
046706210039,1145,"California Blend Parrot",Bird
046706210039,5506,"AQUEON ECORENEW MED 3PK",Fish
071859948737,1146,"Kaytee Parrot W Sunflower",Bird
071859948737,5507,"AQUEON ECORENEW SM 3PK",Fish
071859999005,1147,"Kaytee Parrot",Bird
071859999005,5508,"AQUEON ECORENEW XS 3PK",Fish
071859426419,1148,"Kaytee Fiesta Cockatiel",Bird
071859426419,5509,"AQUEON PHOSPHATE REMOVE 20-75",Fish
071859948706,1149,"Kaytee Cockatiel",Bird
071859948706,5510,"AQUEON PHOS REMOVE 10 4PK",Fish
046706301201,1150,"Safflower Gold Conure &Cockatiel",Bird
046706301201,5511,"AQUEON REPLACE FILT CART SM",Fish
071859949161,1151,"Kaytee Fiesta Big Bird",Bird
071859949161,5512,"UNDERGRAVEL UPGRADE KIT",Fish
071859426440,1152,"Kaytee Fiesta Parrot Food",Bird
071859426440,5513,"FLUVAL FLT INSERT BAG AC20",Fish
071859426464,1153,"Kaytee Fiesta Conure Food",Bird
071859426464,5514,"MARINELAND FLOSS SLEEVE MAG200",Fish
720101107049,1154,"SweetHarvest Parrot No sunflower",Bird
720101107049,5515,"CASCADE BIOSPONGE 100",Fish
720101106042,1155,"SweetHarvest Parrot w Sunflower",Bird
720101106042,5516,"CASCADE BIOSPONGE 150&200",Fish
720101102020,1156,"SweetHarvest Finch",Bird
720101102020,5517,"CASCADE BIOSPONGE 300",Fish
087535470126,1157,"SunSeed Finch",Bird
087535470126,5518,"AMMONIA-X CAT AX3",Fish
046706210350,1158,"Higgins VitaSeed Canary",Bird
046706210350,5519,"AMMONIA-X CAT AX2",Fish
046706302253,1159,"Higgins Sunburst Canary&Finch",Bird
046706302253,5520,"FILT-A-CARB FC3",Fish
087535597649,1160,"Sunseed vitaprima Canary&Finch",Bird
087535597649,5521,"FILT-A-CARB FC2",Fish
762177000138,1161,"ZuPreem Naturals 10lbs",Bird
762177000138,5522,"FILT-A-CARB FC4",Fish
762177820200,1162,"ZuPreem FruitBlend Med Bird",Bird
762177820200,5523,"AQUEON REPLACE FILT SM 3PK",Fish
762177320205,1163,"Zupreem Smart Select Med bird",Bird
762177320205,5524,"AQUEON REPLACE FILT SM 6PK",Fish
762177922003,1164,"ZuPreem Naturals Med bird",Bird
762177922003,5525,"AQUEON REPLACE FILT MD",Fish
762177360201,1165,"ZuPreem PureFun Med Bird",Bird
762177360201,5526,"AQUEON REPLACE FILT 3PK MD",Fish
762177932002,1166,"ZuPreem Natural Parrot& Conure",Bird
762177932002,5527,"AQUEON REPLACE FILT MD 6PK",Fish
762177850306,1167,"ZuPreem NutBlend Parrot&Conure",Bird
762177850306,5528,"AQUEON REPLACE FILT LG",Fish
762177830209,1168,"ZuPreem FruitBlend Parrot &Conures",Bird
762177830209,5529,"AQUEON REPLACE FILT LG 3PK",Fish
762177840307,1169,"ZuPreem FruitBlend Large Birds",Bird
762177840307,5530,"CASCADE BIOSPONGE",Fish
762177470207,1170,"ZuPreem Sensible Seed Parrots &Conures",Bird
762177470207,5531,"MARINA 3.7L FILT 3PK",Fish
048081220061,1171,"Prevue Econo Keet Cage",Bird
048081220061,5532,"MARINA 306 SPLASH 4PK",Fish
048081210086,1172,"Prevue Keet Cage",Bird
048081210086,5533,"MARINA SLIM BIO CARB 3PK",Fish
644472013351,1173,"AE Asst Bird Cage",Bird
644472013351,5534,"MARINA SLIM BIOCLR 3PK",Fish
644472014600,1174,"AE Variety Bird Cage",Bird
644472014600,5535,"CASCADE BIOSPONGE 2PK",Fish
048081316146,1175,"Ass.Med&Small Cage",Bird
048081316146,5536,"CASCADE FILT-A-PACK 2PK",Fish
048081816165,1176,"Prevue keet/tiel cage",Bird
048081816165,5537,"CASCADE FILTAPACK 2PK",Fish
048081500415,1177,"Prevue Lg cage",Bird
048081500415,5538,"CASCADE BIOSPONGE 2PK",Fish
048081416143,1178,"Ass. keet house cage",Bird
048081416143,5539,"CASCADE BIOSPONGE 2PK",Fish
30172016271,1179,"Parrot Starter Kit",Bird
30172016271,5540,"CASCADE FILTAPACK 2PK",Fish
048081000618,1180,"Prevue Flight Cage",Bird
048081000618,5541,"PRO-CARB 17 OZ ACTIVE CRBN",Fish
048081018187,1181,"Prevue 18x18",Bird
048081018187,5542,"PRO-CARB 28OZ ACTIVE CRBN",Fish
048081417201,1182,"Ass. keet cage",Bird
048081417201,5543,"PRO-CARBZ 34 OZ",Fish
048081980101,1183,"Prevue Keet Cage",Bird
048081980101,5544,"PRO-Z 44OZ",Fish
048081416150,1184,"Prevue House Style Tiel Cage",Bird
048081416150,5545,"MARINELAND ACTIVE CRBN 10OZ",Fish
048081426241,1185,"Tall Flight Cage",Bird
048081426241,5546,"MARINELAND ACTIVE CRBN 22OZ",Fish
048081252512,1186,"PreVue Large Cage",Bird
048081252512,5547,"TETRA CRB FILTER WHSIP EX20 4PK MD",Fish
644472008043,1187,"HappyBeaks Bird Nest",Bird
644472008043,5548,"TETRA WHIS BIO LG 3PK",Fish
080605820029,1188,"Living World Finch Nest",Bird
080605820029,5549,"FORZA FZ9 UV CANNISTER FILTER",Fish
080605820005,1189,"Living World Canary Nest",Bird
080605820005,5550,"FORZA FZ13 UV CANISTER FILTER",Fish
048081011515,1191,"Finch Twig Nest",Bird
048081011515,5552,"AQUATOP ELIMINATOR 7W",Fish
644472008036,1192,"Small Bird NEst Happy Beaks",Bird
644472008036,5553,"AQUATOP SPNANO-UV",Fish
018222007301,1193,"EZFILL Feeder Bird",Bird
018222007301,5554,"AQUATOP PF15-UV",Fish
080605838352,1194,"Vision Daylight LED",Bird
080605838352,5555,"CASCADE 600 FILTER",Fish
080605838000,1195,"Vision Compact Cage Lamp",Bird
080605838000,5556,"CASCADE 325 FILTER",Fish
644472008128,1196,"Cozy Cotton Nesting Material",Bird
644472008128,5557,"AQUEON QUIETFLOW 30G",Fish
048081010716,1197,"Oval Basket Nest Med",Bird
048081010716,5558,"AQUEON SMART CLEAN FILTER 5-15G",Fish
048081010723,1198,"Oval Basket Nest LG",Bird
048081010723,5559,"AQUEON QUIETFLOW 5G",Fish
791611015766,1199,"Ware Cockatiel Nest Box",Bird
791611015766,5560,"UNDERGRVEL FILTER 10G",Fish
791611015742,1200,"Ware Keet Nesting Box",Bird
791611015742,5561,"UNDERGRAVEL FILTER 20-15G",Fish
048081111024,1201,"PH Nesting Box",Bird
048081111024,5562,"UNDERGRAVEL FILTER 29/20G",Fish
030172902659,1202,"PenPlax Bird Bath",Bird
030172902659,5563,"UNDERGRAVEL FILTER 40/55G",Fish
618940313175,1203,"JW Bird Bath",Bird
618940313175,5564,"AQUACLEAR POWERHEAD ATTACH",Fish
048081001080,1204,"Naturals CoCOBed Fibers 2.5lbs",Bird
048081001080,5565,"AQUACLEAR 50G FILTER",Fish
080605802858,1205,"Living World Gravel paper",Bird
080605802858,5566,"AQUACLEAR 30G FILTER",Fish
030172902932,1206,"BirdLife Gravel Paper11x17",Bird
030172902932,5567,"AQUACLEAR 20G FILTER",Fish
030172005107,1207,"BirdLife Gravel Paper 15.5x15.5",Bird
030172005107,5568,"AQUEON CIRCULATION PUMP 950",Fish
030172902918,1208,"BirdLife Gravel Paper 9x12",Bird
030172902918,5569,"TETRA WHISPER PF10",Fish
030172902925,1209,"BirdLife Gravel Paper 9.5x15",Bird
030172902925,5570,"AQUEO QUIETFLOW10",Fish
046706210053,1210,"VitaSeed CaliBlend 25lbs",Bird
046706210053,5571,"AQUEON QUIETFLOW20",Fish
046706251254,1211,"Safflower Gold Conure&tiel 25lbs",Bird
046706251254,5572,"AQUEON QUIETFLOW50",Fish
046706251315,1212,"Safflower Gold Parrot 25lbs",Bird
046706251315,5573,"AQUEON QUIETFLOW75",Fish
720101103201,1213,"SweetHarvest Parakeet 20lbs",Bird
720101103201,5574,"MARINELAND MICRON FILTER",Fish
720101105205,1214,"SweetHarvest Cockatiel 20lbs",Bird
720101105205,5575,"MARINELAND MICRON CART",Fish
720101107209,1215,"SweetHarvest Parrot 20 lbs",Bird
720101107209,5576,"CASCADE20 FILTER",Fish
729641000551,1216,"Wild Bird 20 lbs",Bird
729641000551,5577,"CASCADE80 FILTER",Fish
762177796000,1217,"Avain Breeder large bird",Bird
762177796000,5578,"CASCADE100 FILTER",Fish
762177786001,1218,"Avain Breeder Parrots and Conures",Bird
762177786001,5579,"AQUEON QUIETFLOW30",Fish
644472000610,1219,"Happy Beaks the Voyager",Bird
644472000610,5580,"CASCADE150 FILTER",Fish
071860216023,1220,"FreshnClean Cologne Spray BbyPwd",Dog
071860216023,5581,"CASCADE200 FILTER",Fish
071860215712,1221,"FreshNclean Cologne Spray Floral 12",Dog
071860215712,5582,"CASCADE300 FILTER",Fish
645095700574,1222,"SPA Lavish For Him",Dog
645095700574,5583,"AQUATOP MAXFLOW PWRHEAD 15W",Fish
745855817013,1223,"Salon Scents Citrus&Pom",Dog
745855817013,5584,"AQUATOP MAXFLOW PWRHEAD 35W",Fish
745858525335,1224,"Salon Scents Blueberry Pie",Dog
745858525335,5585,"MARINELAND BIOFOAM-PREFILTER",Fish
042955009554,1225,"AromaCare Calmin Lavender",Dog
042955009554,5586,"MARINELAND BIOFOAM-PREFILTER",Fish
042955009752,1226,"AromaCare Chamomile",Dog
042955009752,5587,"MARINELAND MAGNUM200",Fish
721343865803,1227,"TopPerformance Fresh Pet",Dog
721343865803,5588,"MARINELAND PENGUIN75",Fish
602644022020,1228,"EarthBath Stress Release Spritz Euc&Pep",Dog
602644022020,5589,"MARINELAND PENGUIN100",Fish
748406003330,1229,"Espress Calming Waters",Dog
748406003330,5590,"MARINELAND PENGUIN150",Fish
653373000643,1230,"Timmy Holedigger",Dog
653373000643,5591,"MARINELAND PENGUIN200",Fish
653373806009,1231,"Doggy Bahama Pink",Dog
653373806009,5592,"MARINELAND PENGUIN350",Fish
653373805002,1232,"Doggy Bahama Orange",Dog
653373805002,5593,"MARINELAND MAXIJET400",Fish
653373000889,1233,"White Dalmation Cologne",Dog
653373000889,5594,"MARINELAND MAGNUM290",Fish
653373021310,1234,"Beautifur Cologne",Dog
653373021310,5595,"MARINELAND PWRFILTER280",Fish
653373000728,1235,"CK-9 Cologne",Dog
653373000728,5596,"MARINELAND EMPOROR400",Fish
021653513082,1236,"BioGroom Groom Fresh Cologne",Dog
021653513082,5597,"MARINELAND PENGUINPRO125",Fish
645095004245,1237,"Tropiclean Essentials Jojoba Spray",Dog
645095004245,5598,"MARINELAND PENGUINPRO175",Fish
021653516243,1238,"BioGroom EarFresh Ear Powder",Dog
021653516243,5599,"MARINELAND PENGUINPRO275",Fish
021653518049,1239,"BioGroom EarCare Ear Cleaner",Dog
021653518049,5600,"MARINELAND PENGUINPRO375",Fish
810053870617,1240,"SkoutsHonor ProPuppy Sham+Con",Dog
810053870617,5601,"MARINELAND EMPOROR PRO 450",Fish
810053870624,1241,"SkoutsHonor ProPuppy Deodorizer",Dog
810053870624,5602,"AQUEON 20""X10"" HINGED GLASS TOP",Fish
810053870693,1242,"SkoutsHonor ProbSham+Cond Coconut",Dog
810053870693,5603,"AQUEON 24""X12"" GLASS TOP",Fish
856713005371,1243,"SkoutsHonor ProSham+Cond HoneySuck",Dog
856713005371,5604,"COBALT C-VUE45",Fish
856713005388,1244,"SkoutsHonor ProDeodorizer HoneySuck",Dog
856713005388,5605,"COBALT C-VUE40",Fish
810053870853,1245,"SkoutsHonor ProItchRelief Shamp",Dog
810053870853,5606,"AQUEON 48""X18"" GLASS TOP",Fish
850004314746,1246,"SkoutsHonor ProItch Spray",Dog
850004314746,5607,"48""X24"" GLASS TOP",Fish
850004314487,1247,"SkoutsHonor ProDeodorizer DoginWood",Dog
850004314487,5608,"PERFECTO 30,34H,&45H",Fish
856713005289,1248,"SkoutsHonor Skunk Odor Elminator",Dog
856713005289,5609,"72G BOW FRONT GLASS TOP",Fish
810053870556,1249,"SkoutsHonor ProPaw Spray",Dog
810053870556,5610,"PERFECTO 20X18 GLASS TOP",Fish
850004314616,1250,"SkoutsHonor Prebiotic Pet Balm",Dog
850004314616,5611,"FLUVAL PLANT 46W 35-49""",Fish
850004314739,1251,"SkoutsHonor ProHotSpot Hydrogel",Dog
850004314739,5612,"AQUAGLO T8 30W",Fish
745855840011,1252,"Bark2Basics Citrus Plus",Dog
745855840011,5613,"AQUEON LED COLORMAX SIZE 30",Fish
045663976392,1253,"MagicCoat 2in1",Dog
045663976392,5614,"AQUEON T8 COLORMAX SIZE36",Fish
045663976439,1254,"MagicCoat Bright White",Dog
045663976439,5615,"AQUEON LED COLORMAX SIZE 20",Fish
045663976408,1255,"MagicCoat Reduces Odor",Dog
045663976408,5616,"AQUEON T8 COLORMAX SIZE24",Fish
045663976446,1256,"MagicCoat Reduces Shedding",Dog
045663976446,5617,"AQUEON T8 FLORAMAX 24""L",Fish
045663976019,1257,"MagicCoat Prof Series oats  Puppy",Dog
045663976019,5618,"AQUEON T8 FULL SPEC 18'L",Fish
045663976040,1258,"MagicCoat Prof Series Oats Shed con",Dog
045663976040,5619,"AQUEON T8 FULLSPEC 36""L",Fish
045663976033,1259,"MagicCoat ProfSeries 2in1",Dog
045663976033,5620,"AQUEON LED MAX BLUE SIZE 20",Fish
784099029172,1260,"PetCrest Two In One",Dog
784099029172,5621,"AQUARILUX 20W",Fish
784099029127,1261,"PetCrest Shed Control",Dog
784099029127,5622,"AQUEON LED BEAUTY MAX SIZE20",Fish
784099029141,1262,"PetCrest Brighten",Dog
784099029141,5623,"AQUEON LED BEAUTY MAX SIZE24",Fish
784099029103,1263,"PetCrest Lucky Puppy",Dog
784099029103,5624,"AQUEON LED BEAUTY MAX SIZE36",Fish
850024364684,1264,"WashAway Green Tea Shamp",Dog
850024364684,5625,"AQUEON LED BEAUTYMAX SIZE 48",Fish
850024364721,1265,"WashAway Lemon Verbena Shamp",Dog
850024364721,5626,"AQUEON LED DAYWHITE SIZE 20",Fish
850024364660,1266,"WashAway Simply Clean Shamp",Dog
850024364660,5627,"AQUEON LED MAX BLUE  SIZE 36",Fish
748406003996,1267,"Espree 2in1 Simple Soothe",Dog
748406003996,5628,"AQUEON LED MAX BLUE SIZE 48",Fish
021653283084,1268,"BioGroom NaturScen PnkJas Sham",Dog
021653283084,5629,"AQUEON LED DAYWHITE SIZE24",Fish
021653281080,1269,"BioGroom NaturScen LmnGrVerb Sham",Dog
021653281080,5630,"AQUEON LED DAYWHITE SIZE 48",Fish
021653284081,1270,"BioGroom NatuScen Desert Sham",Dog
021653284081,5631,"AQUEON PLANT CLIP ON LED",Fish
021653573086,1271,"BioGroom NatuScen Desert Spray",Dog
021653573086,5632,"AQUEON CLIP ON LED",Fish
021653282087,1272,"BioGroom NatuScen Tuscan olive Sham",Dog
021653282087,5633,"CASCADE UNDERWATER LED LIGHT",Fish
021653553088,1273,"BioGroom NatuScen Tuscan Olive Spray",Dog
021653553088,5634,"CASCADE PLNT GROWTH 12BUBL",Fish
045663976484,1274,"MagicCoat Tangles&Matts",Dog
045663976484,5635,"AQUALIFE LED LIGHT FLEX",Fish
045663976477,1275,"MagicCoat Medicated",Dog
045663976477,5636,"MARINELAND LED LIGHT 30""",Fish
645095010109,1276,"Tropiclean DeepClean Wipes Berry",Dog
645095010109,5637,"MARINELAND LED POD COOL WHITE",Fish
645095010093,1277,"TropiClean Hypoallergenic Wipes FragFree",Dog
645095010093,5638,"MARINELAND LED POD WHT&BLU",Fish
645095202139,1278,"TropiClean Hypoallergenic Coconut Sham",Dog
645095202139,5639,"MARINELAND LEDPOD HIDEF WHITE",Fish
645095869028,1279,"TropiClean HypoAllergenic Waterless",Dog
645095869028,5640,"MARINELAND LEDPOD LUNAR BLU",Fish
645095861329,1280,"Tropiclean BbyPwder Pet Spray",Dog
645095861329,5641,"MARINELAND LED POD COLOR ENHNCE",Fish
645095202115,1281,"TropiClean Flea&Tick Relief",Dog
645095202115,5642,"FLUVAL PRISM 2.0",Fish
645095869035,1282,"TropiClean Facial Cleanser Waterless",Dog
645095869035,1302,"Tropiclean Vanilla Fascial Cleanser",Dog
645095869035,5643,"TETRA 9W UV BULB",Fish
645095869035,5663,"FLUVAL AC30 BIO FOAM 3PK",Fish
645095202177,1283,"TropiClean Whitening",Dog
645095202177,5644,"AQUATOP UV LIGHT BULB 5W",Fish
645095202146,1284,"TropiClean Deoderizing Shamp",Dog
645095202146,5645,"AQUATOP UV LIGHT BULB 9W",Fish
645095202160,1285,"TropiClean Medicated Itch Relief",Dog
645095202160,5646,"AQUATOP UV LIGHT BULB 7W",Fish
645095202153,1286,"TropiClean Deep Cleansing berry",Dog
645095202153,5647,"AQUATOP SKYAQUA MINI",Fish
645095861312,1287,"TropiClean Berry Breeze Spray",Dog
645095861312,5648,"AQUATOP SKYAQUA 10WATT",Fish
645095869011,1288,"TropiClean Waterless Berry&Coconut",Dog
645095869011,5649,"AQUATOP SKYAQUA 13WATT",Fish
645095202443,1289,"TropiClean Shed Control",Dog
645095202443,5650,"AQUATOP SKYAQUA 20WATT",Fish
645095869103,1290,"TropiClean Lime&Coconut Spray",Dog
645095869103,5651,"AQUATOP SKYAQUA 28WATT",Fish
645095202184,1291,"TropiClean Luxury 2in1",Dog
645095202184,5652,"FLUVAL AQUASKY 12WATTS",Fish
645095861305,1292,"TropiClean Papaya Mist Spray",Dog
645095861305,5653,"FLUVAL AQUASKY 18 WATTS",Fish
645095869080,1293,"TropiClean Waterless Papaya&Coco",Dog
645095869080,5654,"FLUVAL AQUASKY 27 WATTS",Fish
645095202122,1294,"TropiClean Moisturizing Conditioner",Dog
645095202122,5655,"FLUVAL CARBON AC70 AC110 3PK",Fish
645095869066,1295,"TropiClean Kiwi Blossom Spray",Dog
645095869066,5656,"FLUVAL CARBON AC70 AC110",Fish
645095006850,1296,"TropiClean Deep Cleansing mango&Kiwi",Dog
645095006850,5657,"FLUVAL AC20 AC30 CARBON",Fish
645095006881,1297,"TropiClean Mango&Kiwi Spray",Dog
645095006881,5658,"FLUVAL AC50 CLEAR CARB",Fish
645095006843,1298,"TropiClean 4in1 Itch",Dog
645095006843,5659,"FLUVAL AC70 AC110 CLEAR CARB 2PK",Fish
645095006874,1299,"TropiClean Pineapple Spray",Dog
645095006874,5660,"FLUVAL AC110 BIOFOAM",Fish
645095006133,1300,"TropiClean Refreshing 2in1",Dog
645095006133,5661,"FLUVAL AC50 CARBON 3PK",Fish
645095006157,1301,"TropiClean Watermelon Spray",Dog
645095006157,5662,"FLUVAL AC50 CLEAR CARB",Fish
797801038003,1303,"NaturVet Ear Wash",Dog
797801038003,5664,"FLUVAL AC20 BIOFOAM 3PK",Fish
045663017347,1304,"Healthy Promise EarWash",Dog
045663017347,5665,"FLUVAL AC30 BIO FOAM",Fish
645095410022,1305,"TropiClean Dual Action Ear Cleaner",Dog
645095410022,5666,"FLUVAL AC20 AC30 CARBON",Fish
810053870921,1306,"SkoutsHonor ProBiotic Ear Cleaner",Dog
810053870921,5667,"FLUVAL AC20 BIOFOAM",Fish
039079090247,1307,"AdamS EarMite Treatment",Dog
039079090247,5668,"FLUVAL AC70 AC110 AMONIA REMOVE",Fish
021653140042,1308,"BioGroom Ear Mite Treatment",Dog
021653140042,1969,"BioGroom Cat Ear Mite Treatment 4oz",Cat
021653140042,5669,"FLUVAL AC70 AC110 AMONIA REMOVE",Fish
021653140042,6330,"MAX BULLY 5#",Dog and cat food
736990014788,1309,"Veterinary Formula Ear Therapy Wipes",Dog
736990014788,5670,"FLUVAL AC50 AMREMOVE 3PK",Fish
645095010116,1310,"TropiClean Ear Wipes",Dog
645095010116,5671,"FLUVAL AC50 AMREMOVE",Fish
045663976248,1311,"Healthy Promise EyeWipes",Dog
045663976248,5672,"FLUVAL AC20 AC30 AMREMOVE 3PK",Fish
797801038140,1312,"NaturVet Tear Stain Remover",Dog
797801038140,5673,"FLUVAL AC20 AC30 AMREMOVE",Fish
645095700550,1313,"Spa Lavish For Him Shamp",Dog
645095700550,5674,"FLUVAL AC50 BIOMAX",Fish
645095700611,1314,"Spa Lavish White Coat",Dog
645095700611,5675,"FLUVAL AC70 AC110 BIOMAX",Fish
645095700239,1315,"Spa Lavish ReNew",Dog
645095700239,5676,"FLUVAL AC70 AC110 BIOMAX",Fish
645095008281,1316,"TropiClean Skunk",Dog
645095008281,5677,"FLUVAL AC70 AC110 INTAKE SPNG",Fish
018065984227,1317,"NaturesMiracle Skunk Lavender",Dog
018065984227,5678,"FLUVAL AC30 FILTER",Fish
018065984821,1318,"NaturesMiracle Skunk Citrus",Dog
018065984821,5679,"FLUVAL AC20 FILTER",Fish
018065984685,1319,"NaturesMiracle Freshing Spray",Dog
018065984685,5680,"FLUVAL AC70 BIOFOAM 3PK",Fish
018065284174,1320,"NaturesMiracle Odor Control Lav",Dog
018065284174,5681,"FLUVAL AC70 BIOFOAM",Fish
018065284112,1321,"NaturesMiracle HypoAllergenic",Dog
018065284112,5682,"FLUVAL AC50 BIOFOAM 3PK",Fish
018065284143,1322,"NaturesMiracle Puppy Cotton Air",Dog
018065284143,5683,"FLUVAL AC50 BIOFOAM",Fish
018065284129,1323,"NaturesMiracle Oatmeal",Dog
018065284129,5684,"FLUVAL AC70 FILTER",Fish
667334229028,1324,"Zymox Shampoo",Dog
667334229028,5685,"FLUVAL AC50 FILTER",Fish
667334229035,1325,"Zymox Leave on Conditioner",Dog
667334229035,5686,"FLUVAL AC20 FILTER",Fish
667334229158,1326,"Zymox Advance Enzymatic Conditioner",Dog
667334229158,5687,"FLUVAL AC110 FILTER",Fish
021653204089,1327,"BioGroom Waterless Bath",Dog
021653204089,5688,"FLUVAL BIO FOAM 206/207 306/307 2PK",Fish
071860224721,1328,"FreshnClean OatBakingSoda Cond",Dog
071860224721,5689,"FLUVAL BIOFOAM 106/107 2PK",Fish
071860225841,1329,"FreshnClean Scented Shampoo",Dog
071860225841,5690,"FLUVAL BIOFOAM 406/407 2PK",Fish
071860225865,1330,"FreshNClean Creme Rinse",Dog
071860225865,5691,"FLUVAL POLYCARB U4 2PK",Fish
811794933173,1331,"FURminator deShedding Shampoo",Dog
811794933173,5692,"FLUVAL BIOFOAM FX2 2PK",Fish
811794933180,1332,"FURminator deShedding Conditioner",Dog
811794933180,5693,"FLUVAL POLYMAX U3 2PK",Fish
811794933197,1333,"FURminator Senstive Skin Shamp",Dog
811794933197,5694,"FLUVAL POLYMAX U2 2PK",Fish
811794933913,1334,"FURminator Deshed Foam Comb",Dog
811794933913,5695,"FLUVAL QUICKCLR FX 3PK",Fish
645095000124,1335,"TropiClean Perfect Fur Tangle Remover",Dog
645095000124,5696,"FLUVAL C4 POLYFOAM 3PK",Fish
645095160002,1336,"TropiClean Tangle Remover SweetPea",Dog
645095160002,5697,"FLUVALSEA CP2 PUMP",Fish
645095003347,1337,"TropiClean OXYMEDHypoallergenic",Dog
645095003347,5698,"FLUVAL SEA CP1 PUMP",Fish
645095003019,1338,"TropiClean OXYMED HypoAllergenic Spray",Dog
645095003019,5699,"FLUVAL BIOFOAM+ 106/107 206/207",Fish
645095003323,1339,"TropiClean OXYMEDanti-itch Medicated",Dog
645095003323,5700,"FLUVAL BIOFOAMMAX 106/107 2PK",Fish
645095003316,1340,"TropiCleanOXYMEDAntiItch Medi Spray",Dog
645095003316,5701,"FLUVAL VACCUMBAG FX 2PK",Fish
645095003330,1341,"TropiCleanOXYMED Medicated",Dog
645095003330,5702,"FLUVAL 306/307 406/407 BIOFOAM+",Fish
645095004092,1342,"TropiCleanOXYMED Pawpad Lotion",Dog
645095004092,5703,"FLUVAL QUCKCLR 306/406 6PK",Fish
645095004207,1343,"TropiClean Essentials GoatMilk Sham",Dog
645095004207,5704,"FLUVAL C4 FOAM PD 2PK",Fish
645095004184,1344,"TropiClean Essentials JoJoba Shamp",Dog
645095004184,5705,"FLUVAL QUICKCLR 106/206 3PK",Fish
645095004177,1345,"TropiClean Essentials Yuzu Sham",Dog
645095004177,5706,"FLUVAL BIOFOAM+ FX 2PK",Fish
645095004214,1346,"TropiClean Essentials Shea Butter Sham",Dog
645095004214,5707,"FLUVAL BIOFOAMMAX 206/306 2PK",Fish
856893007288,1347,"WeeAway Carpet Shampoo",Dog
856893007288,5708,"FLUVAL FX6 SERVICE KIT",Fish
850024364462,1348,"WeeAway Laundry Booster",Dog
850024364462,5709,"FLUVAL FX4 SERVICE KIT",Fish
852896006969,1349,"WeeAway Skunk Eliminator",Dog
852896006969,5710,"FLUVAL BIOFX 5L",Fish
850024364103,1350,"WeeAway Odor Fogger CM",Dog
850024364103,5711,"FLUVALSEA CP3 PUMP",Fish
850024364332,1351,"WeeAway Odor Fogger Hawain Breeze",Dog
850024364332,5712,"FLUVAL UVC INLINE CLARIFIER",Fish
850024364356,1352,"WeeAway Odor Fogger Mint Green T",Dog
850024364356,5713,"FLUVAL AMMONIA REMOVE 3PK",Fish
026851872115,1353,"Perfect Coat Unscented Shamp",Dog
026851872115,5714,"FLUVAL FX4 CANISTER FILTER",Fish
856713005302,1354,"SkoutsHonor Carpet Machine Solution",Dog
856713005302,5715,"FLUVAL FX2 CANNISTER FILTER",Fish
018065984203,1355,"NaturesMiracle Skunk Remover",Dog
018065984203,5716,"FLUVAL 307 CANNISTER FILTER",Fish
018065969873,1356,"NaturesMiracle Advanced Stain&Odor",Dog
018065969873,5717,"FLUVAL BIOFOAMMAX 406/407 2PK",Fish
018065981721,1357,"NaturesMiracle Oxy Set in Stain",Dog
018065981721,5718,"FLUVAL FX CARBN PAD 2PK",Fish
018065984814,1358,"NaturesMiracle Hard floor Cleaner",Dog
018065984814,5719,"FLUVAL BIOFOAM 206/207 6MONTH",Fish
018065969668,1359,"NaturesMiracle Stain&Odor Rem Scented",Dog
018065969668,5720,"FLUVAL BIOFOAM 306-307 6MON",Fish
018065969620,1360,"NaturesMiracle Stain&Odor Remover",Dog
018065969620,5721,"FLUVAL BIOFOAM 406/407 6MON",Fish
018065284020,1361,"NaturesMiracle No marking",Dog
018065284020,1829,"Natures Mircale No mark Spray",Dog
018065284020,5722,"FLUVAL 306/406 PHOSPHATE 6PK",Fish
018065284020,6190,"MW 18"" single door",Dog
018065054500,1362,"Natures Miracle Ultra Disenfect",Dog
018065054500,5723,"FLUVAL FX4 PHOSPHATE 3PK",Fish
018065984548,1363,"Natures Miracle Laundry Boost odor Rem",Dog
018065984548,5724,"FLUVAL 106/206 PHOSPHATE 3PK",Fish
745801102583,1364,"Durvet Chlorhexidine Solution",Dog
745801102583,5725,"FLUVAL FX4 AMMONIA 3PK",Fish
852009002017,1365,"Vetericyn AntiMicro Wound Care",Dog
852009002017,5726,"FLUVAL FX4 NITRATE 3PK",Fish
18582010405,1366,"Vetericyn AntiMicro Dressing Gel",Dog
18582010405,5727,"FLUVAL 306/406 AMMONIA 6PK",Fish
818582010238,1367,"Vetericyn Pet Eye Gel",Dog
818582010238,5728,"FLUVAL 106/206 AMMONIA 3PK",Fish
818582011976,1368,"Vetericyn AnitMicro Eye Wash",Dog
818582011976,5729,"FLUVAL 106/107 NITRITE 3PK",Fish
818582011969,1369,"Vetericyn AntiMicro Ear Rinse",Dog
818582011969,5730,"FLUVAL 306/406 NITRITE 6PK",Fish
818582011952,1370,"Veterricyn AntiMicro Hot Spot Gel",Dog
818582011952,5731,"FLUVAL 106 BIOFOAM 6MON",Fish
897227002173,1371,"Bannixx Wound Care Cream 4oz",Dog
897227002173,5732,"FLUVAL C4 ACTIVATED CARBON 3PK",Fish
897227002142,1372,"Banixx Wound Care Cream 8oz",Dog
897227002142,5733,"FLUVAL 70 CARBON",Fish
897227002104,1373,"Bannixx Shampoo",Dog
897227002104,5734,"FLUVAL C2 ZEO-CARB 3PK",Fish
897227002036,1374,"Banixx Spray 8oz",Dog
897227002036,5735,"FLUVAL C2 ACTIVE CARBON 3PK",Fish
897227002012,1375,"Banixx Spray 32 oz",Dog
897227002012,5736,"FLUVAL C3 ACTIVE CARBON  3PK",Fish
97227002333,1376,"Banixx Paw Wipes",Dog
97227002333,5737,"FLUVAL C3 ZEO-CARB 3PK",Fish
860002290423,1377,"Ranch Remedy Topical First Aid",Dog
860002290423,5738,"MICRA PLUS PUMP",Fish
856162000019,1378,"Pierce's NU-STOCK",Dog
856162000019,5739,"AQUA-MAG MAG DRIVE WTR PUMP MOD 2",Fish
797801603461,1379,"Evolutions Natruvet Advanced Allergy",Dog
797801603461,5740,"PONG MAG MOD 5",Fish
797801603485,1380,"Evolutions Natruvet Anchovy Allergy",Dog
797801603485,5741,"FLUVAL AQUARIENTORF 500G",Fish
797801603522,1381,"Evolutions Natruvet Probiotic",Dog
797801603522,5742,"FLUVAL CLEARMAX 3PK",Fish
086621799028,1382,"Canine Red Cell",Dog
086621799028,5743,"FLUVAL CARBON 3PK",Fish
071860314491,1383,"Supergrow 100",Dog
071860314491,5744,"FLUVAL ZEOCARB 3PK",Fish
020279205104,1384,"PETAG Dyne 16 oz",Dog
020279205104,5745,"FLUVAL BIOMAX 500G",Fish
020279205135,1385,"PetAG Dyne 32oz",Dog
020279205135,5746,"FLUVAL PRE-FILTER 750G",Fish
797801040051,1386,"NaturVet Aller 911 powder",Dog
797801040051,5747,"AQUATOP MAX FLOW 607 GAL",Fish
797801040044,1387,"NaturVet All in One",Dog
797801040044,5748,"FLUVAL 207 CANNISTER FILTER",Fish
797801602396,1388,"NaturVet Emotional Support Daily Aid",Dog
797801602396,5749,"FLUVAL 107 CANNISTER FILTER",Fish
797801034920,1389,"NaturVet ArthriSoothe-GOLD",Dog
797801034920,5750,"FLUVAL SPAY BAR KIT",Fish
7072160101388,1390,"Brilliant Salmon Oil",Dog
7072160101388,5751,"FLUVAL FX SPRAY BAR KIT",Fish
030521067855,1391,"Tomlyn High Calorie Gel Puppy",Dog
030521067855,5752,"FLUVAL IMPELLAR BRUSH SET",Fish
030521067862,1392,"Tomlyn High Calorie Gel Adult Dog",Dog
030521067862,5753,"FLUVAL PULLTHRU HOSE BRUSH",Fish
052369000092,1393,"UltraJoint For Join Pain oil",Dog
052369000092,5754,"FLUVAL 305/306 INTAKE STEM",Fish
694244951466,1394,"AniMed Muscle Up",Dog
694244951466,5755,"FLUVAL 105/205 INTAKE STEM",Fish
694244951701,1395,"AniMed Shed Med",Dog
694244951701,5756,"FLUVAL X06 AQUASTOP VALVE",Fish
039079024570,1396,"Sulfodene 3 Way Ointment",Dog
039079024570,5757,"FLUVAL X06 PRIMER KIT",Fish
039079001878,1397,"SulFodene HotSpot Medicated Spray",Dog
039079001878,5758,"FLUVAL 106 IMPELLAR COVER",Fish
797801001656,1398,"NaturVet Anti-Dirrhea",Dog
797801001656,5759,"FLUVAL 3/406 IMPELLAR COVER",Fish
667334229059,1399,"Zymox Topical Cream",Dog
667334229059,5760,"FLUVAL FX2 FILTER LID ORING",Fish
667334229042,1400,"ZyMox Topical Spray",Dog
667334229042,5761,"FLUVAL SUCTION CUPS",Fish
728028098501,1401,"NT CANINE Hotspot,wounds,Ears",Dog
728028098501,5762,"FLUVAL MOTOR SEAL RING 307/407",Fish
046938070012,1402,"VETRX Dog&Pupy Aid",Dog
046938070012,5763,"FLUVAL C4 IMPELLAR",Fish
797801036917,1403,"NaturVet AllinOne Daily Essentials",Dog
797801036917,5764,"FLUVAL 306 MAGNETIO IMPELLAR",Fish
797801036863,1404,"NaturVet VitaPet Puppy",Dog
797801036863,5765,"LAGUNA SKIMMER PUMP",Fish
797801036955,1405,"NaturVet Quiet Moments",Dog
797801036955,5766,"LAGUNA POWERJET",Fish
797801036900,1406,"Naturvet Aller-911 Allergy Chew",Dog
797801036900,5767,"TETRA POND PUMP SM",Fish
797801036931,1407,"naturVet Tear Stain Chew",Dog
797801036931,5768,"TETRA POND PUMP550 MD",Fish
797801036924,1408,"NaturVet Omega-Gold",Dog
797801036924,5769,"TETRA POND PUMP1000 LG",Fish
797801036108,1409,"NaturVet Salmon Oil",Dog
797801036108,5770,"PONDMASTER 1700 SYSTEM",Fish
797801070027,1410,"NaturVet Pet Electrolyte",Dog
797801070027,5771,"PONDMASTER 1250 SYSTEM",Fish
797801090001,1411,"NaturVet Bitter Yuck 8oz",Dog
797801090001,5772,"PONDMASTER 1000 FILTER",Fish
797801090025,1412,"NaturVet Bitter Yuck 16fl oz",Dog
797801090025,5773,"LAGUNA FLOAT THERM",Fish
797801048040,1413,"NaturVet Aller-911 Hot Spot Foam",Dog
797801048040,5774,"OVATION-380 FILTER",Fish
797801048071,1414,"NaturVet Aller-911 Anti Lick Spray",Dog
797801048071,5775,"OVATION-1000 FILTER",Fish
797801059350,1415,"NaturVet Hemp Queit Moments Oil",Dog
797801059350,5776,"REPLACEMENT PARTS",Fish
797801059312,1416,"NaturVet Hemp Quiet Moments chews",Dog
797801059312,5777,"PODMASTER POND FILTER",Fish
018214828051,1417,"NylaBone Oral Care Foaming TrtRem",Dog
018214828051,5778,"TETRA FLOATING LILLY",Fish
018214828075,1418,"NylaBone Oral Care Dental Spray",Dog
018214828075,5779,"WONDER SHELL",Fish
645095001978,1419,"FreshBreathe Drops",Dog
645095001978,5780,"TETRA POND VACAY FOOD",Fish
645095002197,1420,"FreshBreathe Oral Spray",Dog
645095002197,5781,"REPLACEMENT PARTS",Fish
645095002340,1421,"FreshBreathe Oral Spray Peanut butter",Dog
645095002340,5782,"FRITZ POND BARLEY WTR CLARIFIER",Fish
645095001022,1422,"FreshBreathe Oral Foam",Dog
645095001022,5783,"API POND SALT",Fish
645095001848,1423,"FreshBreathe Support Skin Health 33.8 oz",Dog
645095001848,5784,"API POND MELAFIX",Fish
645095001541,1424,"FreshBreathe Hip&Joint 16oz",Dog
645095001541,5785,"API POND PIMAFIX",Fish
645095001831,1425,"FreshBreathe Hip&Joint 33.8 oz",Dog
645095001831,5786,"API POND PONDZYME",Fish
645095001015,1426,"FreshBreathe Solution 16oz",Dog
645095001015,5787,"API POND ECOFIX SLUDGE DESTROY",Fish
645095001114,1427,"FreshBreathe Solution 33.8oz",Dog
645095001114,5788,"API POND SIMPLY CLEAR",Fish
797801048200,1428,"Naturvet Calcium-Phosphorus Powder",Dog
797801048200,5789,"API POND ALGAEFIX",Fish
797801036382,1429,"NaturVet Stool Ease",Dog
797801036382,5790,"API POND MICROBIAL ALGAE CLEAN",Fish
797801036726,1430,"NaturVet No Toot",Dog
797801036726,5791,"API POND STRESS COAT",Fish
797801036979,1431,"NaturVet No Scoot",Dog
797801036979,5792,"API POND ACCU-CLEAR",Fish
797801036986,1432,"NaturVet Coprophagia",Dog
797801036986,5793,"AQUEON PURE POND BOMB 2500",Fish
797801036993,1433,"NaturVet Digestive Enzymes",Dog
797801036993,5794,"AQUEON PURE SLUDGE BOMB",Fish
797801037020,1434,"Naturvet Probiotic & Enzymes",Dog
797801037020,5795,"TETRA POND BARLEY &PEAT",Fish
797801048309,1435,"NaturVet Probiotic&Enzymes Powder",Dog
797801048309,5796,"TETRA POND SPRING&FALL DIET",Fish
797801036603,1436,"NaturVet Digestive Enzymes Powder",Dog
797801036603,5797,"TETRA POND STICKS",Fish
797801048439,1437,"NaturVet CardioVascular Support",Dog
797801048439,5798,"TETRA POND FLAKES",Fish
797801030205,1438,"NaturVet VitaPet Puppy Daily Vita",Dog
797801030205,5799,"TETRA KOI VIBRANCE",Fish
69125024416,1439,"Nutri-Vet Asprin",Dog
69125024416,5800,"TETRA POND STICKS 1LB",Fish
835953007222,1440,"Grizzly Omega Plant based 8oz",Dog
835953007222,5801,"GINGER PREM FLOAT POND PELLET 16OZ",Fish
835953000117,1441,"Grizzly Omega Salmon 8oz",Dog
835953000117,5802,"GINGER FLOAT POND PELLET 14OZ",Fish
835953003118,1442,"Grizzly Omega Salmon 16oz",Dog
835953003118,5803,"GINGER FLOAT PND PELLET 1LB",Fish
020279994817,1443,"PetAg Goats Milk Esbilac milk",Dog
020279994817,5804,"GINER PREM FLOAT PND PELLET 1LB",Fish
020279997016,1444,"PetAg Esbilac 2nd Step Powder Milk",Dog
020279997016,5805,"TETRA UV CLARIFIER",Fish
020279995005,1445,"PetAg Esbilac Milk Powder",Dog
020279995005,5806,"LAGUNA PRESSURE FLO PADS",Fish
020279998129,1446,"PetAg Esbilac Milk",Dog
020279998129,5807,"LAGUNA PRESSURE FLO 2000",Fish
020279998044,1447,"PetAg Nurser Bottle 4oz",Dog
020279998044,5808,"TETRA KOI VIBE 1.4LB",Fish
020279998013,1448,"PetAg Nurser Bottle 2oz",Dog
020279998013,5809,"TETRA KOI VIBRANCE 3.31LB",Fish
745801515017,1449,"Durvet Medicated itch Spray",Dog
745801515017,5810,".5G SPONGEBOB BETTA TANK",Fish
745801511064,1450,"Durvet Remedies Iodine Shampoo",Dog
745801511064,5811,"SPONGEBOB BETTA TANK",Fish
745801511194,1451,"Durvet Remedis Hot Spot Mist",Dog
745801511194,5812,"1.5G SPONGEBOB FISH TANK",Fish
745801515048,1452,"Durvet Medicated AntiMicroFung Sham",Dog
745801515048,5813,".5G DORY BETTA TANK",Fish
745801515109,1453,"Durvet Medicated AntiMicroFun Flush",Dog
745801515109,5814,".7G DORY BETTA TANK",Fish
745801511026,1454,"Durvet Naturals Deo Shampoo",Dog
745801511026,5815,"FROZEN BETTA TANK",Fish
850005524168,1455,"PetHonesty Allergy Skin Health",Dog
850005524168,5816,"MARINA PIRATES 1GAL",Fish
850005524434,1456,"PetHonesty Allergy support",Dog
850005524434,5817,"BABYSHARK BIG SHOW TANK",Fish
850005524878,1457,"PetHonesty Hip+Joint Health Max",Dog
850005524878,5818,"MARINA BETTA KIT",Fish
850005524076,1458,"PetHonesty Hip+Joint Health",Dog
850005524076,5819,"MARINA BETTA KIT",Fish
850005524021,1459,"PetHonesty Hemp Calming",Dog
850005524021,5820,".5 DORY BETTA TANK",Fish
850005524489,1460,"PetHonesty Hemp Calming Max",Dog
850005524489,5821,"BETTA BOW FRONT DBBL TANK KIT",Fish
850005524069,1461,"PetHonesty MultiVita 10in1",Dog
850005524069,5822,"1-3 BETTA TANK KIT",Fish
039079002592,1462,"Flys-Off Cream",Dog
039079002592,5823,"AQUEON GLASS 10GAL",Fish
039079091404,1463,"Flys Off Spray",Dog
039079091404,5824,"CASCADE DESKTOP AQUARIUM KIT",Fish
023851010431,1464,"Happy Jack Mange Medicine",Dog
023851010431,5825,"GLOFISH TRILOGY",Fish
023851010455,1465,"Happy Jack Kennel Dip II",Dog
023851010455,5826,"MARINA 5GAL KIT",Fish
023851013241,1466,"Happy Jack Xylecide",Dog
023851013241,5827,"MARINA 10GAL KIT",Fish
023851010547,1467,"Happy Jack Pad Kote",Dog
023851010547,5828,"MARINA 20GAL KIT",Fish
023851013678,1468,"Happy Jack Itch No more Shampoo",Dog
023851013678,5829,"GLOFISH 5GAL",Fish
023851010509,1469,"Happy Jack Sardex II",Dog
023851010509,5830,"GLOFISH 10GAL",Fish
745801712508,1470,"Durvet Activated Charcoal",Dog
745801712508,5831,"AQUEON 29G TANK&STAND",Fish
669125804056,1471,"Nutri-Vet Bitter Bandage",Dog
669125804056,5832,"FLUVAL 15 GAL TANK&STAND",Fish
683615359512,1472,"ZenPet Wrap",Dog
683615359512,5833,"FLUVAL 32.5US FLUVAL TANK&STAND",Fish
715501517864,1473,"Ideal Syrflex bandage",Dog
715501517864,5834,"MARINELAND 60GAL TANK&STAND",Fish
669125999875,1474,"Nutri-Vet Liquid Bandage",Dog
669125999875,5835,"MARINELAND 56GAL TANK &STAND",Fish
012104434049,1475,"Dogswell Liquid Bandage",Dog
012104434049,5836,"MARINELAND 75 TANK&STAND",Fish
745801110670,1476,"Durvet Ivermectin Sheep Drench",Dog
745801110670,5837,"AQUEON 55GAL TANK7STAND",Fish
745801110403,1477,"Durvet Ivermectin Pour On",Dog
745801110403,5838,"PET RAINYDAYS LG",Dog
020279998006,1478,"PetAg Nursing Kit",Dog
020279998006,5839,"PETRAINY DAYSXLG",Dog
723754613004,1479,"Pill Crusher",Dog
723754613004,5840,"BASIC HOODIE GRAY XS",Dog
018214827986,1480,"NylaBone Toothpaste ultra clean",Dog
018214827986,5841,"COSMIC HOODIE NAVY XSM",Dog
018214828068,1481,"NylaBone Toothpaste Peanut Butter",Dog
018214828068,5842,"HARNESS HOODIE LG RED",Dog
018214828006,1482,"NylaBone Senior Dental Kit",Dog
018214828006,5843,"HARNESS COAT NAVY LG",Dog
018214827962,1483,"NylaBone Dental Kit ultra Clean",Dog
018214827962,5844,"POLAR HARNESS COAT XS BLU",Dog
018214827955,1484,"NylaBone Dental Kit Peanut Butter",Dog
018214827955,5845,"HARNESS HOODIE LG BLUE",Dog
018214827924,1485,"NylaBone Puppy Dental Kit",Dog
018214827924,5846,"HARNESS HOODIE XL BLUE",Dog
035585013978,1486,"Kong Dental Ball large",Dog
035585013978,5847,"BASIC HOODIE VIOLET XS",Dog
035585013985,1487,"Kong Dental Ball Med",Dog
035585013985,5848,"BASIC HOODIE BLUE XS",Dog
018214828044,1488,"NylaBone Finger Brushes",Dog
018214828044,5849,"BASIC HOODIE RASBERRY SM",Dog
645095006379,1489,"FreshBreathe Enticers Penut Kit",Dog
645095006379,5850,"BASIC HOODIE NAT BLU MED",Dog
645095001299,1490,"FreshBreathe Kit Large",Dog
645095001299,5851,"BASIC HOODIE BVIOLET MED",Dog
645095001282,1491,"FreshBreathe Kit Sm&Med",Dog
645095001282,5852,"BASIC HOODIE BLACK MED",Dog
645095001077,1492,"FreshBreathe Gel",Dog
645095001077,5853,"BASIC HOODIE RED LG",Dog
645095003187,1493,"FreshBreath Total Care Kit",Dog
645095003187,5854,"BASIC HOODIE NATBLU LG",Dog
645095002180,1494,"FreshBreath Finger Brushes",Dog
645095002180,5855,"BASIC HOODIE RASBERRY LG",Dog
645095002173,1495,"FreshBreath ToothBrush sm&med",Dog
645095002173,5856,"BASIC HOODIE NAT BLU SM",Dog
645095002166,1496,"FreshBreath ToothBrush Large",Dog
645095002166,5857,"RAINY DAYS SM",Dog
045663019150,1497,"Healthy Promise Pill Disenser",Dog
045663019150,5858,"NOLA MESH JERSEY XL",Dog
076711004897,1498,"Pill Popper",Dog
076711004897,5859,"NOLA ONESIE LG",Dog
076484444913,1499,"Safari Mat Remover",Dog
076484444913,5860,"NOLA HOODIE TEE SM",Dog
076484961922,1500,"Safari Double Row Rake Rotating pins",Dog
076484961922,5861,"NOLA HOODIE TEE MD",Dog
076484612206,1501,"Safari Double Row Rake",Dog
076484612206,5862,"NOLA HOODIE TEE LG",Dog
076484612305,1502,"Safari Single Row Rake",Dog
076484612305,5863,"LSU TEESHIRT SM",Dog
076484043031,1503,"Safari Massage Brush",Dog
076484043031,5864,"LSU MESH JERSEY LG",Dog
076484042218,1504,"Safari The Complete Dog Brush",Dog
076484042218,5865,"LSU MESH JERSEY MD",Dog
076484042225,1505,"Safari Nylon Coated Tip Dog Brush",Dog
076484042225,5866,"LSU STRIPE TEE SM",Dog
076484513046,1506,"Safari De-Matting Comb",Dog
076484513046,5867,"LSU STRIPE TEE MD",Dog
076484513022,1507,"Safari Shedding Blade",Dog
076484513022,5868,"LSU STRIPE TEE LG",Dog
076484004063,1508,"Safari Soft Slicker lg",Dog
076484004063,5869,"NOLA MESH JERSEY XS",Dog
076484004025,1509,"Safari Soft Slicker Small",Dog
076484004025,5870,"NOLA MESH JERSEY SM",Dog
076484004049,1510,"Safari Soft Slicker Med",Dog
076484004049,5871,"ARIA ORANG/PNK BANDANNA",Dog
076484424403,1511,"Safari Flexible Slicker Med",Dog
076484424403,5872,"ARIA PURPLE BANDANNA",Dog
076484425004,1512,"Safari Flexible Slicker Sm",Dog
076484425004,5873,"ARIA GREEN BANDANNA",Dog
076484946608,1513,"Safari Curved Firm Slicker Large",Dog
076484946608,5874,"ARIA BLUE BANDANNA",Dog
076484946202,1514,"Safari Curved Firm Slicker Sm",Dog
076484946202,5875,"ARIA PINK/BLU BANDANNA",Dog
076484467097,1515,"Safari Long Hair Slicker Med",Dog
076484467097,5876,"TEX CABLE SWEATER SAGE XSM",Dog
076484468148,1516,"Safari Long Hair Slicker Lg",Dog
076484468148,5877,"TEXCABLE SWEATER SAGE SML",Dog
076484741043,1517,"Safari Self Cleaning Slicker Lg",Dog
076484741043,5878,"TEXCABLE SWEATER SAGE MED",Dog
076484860010,1518,"Safarin Self Cleaning Slicker Med",Dog
076484860010,5879,"TEXCABLE SWEATER SAGE LG",Dog
076484860003,1519,"Safari Self Cleaning Slicker Sm",Dog
076484860003,5880,"TEXCABLE SWEATER SAGE XL",Dog
076484512988,1520,"Safari Combo Brush Sm&Med",Dog
076484512988,5881,"MOON&STARS PJ BLUE XXS",Dog
076484512995,1521,"Safari Combo Brush large",Dog
076484512995,5882,"MOON&STARS PJ BLUE XLG",Dog
076484512971,1522,"Safari Bristle Brush Large",Dog
076484512971,5883,"GARDEN GNOMES PJS PNK XXS",Dog
076484512940,1523,"Safari Wire pin Brush Large",Dog
076484512940,5884,"GARDEB GNOMES PJ PINK XSM",Dog
076484512926,1524,"Safari Wire Pin Brush Sm&Med",Dog
076484512926,5885,"GARDEBN GNOMES PJ PINK XLG",Dog
076484632273,1525,"Safari Shed Magic Large",Dog
076484632273,5886,"TEDDYBEAR HOOD ROBE XSM",Dog
076484632266,1526,"Safari Shed Magic Med",Dog
076484632266,5887,"DOG POLO RED SM",Dog
076484961281,1527,"Safari Shed Magic Cat",Cat
076484961281,5888,"DOG POLO RED LG",Dog
076484961267,1528,"Safari Shed Magic Long Hair Med",Dog
076484961267,5889,"DOG POLO PURPLE SM",Dog
076484612107,1529,"Safari Saftey Scissors",Dog
076484612107,5890,"DOG POLO PURPLE LG",Dog
076484005657,1530,"Safari Shedding Comb Long Hair",Dog
076484005657,5891,"DOG POLO PURPLE MED",Dog
076484005640,1531,"Safari Shedding Comb Short Hair",Dog
076484005640,5892,"DOG POLO PRUPLE XL",Dog
076484005565,1532,"Safari Comb Large",Dog
076484005565,5893,"DOG TANKTOP GREEN LG",Dog
076484005589,1533,"Safari Comb Sm",Dog
076484005589,5894,"DOG TANKTOP PNK MED",Dog
076484943201,1534,"Safari Soft Tip Curry Brush",Dog
076484943201,5895,"DOG TANKTOP DRK GREEN LG",Dog
076484004216,1535,"Safari Comfort Grip Curry Brush",Dog
076484004216,5896,"DOG TANK TOP DRK GREEN SM",Dog
076484617027,1536,"Safari Double Sided Flea Comb",Dog
076484617027,5897,"DOG TANK TOP CORAL XS",Dog
076484577833,1537,"Safari Flea Comb Short/Med hair",Dog
076484577833,5898,"DOG TANK TOP CORAL SM",Dog
076484577178,1538,"Safari Flea Comb Long Hair",Dog
076484577178,5899,"DOG TANK TOP CORAL XL",Dog
077234500071,1539,"Spot Clean Paws mat",Dog
077234500071,5900,"CAMO SWEATSHIRT XLG",Dog
849670008189,1540,"Dirty Dog Door Mat",Dog
849670008189,5901,"DOTSWT GREEN MD",Dog
076484510656,1541,"Safari Nail Trimmer Sm Dogs",Dog
076484510656,5902,"DOTSWT GREEN LG",Dog
076484510663,1542,"Safari Nail Trimmer Large Dog",Dog
076484510663,5903,"COOL STRIPE SWEATER GRAY LG",Dog
76484513190,1543,"Safari Styptic Powder",Dog
76484513190,5904,"BNE ACCENT SWT ORG. XSM",Dog
030172101397,1544,"PennPlax Nail Grinder",Dog
030172101397,5905,"PLAID SWEATER RED MD",Dog
811794929138,1545,"Furminator Large Dog Short hair Tool",Dog
811794929138,5906,"RIBBED CHENILLE SWTR RED XLG",Dog
811794929268,1546,"Furminator Large Dog Long Hair Tool",Dog
811794929268,5907,"SHAWL COLLR SWTR LG GRAY",Dog
022517912461,1547,"LeSalon Essentials Curry Brush",Dog
022517912461,5908,"CLASS CABLE SWTR RED XXS",Dog
035585511139,1548,"Kong ZoomGroom Pink",Dog
035585511139,5909,"CLASS CABLE SWTR RED XLG",Dog
076484510649,1549,"Safari Nail Trimmer Lg",Dog
076484510649,5910,"UNTUCKED CAB SWT NAVY MD",Dog
076484510694,1550,"Safari Nail Trimmer Sm Dogs",Dog
076484510694,5911,"CLASS CAB SWTR PNK XSM",Dog
736990002013,1551,"Fast Acting Super Clot",Dog
736990002013,5912,"CRISS CROSS SWTR CORAL",Dog
811794929329,1552,"Furminator Bathing Brush",Dog
811794929329,5913,"CLASS CAB SWTR PINK MD",Dog
811794040413,1553,"Furminator Replacement Grinding tips",Dog
811794040413,5914,"UNTUCKED PLAID SWT GRAY XSM",Dog
811794929251,1554,"Furminator Med Dog, Short Hair tool",Dog
811794929251,5915,"UNTUCKED PLAID SWT GRAY MD",Dog
811794929145,1555,"Furminator Med Dog, long Hair Tool",Dog
811794929145,5916,"UNTUCKED PLAID SWT GRAY LG",Dog
035585511115,1556,"Kong ZoomGroom Blue",Dog
035585511115,5917,"UNTUCKED PLAID SWT GRAY XSM",Dog
076484006098,1558,"Safari Nail Trimmer Sciccors Sm",Dog
076484006098,5919,"sd puppy sm br ck 4.5#",Dog and cat food
045663975609,1559,"Magic Coat Saftey Sciccors",Dog
045663975609,5920,"sd puppy sm br 12.5#",Dog and cat food
045663970932,1560,"Magic Coat Serated Comb Blade",Dog
045663970932,5921,"sd puppy lg br 15.5#",Dog and cat food
811794929220,1561,"Furminator Adjustable DeMatter",Dog
811794929220,5922,"sd puppy lg br ck 27.5#",Dog and cat food
811794929152,1562,"Furminator Sm Dog, Short Hair Tool",Dog
811794929152,5923,"sd puppy lg br lam 30#",Dog and cat food
811794929244,1563,"Furminator Sm dog, Long hair tool",Dog
811794929244,5924,"sd lg br ck 15#",Dog and cat food
076484002298,1564,"lilpals Nail Trimmer",Dog
076484002298,5925,"sd sm br ck 15.5#",Dog and cat food
035585529011,1565,"Kong ZoomGroom Bubbles",Dog
035585529011,5926,"sd sm br ck 4.5#",Dog and cat food
076484962417,1566,"lil pals combo brush",Dog
076484962417,5927,"sd sm br lam 4.5",Dog and cat food
076484959509,1567,"Safari Shedding Comb",Dog
076484959509,5928,"sd sm br lam 15.5#",Dog and cat food
045663975586,1568,"Magic Coat Total Knot Destroyer",Dog
045663975586,5929,"sd sm br light 4.5#",Dog and cat food
045663975531,1569,"Magic Coat Reduces Shedding",Dog
045663975531,5930,"sd sm br light 15.5#",Dog and cat food
784099025938,1570,"PetCrest Nail Trimmer",Dog
784099025938,5931,"SD sm br 7+ 4.5#",Dog and cat food
784099026010,1571,"PetCrest Self Cleaning Slicker Brush",Dog
784099026010,5932,"SD sm br 11+ 4.5#",Dog and cat food
784099026041,1572,"PetCrest Slicker Brush Lg",Dog
784099026041,5933,"SD sm br 11+ 15.5",Dog and cat food
84099026034,1573,"PetCrest Slicker Brush Sm",Dog
84099026034,5934,"SD lg br ck 35#",Dog and cat food
784099026058,1574,"PetCrest Shedding Rake",Dog
784099026058,5935,"SD lg br lam 33#",Dog and cat food
076484611209,1575,"Safari Nail File",Dog
076484611209,5936,"SD lg br light 15#",Dog and cat food
030172084430,1576,"Comfy Groom",Dog
030172084430,5937,"SD lg br light 30#",Dog and cat food
045663976156,1577,"Magic Coat Gentle Groom Glove",Dog
045663976156,5938,"SD lg br 6+ 15#",Dog and cat food
784099026072,1578,"PetCrest Shedding Blade",Dog
784099026072,5939,"SD lg br 6+ 33#",Dog and cat food
784099026126,1579,"PetCrest Shedding Comb",Dog
784099026126,5940,"SD puppy lam 4#",Dog and cat food
784099025969,1580,"PetCrest Bristle Brush",Dog
784099025969,5941,"SD puppy lam 12.5#",Dog and cat food
784099025945,1581,"PetCrest Combo Brush",Dog
784099025945,5942,"SD puppy lam 25#",Dog and cat food
784099025983,1582,"PetCrest Pin Brush",Dog
784099025983,5943,"SD puppy ck 4.5#",Dog and cat food
030172101380,1583,"PennPlex Paw Cleaner",Dog
030172101380,5944,"SD puppy ck 12.5#",Dog and cat food
661161515040,1584,"SPOT HandiDrink Mini",Dog
661161515040,5945,"SD puppy ck 27.5#",Dog and cat food
810216026523,1585,"Sodapup Etray ""Waiting""",Dog
810216026523,5946,"SD puppy sm bite 4.5#",Dog and cat food
810216026400,1586,"Sodapup Wave Ebowl",Dog
810216026400,5947,"SD puppy sm bite 12.5#",Dog and cat food
700603510066,1587,"Outward Hound FunFeederSloBwl med",Dog
700603510066,5948,"SD ck 5#",Dog and cat food
700603510042,1588,"OutwardHound FFeedSlBwl Or Med",Dog
700603510042,5949,"SD ck 15#",Dog and cat food
810216026240,1589,"SodaPup EMAT Whale",Dog
810216026240,5950,"SD ck 35#",Dog and cat food
810216026257,1590,"SodaPup EMAT Duckies",Dog
810216026257,5951,"SD sm bite ck 5#",Dog and cat food
810216026691,1591,"SodaPup EMAT Tree Of Life",Dog
810216026691,5952,"SD sm bite ck 15#",Dog and cat food
810216026493,1592,"SodaPup EBowl Great outdoors",Dog
810216026493,5953,"SD sm bite ck 35#",Dog and cat food
700603510059,1593,"FunFeeder Slo Bowl Purple",Dog
700603510059,5954,"SD lam 15.5#",Dog and cat food
810216026073,1594,"SodaPup Emat Flower Power",Dog
810216026073,5955,"SD lam 33#",Dog and cat food
810216026080,1595,"SodaPup Etray Mandala",Dog
810216026080,5956,"SD lam sm bite 4.5#",Dog and cat food
810216026325,1596,"SodaPup Ebowl Honey Comb",Dog
810216026325,5957,"SD lam sm bite 15.5#",Dog and cat food
810216025885,1597,"SodaPup Mini Honey Emat",Dog
810216025885,5958,"SD lam sm bite 33lb",Dog and cat food
810216026707,1598,"SodaPup Mini Surf Emat",Dog
810216026707,5959,"SD salmon 4.5#",Dog and cat food
810216026714,1599,"SodaPup Mini Groovy Love Emat",Dog
810216026714,5960,"SD salmon 14#",Dog and cat food
810216026769,1600,"SodaPup Lg Blue Flower Pot",Dog
810216026769,5961,"SD salmon 33#",Dog and cat food
810216026547,1601,"SodaPup Lg Green Flower Pot",Dog
810216026547,5962,"SD light 15#",Dog and cat food
810216026530,1602,"SodaPup Lg Orange Flower Pot",Dog
810216026530,5963,"SD light30#",Dog and cat food
079441006216,1603,"Sm Food Scoop",Dog
079441006216,5964,"SD light sm bite 15#",Dog and cat food
079441006315,1604,"Lg Food Scoop",Dog
079441006315,5965,"SD light sm bite 30#",Dog and cat food
079441008005,1605,"Small Dinner Mat",Cat
079441008005,5966,"SD 7+ sm bite 5#",Dog and cat food
079441008029,1606,"Dinner Mat",Dog
079441008029,5967,"SD 7+ sm bite 15#",Dog and cat food
842982075689,1607,"PolkaDot Bones Fashion Mat",Dog
842982075689,5968,"SD 7+ sm bite 33#",Dog and cat food
842982075672,1608,"GeoBone Aqua Fashion Mat",Dog
842982075672,5969,"SD 7+ 5#",Dog and cat food
842982073500,1609,"Small Tan Bone Place Mat",Dog
842982073500,5970,"SD 7+ 15#",Dog and cat food
842982073579,1610,"Bella Large Bone place Mat",Dog
842982073579,5971,"SD vitality sm 3.5#",Dog and cat food
079441002317,1611,"8oz Stainless Cat Dish",Dog
079441002317,5972,"SD vitality sm 12.5#",Dog and cat food
079441002584,1612,"8oz Stainless Cat dish Decorated",Dog
079441002584,5973,"SD vitality 12.5#",Dog and cat food
842982077508,1613,"BellaBowl Xsmall Fish Blue",Dog
842982077508,5974,"SD perf digest sm bite 3.5#",Dog and cat food
842982077515,1614,"BellaBown xsmall Fish Purple",Dog
842982077515,5975,"SD perf digest ck 3.5#",Dog and cat food
077234546932,1615,"Best Friends Cat 6"" Dish",Dog
077234546932,5976,"SD perf digest ck 12#",Dog and cat food
077234546963,1616,"I love Cats Fish",Dog
077234546963,5977,"SD perf digest ck lg br 223",Dog and cat food
079441002256,1617,"EcoWare Cat Dish",Dog
079441002256,5978,"SD perf digest salmon 22#",Dog and cat food
076484884702,1618,"Dry Ears Bowl",Dog
076484884702,5979,"SD mobility sm bite 4#",Dog and cat food
076484002007,1619,"Lil pals Double Sided Comb",Dog
076484002007,5980,"SD mobility sm bite 15.5#",Dog and cat food
769397145045,1620,"Travel Trainer",Dog
769397145045,5981,"SD sm min perf weight 12.5#",Dog and cat food
012104432083,1621,"DogsWell Diarrhea Aid",Dog
012104432083,5982,"SD perf weight 4#",Dog and cat food
012104420042,1622,"Dogswell Hydrocortisone",Dog
012104420042,5983,"SD perf weight 12#",Dog and cat food
077234058497,1623,"Mediterranean Stainless Steel Dbbl 1 pint",Dog
077234058497,5984,"SD puppy sensi 4#",Dog and cat food
077234058503,1624,"Mediterranin Steal Double Diner 1 Qt",Dog
077234058503,5985,"SD puppy sensi 13#",Dog and cat food
077234364819,1625,"Spot Pet Food Can Cover 3pk",Dog
077234364819,5986,"SD sensi pollock 12#",Dog and cat food
076711006853,1626,"Large Breed Dog Bottle",Dog
076711006853,5987,"SD perf weight 25#",Dog and cat food
076711008406,1627,"Faucet Waterer",Dog
076711008406,5988,"SD perf weight joint 25#",Dog and cat food
048054800276,1628,"Oasis Thirst Quencher Faucet Dog",Dog
048054800276,5989,"SD sm min sensi 4#",Dog and cat food
029695248498,1629,"PetMate 3Count Charcoal Water Filter",Dog
029695248498,5990,"SD sensi sm bite 4#",Dog and cat food
769397143409,1630,"Vittles Vault 40lbs",Dog
769397143409,5991,"SD sensi sm bite 15#",Dog and cat food
030172065965,1631,"LIFE Clear Spring Pet Fountain",Dog
030172065965,5992,"SD sensi sm bite 30#",Dog and cat food
022517914045,1632,"Zeus Fountain Filter pads",Dog
022517914045,5993,"SD sensi 4#",Dog and cat food
022517437544,1633,"Catit Pixi Feeder",Dog
022517437544,5994,"SD sensi 15.5#",Dog and cat food
700603678292,1634,"FunFeeder Wave Mint Sm",Dog
700603678292,5995,"SD sensi 30#",Dog and cat food
700603678308,1635,"FunFeeder Notch Blu MD",Dog
700603678308,5996,"SD sensi lg br 30#",Dog and cat food
6972060289494,1636,"Small Kennel Cup",Dog
6972060289494,5997,"SD sensi gr fr 24#",Dog and cat food
027773007135,1637,"Snappy Fit Stainless Steel Bowls 4C",Dog
027773007135,5998,"SD mini jerky beef",Dog and cat food
027773008590,1638,"SnappyFit StainlessSteel bwl 20oz",Dog
027773008590,5999,"SD jerky beef",Dog and cat food
842982072107,1639,"RuffnTuff double diner",Dog
842982072107,6000,"SD mini jerkyck",Dog and cat food
029695230806,1640,"PetMate 7 Cup Bowl",Dog
029695230806,6001,"SD jerky ck",Dog
029695230776,1641,"PetMate 1 Cup Bowl",Dog
029695230776,6002,"SD gr fr crunch",Dog
029695230783,1642,"PetMate 2 Cup Bowl",Dog
029695230783,6003,"SD apple",Dog
842982074002,1643,"BellaBowl Pink Sm",Dog
842982074002,6004,"SD cranberries",Dog
842982074019,1644,"BellaBowl Pink Med",Dog
842982074019,6005,"SD soft ck",Dog
842982074026,1645,"BellaBowl Pink Lg",Dog
842982074026,6006,"SD soft duck",Dog
842982074668,1646,"BellaBowl Green Sm",Dog
842982074668,6007,"SD soft beef",Dog
842982074675,1647,"BellaBowl Green Med",Dog
842982074675,6008,"SD savories ck",Dog
842982074040,1648,"BellaBowl Black Sm",Dog
842982074040,6009,"SD savories peanut",Dog
842982074057,1649,"BellaBowl Black Med",Dog
842982074057,6010,"SD savories beef",Dog
842982074064,1650,"BellaBowl Black Lg",Dog
842982074064,6011,"royal can sm 4#",Dog and cat food
842982074088,1651,"BellaBowl Blue Sm",Dog
842982074088,6012,"royal can sm 14#",Dog and cat food
842982074095,1652,"BellaBowl Blue med",Dog
842982074095,6013,"royal can poodle",Dog and cat food
842982074118,1653,"BellaBowl Blue Lg",Dog
842982074118,6014,"royal can york 10#",Dog and cat food
842982074125,1654,"BellaBowl Red Sm",Dog
842982074125,6015,"royal can york 2.5#",Dog and cat food
842982074132,1655,"BellaBowl Red Med",Dog
842982074132,6016,"royal can chih 10#",Dog and cat food
842982074149,1656,"BellaBowl Red Lg",Dog
842982074149,6017,"barn home xsm",Dog
029695435515,1657,"Vittles Vault Elevated Feeder 50 lbs",Dog
029695435515,6018,"barn home 25-50#",Dog
769397142303,1658,"Vittles Vault 30 lbs storage",Dog
769397142303,6019,"barn home 50-90#",Dog
022517737026,1659,"DOGIT Go Slow Xs Blue",Dog
022517737026,6020,"indigo 50-90# house",Dog
022517737019,1660,"DOGIT Go Slow Xs Pink",Dog
022517737019,6021,"vari kennel 70-90#",Dog
022517737170,1661,"DOGIT Go Slow M Black",Dog
022517737170,6022,"vari kennel giant",Dog
022517737163,1662,"DOGIT Go Slow M Blue",Dog
022517737163,6023,"pop up playpen",Dog
022517737316,1663,"DOGIT Go Slow L Blue",Dog
022517737316,6024,"collapsible crate",Dog
029695244988,1664,"PetMate 4gal Water Replenisher",Dog
029695244988,6025,"spree carrier blue 19 in",Dog
029695244780,1665,"PetMate Replendish 2.5 gal Water",Dog
029695244780,6026,"vari kennel 32""",Dog
029695245381,1666,"PetMate Replendish 4gal Water Grey",Dog
029695245381,6027,"vari kennel 36""",Dog
022517914007,1667,"Zeus H2EAU Fountain Dog",Dog
022517914007,6028,"vari kennel 24""",Dog
798549092883,1668,"Ferplast .16 us gal Food/Water",Dog
798549092883,6029,"vari kennel 19""",Dog
029695245404,1669,"Replendish0.5g.WTRw/Microban",Dog
029695245404,6030,"vari kennel 28""",Dog
029695244865,1670,"Replendish0.5GWTRw/Micro Grey",Dog
029695244865,6031,"skudo xsm",Dog
029695243455,1671,"Replendish Steel Sm Wtr 1g",Dog
029695243455,6032,"skudo cat",Dog
29695244360,1672,"PetMate Cafe Watr .25g",Dog
29695244360,6033,"skudo 40#",Dog
18940632405,1673,"SkidStop Med",Dog
18940632405,6034,"voyager pink 26.6",Dog
618940632412,1674,"SkidStop Lg",Dog
618940632412,6035,"voyager blue 26.6",Dog
618940632429,1675,"SkidStop Jumbo",Dog
618940632429,6036,"catit s grey",Dog
618940642589,1676,"SkidStop HeavyWeight Med",Dog
618940642589,6037,"catit grey med",Dog
618940642688,1677,"SkidStop HeavyWeight Lg",Dog
618940642688,6038,"catit bl s",Dog
029695231759,1678,"Pet Mate Double Cup Large",Dog
029695231759,6039,"catit red s",Dog
029695231742,1679,"Petmate Double cup Sm",Dog
029695231742,6040,"catit red med",Dog
079441001143,1680,"Heavy Weight 11.5oz bowl",Dog
079441001143,6041,"catiit blue med",Dog
079441002119,1681,"VanNess 16 Oz. Double",Dog
079441002119,6042,"voyager pink 24""",Dog
079441002133,1682,"VanNess 1.48 L dOUBLE",Dog
079441002133,6043,"voyager blue 24""",Dog
842982072572,1683,"RuffNTuff 3QT",Dog
842982072572,6044,"voyager grey 24""",Dog
842982072565,1684,"RuffMTuff 2QT",Dog
842982072565,6045,"NB ck & br rice 24#",Dog and cat food
077234585962,1685,"CrissCross Steel non Skid Dish",Dog
077234585962,6046,"NB plant 24#",Dog and cat food
77234586280,1686,"portofino dish dog blushpink 5""",Dog
77234586280,6047,"NB venisin 22#",Dog and cat food
077234061190,1687,"Cat/Reptile 5.25"" Bowl",Dog
077234061190,6048,"NB salmon sm br 4#",Dog and cat food
077234061152,1688,"4.75"" stoneware crock dog dish",Dog
077234061152,6049,"NB salmon 4#",Dog and cat food
029695244155,1689,"Petmate cafe WTR 1.5 G",Dog
029695244155,6050,"NB duck sm br 4#",Dog and cat food
029695246050,1690,"Petmate cafe feeder 12Lb",Dog
029695246050,6051,"NB duck 4#",Dog and cat food
029695246258,1691,"petmate cafe feeder 3Lb",Dog
029695246258,6052,"TOW anc wetland 5#",Dog and cat food
029695244940,1692,"Replendish 1G.WTRw/Microban",Dog
029695244940,6053,"TOW anc stream 5#",Dog and cat food
029695244926,1693,"Replendish 1GWTRWMicro Grey",Dog
029695244926,6054,"TOW anc mount 5#",Dog and cat food
029695244957,1694,"Replendish5LBFDRW/Microban",Dog
029695244957,6055,"TOW anc prarie 5#",Dog and cat food
029695245398,1695,"Replendish2LBFDRW/Micrban",Dog
029695245398,6056,"TOW anc prairie 14#",Dog and cat food
618940642787,1696,"SkidStop HvyWeight Jumbo",Dog
618940642787,6057,"TOW anc stream 14#",Dog and cat food
079441003031,1697,"Crock HvyWeight 20oz",Dog
079441003031,6058,"TOW anc mount 14#",Dog and cat food
079441003048,1698,"Crock HvyWeight 52Oz",Dog
079441003048,6059,"TOW anc stream 28#",Dog and cat food
079441003055,1699,"Crock HvyWeight 106OZ",Dog
079441003055,6060,"TOW anc wetland 28#",Dog and cat food
079441002126,1700,"Vaness Dual 42oz",Dog
079441002126,6061,"TOE anc prairie 28#",Dog and cat food
079441002010,1701,"VaNess Single 16oz",Dog
079441002010,6062,"TOW anc wetland 14#",Dog and cat food
079441002034,1702,"VanNess Single 44oz",Dog
079441002034,6063,"TOW wetland 14$",Dog and cat food
842982071353,1703,"Retro Small Blue Bowl",Dog
842982071353,6064,"TOW south can 14#",Dog and cat food
842982071360,1704,"Retro Med Blue Bowl",Dog
842982071360,6065,"TOW appal 14#",Dog and cat food
842982071377,1705,"Retro Lg Blue Bowl",Dog
842982071377,6066,"Tow south can 5#",Dog and cat food
077234061176,1706,"7.50"" StoneWare Crock Dog Dish",Dog
077234061176,6067,"TOW appal 5#",Dog and cat food
077234061183,1707,"9.50"" Stoneware Crock Dog Dish",Dog
077234061183,6068,"TOW wetland 5#",Dog and cat food
842982071575,1708,"Dolce Food & Water Bowl",Dog
842982071575,6069,"TOW pacif stream 5#",Dog and cat food
842982071605,1709,"Dolce had me at woof Bowl",Dog
842982071605,6070,"TOW pacific stream 14#",Dog and cat food
842982071544,1710,"Dolce Puppy Forever Bowl",Dog
842982071544,6071,"TOW sierra mount 5#",Dog and cat food
842982071308,1711,"Retro Xsm Pink Bowl",Dog
842982071308,6072,"TOW sierra mount 14#",Dog and cat food
842982071339,1712,"Retro Large Pink Bowl",Dog
842982071339,6073,"TOW sierra mount 28#",Dog and cat food
879213000066,1713,"Coastal Elevated Feeder",Dog
879213000066,6074,"TOW high prairie 5#",Dog and cat food
029695234798,1714,"PM Easy Reach Dinner XL",Dog
029695234798,6075,"TOW high prairie 14#",Dog and cat food
842982079915,1715,"Sm Blue Double Diner Trvl",Dog
842982079915,6076,"TOW high prairie 28#",Dog and cat food
029695235924,1716,"PetMate Travel Bowl Duo",Dog
029695235924,6077,"TOW high prairie puppy 5#",Dog and cat food
842982079861,1717,"Med Blue Solo Bowl Tvrl",Dog
842982079861,6078,"TOW high prairie puppy 28#",Dog and cat food
022517440056,1718,"Catit Fountain Filter Mini 3pck",Dog
022517440056,6079,"pacific stream puppy 5#",Dog and cat food
842982079878,1719,"Lg Blue Single Bowl Trvl",Dog
842982079878,6080,"pacific stream puppy 14#",Dog and cat food
029695291555,1720,"PetMate Kennel Cup DBL",Dog
029695291555,6081,"DIAM sm br ck 6#",Dog and cat food
029695291562,1721,"PetMate kKennel Cup single",Dog
029695291562,6082,"DIAM sm br ck 18#",Dog and cat food
076711007430,1722,"Cage Crock Steel",Dog
076711007430,6083,"DIAM sm br lamb 18#",Dog and cat food
030172084652,1723,"Cat/DogLife Filter Cartridge Replace",Dog
030172084652,6084,"DIAM sm br puppy 6#",Dog and cat food
026716899998,1724,"PetCrest Tie Out Stake",Dog
026716899998,6085,"DIAM sm br puppy 18#",Dog and cat food
076484890130,1725,"Titan Spiral Stake&TieOut Combo",Dog
076484890130,6086,"DIAM als ck 40#",Dog and cat food
045663950002,1726,"FourPaws Walk About 19"" SprlStake",Dog
045663950002,6087,"DIAM senior 35#",Dog and cat food
045663900007,1727,"FourPaws WalkAbout 21"" hvy tieout stake",Dog
045663900007,6088,"DIAM light 15#",Dog and cat food
045663905002,1728,"FourPaws WalkAbout giant stake",Dog
045663905002,6089,"DIAM light 30#",Dog and cat food
026716800000,1729,"PetCrestSpiralStake",Dog
026716800000,6090,"DIAM gr fr 28#",Dog and cat food
048081021125,1730,"PH Tieout spiralstake 24""",Dog
048081021125,6091,"DIAM lg br lamb 40#",Dog and cat food
048081021118,1731,"PH TieOut SpiralStake 18""",Dog
048081021118,6092,"DIAM lg br 40#",Dog and cat food
076484890260,1732,"Titan Tie Out Chain 15Ft",Dog
076484890260,6093,"SD sm min 7+ 15.5#",Dog and cat food
076484890420,1733,"Titan ShockSpring With Snap",Dog
076484890420,6094,"SD light sm bite 5#",Dog and cat food
076484082504,1734,"Coastal 15' BigDogTieout",Dog
076484082504,6095,"SD 7+ 33#",Dog and cat food
076484082405,1735,"Coastal 10' BigDogTieout",Dog
076484082405,6096,"SD sm min perf weight 4#",Dog and cat food
026716915100,1736,"PetCrest Tie out cable Sm 10FT",Dog
026716915100,6097,"SD mobility lg br 30#",Dog and cat food
045663847159,1737,"FourPaws TieOutCable15FtHvyWght",Dog
045663847159,6098,"SD sm min sensitive 15#",Dog and cat food
045663847203,1738,"FourPawsTieOutCable20FT HvyWght",Dog
045663847203,6099,"DIAM puppy 6#",Dog and cat food
045663848200,1739,"FourPaws TieoutCabble20FT SUPER",Dog
045663848200,6100,"DIAM puppy 20#",Dog and cat food
076484890512,1740,"Titan TieOut 15"" Med",Dog
076484890512,6101,"DIAM puppy 40#",Dog and cat food
076484890536,1741,"Titan TieOut 30' Med",Dog
076484890536,6102,"DIAM puppy lg br 6#",Dog and cat food
076484890604,1742,"Titan TieOut 15' Heavy",Dog
076484890604,6103,"DIAM puppy lg br 20#",Dog and cat food
076484890611,1743,"Titan TieOut 20' Heavy",Dog
076484890611,6104,"DIAM puppy lg br 40#",Dog and cat food
076484890628,1744,"Titan TieOut 30' Heavy",Dog
076484890628,6105,"DIAM mainten 20#",Dog and cat food
076484512117,1745,"Titan TieOut 30' Giant",Dog
076484512117,6106,"DIAM mainten 40#",Dog and cat food
076484512087,1746,"Titan Tieout 10'Giant",Dog
076484512087,6107,"DIAM prem 6#",Dog and cat food
076484512094,1747,"Titan TieOut 15' Giant",Dog
076484512094,6108,"DIAM prem 20#",Dog and cat food
076484512100,1748,"Titan TieOut 20' Giant",Dog
076484512100,6109,"DIAM prem 50#",Dog and cat food
048081021170,1749,"PH TieOut Chain 20' Hvy Duty",Dog
048081021170,6110,"DIAM lamb 6#",Dog and cat food
048081021132,1750,"PH TieOut Chain 10' Med Duty",Dog
048081021132,6111,"DIAM lamb 20#",Dog and cat food
048081021149,1751,"PH TieOut Chain 15' Med Duty",Dog
048081021149,6112,"DIAM lamb 40#",Dog and cat food
048081021262,1752,"PH TieOut Chain 30' Hvy Duty",Dog
048081021262,6113,"DIAM skin 15#",Dog and cat food
048081021163,1753,"PH TieOut Chain 15' Hvy Duty",Dog
048081021163,6114,"DIAM skin 30#",Dog and cat food
076484042133,1754,"Coastal RD 10' Cotton training leash",Dog
076484042133,6115,"DIAM orig 50#",Dog and cat food
076484042119,1755,"Coastal BLK 10' Cotton train Leash",Dog
076484042119,6116,"SPORTMIX bite size 40#",Dog and cat food
076484043079,1756,"Coastal BLK 15' Cotton Train Leash",Dog
076484043079,6117,"SPORTMIX energy plus 50#",Dog and cat food
076484043086,1757,"Coastal RD 15' Cotton Train leash",Dog
076484043086,6118,"SPORTMIX high energy 50#",Dog and cat food
045663561208,1758,"FourPaws 20' Cotton Train leash",Dog
045663561208,6119,"SPORTMIX puppy sm bite 1605#",Dog and cat food
076484043277,1759,"Coastal BLK 20' Cotton Train Leash",Dog
076484043277,6120,"FROMM classic 30#",Dog and cat food
076484044083,1760,"Coastal BLK 30' Cotton Train Leash",Dog
076484044083,6121,"FROMM classic puppy 30#",Dog and cat food
076484044090,1761,"Coastal RD 30' Cotton train Leash",Dog
076484044090,6122,"FROMM classic puppy 5#",Dog and cat food
045663561307,1762,"FourPaws 30' Cotton Train Leash",Dog
045663561307,6123,"Fromm classic puppy 15#",Dog and cat food
048081021248,1763,"PH Tie Out Trolley Set Hvy Dty",Dog
048081021248,6124,"FROMM classic 5#",Dog and cat food
045663856205,1764,"FourPaws Med 20' Tie out Cable",Dog
045663856205,6125,"FROMM classic 15#",Dog and cat food
045663847500,1765,"FourPaws 50' Hvy weight tie out cable",Dog
045663847500,6126,"FROMM gold puppy 5#",Dog and cat food
076484890703,1766,"Titan Aerial Dog run",Dog
076484890703,6127,"FROMM gold puppy 15#",Dog and cat food
818786014971,1767,"Zippy Paws XS Life Jacket",Dog
818786014971,6128,"FROMM gold puppy 30#",Dog and cat food
818786014988,1768,"Zippy Paws Sm Life Jacket",Dog
818786014988,6129,"FROMM gold lg br puppy 5#",Dog and cat food
818786014995,1769,"Zippy Paws Med Life Jacket",Dog
818786014995,6130,"FROMM gold lg br puppy 15#",Dog and cat food
818786015008,1770,"Zippy Paws Lg Life Jacket",Dog
818786015008,6131,"FROMM gold lg br puppy 30#",Dog and cat food
030172085284,1771,"Red Cross XL Life jacket",Dog
030172085284,6132,"FROMM gold sm br 5#",Dog and cat food
891293000613,1772,"HappyRide Booster seat upto 18",Dog
891293000613,6133,"FROMM gold sm be 15#",Dog and cat food
891293000606,1773,"Happy Ride Booster Seat up to 12",Dog
891293000606,6134,"FROMM gold 5#",Dog and cat food
035585081311,1774,"Kong Ez Cone Collar Sm",Dog
035585081311,6135,"FROMM gold 15#",Dog and cat food
035585081212,1775,"Kong Ez Cone Collar Med",Dog
035585081212,6136,"FROMM gold 30#",Dog and cat food
035585081113,1776,"Kong Ez Cone Collar Lrg",Dog
035585081113,6137,"FROMM gold lg br 15#",Dog and cat food
035585081014,1777,"Kong Ez Cone Collar x-Lg",Dog
035585081014,6138,"FROMM gold lg br 30#",Dog and cat food
035585081007,1778,"Kong Ez Cone Collar XX-Lg",Dog
035585081007,6139,"FROMM gold lg br 5#",Dog and cat food
852185001637,1779,"Happy Ride Safty Harness 45-75",Dog
852185001637,6140,"FROMM gold lb br weight 15#",Dog and cat food
852185001620,1780,"Happy Ride Safty Harness 25-50",Dog
852185001620,6141,"FROMM gold weight 5#",Dog and cat food
076484986000,1781,"Coastal Auto Tether",Dog
076484986000,6142,"FROMM gold weight 15#",Dog and cat food
854880001479,1782,"Thunder Shirt xxs",Dog
854880001479,6143,"FROMM gold weight 30#",Dog and cat food
819505013190,1783,"Thunder Shirt Sport XXS",Dog
819505013190,6144,"FROMM gold senior 5#",Dog and cat food
035585081328,1784,"Kong Cloud XS",Dog
035585081328,6145,"FROMM gold senior 15#",Dog and cat food
035585081335,1785,"Kong Cloud SM",Dog
035585081335,6146,"FROMM gold senior 30#",Dog and cat food
035585081342,1786,"Kong Cloud Med",Dog
035585081342,6147,"FROMM gold ancient 30#",Dog and cat food
035585081359,1787,"Kong Cloud Lrg",Dog
035585081359,6148,"FROMM ck a la veg 4#",Dog and cat food
035585081373,1788,"Kong EZ Soft Collar Sm",Dog
035585081373,6149,"FROMM ck a la veg 12#",Dog and cat food
819505013206,1789,"Thunder Shirt Sport XS",Dog
819505013206,6150,"FROMM ck a la veg 26#",Dog and cat food
819505013213,1790,"Thunder Shirt Sport Sm",Dog
819505013213,6151,"FROMM duck a la veg 4#",Dog and cat food
683615359116,1791,"Zenpet BuddyLift",Dog
683615359116,6152,"FROMM duck a la veg 12#",Dog and cat food
683615359130,1792,"ZenPet Buddy Lift L/XL",Dog
683615359130,6153,"FROMM duck a la veg 26#",Dog and cat food
891293000811,1793,"CareLift rear support Harness M",Dog
891293000811,6154,"FROMM whitefish 4#",Dog and cat food
891293000828,1794,"CareLift Rear Support Harness L",Dog
891293000828,6155,"FROMM whitefish 12#",Dog and cat food
819505013237,1795,"Thunder Shirt Sport L",Dog
819505013237,6156,"FROMM whitefish 26#",Dog and cat food
819505013220,1796,"Thunder Shirt Sport M",Dog
819505013220,6157,"FROMM salmon a la veg 4#",Dog and cat food
045663158200,1797,"WeeWee Patch Indoor Potty sm",Dog
045663158200,6158,"FROMM salmon a la veg 12#",Dog and cat food
045663158309,1798,"WeeWee Patch Indoor Potty Med",Dog
045663158309,6159,"FROMM salmon a la veg 26#",Dog and cat food
045663182359,1799,"WeeWee Spring Action Scoop Sm",Dog
045663182359,6160,"FROMM pork & apple 4#",Dog and cat food
045663182304,1800,"WeeWee SpringActionGrss Scp  Med",Dog
045663182304,6161,"FROMM pork & apple 12#",Dog and cat food
045663182403,1801,"Weewee Spring Actial Scoop Med",Dog
045663182403,6162,"FROMM pork & apple 26#",Dog and cat food
045663182410,1802,"WeeWee Spring Action Xl Scoop",Dog
045663182410,6163,"FROMM trout 4#",Dog and cat food
045663182427,1803,"WeeWeeSpringActGrss Scoop XL",Dog
045663182427,6164,"FROMM trout 12#",Dog and cat food
045663182007,1804,"WeeWee Plain Sanitary Scoop Sm",Dog
045663182007,6165,"FROMM trout 26#",Dog and cat food
045663975289,1805,"WeeWee Fold Away Scoop",Dog
045663975289,6166,"FROMM zealambder 26#",Dog and cat food
045663972370,1806,"WeeWee odor block Poo bag",Dog
045663972370,6167,"FROMM rancherosa 4#",Dog and cat food
077234984062,1807,"Spot In the bag waste bags",Dog
077234984062,6168,"FROMM lamb & lentil 4#",Dog and cat food
879213008833,1808,"Bergan Poo bag Dispenser",Dog
879213008833,6169,"FROMM lamb & lentil 26#",Dog and cat food
784099025655,1809,"PetCrest Poop Bags",Dog
784099025655,6170,"FROMM highlander beef 26#",Dog and cat food
076484136054,1810,"Coastal Soft Basket Muzzle Size 1",Dog
076484136054,6171,"FROMM surf & turf 4#",Dog and cat food
076484136061,1811,"Coastal Soft basket Muzzle Size 2",Dog
076484136061,6172,"FROMM surf & turf 12#",Dog and cat food
076484136078,1812,"Coastal Soft basket muzzle Size 3",Dog
076484136078,6173,"FROMM surf & turf 26#",Dog and cat food
076484136085,1813,"Coastal Soft Basket Muzzle Size 4",Dog
076484136085,6174,"FROMM pork & peas 4#",Dog and cat food
076484136092,1814,"Coastal Soft Basket Muzzle Size 5",Dog
076484136092,6175,"FROMM pork & peas 12#",Dog and cat food
076484136108,1815,"Coastal Soft Basket Muzzle Size 6",Dog
076484136108,6176,"FROMM beef frittata 4#",Dog and cat food
076484075995,1816,"Coastal Mesh Muzzle Size 1",Dog
076484075995,6177,"FROMM beef frittata 12#",Dog and cat food
076484076053,1817,"Coastal Mesh Muzzle Size 2",Dog
076484076053,6178,"FROMM beef frittata 26#",Dog and cat food
076484076060,1818,"Coastal Mesh Muzzle Size 3",Dog
076484076060,6179,"FROMM game bird 4#",Dog and cat food
076484076077,1819,"Coastal Mesh Muzzle Size 4",Dog
076484076077,6180,"FROMM game bird 12#",Dog and cat food
076484076084,1820,"Coastal Mesh Muzzle Size 5",Dog
076484076084,6181,"FROMM game bird 26#",Dog and cat food
076484076091,1821,"Coastal Mesh Muzzle Size 6",Dog
076484076091,6182,"FROMM ck frommage 4#",Dog and cat food
029695711077,1822,"PetMate Clean Resonse Rake&Pan",Dog
029695711077,6183,"FROMM ck frommage 12#",Dog and cat food
045663590208,1823,"FourPaws Walk About QuickFit Muzzle",Dog
045663590208,6184,"FROMM ck frommage 26#",Dog and cat food
076484076114,1824,"Coastal Mesh Muzzle Size 7XL",Dog
076484076114,6185,"FROMM hasen duck 4#",Dog and cat food
045663974787,1825,"WeeWee premium patch pet potty",Dog
045663974787,6186,"FROMM hasen duck 12#",Dog and cat food
030172029882,1826,"DryTech Puppy Pad 7pk",Dog
030172029882,6187,"Fromm coast weight 26#",Dog and cat food
030172029899,1827,"DryTech Puppy PAd 14pk",Dog
030172029899,6188,"PC 42"" single door",Dog
030172029905,1828,"DryTech Puppy Pad 30pk",Dog
030172029905,6189,"PC 48"" single door",Dog
045663150105,1830,"WeeWee House Breaking Aid Spray",Dog
045663150105,6191,"MW 24"" single door",Dog
797801090117,1831,"NaturVET Potty here",Dog
797801090117,6192,"MW 30"" single door",Dog
045663170004,1832,"Keep Off Repeltant",Dog
045663170004,6193,"MW 36"" single door",Dog
810053870495,1833,"Skouts Honor Stay Off Training Aid",Dog
810053870495,6194,"PC 42"" double door",Dog
013292820003,1834,"NaturVet Off Limits Training Spray",Dog
013292820003,6195,"PC 24"" double door",Dog
045663188993,1835,"WeeWee Dispo Liner Pads 24pk",Dog
045663188993,6196,"PC 30"" double door",Dog
045663972288,1836,"WeeWeed Dispo Liner pads 10pk",Dog
045663972288,6197,"PC 36"" double door",Dog
045663972271,1837,"WeeWee Dispo MaleWrap Med/Lg 12",Dog
045663972271,6198,"PC 48"" double door",Dog
045663970000,1838,"WeeWee SIlicone Pad Holder",Dog
045663970000,6199,"MW exercise pen 24""",Dog
045663974404,1839,"WeeWee DispoDiapers Sm 36Pk",Dog
045663974404,6200,"exercise pen 30""",Dog
045663158521,1840,"WeeWee Patch Replace Grass Sm",Dog
045663158521,6201,"PC exercise pen 36""",Dog
045663158538,1841,"WeeWee Patch Replace Grass Med",Dog
045663158538,6202,"exercise pen 48""",Dog
045663974831,1842,"WeeWee Washable Pad 3pk",Dog
045663974831,6203,"MW spree kennel red 19""",Dog
045663972332,1843,"WeeWee DispoDiapers Lg/XL 12pk",Dog
045663972332,6204,"MW spree kennel green 19""",Dog
045663972325,1844,"WeeWee DispoDiapers Med 12 PK",Dog
045663972325,6205,"MW spree kennel red 24""",Dog
045663972318,1845,"WeeWee DispoDiapers Sm 12Pk",Dog
045663972318,6206,"MW spree kennel green 24""",Dog
045663972301,1846,"WeeWee DispoDiapers Xsmall 12pk",Dog
045663972301,6207,"BLUE B wilderness salmon 4.5#",Dog and cat food
010279105924,1847,"Simple Solution Sm Washable Diaper",Dog
010279105924,6208,"BLUE B wilder sm br 4.5#",Dog and cat food
010279105931,1848,"SimpleSolution Med Washable Diaper",Dog
010279105931,6209,"BLUE B wilder sm br 13#",Dog and cat food
010279105955,1849,"SimpleSolution XL Washable Diaper",Dog
010279105955,6210,"BLUE B wilder lg br ck 24#",Dog and cat food
010279112410,1850,"SimpleSolution Med WashMale Warp",Dog
010279112410,6211,"BLUE B basic salmon 4#",Dog and cat food
010279112427,1851,"SimpleSolution Lg WashMale Wrap",Dog
010279112427,6212,"BLUE B basic turkey 4#",Dog and cat food
045663016494,1852,"WeeWee XL Pads 40pk",Dog
045663016494,6213,"BLUE B basic sm br 4#",Dog and cat food
045663016630,1853,"WeeWee XXL Pads 18pk",Dog
045663016630,6214,"BLUE B freedom sm br 4#",Dog and cat food
045663016487,1854,"WeeWee XL Pads 21 Pk",Dog
045663016487,6215,"BLUE B freedom sm br 11#",Dog and cat food
045663016470,1855,"WeeWee XL Pads 14pk",Dog
045663016470,6216,"BLUE B lg br 30#",Dog and cat food
045663971144,1856,"WeeWee Super Absorbant 40pk",Dog
045663971144,6217,"BLUE B lg br 15#",Dog and cat food
045663974855,1857,"WeeWee InstaRise Border 50pk",Dog
045663974855,6218,"BLUE B lg br h weight 30#",Dog and cat food
045663975746,1858,"WeeWee Grass Scent Pads 10pk",Dog
045663975746,6219,"BLUE B lg br puppy 30#",Dog and cat food
045663974848,1859,"WeeWee InstaRise Border 10pk",Dog
045663974848,6220,"BLUE B senior 15#",Dog and cat food
045663016401,1860,"WeeWee Pads 100pk",Dog
045663016401,6221,"BLUE B senior 30#",Dog and cat food
045663016357,1861,"WeeWee Pads 50 pk",Dog
045663016357,6222,"BLUE B sm br senior 5#",Dog and cat food
045663016302,1862,"WeeWee Pad 30 pk",Dog
045663016302,6223,"BLUE B sm br senior 15#",Dog and cat food
045663016142,1863,"WeeWee Pad 14pk",Dog
045663016142,6224,"BLUE B senior 5#",Dog and cat food
045663160005,1864,"WeeWee pad 7pk",Dog
045663160005,6225,"BLUE B sm br lamb 5#",Dog and cat food
045663970475,1865,"FourPaws Wee Wee pad",Dog
045663970475,6226,"BLUE B sm br lamb 15#",Dog and cat food
030172041150,1866,"DryTech 100 pk Pads",Dog
030172041150,6227,"BLUE B sm br 5#",Dog and cat food
027773008293,1867,"Quiet Time Pet bed Blue 18""",Dog
027773008293,6228,"BLUE B sm br 15#",Dog and cat food
027773008279,1868,"Quiet time pet bed Pink 18""",Dog
027773008279,6229,"BLUE B lamb 5#",Dog and cat food
027773009450,1869,"Quiet Time Reverseible Bed 18""",Dog
027773009450,6230,"BLUE B lamb 15#",Dog and cat food
027773009467,1870,"QuietTime Reverseible Bed 22""",Dog
027773009467,6231,"BLUE B lamb 30#",Dog and cat food
026716007201,1871,"PetCrest  Fleece BolsterBed Sm",Dog
026716007201,6232,"BLUE B ck 5#",Dog and cat food
027773027843,1872,"QuietTime Bolser Bed xs",Dog
027773027843,6233,"BLUE B ck 15#",Dog and cat food
027773004875,1873,"Quiet time Bolster Bed Sm White",Dog
027773004875,6234,"BLUE B ck 30#",Dog and cat food
027773009474,1874,"Quiet Time Reversible Bed 24""",Dog
027773009474,6235,"BLUE B sm bite 15#",Dog and cat food
027773027850,1875,"Quiet time Bolster Bed Sm Grey",Dog
027773027850,6236,"BLUE B sm bite 30#",Dog and cat food
027773007203,1876,"Quiet Time Bed Pink 36""",Dog
027773007203,6237,"BLUE B puppy 5#",Dog and cat food
027773007197,1877,"Quiet Time Bed Pink 30""",Dog
027773007197,6238,"BLUE B puppy 15#",Dog and cat food
027773007289,1878,"Quiet Time Bed Blue 36""",Dog
027773007289,6239,"BLUE B sm br puppy 5#",Dog and cat food
027773004882,1879,"Quiet Time Bolsterd Bed Med White",Dog
027773004882,6240,"ACANA wh gr sea 4#",Dog and cat food
027773005100,1880,"Quiet Time Large brown bed",Dog
027773005100,6241,"ACANA butch ck 17#",Dog and cat food
027773005117,1881,"Quiet Time XL brown bed",Dog
027773005117,6242,"ACANA butch ck 4#",Dog and cat food
026716007508,1882,"PetCrest Fleece bed white XL",Dog
026716007508,6243,"ACANA butch beef 4#",Dog and cat food
027773005377,1883,"Quiet time XL black bed",Dog
027773005377,6244,"ACANA butch salmon 4#",Dog and cat food
027773004905,1884,"Quiet time LG White Bed",Dog
027773004905,6245,"ACANA wh gr duck 4#",Dog and cat food
027773004912,1885,"Quiettime XL white bed",Dog
027773004912,6246,"ORIJEN fit & trim 4.5#",Dog and cat food
191726769446,1886,"SquishMellow Bed ""Lola"" 20in",Dog
191726769446,6247,"ORIJEN fit &  trim 23.5#",Dog and cat food
027773008262,1887,"QuietTime Black Toy Bed",Dog
027773008262,6248,"ORIJEN region 4.5#",Dog and cat food
027773005322,1888,"QuietTime Black XS Bed",Dog
027773005322,6249,"ORIJEN region 13#",Dog and cat food
027773008255,1889,"QuietTime Brown toy Bed",Dog
027773008255,6250,"ORIJEN lg br puppy 23.5#",Dog and cat food
027773005063,1890,"QuietTime Brown XS BEd",Dog
027773005063,6251,"ORIJEN six fish 13#",Dog and cat food
027773005070,1891,"QuietTime Brown Sm Bed",Dog
027773005070,6252,"ORIJEN six fish 23.5#",Dog and cat food
027773005087,1892,"QuietTime Brown Med Bed",Dog
027773005087,6253,"ORIJEN orig 13#",Dog and cat food
027773005346,1893,"QuietTime Black Med bed",Dog
027773005346,6254,"ORIJEN orig 23.5#",Dog and cat food
027773005360,1894,"QuietTime BLack LG Bed",Dog
027773005360,6255,"ORIJEN sm br 4#",Dog and cat food
784099025457,1895,"PetCrest Brown Round Bed 25in",Dog
784099025457,6256,"ORIJEN puppy",Dog and cat food
022266176787,1896,"Territory Cow Pet Bd",Dog
022266176787,6257,"RED B lg br puppy gr fr 22#",Dog and cat food
784099025440,1897,"PetCrest Grey Roud bed 25in",Dog
784099025440,6258,"RED B sky wh gr 4#",Dog and cat food
784099025426,1898,"PetCrest Grey Pillow Bed",Dog
784099025426,6259,"RED B sky wh gr 22#",Dog and cat food
191726502111,1899,"SquishMellow Bed "" Maui"" 24in",Dog
191726502111,6260,"RED B sky gr fr 4#",Dog and cat food
191726769613,1900,"SquishMellow Bed ""Bubba"" 30in",Dog
191726769613,6261,"RED B sky gr fr 22#",Dog and cat food
191726502029,1901,"SquishMellow Bed "" Beula"" 20in",Dog
191726502029,6262,"RED B puppy wh gr 22#",Dog and cat food
191726509882,1902,"SquishMellow Bed ""Beula"" 30in",Dog
191726509882,6263,"RED B land who gr 4#",Dog and cat food
191726511946,1903,"Squishmellow Bed ""Avery"" 24in",Dog
191726511946,6264,"RED B land wh gr 22#",Dog and cat food
191726502159,1904,"SquishMellow Bed ""Gordon"" 24in",Dog
191726502159,6265,"RED B land gr fr 4#",Dog and cat food
191726502142,1905,"SquishMellow Bed ""Gordon"" 20in",Dog
191726502142,6266,"RED B land gr fr 22#",Dog and cat food
191726749288,1906,"Hello Kitty Pet Bed Lg Pink",Dog
191726749288,6267,"RED B ocean gr fr 4#",Dog and cat food
191726749301,1907,"Hello Kitty Pet Bed Sm White",Dog
191726749301,6268,"RED B ocean gr fr 22#",Dog and cat food
027773019152,1908,"QuietTime Cuddle bed Blue Med",Dog
027773019152,6269,"RED B ocean wh gr 22#",Dog and cat food
027773019176,1909,"QuietTime Cuddle Bed Grey Med",Dog
027773019176,6270,"REDE B puppy wh gr 4#",Dog and cat food
027773019145,1910,"Quiettime Cuddle Bed Blue Sm",Dog
027773019145,6271,"RED b lg br gr fr 15#",Dog and cat food
027773019169,1911,"QuietTime Cuddle Bed Grey Sm",Dog
027773019169,6272,"RED B puppy gr fr 4#",Dog and cat food
842229122220,1912,"FurHaven Calming Hug Bed SM",Dog
842229122220,6273,"RED B lg br wh gr 15#",Dog and cat food
842229130522,1913,"FurHaven Sm Bed",Dog
842229130522,6274,"RED B lg br wh gr 22#",Dog and cat food
030172102301,1914,"PennPlex Felt Steps Dk Grey 13""H",Dog
030172102301,6275,"RED B lg br gr fr 22#",Dog and cat food
818483019200,1915,"PetPals Charcoal 4 Level Pet Stairs",Dog
818483019200,6276,"NUTRI SOU sm puppy 1.5#",Dog and cat food
818483018388,1916,"PetPals Zoso 4 Level Pet stairs",Dog
818483018388,6277,"NUTRI SOU sm puppy 4#",Dog and cat food
891293000279,1917,"CozyUp Folding Pet Steps",Dog
891293000279,6278,"NUTRI SOU sm puppy 12#",Dog and cat food
729849109582,1918,"PetSafe Plastic Pet door Sm",Dog
729849109582,6279,"NUTRI SOU sm pyppu 26#",Dog and cat food
729849109605,1919,"PetSafe Plastic Pet door Lg",Dog
729849109605,6280,"NUTRI SOU lb br puppy 4#",Dog and cat food
729849108622,1920,"PetSafe Alumminum Door XL",Dog
729849108622,6281,"NUTRI SOU lg br puppy 12#",Dog and cat food
045663571306,1921,"FourPaws Wood Gate 26""-42""",Dog
045663571306,6282,"NUTRI SOU lg br puppy 26#",Dog and cat food
027773022794,1922,"MidWest PetGate 24"" Tall",Dog
027773022794,6283,"NUTRI SOU ck 4#",Dog and cat food
026107086259,1923,"MyPet Universal Pet Gate 26""x26""",Dog
026107086259,6284,"NUTRI SOU ck 12#",Dog and cat food
027773022800,1924,"MidWest PetGate 32"" Tall",Dog
027773022800,6285,"NUTRI SOU ck 26#",Dog and cat food
026107054524,1925,"MyPet Wide WlkThruGate",Dog
026107054524,6286,"NUTRI SOU lg br 26#",Dog and cat food
027773022893,1926,"MidWest PetGate Steel Pet Gate",Dog
027773022893,6287,"NUTRI SOU sm bite 4#",Dog and cat food
018214828198,1927,"NylaBone Cat Dental Kit",Cat
018214828198,6288,"NUTRI SOU sm bite 12#",Dog and cat food
076484006074,1928,"Safari Cat Nail Trimmer",Cat
076484006074,6289,"NUTRI SOU weight 4#",Dog and cat food
076484611407,1929,"Safari Cat Nail Trimmer",Cat
076484611407,6290,"NUTRI SOU weight 12#",Dog and cat food
076484513695,1930,"Safari Cat Bristle Brush",Cat
076484513695,6291,"NUTRI SOU weight 26#",Dog and cat food
076484510267,1931,"Safari Flea Comb",Cat
076484510267,6292,"NUTR SOU senior 4#",Dog and cat food
076484512056,1932,"Safari Cat Soft Tip Massager Brush",Cat
076484512056,6293,"NUTRI SOU senior 12#",Dog and cat food
035585211176,1933,"Kong Zoom Groom Cat",Cat
035585211176,6294,"NUTRI SOU senior 26#",Dog and cat food
039079003377,1934,"ComfortZone Cat Calming Kit",Cat
039079003377,6295,"NUTR SOU beef 4#",Dog and cat food
039079003537,1935,"ComfortZone Cat Calming Diffuser ref",Cat
039079003537,6296,"NUTRI SOU beef 12#",Dog and cat food
039079002141,1936,"ComFortZone Cat Spray&Scratch",Cat
039079002141,6297,"NUTRI SOU beef 26#",Dog and cat food
076484510687,1937,"Safari Cat Soft Slicker",Cat
076484510687,6298,"NUTRI SOU lamb 4#",Dog and cat food
076484005633,1938,"Safari Shedding Comb",Cat
076484005633,6299,"NUTRI SOU lamb 12#",Dog and cat food
076484860027,1939,"Safari SelfCleaning Slicker",Cat
076484860027,6300,"NUTRI SOU lamb 26#",Dog and cat food
076484004223,1940,"Safari The Complete Cat Brush",Cat
076484004223,6301,"NUTRI SOU lg br lamb 26#",Dog and cat food
076484510632,1941,"Safari Cat Shedding Blade",Cat
076484510632,6302,"NUTRI SOU gr fr lamb 4#",Dog and cat food
035585211220,1942,"Kong Naturals Catnip Spray",Cat
035585211220,6303,"NUTRI SOU gr fr lamb 12#",Dog and cat food
022517447574,1943,"Catit CatNip Roll On",Cat
022517447574,6304,"NUTRI SOU gr fr lamb 26#",Dog and cat food
022517438619,1944,"Catit Creamy Dish",Cat
022517438619,6305,"NUTRI SOU sm bite seaf 4#",Dog and cat food
022517437490,1945,"Catit Creamy Feeding Mat",Cat
022517437490,6306,"NUTRI SOU sm bite seaf 15#",Dog and cat food
022517438572,1946,"Catit Creamy Spoon",Cat
022517438572,6307,"NUTRI SOU seaf 4#",Dog and cat food
645095007420,1947,"TropiClean Natural Flea CAT mist",Cat
645095007420,6308,"NUTRI SOUR seaf 15#",Dog and cat food
810053870914,1948,"SkoutsHonor ProBiotic Honey Cat",Cat
810053870914,6309,"NUTRI SOUR gr fr weight 4#",Dog and cat food
045663976422,1949,"MagicCoat Cat Gentle Tearless",Cat
045663976422,6310,"NUTRI SOU gr fr weight 12#",Dog and cat food
602644021221,1950,"EarthBath HypoAllergenic Cat Shamp",Cat
602644021221,6311,"NUTRI SOU gr fr weight 26#",Dog and cat food
645095006096,1951,"TropiClean HypoAllergenic Cat Sham",Cat
645095006096,6312,"NUTRI SOU gr fr senior 4#",Dog and cat food
645095006218,1952,"TopiClean DeepCleansing Cat Sham",Cat
645095006218,6313,"NUTRI SOU gr fr senior 12#",Dog and cat food
645095007437,1953,"Tropiclean NatFlea&Tic No rinse Cat",Cat
645095007437,6314,"NUTRI SOU lg br gr fr lamb 26#",Dog and cat food
645095004054,1954,"Tropiclean OxyMed Hairball Foam Sham",Cat
645095004054,6315,"NUTRI SOU gr fr sm puppy 4#",Dog and cat food
018065984982,1955,"Natures Micracle Catnip Train Spray",Cat
018065984982,6316,"NUTRI SOU perfor 40#",Dog and cat food
669125998533,1956,"NutriVet Uri-Ease Cat paw Gel",Cat
669125998533,6317,"NUTRI SOU choice fish 30#",Dog and cat food
818582011945,1957,"Vetericyn HydroGel Cat",Cat
818582011945,6318,"NUTRI SOU choice ck 30#",Dog and cat food
818582010924,1958,"Vetericyn Facial Therepy Cat",Cat
818582010924,6319,"NUTRI SOU open waters 4#",Dog and cat food
797801036450,1959,"NaturVet Digestive Enzymes Cat",Cat
797801036450,6320,"PURE VITA gr fr salm & pea 5#",Dog and cat food
797801037327,1960,"NaturVet L-Lysine Cat",Cat
797801037327,6321,"PURE VITA gr fr salm & pea 12#",Dog and cat food
797801036405,1961,"NaturVet Quiet Moments Cat",Cat
797801036405,6322,"PURE VITA gr fr salm & pea 25#",Dog and cat food
797801036467,1962,"NaturVet Hairball Aid Cat",Cat
797801036467,6323,"PURE VITA ck & br rice 5#",Dog and cat food
850005524540,1963,"PetHonesty Digestive Probiotics Cat",Cat
850005524540,6324,"PURE VITA sm bi gr fr turkey 4#",Dog and cat food
020279997047,1964,"PetAg KMR 2nd Step Powder",Cat
020279997047,6325,"PURE VITA turkey gr fr 4#",Dog and cat food
020279995111,1965,"PetAg KMR Powder",Cat
020279995111,6326,"PURE VITA turkey gr fe 12#",Dog and cat food
020279995098,1966,"KMR Ready to use",Cat
020279995098,6327,"PURE VITA gr fr yurkey 25#",Dog and cat food
020279994824,1967,"KMR Goats Milk Ready To Use",Cat
020279994824,6328,"PURE VITA gr fr beef 4#",Dog and cat food
045663170103,1968,"KeepOff Cat & Kitten",Cat
045663170103,6329,"PURE VITA gr fr beef 25#",Dog and cat food
021653140011,1970,"BioGroom Cat Earmite 1oz",Cat
021653140011,6331,"MAX BULLY 30#",Dog and cat food
045663017323,1971,"Aloe EarMite Cat",Cat
045663017323,6332,"EUK sm br puppy 4.5#",Dog and cat food
046938080011,1972,"VetRx Cat &Kitten Aid",Cat
046938080011,6333,"EUK sm br puppy 15#",Dog and cat food
073091111023,1973,"Sentry HairBall Relief Cat",Cat
073091111023,6334,"EUK sm br 4.5#",Dog and cat food
030521067725,1974,"Nutri-Stat HighCalorie Supplement",Cat
030521067725,6335,"EUK med br 16#",Dog and cat food
030521068098,1975,"Tomlyn Hairball Relief Gel for cats",Cat
030521068098,6336,"EUK lg br 30#",Dog and cat food
030521062188,1976,"Tomlyn High Calorie Gel kitten",Cat
030521062188,6337,"EUK lg br lamb 30#",Dog and cat food
030521067879,1977,"Tomlyn High Calorie Gel Cat",Cat
030521067879,6338,"EARTHBORN meadow 25#",Dog and cat food
018065057815,1978,"NaturesMiracle No more Spraying",Cat
018065057815,6339,"EARTHBORN coastal catch 12.5#",Dog and cat food
018065284044,1979,"NaturesMiracle Advance No spray",Cat
018065284044,2306,"NaturesMiracle No More Spraying",Cat
018065284044,6340,"EARTHBORN coastal catch 25#",Dog and cat food
018065284044,6667,"ZIGN turk 4#",Dog and cat food
022517524183,1980,"Catit Home Scratcher orange",Cat
022517524183,6341,"WELLN sm br weight 4#",Dog and cat food
022517524190,1981,"Catit Home Scratcher Purple",Cat
022517524190,6342,"WELLN sm br turk 4#",Dog and cat food
030172101465,1982,"Cat Scratcher Replacement Pad",Cat
030172101465,6343,"WELLN sm br core 12#",Dog and cat food
030172015250,1983,"CatLife Catch&Scratch Sm",Cat
030172015250,6344,"WELLN wh fish 26#",Dog and cat food
030172093210,1984,"CatLife Catch&Scratch Lg",Cat
030172093210,6345,"IAMS mini chu 7#",Dog and cat food
076484773105,1985,"LilPals CC FWR08",Cat
076484773105,6346,"IAMS mini chu 15#",Dog and cat food
076484773129,1986,"LilPals CC SQA08",Cat
076484773129,6347,"IAMS mini chu 30#",Dog and cat food
076484773112,1987,"LilPals CC NDT08",Cat
076484773112,6348,"IAMS sm br 7#",Dog and cat food
076484773136,1988,"LilPals CC STW08",Cat
076484773136,6349,"IAMS lg br puppy 15#",Dog and cat food
076484066283,1989,"LilPals CC DMC07",Cat
076484066283,6350,"CANIDAE als salm 5#",Dog and cat food
076484067297,1990,"Lilpals CC WDF08",Cat
076484067297,6351,"CANIDAE als multi prot 40#$",Dog and cat food
076484067242,1991,"LilPals CC PSC08",Cat
076484067242,6352,"PRO PLAN sm br sensit 4#",Dog and cat food
076484067266,1992,"LilPals CC GND08",Cat
076484067266,6353,"FROMM ancient 15#",Dog and cat food
076484672217,1993,"LilPals CC FWB08",Cat
076484672217,6354,"FROMM lamb 12#",Dog and cat food
076484672231,1994,"LilPals CC LEB08",Cat
076484672231,6355,"FROMM rancharosa 12#",Dog and cat food
076484672255,1995,"Lilpals CC PBY08",Cat
076484672255,2046,"COASTAL CC PBY08",Cat
076484672255,6356,"PRO PLAN sensit puppy salm 15#",Dog and cat food
076484672255,6407,"VIT ESSEN ck ground top 6oz",Dog and cat food
076484672224,1996,"LilPals CC GPG08",Cat
076484672224,6357,"PRO PLAN sensi sm br 15#",Dog and cat food
076484672248,1997,"LilPals CC HTF08",Cat
076484672248,6358,"PRO PLAN sensi salm 4#",Dog and cat food
076484677519,1998,"Coastal CC GGS12",Cat
076484677519,6359,"PRO PLAN sensi salm 16#",Dog and cat food
076484067594,1999,"Coastal CC GPQ12",Cat
076484067594,6360,"PRO PLAN sensi salm 30#",Dog and cat food
076484067563,2000,"COASTAL CC GLS12",Cat
076484067563,6361,"PRO PLAN sensi lam 4#",Dog and cat food
076484067570,2001,"COASTAL CC GOF12",Cat
076484067570,6362,"PRO PLAN sensi lam 24#",Dog and cat food
076484067556,2002,"COASTAL CC GBF12",Cat
076484067556,6363,"PRO PLAN weight shred 6#",Dog and cat food
076484067587,2003,"COASTAL CC GPL12",Cat
076484067587,6364,"PRO PLAN weight shred 18#",Dog and cat food
076484677502,2004,"COASTAL CC GBG12",Cat
076484677502,6365,"PRO PLAN weight shred 34#",Dog and cat food
076484677533,2005,"COASTAL CC GOC12",Cat
076484677533,6366,"PRO PLAN weight 18#",Dog and cat food
076484677526,2006,"COASTAL CC GBT12",Cat
076484677526,6367,"PRO PLAN weight 34#",Dog and cat food
076484670718,2007,"COASTAL CC PNK12",Cat
076484670718,6368,"PRO PLAN ck shred 6#",Dog and cat food
076484670701,2008,"COASTAL CC DMB12",Cat
076484670701,6369,"PRO PLAN ck 30/20 18#",Dog and cat food
076484670732,2009,"COASTAL CC SBE12",Cat
076484670732,6370,"PRO PLAN ck 30/20 37.5#",Dog and cat food
076484670749,2010,"COASTAL CC SOG12",Cat
076484670749,6371,"PRO PLAN beef shred 5#",Dog and cat food
076484673108,2011,"COASTAL CC BSR12",Cat
076484673108,6372,"PRO PLAN beef shred 15#",Dog and cat food
076484673115,2012,"COASTAL CC CMO12",Cat
076484673115,6373,"PRO PLAN beef shred 35#",Dog and cat food
076484673146,2013,"COASTAL CC STE12",Cat
076484673146,6374,"PRO PLAN ck shred 15#",Dog and cat food
076484673122,2014,"COASTAL CC PRL12",Cat
076484673122,6375,"PRO PLAN ck shred 35#",Dog and cat food
076484673139,2015,"COASTAL CC RFL12",Cat
076484673139,6376,"PRO PLAN lamb shred 5#",Dog and cat food
076484717154,2016,"COASTAL CC GSW12",Cat
076484717154,6377,"PRO PLAN lamb shred 15#",Dog and cat food
076484717130,2017,"COASTAL GKS12",Cat
076484717130,6378,"PRO PLAN lamb shred 35#",Dog and cat food
076484717246,2018,"COASTAL CC TZX12",Cat
076484717246,6379,"PRO PLAN sm br ck shred 6#",Dog and cat food
076484717239,2019,"COASTAL CC MTM12",Cat
076484717239,6380,"PRO PLAN sm br ck shred 18#",Dog and cat food
076484717116,2020,"COASTAL CC CSF12",Cat
076484717116,6381,"PRO PLAN sm br ck 6#",Dog and cat food
076484717185,2021,"COASTAL CC TPE12",Cat
076484717185,6382,"PRO PLAN sm br 18#",Dog and cat food
076484717178,2022,"COASTAL CC SHC12",Cat
076484717178,6383,"PRO PLAN toy 5#",Dog and cat food
076484717222,2023,"COASTAL CC MPY12",Cat
076484717222,6384,"PRO PLAN lg br 18#",Dog and cat food
076484717208,2024,"COASTAL CC GSA12",Cat
076484717208,6385,"PRO PLAN lg br 34#",Dog and cat food
076484717215,2025,"COASTAL CC MGD12",Cat
076484717215,6386,"PRO PLAN lg br puppy 18#",Dog and cat food
076484672309,2026,"COASTAL CC BLK12",Cat
076484672309,6387,"PRO PLAN lg br puppy 34#",Dog and cat food
076484672316,2027,"COASTAL CC BLU12",Cat
076484672316,6388,"PRO PLAN shred puppy 6#",Dog and cat food
076484672323,2028,"COASTAL CC PNK12",Cat
076484672323,6389,"PRO PLAN shred puppy 18#",Dog and cat food
076484672347,2029,"COASTAL CC RED12",Cat
076484672347,6390,"PRO PLAN shred puppy 34#",Dog and cat food
076484672354,2030,"COASTAL CC SLV12",Cat
076484672354,6391,"PRO PLAN puppy 6#",Dog and cat food
076484672378,2031,"COASTAL CC GRN12",Cat
076484672378,2033,"COASTAL CC GRN12",Cat
076484672378,6392,"PRO PLAN puppy 18#",Dog and cat food
076484672378,6394,"PRO PLAN lamb puppy 6#",Dog and cat food
076484067211,2032,"COASTAL CC PUR12",Cat
076484067211,6393,"PRO PLAN puppy 34#",Dog and cat food
076484067204,2034,"COASTAL CC BLL12",Cat
076484067204,6395,"PROI PLAN lamb puppy 18#",Dog and cat food
076484670268,2035,"COASTAL CC WRP12",Cat
076484670268,6396,"PRO PLAN lamb puppy 34#",Dog and cat food
076484761003,2036,"COASTAL CC BTR12",Cat
076484761003,2062,"COASTAL CC BTR12",Cat
076484761003,6397,"PRO PLAN toy puppy 5#",Dog and cat food
076484761003,6423,"PRIM fd turk & sard 14oz",Dog and cat food
076484670220,2037,"COASTAL CC LTS12",Cat
076484670220,6398,"VIT ESS turk min pat 14oz",Dog and cat food
076484774379,2038,"COASTAL CC PDT12",Cat
076484774379,6399,"VIT ESS turk min nib 14oz",Dog and cat food
076484670244,2039,"COASTAL CC PCG12",Cat
076484670244,6400,"VIT ESS duck min pat 14oz",Dog and cat food
076484670237,2040,"COASTAL CC MCH12",Cat
076484670237,6401,"VIT ESSen duck min nib 14oz",Dog and cat food
076484067532,2041,"COASTAL CC WDF12",Cat
076484067532,6402,"VIT ESSEN beef min pat 14oz",Dog and cat food
076484067839,2042,"COASTAL CC ZEB12",Cat
076484067839,6403,"VIT ESSEN beef min nib 14oz",Dog and cat food
076484067549,2043,"COASTAL CC ZPK12",Cat
076484067549,6404,"VIT ESSEN ck min pat 14oz",Dog and cat food
076484067525,2044,"COASTAL CC LEB12",Cat
076484067525,6405,"VIT ESSEN ck min nib 14oz",Dog and cat food
076484067099,2045,"COASTAL CC SKZ12",Cat
076484067099,6406,"VIT ESSEN turk ground top 6oz",Dog and cat food
076484171741,2047,"COASTAL CC FSD12",Cat
076484171741,6408,"VIT ESSEN beef ground top 6oz",Dog and cat food
076484171727,2048,"COASTAL CC SMW12",Cat
076484171727,6409,"SHEP BOY ck fdr 14oz",Dog and cat food
076484670381,2049,"COASTAL CC RAF12",Cat
076484670381,6410,"ORIJ orig fd 8oz",Dog and cat food
076484670374,2050,"COASTAL CC GXN12",Cat
076484670374,6411,"ORIJ tundra fd 8oz",Dog and cat food
076484670398,2051,"COASTAL CC SHN12",Cat
076484670398,6412,"ORIJ orig bites 6oz",Dog and cat food
076484670213,2052,"COASTAL CC DPM12",Cat
076484670213,6413,"PRIM kitr puppy 1.5#",Dog and cat food
076484670282,2053,"COASTAL CC PTR12",Cat
076484670282,6414,"PRIM kitr puppy 9#",Dog and cat food
076484467554,2054,"COASTAL CC SCB12",Cat
076484467554,6415,"PRIM kitr beef 1.5#",Dog and cat food
076484467394,2055,"COASTAL CC PCR12",Cat
076484467394,6416,"PRIM kitr ck 1.5#",Dog and cat food
076484067501,2056,"COASTAL CC FHB12",Cat
076484067501,6417,"PRIM kitr ck 9#",Dog and cat food
076484067860,2057,"COASTAL CC DAB12",Cat
076484067860,6418,"PRIM kitr fish 1.5#",Dog and cat food
076484761034,2058,"COASTAL CC LDB12",Cat
076484761034,6419,"NEXT LEVEL hi pro 30 50#",Dog and cat food
076484761041,2059,"COASTAL CC MGN12",Cat
076484761041,6420,"PRIM fd nug 14oz",Dog and cat food
076484761065,2060,"COASTAL CC SOU12",Cat
076484761065,6421,"PRIM fd pork 14oz",Dog and cat food
076484761027,2061,"COASTAL CC HPH12",Cat
076484761027,6422,"PRIM fd lamb 14oz",Dog and cat food
076484761072,2063,"COASTAL CC UNS12",Cat
076484761072,6424,"PRIM fd turk & sard 505oz",Dog and cat food
076484067822,2064,"COASTAL CC TIG12",Cat
076484067822,6425,"PRIM fd beef 14oz",Dog and cat food
076484763403,2065,"COASTAL CHARNESS SOB18",Cat
076484763403,6426,"PRIM fd beef 5.5oz",Dog and cat food
076484634628,2066,"COASTAL CHARNESS SKZ18",Cat
076484634628,6427,"ACANA fd beef 14oz",Dog and cat food
076484634703,2067,"COASTAL CHARNESS TIG18",Cat
076484634703,6428,"ACANA fd ck 14oz",Dog and cat food
076484163708,2068,"COASTAL CHARNESS COMBO BLKXSM",Cat
076484163708,6429,"ACANA fd duck 14oz",Dog and cat food
076484638664,2069,"COASTAL CHARNESS COMBO PKBXSM",Cat
076484638664,6430,"ACANA fd turk 14oz",Dog and cat food
076484638640,2070,"COASTAL CHARNCOMBO BLLXSM",Cat
076484638640,6431,"VICT seniior 40#",Dog and cat food
076484063428,2071,"COASTAL CHARNESS BLU18",Cat
076484063428,6432,"VICT hi energy 40#",Dog and cat food
076484003486,2072,"COASTAL CHARNESS RED18 COM",Cat
076484003486,6433,"VICT perfor 40#",Dog and cat food
076484063466,2073,"COASTAL CHARNESS RED18",Cat
076484063466,6434,"VICT yukon 30#",Dog and cat food
076484063442,2074,"COASTAL CHARNESS NPK18",Cat
076484063442,6435,"VICT hi pro 50#",Dog and cat food
076484063411,2075,"COASTAL CHARNESS BLK18",Cat
076484063411,6436,"VICT prof 30#",Dog and cat food
076484638671,2076,"COASTAL CHARNCOMBO REDXSM",Cat
076484638671,6437,"VICT hi pro 30#",Dog and cat food
076484630330,2077,"COASTAL CAT SOFT MESH HARN PINK",Cat
076484630330,6438,"VICT hi pro 15#",Dog and cat food
076484630323,2078,"COASTAL CATSOFTMESHHARN BLU",Cat
076484630323,6439,"VICT salm sensi 5#",Dog and cat food
076484630309,2079,"COASTAL CATSOFTMESHHARN BLK",Cat
076484630309,6440,"VICT sensi lam 5#",Dog and cat food
076484630347,2080,"COASTAL CATSOFTMESHHARN RED",Cat
076484630347,6441,"VICT sensi lam 15#",Dog and cat food
759023076102,2081,"CWMK SM RED",Cat
759023076102,6442,"VICT lam & br rice 5#",Dog and cat food
759023076133,2082,"CWMK SM BLU",Cat
759023076133,6443,"VICT lam & rice 15#",Dog and cat food
759023085357,2083,"CWMK SM BLK",Cat
759023085357,6444,"VICT lam & sw pot 5#",Dog and cat food
759023076164,2084,"CWMK SM PURP",Cat
759023076164,6445,"VICT lam & sw pot 15#",Dog and cat food
759023076126,2085,"CWMK LG RED",Cat
759023076126,6446,"VICT lam & sw pot 30#",Dog and cat food
759023076140,2086,"CWMK MED BLUE",Cat
759023076140,6447,"VICT oce fish 40#",Dog and cat food
759023085364,2087,"CWMK MED BLK",Cat
759023085364,6448,"VICT multi 30#",Dog and cat food
759023076171,2088,"CWMK MED PURP",Cat
759023076171,6449,"VICT nutra pro 40#",Dog and cat food
76484163272,2089,"COASTAL HARN/LEASH GRY SML",Cat
76484163272,6450,"VICT beef 5#",Dog and cat food
030172093272,2090,"HOME GROWN GREENS PATCH",Cat
030172093272,6451,"VICT beef 15#",Dog and cat food
871864007104,2091,"CatStages EasyLife Hammock",Cat
871864007104,6452,"VICT beef 30#",Dog and cat food
076484596032,2092,"Turbo Truck Scratcher",Cat
076484596032,6453,"VICT puppy 5#",Dog and cat food
076484533815,2093,"Turbo Race Track Scratcher",Cat
076484533815,6454,"VICT puppt 30#",Dog and cat food
850023409188,2094,"Nacho Duck Liver Cat treats",Cat
850023409188,6455,"WHOLSO sensi salm 30#",Dog and cat food
860193002041,2095,"ShepBoy Freezedried chckhearts",Cat
860193002041,6456,"WHOLESO sensi 30#",Dog and cat food
860193002072,2096,"Shepboy Freezedried Minnows",Cat
860193002072,6457,"VALU PAK 30/20 purpl 50#",Dog and cat food
840199694075,2097,"Vital Cat Salmon Bites",Cat
840199694075,6458,"VALU PAK 28/20 bla 50#",Dog and cat food
878968001397,2098,"purebites cat freeze tuna",Cat
878968001397,6459,"VALU PAK 24/20 rd 50#",Dog and cat food
878968002868,2099,"Purebites cat freeze shrimp",Cat
878968002868,6460,"CANID multi 40#",Dog and cat food
840199694051,2100,"Vital Cat Minnows",Cat
840199694051,6461,"SD flexi stix beef",Dog and cat food
840199694037,2101,"Vital Cat chicken hearts",Cat
840199694037,6462,"SD training",Dog and cat food
840199694006,2102,"Vital Cat Ahi Tuna Bites",Cat
840199694006,6463,"SD flexi stix turk",Dog and cat food
840199694044,2103,"Vital Cat Duck Liver",Cat
840199694044,6464,"VICT ck & rice 13.2oz",Dog and cat food
840199694068,2104,"Vital cat Rabbit Bites",Cat
840199694068,6465,"VICT lam & rice 13.2oz",Dog and cat food
840199694020,2105,"Vital Cat Chicken Giblets",Cat
840199694020,6466,"VICT ck & veg 13.2oz",Dog and cat food
842982052352,2106,"FlavorFullz Salmon",Cat
842982052352,6467,"VICT beef & veg 13.2oz",Dog and cat food
842982052376,2107,"FlavorFullz Chicken &Catnip",Cat
842982052376,6468,"VICT turk & sw pot 13.2",Dog and cat food
842982052369,2108,"FlavorFullz Tuna",Cat
842982052369,6469,"DIAM lamb 13.2oz",Dog and cat food
022517444856,2109,"Catit Nibbly Shrimp Grills",Cat
022517444856,6470,"DIAM beef 13.2oz",Dog and cat food
855958006532,2110,"Grilled Chicken Fillet",Cat
855958006532,6471,"FROMM digestive 13oz",Dog and cat food
855958006488,2111,"Gilled Tuna Fillet",Cat
855958006488,6472,"FROMM mobility 13oz",Dog and cat food
850038728076,2112,"PetHonesty Hairball Support Cat",Cat
850038728076,6473,"FROMM immunity 13oz",Dog and cat food
035585516011,2113,"Kong Nibbies Cat fish",Cat
035585516011,6474,"FROMM clasic puppy 12.5oz",Dog and cat food
035585516004,2114,"Kong Nibbies Cat Chicken",Cat
035585516004,6475,"FROMM clasic ck 12.5oz",Dog and cat food
072705124107,2115,"Purr Snackitty Salmon",Cat
072705124107,6476,"FROMM clasic rurk 12.5oz",Dog and cat food
072705124008,2116,"Purr Snackitty Chicken",Cat
072705124008,6477,"FROMM shred ck 12oz",Dog and cat food
854913005757,2117,"Surf Kitty Kitty Treats",Cat
854913005757,6478,"FROMM ck frommb 12.5oz",Dog and cat food
855958006662,2118,"Churo Tuna w Salmon 4pk",Cat
855958006662,6479,"FROMM beef frommb 12.5oz",Dog and cat food
850006715763,2120,"Churo Skin & Coat chicken 4pk",Cat
850006715763,6481,"FROMM ck & sw pot 12.2oz",Dog and cat food
850006715756,2121,"Churo Skin&Coat Tuna 4pk",Cat
850006715756,6482,"FROMM wh fish & lentil 12.2oz",Dog and cat food
810138350942,2122,"FussieCat Tuna&Anchovies Puree 4pk",Cat
810138350942,6483,"FROMM tur duc & sw pot 12.2oz",Dog and cat food
810138350935,2123,"FussieCat Tuna Puree 4pk",Cat
810138350935,6484,"FROMM seafood 12.2oz",Dog and cat food
888641136162,2124,"FussieCat Tuna &ShrimpPUr 4pk",Cat
888641136162,6485,"FROMM lamb 12.2oz",Dog and cat food
888641136209,2125,"FussieCat Tuna&Chkn Pur 4pk",Cat
888641136209,6486,"FROMM ven & beef 12.2oz",Dog and cat food
810138351017,2126,"FussieCat Sardine Puree 4pk",Cat
810138351017,6487,"FROMM duc a la veg 12.2oz",Dog and cat food
810138350997,2127,"fussiecat oceanfish puree 4pk",Cat
810138350997,6488,"FROMM salm & ck 12.2oz",Dog and cat food
810138350973,2128,"FussieCat Mackrel Puree 4pk",Cat
810138350973,6489,"FROMM ck & duck 12.2oz",Dog and cat food
615650000036,2129,"Meowee Savory Spoonables 3 flvr",Cat
615650000036,6490,"FROMM beef & bar 12.2oz",Dog and cat food
855958006679,2130,"Churu ChckWCheese 4pk",Cat
855958006679,6491,"FROMM ck 12.2oz",Dog and cat food
855958006556,2131,"Churo Tuna 4pk",Cat
855958006556,6492,"FROMM ck & ri 12.2oz",Dog and cat food
022517444757,2132,"Catit Creamy Chkn&Shrimp 5pk",Cat
022517444757,6493,"FROMM tur & pumpk 12.2oz",Dog and cat food
022517444719,2133,"Catit Creamy Chkn&Lvr 5pk",Cat
022517444719,6494,"FROMM turk 12.2oz",Dog and cat food
022517444740,2134,"Catit Creamy Tuna 5pk",Cat
022517444740,6495,"FROMM lam & sw pot 12.2oz",Dog and cat food
022517444726,2135,"Catit Creamy Salmon 5pk",Cat
022517444726,6496,"ZIGN zssen 13oz",Dog and cat food
022517444450,2136,"Catit Creamy Chk&Shmp 12 pk",Cat
022517444450,6497,"ZIGN pork 13oz",Dog and cat food
022517444412,2137,"Catit Creamy Chkn&Lvr 12 pk",Cat
022517444412,6498,"ZIGN wh fish 13oz",Dog and cat food
022517444443,2138,"Catit Creamy Tuna 12pk",Cat
022517444443,6499,"ZIGN tr & salm 13oz",Dog and cat food
022517444429,2139,"Catit Creamy Salmon 12pk",Cat
022517444429,6500,"ZIGN lamb 13oz",Dog and cat food
642863101403,2140,"Feline Greenies Tuna Healthy Indoor",Cat
642863101403,6501,"ZIGN duck 13oz",Dog and cat food
642863101410,2141,"Feline Greenies Chkn Skin&Fur Health",Cat
642863101410,6502,"ZIGN kanga 13oz",Dog and cat food
642863111334,2142,"Feline Greenies Tuna Clean Breath",Cat
642863111334,6503,"ZIGN turk 13oz",Dog and cat food
642863111396,2143,"Feline Greenies Salmon Clean Breath",Cat
642863111396,6504,"TOW pacif stre 13.2oz",Dog and cat food
642863111303,2144,"Feline Greenies Chkn Cleans breath",Cat
642863111303,6505,"TOW wetland 13.2oz",Dog and cat food
642863111365,2145,"Feline Greenies Catnip Cleans Breath",Cat
642863111365,6506,"TOW south can 13.2oz",Dog and cat food
642863021428,2146,"Feline Greenies Pill Pockets Salmon",Cat
642863021428,6507,"TOW high prai 13.2oz",Dog and cat food
642863021411,2147,"Feline Greenies Pill Pockets Chkn",Cat
642863021411,6508,"TOW sier mount 13.2oz",Dog and cat food
076484596025,2148,"Turbo Infiniti Scratcher",Cat
076484596025,6509,"NUTRI SOU high plains 13oz",Dog and cat food
035585450162,2149,"Kong Premium CATNIP 2oz",Cat
035585450162,6510,"NUTRI SOU woodland 13oz",Dog and cat food
022517444320,2150,"Catit creamy 50 pk Variety",Cat
022517444320,6511,"NUTRI SOUR heartland 13oz",Dog and cat food
022517444382,2151,"Catit Tuna 50 pk",Cat
022517444382,6512,"NUTRI SOUR prairie 12.3oz",Dog and cat food
022517444368,2152,"Catit Chicken & Liver 50pk",Cat
022517444368,6513,"\NUTRI SOUR gr fr ck 13oz",Dog and cat food
022517444375,2153,"Catit Salmon 50pk",Cat
022517444375,6514,"NUTRI SOUR seafood 12.3oz",Dog and cat food
022517444399,2154,"Catit Chkn & Shrimp 50pk",Cat
022517444399,6515,"NUTRI SOUR gr fr lamb 12.3oz",Dog and cat food
850030015570,2155,"Churo 50pk Variety",Cat
850030015570,6516,"NUTRI SOUR 12.3oz",Dog and cat food
076484596001,2156,"Turbo MilkCarton Scratcher",Cat
076484596001,6517,"NUTRI SOUR ck lam & fish 13oz",Dog and cat food
076484596049,2157,"Turbo Stacked Rainbow Scratcher",Cat
076484596049,6518,"NUTRI SOUR beef & ri 1203oz",Dog and cat food
077234520727,2158,"SPOT Elasteez ballwfeathers",Cat
077234520727,6519,"NUTRI SOUR lamb 12.3oz",Dog and cat food
077234025154,2159,"SPOT ColorfulSprings Wide 10pk",Cat
077234025154,6520,"NUTRI SOUR ck 12.3oz",Dog and cat food
077234520000,2160,"Spot kitty fun tubes",Cat
077234520000,6521,"NUTRI SOUR puppy 13oz",Dog and cat food
077234028483,2161,"SPOT Slotted Balls 4pk",Cat
077234028483,6522,"NUTRI SOUR puppy 5.5oz",Dog and cat food
077234029145,2162,"SPOT Lattice Balls 4pk",Cat
077234029145,6523,"NUTRI SOUR pooch turky",Dog and cat food
077234020890,2163,"SPOT Colored Burlap Balls 3pk",Cat
077234020890,6524,"NUTRI SOUR pooch ck",Dog and cat food
077234021316,2164,"SPOT mylar Balls 4pk",Cat
077234021316,6525,"NUTRI SOUR pooch beef",Dog and cat food
077234023020,2165,"SPOT Sponge Soccer Balls 4pk",Cat
077234023020,6526,"NUTRI SOUR pv ck stew 12.5oz",Dog and cat food
077234521106,2166,"SPOT Catch & Release Cat Toy",Cat
077234521106,6527,"NUTRI SOUR pv beef stew 12.5oz",Dog and cat food
859610007943,2167,"Blue Wilderness Chnk&Salm Treats",Cat
859610007943,6528,"NUTRI SOUR pv turkey stew 12.5oz",Dog and cat food
077234521571,2168,"SPOT SewMuhFun 2.5 2pk Balls",Cat
077234521571,6529,"NUTRI SOUR pv beef entre 12.5oz",Dog and cat food
077234521588,2169,"SPOT SewMuchFun 3.5 Ball",Cat
077234521588,6530,"RED BARN wh fish stew 12oz",Dog and cat food
077234520826,2170,"SPOT House Mouse Helen",Cat
077234520826,6531,"RED BARN lamb stew 12oz",Dog and cat food
077234020906,2171,"SPOT Colored Burlap Mice 3pk",Cat
077234020906,6532,"RED BARN beef stew 12oz",Dog and cat food
077234025055,2172,"SPOT Stringy Mice&Balls 4pk",Cat
077234025055,6533,"RED BARN turky stew 12oz",Dog and cat food
077234023945,2173,"SPOT shaggy Mouse",Cat
077234023945,6534,"RED BARN ck stew 12oz",Dog and cat food
077234028117,2174,"SPOT wool pompoms w nip 4pk",Cat
077234028117,6535,"PRO PLAN sen lg br pup sal 24#",Dog and cat food
859610008315,2175,"Blue Wilderness Chnk&Duck Cat Treats",Cat
859610008315,6536,"PRO PLAN lg br salm 34#",Dog and cat food
077234028292,2176,"SPOT Birds of a feather",Cat
077234028292,6537,"PRO PLAN sen turk 16#",Dog and cat food
077234520772,2177,"SPOT Shimmer Glimmer",Cat
077234520772,6538,"PRO PLAN shred sal 15#",Dog and cat food
077234027042,2178,"SPOT Forest Friends",Cat
077234027042,6539,"NUTR SOUR seafood 26#",Dog and cat food
077234020241,2179,"SPOT colored plush mice",Cat
077234020241,6540,"HEALTH EXTEN gen cook duck 9oz",Dog and cat food
077234026588,2180,"SPOT animal Print Rattles",Cat
077234026588,6541,"HEALTH EXTEN gen cook beef 9oz",Dog and cat food
077234521762,2181,"SPOT Love the earth butterfly",Cat
077234521762,6542,"HEALTH EXTEN gen cook ck 9oz",Dog and cat food
077234521199,2182,"SPOT Dolphin Laser Wand",Cat
077234521199,6543,"HEALTH EXTEN gen cook lam 9oz",Dog and cat food
077234521182,2183,"SPOT FantFish Teaser Wand",Cat
077234521182,6544,"HEALTH EXTEN dig sup 9oz",Dog and cat food
077234521120,2184,"SPOT Mylar Butterfly teaser wand",Cat
077234521120,6545,"Greenies sm top duck 2oz",Dog and cat food
859610007905,2185,"Blue Wilderness Chick&Turkey Treat",Cat
859610007905,6546,"Greenies sm top beef 2oz",Dog and cat food
077234520840,2186,"SPOT Fuzzy Mouse Freddy",Cat
077234520840,6547,"GREENIES sm top ck 2oz",Dog and cat food
077234023778,2187,"SPOT Rattle Clatter Mouse",Cat
077234023778,6548,"GREENIUES sm to ck & beef 2oz",Dog and cat food
077234521311,2188,"SPOT song bird",Cat
077234521311,6549,"GREENIES sm top ck & gr bean 2oz",Dog and cat food
077234029572,2189,"SPOT Plush Mice 2pk",Cat
077234029572,6550,"GREENIES ck,duck 8/2oz",Dog and cat food
077234029848,2190,"SPOT Jute&Feather Sack",Cat
077234029848,6551,"WELLNESS pt ent ck,gr be 3oz",Dog and cat food
077234521991,2191,"SPOT American Take-Out",Cat
077234521991,6552,"WELLNESS pt ent roast ck 3oz",Dog and cat food
076484810671,2192,"Turbo felt mouse",Cat
076484810671,6553,"WELLNESS pt en beef 3oz",Dog and cat food
077234522271,2193,"SPOT Cuddly&Colorful 3pk",Cat
077234522271,6554,"NUTRO cut grav beef 3.5oz",Dog and cat food
077234332214,2194,"KFC Sauce&DrumStick",Cat
077234332214,6555,"NUTRO cut grav ck 3.5oz",Dog and cat food
859442005469,2195,"Meowijuana Chicken Flvr Treats",Cat
859442005469,6556,"HEALTH EXTEN shin coat 3.5oz",Dog and cat food
077234521915,2196,"SPOT Buzzing Insects",Cat
077234521915,6557,"HEALTH EXTEN vitality 3.5oz",Dog and cat food
784369207750,2197,"LambChop Cat Sm",Cat
784369207750,6558,"WELLN lam stew 12.5oz",Dog and cat food
077234521595,2198,"SPOT Squeakeeez Mouse",Cat
077234521595,6559,"WELLN beef stew 12.5oz",Dog and cat food
077234521946,2199,"SPOT Jittery Pets Fish",Cat
077234521946,6560,"WELLN 95% beef 13.2oz",Dog and cat food
077234521090,2200,"SPOT Funfetti",Cat
077234521090,6561,"NAT BAL plant 13oz",Dog and cat food
077234521922,2201,"SPOT ADOORABLE buzzing insect",Cat
077234521922,6562,"NAT BAL duck 13.2oz",Dog and cat food
077234521526,2202,"SPOT Silver Vine Cat Toy",Cat
077234521526,6563,"NAT BAL salmon 13oz",Dog and cat food
859442005483,2203,"Meowijuana Seafood Medley Treat",Cat
859442005483,6564,"ROYAL CAN start 5.1oz",Dog and cat food
030172104077,2204,"SPOT LED mouse pointer",Cat
030172104077,6565,"ROYAL CAN 5.2oz",Dog and cat food
077234521113,2205,"SPOT HugnKick Shimmer gimmer",Cat
077234521113,6566,"ROYAL CAN pup 13.5oz",Dog and cat food
077234521755,2206,"SPOT Love the earth Barnyard Bird",Cat
077234521755,6567,"ROYAL CAN adult 13.5oz",Dog and cat food
077234400166,2207,"SPOT LED Motion Activated ball",Cat
077234400166,6568,"IAMS pup 13oz",Dog and cat food
077234521168,2208,"SPOT Fantastic Fish 6.5""",Cat
077234521168,6569,"SD pup ck stew 3.5oz",Dog and cat food
077234521175,2209,"SPOT HugnKIick Fantastic Fish",Cat
077234521175,6570,"SD ck stew 3.5oz",Dog and cat food
077234522226,2210,"SPOT Squiggly Snake",Cat
077234522226,6571,"SD beef stew 3.5oz",Dog and cat food
077234026816,2211,"SPOT Skinneeez Cat",Cat
077234026816,6572,"SD 7+ ck stew",Dog and cat food
022517429617,2212,"Catit Creamy Stuff Toy",Cat
022517429617,6573,"SD pup beef 5.8oz",Dog and cat food
077234522332,2213,"SPOT Springy Fun w Pom-Pom",Cat
077234522332,6574,"SD ck 5.8oz",Dog and cat food
035585517063,2214,"KONG Angler Fish Wrangler",Cat
035585517063,6575,"SD beef 5.8oz",Dog and cat food
035585440071,2215,"KONG Vibes BataBout 2pk",Cat
035585440071,6576,"SD perf dig ck 5.8oz",Dog and cat food
763034610026,2216,"KONG Feather Top Carrot",Cat
763034610026,6577,"SD 7+ beef 5.8oz",Dog and cat food
035585256153,2217,"KONG Cat Wubba butterfly",Cat
035585256153,6578,"SD pup stew ck 12.5oz",Dog and cat food
035585530093,2218,"KONG batabout clacks caterpillar",Cat
035585530093,6579,"SD ck stew 12.8oz",Dog and cat food
035585524092,2219,"KONG Connect Peacock",Cat
035585524092,6580,"SD beef stew 12.8oz",Dog and cat food
035585530109,2220,"KONG batabout Flicker Mouse",Cat
035585530109,6581,"SD ck 7+ stew 12.8oz",Dog and cat food
035585440064,2221,"KONG Batabout Vibez Butterfly 2pk",Cat
035585440064,6582,"SD beef 7+ 12.8oz",Dog and cat food
035585459516,2222,"KONG Flingaroo tutu",Cat
035585459516,6583,"SD heal cuis ck 12.5oz",Dog and cat food
035585534015,2223,"KONG Scrattles panda 2pk",Cat
035585534015,6584,"SD heal cuis 7+ ck 12.5oz",Dog and cat food
035585530024,2224,"KONG Butterfly Teaser",Cat
035585530024,6585,"SD heal cuis beef 12.5oz",Dog and cat food
035585459547,2225,"KONG Scrattles Acoustix 2pk",Cat
035585459547,6586,"SD heal cuis 7+ beef 12.5oz",Dog and cat food
035585524115,2226,"KONG Connects Window Boxing",Cat
035585524115,6587,"SD sensi ck 12.8oz",Dog and cat food
035585459165,2227,"KONG Active Scrunchie",Cat
035585459165,6588,"SD sensi turk stew 12.5oz",Dog and cat food
035585458090,2228,"KONG Refillables Chameleon",Cat
035585458090,6589,"SD sensi pup sal 12.5oz",Dog and cat food
035585031170,2229,"KONG RAT",Cat
035585031170,6590,"SD perf dig ck 12.8oz",Dog and cat food
035585530116,2230,"KONG Flingaroo Corny",Cat
035585530116,6591,"SD perf dig ck stew 12.8oz",Dog and cat food
035585524122,2231,"KONG Connects Punching Bag",Cat
035585524122,6592,"SD vita ck stew 12.5oz",Dog and cat food
035585459349,2232,"KONG Gumball Infuseer",Cat
035585459349,6593,"SD 7+ turk 13oz",Dog and cat food
763034610088,2233,"KONG squirell",Cat
763034610088,6594,"SD 7+ beef 13oz",Dog and cat food
035585462158,2234,"KONG cat Luvs lizard",Cat
035585462158,6595,"SD 7+ ck 13oz",Dog and cat food
035585524016,2235,"KONG Jellyfish teaser",Cat
035585524016,6596,"SD perf weight sal stew 12.5oz",Dog and cat food
035585502267,2236,"KONG Blissy Mesh ball/catnip",Cat
035585502267,6597,"SD perf weight ck 12.5oz",Dog and cat food
035585034393,2237,"KONG infused cat gyro",Cat
035585034393,6598,"SD perf weight ck stew 12.5oz",Dog and cat food
035585459509,2238,"KONG Cat Sport Balls",Cat
035585459509,6599,"SD salm 13oz",Dog and cat food
035585530062,2239,"KONG rewards rocker cheese",Cat
035585530062,6600,"SD ck & beef 13oz",Dog and cat food
035585524078,2240,"KONG PullaPartJamz",Cat
035585524078,6601,"SD beef 13oz",Dog and cat food
035585459530,2241,"KONG Cat Active Jacks 3pk",Cat
035585459530,6602,"SD ck 13oz",Dog and cat food
035585530017,2242,"KONG Laser Chirp Bird",Cat
035585530017,6603,"SD pup 13oz",Dog and cat food
035585530000,2243,"KONG Tropics Pals 2pk",Cat
035585530000,6604,"BL BUF ck stew 12.5oz",Dog and cat food
035585459332,2244,"KONG Cat Active Caps 2pk",Cat
035585459332,6605,"BL BUF hunters stew 12.5oz",Dog and cat food
035585014838,2245,"KONG cat mouse Salmon",Cat
035585014838,6606,"BL BUF beef stew",Dog and cat food
035585530086,2246,"KONG Licks Kitty sm",Cat
035585530086,6607,"BL BUF bac yard bbq 12.5oz",Dog and cat food
035585460055,2247,"KONG Teaser Pursuite Butterfly",Cat
035585460055,6608,"BL BUF sun din 12.5oz",Dog and cat food
035585524054,2248,"KONG Rewards Picnic",Cat
035585524054,6609,"BL BUF wild pup 12.5oz",Dog and cat food
035585013268,2249,"KONG Kitty KONG",Cat
035585013268,6610,"BL BUF wild turk 12.5oz",Dog and cat food
035585506753,2250,"KONG connects glow firefly",Cat
035585506753,6611,"BL BUF wild sen 12.5oz",Dog and cat food
035585530130,2251,"KONG Comfort key Play Mat",Cat
035585530130,6612,"BL BUF wild b&ck 12.5oz",Dog and cat food
035585524023,2252,"KONG playspaces tiki twirl",Cat
035585524023,6613,"BL BUF wild duck 12.5oz",Dog and cat food
035585457048,2253,"KONG Play Spacer Camper",Cat
035585457048,6614,"BL BUF wild he wei 12.5oz",Dog and cat food
035585524030,2254,"KONG Play Spaces Zen Den",Cat
035585524030,6615,"BL BUF basic turk 12.5oz",Dog and cat food
035585457062,2255,"KONG plauground garden",Cat
035585457062,6616,"BL BUF basic lamb 12.5oz",Dog and cat food
035585530079,2256,"KONG PlaySpaces Glamping Tent",Cat
035585530079,6617,"BL BUF free pup 12.5oz",Dog and cat food
035585404028,2257,"KONG Connects Kitty Comber",Cat
035585404028,6618,"BL BUF free lamb 12.5oz",Dog and cat food
035585534008,2258,"KONG playspaces Pawcorn",Cat
035585534008,6619,"BL BUF heal weigh 12.5oz",Dog and cat food
035585524160,2259,"KONG PlaySpaces Rave Cave",Cat
035585524160,6620,"BL BUF sen 12.5oz",Dog and cat food
714929807502,2260,"Meowijuana Get Cheesy Toy",Cat
714929807502,6621,"BL BUF beef 12.5oz",Dog and cat food
714929800282,2261,"Meowijuana Get smoked Toy",Cat
714929800282,6622,"BL BUF fish 12.5oz",Dog and cat food
714929800268,2262,"Meowijuana Get Buzzed Toy",Cat
714929800268,6623,"BL BUF lamb 12.5oz",Dog and cat food
714929802064,2263,"Meowijuana JumpNJamb Toy",Cat
714929802064,6624,"SD ck stew 12.5oz",Dog and cat food
714929799968,2264,"Meowijuana King Sized catnip Joints",Cat
714929799968,6625,"BL BUF 12.5oz",Dog and cat food
714929804204,2265,"Meowijuana Partysize Catnip Joints",Cat
714929804204,6626,"BL BUF ck 12.5 oz",Dog and cat food
077234521304,2266,"SPOT SpinAbout Electronic Laser",Cat
077234521304,6627,"BL BUF pup 12.5oz",Dog and cat food
022517431658,2267,"CATIT Spinning Bee",Cat
022517431658,6628,"BL BUF delight gr ck 3.5oz",Dog and cat food
022517419953,2268,"CATIT Vesper Tunnel",Cat
022517419953,6629,"BL BUF delight fil mig 3.5oz",Dog and cat food
022517430200,2269,"CATIT Groovy Gecko",Cat
022517430200,6630,"BL BUF delight ro ck 3.5oz",Dog and cat food
022517430217,2270,"CATIT Groovy Fish",Cat
022517430217,6631,"EUK be & veg 12.5oz",Dog and cat food
879213001056,2271,"Turbo Replacement Pads 2pk",Cat
879213001056,6632,"EUK ck & be 12.5 oz",Dog and cat food
859442005148,2272,"Meowijuana Meowi-Waui",Cat
859442005148,6633,"EUK lamb 13.2oz",Dog and cat food
784099026720,2273,"Petcrest scratch ramp",Cat
784099026720,6634,"CANID lamb 13oz",Dog and cat food
030172071980,2274,"CATLIFE Jungle Slope Activity cen",Cat
030172071980,6635,"CAND multi 13oz",Dog and cat food
034202499959,2275,"CK roller cat toy",Cat
034202499959,6636,"CAND ck 13oz",Dog and cat food
784099026713,2276,"Petcrest scratching post",Cat
784099026713,6637,"PRO PLAN beef 5.5oz",Dog and cat food
048081071519,2277,"Prevue Scartching post GREY",Cat
048081071519,6638,"PRO PLAN pup 5.5oz",Dog and cat food
027773023074,2278,"Curious Cat Cube",Cat
027773023074,6639,"PRO PLAN pup 13oz",Dog and cat food
034202491144,2279,"UC Combo 1 story",Cat
034202491144,6640,"PRO PLAN pup turk 13oz",Dog and cat food
842229129571,2280,"Sm Furhaven  cozy cave",Cat
842229129571,6641,"PRO PLAN lg br beef 13oz",Dog and cat food
030172067334,2281,"CATLIFE Activity&Scratch post",Cat
030172067334,6642,"PRO PLAN lg br 13oz",Dog and cat food
030172071621,2282,"CATLIFE Y Shaped siscal post",Cat
030172071621,6643,"PRO PLAN ck & ri 13oz",Dog and cat food
030172067327,2283,"CATLIFE Purple Activiy&Scartch",Cat
030172067327,6644,"PRO PLAN sensi 13oz",Dog and cat food
030172041501,2284,"CATLIFE Wiggle Wand",Cat
030172041501,6645,"PRO PLAN beef & ri 13oz",Dog and cat food
030172041518,2285,"CatLife Tickle Stick Wand",Cat
030172041518,6646,"PRO PLAN ck & car 13oz",Dog and cat food
030172102875,2286,"CATLIFE SilverVine Cat Wand",Cat
030172102875,6647,"PRO PLAN 7+ beef & ri 13oz",Dog and cat food
030172041495,2287,"CATLIFE Jester Wand",Cat
030172041495,6648,"PRO PLAN turk & sw po 13oz",Dog and cat food
079441009019,2288,"5lbs Pet Food Container",Cat
079441009019,6649,"PRO PLAN beef & sal 13oz",Dog and cat food
079441009026,2289,"10 lbs Pet Food Container",Cat
079441009026,6650,"PRO PLAN lam & veg 13oz",Dog and cat food
079441009033,2290,"25 lbs Pet Food Container",Cat
079441009033,6651,"PRO PLAN turk & veg 13oz",Dog and cat food
079441009040,2291,"50lbs Pet Food Container",Cat
079441009040,6652,"PRO PLAN beef & veg 13oz",Dog and cat food
077234060605,2292,"1pt Mirror Finish SS Dish",Cat
077234060605,6653,"PRO PLAN ck & veg 13oz",Dog and cat food
079441002324,2293,"24oz Stainless Bowl",Cat
079441002324,6654,"ZIGN trout & salm 4#",Dog and cat food
077234060612,2294,"1QT Mirrow Finish SS dish",Cat
077234060612,6655,"ZIGN trout & salm 12.5#",Dog and cat food
077234060629,2295,"2QT mirror finish ss dish",Cat
077234060629,6656,"ZIGN trout & salm 25#",Dog and cat food
079441004106,2296,"VanNess DrawString Cat pan liner",Cat
079441004106,6657,"ZIGN sele trout & salm 12.5#",Dog and cat food
079441004137,2297,"PureNess Giant 8 Cat Pan Liners",Cat
079441004137,6658,"ZIGN zssen 25#",Dog and cat food
79441004120,2298,"PureNess Large 12 Cat pan Liners",Cat
79441004120,6659,"ZIGN kanga 4#",Dog and cat food
079441004182,2299,"PureNess XG DrwStng Pan Liner",Cat
079441004182,6660,"ZIGN kanga 12.5#",Dog and cat food
079441004199,2300,"VanNess XG 10 Liners Sifting",Cat
079441004199,6661,"ZIGN kanga 25#",Dog and cat food
723503504157,2301,"PetMate 8 Jumbo Liners",Cat
723503504157,6662,"ZIGN lamb 4#",Dog and cat food
029695290411,2302,"PetMate Hiback DrwStin Liner 8",Cat
029695290411,6663,"ZIGN lamb 12.5#",Dog and cat food
029695290404,2303,"PetMate HiBck DrwStin 12 Liner Lg",Cat
029695290404,6664,"ZIGN lamb 25#",Dog and cat food
033200973027,2304,"Arm&Hammer Litter Fragrence Booster",Cat
033200973027,6665,"ZIGN salm 4#",Dog and cat food
018065969927,2305,"NaturesMiracle ADV. Stain&Odor Elim",Cat
018065969927,6666,"ZIGN salm 12.5#",Dog and cat food
018065981707,2307,"NaturesMiracle Oxy SetinStain Destroy",Cat
018065981707,6668,"ZIGN turk 25#",Dog and cat food
018065969743,2308,"NaturesMiracle Stain&Odor Remover",Cat
018065969743,6669,"HEALTH EXTEN buf 4#",Dog and cat food
018065284013,2309,"NaturesMiracle Cat Scratch Spray",Cat
018065284013,6670,"HEALTH EXTEN lil buff 10#",Dog and cat food
018065983756,2310,"NaturesMiracle Pet Block Spray",Cat
018065983756,6671,"HEALTH EXTEN buf 10#",Dog and cat food
029695292484,2311,"PetMate Jumbo Liner 8",Cat
029695292484,6672,"CAT CHOW ind 3.15#",Dog and cat food
029695290077,2312,"PetMate 15 Med. litter Liner",Cat
029695290077,6673,"CAT CHOW 3.15#",Dog and cat food
033200150299,2313,"Arm&Hammer DoubleDuty Litter Deo",Cat
033200150299,6674,"KITTEN CHOW 3.15#",Dog and cat food
033200150206,2314,"Arm&Hammer Cat Litter Deod",Cat
033200150206,6675,"PRO PLAN live clear 5.5#",Dog and cat food
029695221507,2315,"Arm&Hammer Litter Mat",Cat
029695221507,6676,"PRO PLAN cat ck & ri 3.5#",Dog and cat food
786306495077,2316,"PetLinks Litter Mat",Cat
786306495077,6677,"PRO PLAN cat ck & ri 16#",Dog and cat food
022517443651,2317,"Catit Small Litter Mat",Cat
022517443651,6678,"DIAM kitten 6#",Dog and cat food
022517443668,2318,"Catit Grand Litter Mat",Cat
022517443668,6679,"DIAM indoor 6#",Dog and cat food
022517437209,2319,"Catit pixi",Cat
022517437209,6680,"DIAM cat maint 6#",Dog and cat food
022517437254,2320,"Catit Flower Fountain Stainless Steel",Cat
022517437254,6681,"DIAM cat maint 20#",Dog and cat food
022517437476,2321,"Catit Flower Fountain LED",Cat
022517437476,6682,"KITTEN CHOW 14#",Dog and cat food
022517437421,2322,"Catit Flower Fountain Original",Cat
022517437421,6683,"CAT CHOW ind 15#",Dog and cat food
729849142299,2323,"PetSafe ScoopFree Crystal Tray",Cat
729849142299,6684,"CAT CHOW 15#",Dog and cat food
729849168053,2324,"PetSafe SelfCleaning Litter Box",Cat
729849168053,6685,"VIT ESSEN cat ck min nib 12oz",Dog and cat food
022517437384,2325,"Catit FlowFoun Filter 2X",Cat
022517437384,6686,"HEALTH EXTEN healthy belly 3.5oz",Dog and cat food
022517437216,2326,"Pixi FlowFoun Filter 3X",Cat
022517437216,6687,"HEALTH EXTEN mobility 3.5oz",Dog and cat food
022517443118,2327,"Catit AirSift Filter 2X",Cat
022517443118,6688,"SD 7+ sm min ck 5.8oz",Dog and cat food
022517505595,2328,"Catit Clean Waste Bags",Cat
022517505595,6689,"VIT ESSEN cat ck pat 8oz",Dog and cat food
029695291111,2329,"PetMate LG Litter Scoop",Cat
029695291111,6690,"VIT ESSEN duck min nib 12oz",Dog and cat food
029695291128,2330,"PetMate Jumbo Litter Scoop",Cat
029695291128,6691,"VIT ESSEN duck pat 8oz",Dog and cat food
022517505403,2331,"Catit SmartSift Replacement Liners",Cat
022517505403,6692,"VIT ESSEN turk 12oz",Dog and cat food
022517505793,2332,"Catit Style Litter Scoop",Cat
022517505793,6693,"VIT ESSEN pork min nib 12oz",Dog and cat food
022517556016,2333,"Catit Fresh &Clear Foam Repl. 3pk",Cat
022517556016,6694,"TOW can riv 5.5oz",Dog and cat food
022517507056,2334,"Catit Clean Carbon Filter",Cat
022517507056,6695,"TOW roc mount 5.5oz",Dog and cat food
079441004212,2335,"VanNess Litter Scoop",Cat
079441004212,6696,"DIAM cat whitefish 5.5oz",Dog and cat food
022517508510,2336,"Catit Carbon Pads",Cat
022517508510,6697,"DIAM cat ck 5.5oz",Dog and cat food
022517443064,2337,"Catit Magic Blue Replacement",Cat
022517443064,6698,"TUFFY'S cat ck&tun 5.5oz",Dog and cat food
077234027455,2338,"Spot Steel Litter Scoop",Cat
077234027455,6699,"NUTRI SOUR cat clas cat 5.5oz",Dog and cat food
079441004410,2339,"VanNess Trackless Litter Mat",Cat
079441004410,6700,"NUTRI SOUR cat ck,tu&lam 5.5oz",Dog and cat food
29695265013,2340,"PetMate Scoop&Stand",Cat
29695265013,6701,"NUTRI SOUR cat count sele 5.5oz",Dog and cat food
022517506851,2341,"Catit SmartSift Litter box",Cat
022517506851,6702,"NUTRI SOUR cat turk sele 5.5oz",Dog and cat food
666594207944,2342,"Litter Genie Plus",Cat
666594207944,6703,"NUTRI SOUR cat ck 5.5oz",Dog and cat food
666594208002,2343,"Litter genie Refill",Cat
666594208002,6704,"PRO PLAN kitten ck 3oz",Dog and cat food
666594208040,2344,"Litter Genie Refill 2pk",Cat
666594208040,6705,"PRO PLAN cat ck 3oz",Dog and cat food
070230158376,2345,"TidyCat Breeze Pads",Cat
070230158376,6706,"PRO PLAN cat tuna 3oz",Dog and cat food
070230127334,2346,"TidyCat Breeze Litter Box",Cat
070230127334,6707,"PRO PLAN cat salm 3oz",Dog and cat food
070230127211,2347,"TidyCat Breeze Litter Pellets",Cat
070230127211,6708,"PRO PLAN cat tun & shri 3oz",Dog and cat food
79441004052,2348,"VanNess Cat Starter Kit",Cat
79441004052,6709,"PRO PLAN cat sal & shri 3oz",Dog and cat food
022517441442,2349,"Catit PeaHusk Vanilla Litter",Cat
022517441442,6710,"PRO PLAN cat urin beef 3oz",Dog and cat food
022517441497,2350,"Catit Wood Unscented Litter",Cat
022517441497,6711,"PRO PLAN cat urin sal 3oz",Dog and cat food
022517441466,2351,"Catit PeaHusk Lavender Litter",Cat
022517441466,6712,"P{RO PLAN cat urin turk 3oz",Dog and cat food
079441004045,2352,"VanNess Lg Framed Cat Pan",Cat
079441004045,6713,"PRO PLAN cat urin ck 3oz",Dog and cat food
029695221811,2353,"Petmate Sm Basic Open Litter box",Cat
029695221811,6714,"ORIJEN cat orig 3oz",Dog and cat food
029695221828,2354,"Petmate Med Basic Open Litter Box",Cat
029695221828,6715,"ORIJEN cat du&ck 3oz",Dog and cat food
029695221835,2355,"Petmate Lg Basic Open Litter Box",Cat
029695221835,6716,"FROM kitten 3oz",Dog and cat food
029695221842,2356,"PetMate Jum Basic Open Litter Box",Cat
029695221842,6717,"FROM cat adult 3oz",Dog and cat food
079441004250,2357,"VanNess Sifting Cat pan",Cat
079441004250,6718,"FROM cat sal&tun 3oz",Dog and cat food
029695221958,2358,"Arm&Hammer Rimmed Pan",Cat
029695221958,6719,"FROM pur sni du stew 3oz",Dog and cat food
9315087390205,2359,"BreederSelect Cat Litter 20L",Cat
9315087390205,6720,"FROM pur sni du liv 3oz",Dog and cat food
070230107206,2360,"TidyCats 24/7 Preformance Lit 20",Cat
070230107206,6721,"FROM pur sni shred ck",Dog and cat food
322591001663,2361,"WorldsBestCatLitter Lav.8lb",Cat
322591001663,6722,"SD cat hair ck 2.9oz",Dog and cat food
322591001083,2362,"WorldsBestCatLitter Unsc. 15lb",Cat
322591001083,6723,"SD cat tend ck 5.5oz",Dog and cat food
322591006255,2363,"WorldsBestCatLitter Multi 8lb",Cat
322591006255,6724,"SD cat ck 5.5oz",Dog and cat food
322591006125,2364,"WorldsBestCatLitter Multi 28lb",Cat
322591006125,6725,"SD cat turk 5.5oz",Dog and cat food
729849178656,2365,"PetSafe Crystal Litter 8lb",Cat
729849178656,6726,"SD cat sen duck 2.9oz",Dog and cat food
633843106044,2366,"LitterPearls Micro Crystals 3.5lb",Cat
633843106044,6727,"SD cat sen ck 2.9oz",Dog and cat food
850357002123,2367,"FreshNews Orginal Litter 12lb",Cat
850357002123,6728,"SD cat per weig 2.9oz",Dog and cat food
777979211064,2368,"InterSand Odor Lock Unsc 13lb",Cat
777979211064,6729,"SD cat per dig ck 2.9oz",Dog and cat food
777979211255,2369,"InterSand OdorLock Unsc 25lb",Cat
777979211255,6730,"SD cat heal cuis tuna 2.9oz",Dog and cat food
777979210067,2370,"InterSand OdorLock bbyPdr 13lb",Cat
777979210067,6731,"SD kitten sen sal 2.9oz",Dog and cat food
777979210258,2371,"InterSand OdorLock bbypdr 25lb",Cat
777979210258,6732,"SD kitten turk 5.5oz",Dog and cat food
777979214065,2372,"InterSand OdorLock ClmBree 13lb",Cat
777979214065,6733,"SD kitten liv & ck 5.5oz",Dog and cat food
777979214256,2373,"InterSand OdorLock ClmBree 25lb",Cat
777979214256,6734,"SD kitten liv & ck 2.9oz",Dog and cat food
777979213068,2374,"InterSand OdorLock Lav 13lb",Cat
777979213068,6735,"SD kitten heal cuis 2.8oz",Dog and cat food
777979213259,2375,"InterSand OdorLock Lav 25lb",Cat
777979213259,6736,"NUTRI SOUR cat ck,salm 4#",Dog and cat food
033200001836,2376,"Arm&Ham Cloud Control Litter",Cat
033200001836,6737,"NUTRI SOUR cat ck,salm 12#",Dog and cat food
033200021438,2377,"Arm&Hamm Clump&Seal Litter",Cat
033200021438,6738,"NUTRI SOUR cat ck 4#",Dog and cat food
033200022084,2378,"Arm&Hamm Double Duty litter",Cat
033200022084,6739,"NUTRI SOUR cat ck 12#",Dog and cat food
033200021407,2379,"Arm&Ham Super Scoop Litter",Cat
033200021407,6740,"NUTRI SOUR cat weight 4#",Dog and cat food
033200022060,2380,"Arm&Ham Multi Cat",Cat
033200022060,6741,"NUTRI SOUR cat clasi catch 4#",Dog and cat food
070230100412,2381,"TidyCats Tidy Feet litter",Cat
070230100412,6742,"FROMM kitten 4#",Dog and cat food
000338007207,2382,"Dr.Elseys Kitten Attract",Cat
000338007207,6743,"FROMM kitten 10#",Dog and cat food
000338007771,2383,"Dr.Elseys Cat Attract Litter",Cat
000338007771,6744,"FROMM cat adult 4#",Dog and cat food
764375815569,2384,"Feline Pine 7lb Litter",Cat
764375815569,6745,"FROMM cat adult 10#",Dog and cat food
764375815590,2385,"Feline Pine 20lb litter",Cat
764375815590,6746,"FROMM cat weight 4#",Dog and cat food
750244240013,2386,"Naturally Fresh Pellets 10lb",Cat
750244240013,6747,"FROMM cat weight 10#",Dog and cat food
750244220022,2387,"Naturally Fresh Clumping 14lb",Cat
750244220022,6748,"FROMM cat has duck 4#",Dog and cat food
50244220060,2388,"Naturally Fresh Herbal Attraction 14lb",Cat
50244220060,6749,"FROMM cat has duck 10#",Dog and cat food
750244220053,2389,"NaturallyFresh Ultra Odor 14 lb",Cat
750244220053,6750,"FROMM cat beef livin 4#",Dog and cat food
750244230014,2390,"NaturallyFresh Quick Clump 26lb",Cat
750244230014,6751,"FROMM beef livin 10#",Dog and cat food
750244230021,2391,"NaturallyFresh MultiCat 26lb",Cat
750244230021,6752,"FROMM cat game 4#",Dog and cat food
079441004076,2392,"VanNess EXGiant Enclosed LitBox",Cat
079441004076,6753,"FROMM cat game 10#",Dog and cat food
022517507032,2393,"Catit Clean CatPanWHood",Cat
022517507032,6754,"FROMM cat surf 4#",Dog and cat food
079441004694,2394,"VanNess Crnr Enclosed Litter Pan",Cat
079441004694,6755,"FROMM cat saslm 4#",Dog and cat food
022517507025,2395,"Catit AirSift Reg. Litter Box",Cat
022517507025,6756,"FROMM cat duck veg 10#",Dog and cat food
022517506950,2396,"Catit AirSift Jumbo Litter Box",Cat
022517506950,6757,"FROMM pu sni salm 6oz",Dog and cat food
029695420917,2397,"PetMate Hooded Litter Pan Jumbo",Cat
029695420917,2399,"PetMate Jumbo Basic Hooded",Cat
029695420917,6758,"FROMM pur sni co 6oz",Dog and cat food
029695420917,6760,"FROMM pur sni ck 4#",Dog and cat food
029695421761,2398,"PetMate Hooded Litter Pan Lg",Cat
029695421761,6759,"FROMM pur sni game 6oz",Dog and cat food
022517440810,2400,"Catit Pixi Litter Box",Cat
022517440810,6761,"FROMM pur sni ck 10#",Dog and cat food
029695220623,2401,"PetMate Top Entry Litter Box",Cat
029695220623,6762,"FROMM pur sni game 4#",Dog and cat food
079441004922,2402,"VanNess High Sides Lg Pan",Cat
079441004922,6763,"FROMM pur sni game 10#",Dog and cat food
079441004687,2403,"VanNess Corner Cat litter Pan",Cat
079441004687,6764,"FROMM pur sni salm 4#",Dog and cat food
076484062056,2404,"LilPals Leash BTD06",Dog
076484062056,6765,"FROMM pur sni 10#",Dog and cat food
076484062063,2405,"LilPals Leash GBN06",Dog
076484062063,6766,"ORIJEN wi re kitten 3.5#",Dog and cat food
076484622625,2406,"LilPals Leash LEB06",Dog
076484622625,6767,"ORIJEN kitten 4#",Dog and cat food
076484622694,2407,"LilPals Leash ZPK06",Dog
076484622694,6768,"ORIJEN cat guard 4#",Dog and cat food
076484610509,2408,"LILPALS LEASH LBP06",Dog
076484610509,6769,"ORIJEN reg red 4#",Dog and cat food
076484622618,2409,"LILPALS LEASH FMB06",Dog
076484622618,6770,"ORIJEN cat six 4#",Dog and cat food
076484105050,2410,"LILPALS LEASH DPM06",Dog
076484105050,6771,"ACANA cat ind herring 4#",Dog and cat food
076484105067,2411,"LILPALS LEASH PTR06",Dog
076484105067,6772,"SD kitten 3.5#",Dog and cat food
076484622601,2412,"LILPALS LEASH DMC06",Dog
076484622601,6773,"SD kitten 7#",Dog and cat food
076484610516,2413,"LILPALS LEASH RWB06",Dog
076484610516,6774,"SD kitten fish 7#",Dog and cat food
076484622663,2414,"LILPALS LEASH GND06",Dog
076484622663,6775,"SD cat salm 3.5#",Dog and cat food
076484622687,2415,"LILPALS LEASH WDF06",Dog
076484622687,6776,"SD cat 7+ 4#",Dog and cat food
076484062230,2416,"LILPALS LEASH PTV06",Dog
076484062230,6777,"SD cat 11+ 3.5#",Dog and cat food
076484062247,2417,"LILPALS LEASH RYP06",Dog
076484062247,6778,"SD cat 4#",Dog and cat food
076484062254,2418,"LILPALS LEASH TGD06",Dog
076484062254,6779,"SD cat 7#",Dog and cat food
076484062261,2419,"LILPALS LEASH TYS06",Dog
076484062261,6780,"SD cat salm 7#",Dog and cat food
076484162046,2420,"LILPALS LEASH TOP06",Dog
076484162046,6781,"SD cat light 4#",Dog and cat food
076484162039,2421,"LILPALS LEASH PWH06",Dog
076484162039,6782,"SD cat light 7#",Dog and cat food
076484626616,2422,"LILPALS LEASH BUZ06",Dog
076484626616,6783,"SD cat 16#",Dog and cat food
076484626623,2423,"LILPALS LEASH ORZ06",Dog
076484626623,6784,"SD cast salm 15#",Dog and cat food
076484626630,2424,"LILPALS LEASH PNZ06",Dog
076484626630,6785,"SD cat light 16#",Dog and cat food
076484626609,2425,"LILPALS LEASH BKZ06",Dog
076484626609,6786,"SD cat 11+ 15#",Dog and cat food
076484410185,2426,"LILPALS LEASH NPK06",Dog
076484410185,6787,"SD indo kitten 3.5#",Dog and cat food
076484062292,2427,"LILPALS XS COLLAR GBN08",Dog
076484062292,6788,"SD cat indo 3.5#",Dog and cat food
076484062278,2428,"LILPALS XS COLLAR BTD08",Dog
076484062278,6789,"SD cat hairba 3.5#",Dog and cat food
076484622199,2429,"LILPALS XS COLLAR LEB08",Dog
076484622199,6790,"SD cat hairba 7#",Dog and cat food
076484622236,2430,"LILPALS XS COLLAR ZPK08",Dog
076484622236,6791,"SD cat urina 3.5#",Dog and cat food
076484410130,2431,"LILPALS XS COLLAR LBP08",Dog
076484410130,6792,"SD sen sto 3.5#",Dog and cat food
076484066290,2432,"LILPALS XS COLLAR FMB07",Dog
076484066290,6793,"SD kitten sen sto 3.5#",Dog and cat food
076484105012,2433,"LILPALS XS COLLAR DPM08",Dog
076484105012,6794,"SD cat per dig ck3.5#",Dog and cat food
076484105029,2434,"LILPALS XS COLLAR PTR08",Dog
076484105029,6795,"SD cat per dig salm 3.5#",Dog and cat food
076484410147,2435,"LILPALS XS COLLAR RWB08",Dog
076484410147,6796,"SD cat sen sto 7#",Dog and cat food
076484622144,2436,"LILPALS XS COLLAR GND08",Dog
076484622144,6797,"SD cat urin 7#",Dog and cat food
076484622168,2437,"LILPALS XS COLLAR WDF08",Dog
076484622168,6798,"SD cat hairba 15.5#",Dog and cat food
076484622403,2438,"LILPALS XS COLLAR PTV08",Dog
076484622403,6799,"SD cat indo 7#",Dog and cat food
076484622410,2439,"LILPALS XS COLLAR RYP08",Dog
076484622410,6800,"SD kitten indo 7#",Dog and cat food
076484622427,2440,"LILPALS XS COLLAR TGD08",Dog
076484622427,6801,"SD cat 11+ 7#",Dog and cat food
076484622434,2441,"LILPALS XS COLLAR TYS07",Dog
076484622434,6802,"SD cat 7+ 7#",Dog and cat food
076484067259,2442,"LILPALS XS COLLAR DMC08",Dog
076484067259,6803,"SD cat 7+ 16#",Dog and cat food
076484162572,2443,"LILPALS XS COLLAR TOP08",Dog
076484162572,6804,"SD cat indo 7+ 3.5#",Dog and cat food
076484623417,2444,"LILPALS XS COLLAR BUZ08",Dog
076484623417,6805,"SD cat indo 7+ 7#",Dog and cat food
076484623424,2445,"LILPALS XS COLLAR ORZ08",Dog
076484623424,6806,"SD cat hairba 7+ 3.5#",Dog and cat food
076484623400,2446,"LILPALS XS COLLAR BKZ08",Dog
076484623400,6807,"SD cat hairba 7+ 7#",Dog and cat food
076484410062,2447,"LILPALS XS COLLAR NPK08",Dog
076484410062,2499,"LILPALS XS COLLAR NPK08",Dog
076484410062,6808,"SD cat hairba light 7#",Dog and cat food
076484410062,6860,"SD cat sen kitten salm stew 2.8oz",Dog and cat food
076484066375,2448,"LILPALS SM COLLAR BTD12",Dog
076484066375,6809,"SD cat sen sto 15.5#",Dog and cat food
076484066634,2449,"LILPALS SM COLLAR GBN12",Dog
076484066634,6810,"SD cat urin 15.5#",Dog and cat food
076484066238,2450,"LILPALS SM COLLAR LEB12",Dog
076484066238,6811,"SD cat hairba light 15.5#",Dog and cat food
076484066269,2451,"LILPALS SM COLLAR ZPK12",Dog
076484066269,6812,"SD cat hairba 7+ 15.5#",Dog and cat food
076484400025,2452,"LILPALS SM COLLAR LBP12",Dog
076484400025,6813,"SD cat indo 7+ 15.5#",Dog and cat food
076484662232,2453,"LILPALS SM COLLAR FMB12",Dog
076484662232,6814,"SD cat indo 15.5#",Dog and cat food
076484105036,2454,"LILPALS SM COLLAR DPM12",Dog
076484105036,6815,"SD cat per weight 15#",Dog and cat food
076484105043,2455,"LILPALS SM COLLAR PTR12",Dog
076484105043,6816,"SPORTMIX cat  orig 15#",Dog and cat food
076484400032,2456,"LILPALS SM COLLAR RWB12",Dog
076484400032,6817,"SPORTMIX cat fish 12#",Dog and cat food
076484662287,2457,"LILPALS SM COLLAR GND12",Dog
076484662287,6818,"SPORTMIX cat gourmet 15#",Dog and cat food
076484662300,2458,"LILPALS SM COLLAR WDF12",Dog
076484662300,6819,"IAMS cat sen 6#",Dog and cat food
076484662638,2459,"LILPALS SM COLLAR PTV12",Dog
076484662638,6820,"IAMS cat ck 7#",Dog and cat food
076484662645,2460,"LILPALS SM COLLAR RYP12",Dog
076484662645,6821,"IAMS kitten 3.5#",Dog and cat food
076484662652,2461,"LILPALS SM COLLAR TGD12",Dog
076484662652,6822,"FUSSIE cat salm 10#",Dog and cat food
076484662669,2462,"LILPALS SM COLLAR TYS12",Dog
076484662669,6823,"Fussie cat salm 3.5#",Dog and cat food
076484162541,2463,"LILPALS SM COLLAR PWH12",Dog
076484162541,6824,"VICTOR cat hi pro 5#",Dog and cat food
076484662225,2464,"LILPALS SM COLLAR DMC12",Dog
076484662225,6825,"TOW cat lowla 14#",Dog and cat food
076484162565,2465,"LILPALS SM COLLAR TOP12",Dog
076484162565,6826,"TOW cat lowla 5#",Dog and cat food
076484623516,2466,"LILPALS SM COLLAR BUZ12",Dog
076484623516,6827,"TOW cat can riv 14#",Dog and cat food
076484623509,2467,"LILPALS SM COLLAR BKZ12",Dog
076484623509,6828,"TOW cat can riv 5#",Dog and cat food
076484062070,2468,"LILPALS HARNESS BTD14",Dog
076484062070,6829,"TOW roc moun 14#",Dog and cat food
076484062131,2469,"LILPALS HARNESS GBN14",Dog
076484062131,6830,"TOW roc moun 5#",Dog and cat food
076484062438,2470,"LILPALS HARNESS LEB14",Dog
076484062438,6831,"BLUE BUF cat wild ck 6#",Dog and cat food
076484062582,2471,"LILPALS HARNESS ZPK14",Dog
076484062582,6832,"BLUE BUF kitten 7#",Dog and cat food
076484624667,2472,"LILPALS HARNESS LBP14",Dog
076484624667,6833,"BLUE BUF cat mature 7#",Dog and cat food
076484624506,2473,"LILPALS HARNESS DMC14",Dog
076484624506,6834,"BLUE BUF cat sen 7#",Dog and cat food
076484624513,2474,"LILPALS HARNESS FMB14",Dog
076484624513,6835,"BLUE BUF cat indo 7#",Dog and cat food
076484624575,2475,"LILPALS HARNESS RWB14",Dog
076484624575,6836,"CATIT crab 2.8oz",Dog and cat food
076484624544,2476,"LILPALS HARNESS GND14",Dog
076484624544,6837,"CATIT wh fish 2.8oz",Dog and cat food
076484624599,2477,"LILPALS HARNESS WDF14",Dog
076484624599,6838,"FUSSIE CAT tuna, ocean 2.47oz",Dog and cat food
076484421839,2478,"LILPALS HARNESS NPK14",Dog
076484421839,6839,"FUSSIE CAT tuna,shrimp 2.47oz",Dog and cat food
076484624537,2479,"LILPALS HARNESS BLU14",Dog
076484624537,6840,"FUSSIE CAT tuna,anch 2.47oz",Dog and cat food
076484624568,2480,"LILPALS HARNESS RED14",Dog
076484624568,6841,"FUSSIE CAT tuna, salm 2.47oz",Dog and cat food
076484410000,2481,"LILPALS XS COLLAR BLK08",Dog
076484410000,6842,"FUSSIE CAT tuna ocean 2.82oz",Dog and cat food
076484410017,2482,"LILPALS XS COLLAR BLU08",Dog
076484410017,6843,"FUSSIE CAT tuna ,smo tuna 2.82oz",Dog and cat food
076484322259,2483,"LILPALS SM COLLAR BLU10",Dog
076484322259,6844,"FUSSIE CAT tuna,mussel 2.82oz",Dog and cat food
076484001222,2484,"LILPALS SM COLLAR 1BA12",Dog
076484001222,6845,"FUSSIE CAT tuna 2.82oz",Dog and cat food
076484001253,2485,"LILPALS SM COLLAR 2BL12",Dog
076484001253,6846,"FUSSIE CAT tuna,salm 2.82oz",Dog and cat food
076484001215,2486,"LILPALS SM COLLAR 2PN12",Dog
076484001215,6847,"FUSSIE CAT tuna, clams 2.82oz",Dog and cat food
076484410031,2487,"LILPALS XS COLLAR RED08",Dog
076484410031,6848,"FUSSIE CAT tuna,ancho 2.82oz",Dog and cat food
076484322273,2488,"LILPALS SM COLLAR RED10",Dog
076484322273,6849,"FUSSIE CAT tuna,sal goat gr 2.47oz",Dog and cat food
076484302473,2489,"LILPALS SM COLLAR RED10",Dog
076484302473,6850,"FUSSIE CAT tuna,oce goat gr 2.47oz",Dog and cat food
076484624964,2490,"LILPALS SM HARNESS TYSPSM",Dog
076484624964,6851,"EARTH cat harbor 3oz",Dog and cat food
076484624902,2491,"LILPALS SM HARNESS PTVPSM",Dog
076484624902,6852,"BFF cat tuna.tilapia 3oz",Dog and cat food
076484624926,2492,"LILPALS SM HARNESS RYPPSM",Dog
076484624926,2496,"LILPALS SM HARNESS RYPPSM",Dog
076484624926,6853,"BFF tuna,ck 3oz",Dog and cat food
076484624926,6857,"SD cat urin salm stew 2.9oz",Dog and cat food
076484624957,2493,"LILPALS XS HARNESS TGDPXS",Dog
076484624957,6854,"BFF tuna,salm 3oz",Dog and cat food
076484624940,2494,"LILPALS SM HARNESS TGDPSM",Dog
076484624940,6855,"SD cat urin ck stew 2.9oz",Dog and cat food
076484624971,2495,"LILPALS XS HARNESS TYSPXS",Dog
076484624971,6856,"SD cat urin tuna stew",Dog and cat food
076484410079,2497,"LILPALS XS COLLAR RED08",Dog
076484410079,6858,"SD kitten ck stew 2.8oz",Dog and cat food
076484410055,2498,"LILPALS XS COLLAR BLU08",Dog
076484410055,6859,"SD cat in do salm stew 2.8oz",Dog and cat food
076484410048,2500,"LILPALS XS COLLAR BLK08",Dog
076484410048,6861,"ROYAL CAN kitten 3oz",Dog and cat food
076484029899,2501,"LILPALS XS COLLAR 2PN08",Dog
076484029899,6862,"ROYAL CAN moth,baby 3oz",Dog and cat food
076484029929,2502,"LILPALS XS COLLAR 1BL08",Dog
076484029929,6863,"ROYAL CAN moth,baby 5.1oz",Dog and cat food
076484029905,2503,"LILPALS XS COLLAR 1BA08",Dog
076484029905,6864,"DASHI cat ck, botia",Dog and cat food
076484001239,2504,"LILPALS SM COLLAR 2BA12",Dog
076484001239,6865,"DASHI cat ck, tuna 2.5oz",Dog and cat food
076484001246,2505,"LILPALS SM COLLAR 1BL12",Dog
076484001246,6866,"DASHI cat ck, salm 2.5oz",Dog and cat food
076484029936,2506,"LILPALS XS COLLAR 2BL08",Dog
076484029936,6867,"DASI cat ck,tuna,scall 2.5oz",Dog and cat food
076484029745,2507,"LILPALS XS HARNESS PNKPXS",Dog
076484029745,6868,"DASHI cat ck, scall 2.5oz",Dog and cat food
076484029776,2508,"LILPALS SM HARNESS PNKPSM",Dog
076484029776,6869,"BLUE BUF ck grav 3oz",Dog and cat food
076484029738,2509,"LILPALS XS HARNESS BLUPXS",Dog
076484029738,6870,"BLUE BUF 3oz fish,shrimp 3oz",Dog and cat food
076484029769,2510,"LILPALS SM HARNESS BLUPSM",Dog
076484029769,6871,"BLUE BUF kitten 3oz",Dog and cat food
076484029721,2511,"LILPALS XS HARNESS BLKPXS",Dog
076484029721,6872,"BLUE BUF cat ck morsels",Dog and cat food
076484029752,2512,"LILPALS SM HARNESS BLKPSM",Dog
076484029752,6873,"BLUE BUF cat ocean,tuna 5.5oz",Dog and cat food
076484638374,2513,"LILPALS XS HARNESS LIMPXS",Dog
076484638374,6874,"Blue buf cat turk,ck 5.5oz",Dog and cat food
076484638367,2514,"LILPALS SM HARNESS LIMPSM",Dog
076484638367,6875,"BLUE BUF cat salm pate 5.5oz",Dog and cat food
076484163869,2515,"LILPALS XS HARNESS ORDPXS",Dog
076484163869,6876,"BLUE BUF fish,shrim 5.5oz",Dog and cat food
076484163852,2516,"LILPALS SM HARNESS ORDPSM",Dog
076484163852,6877,"BLUE BUF tuna grav 5.5oz",Dog and cat food
076484163845,2517,"LILPALS XS HARNESS BLLPXS",Dog
076484163845,6878,"BLUE BUF cat ck grav 5.5oz",Dog and cat food
076484163838,2518,"LILPALS SM HARNESS BLLPSM",Dog
076484163838,6879,"BLUE BUF cat wild duck 3oz",Dog and cat food
076484638398,2519,"LILPALS XS HARNESS PKBPXS",Dog
076484638398,6880,"BLUE BUF cat wild ck 3oz",Dog and cat food
076484638381,2520,"LILPALS SM HARNESS PKBPSM",Dog
076484638381,6881,"BLUE BUF cat wild turkey 5.5oz",Dog and cat food
076484638350,2521,"LILPALS XS HARNESS BLKPXS",Dog
076484638350,6882,"BLUE BUF cat wild salm 5.5ozx",Dog and cat food
076484638343,2522,"LILPALS SM HARNESS BLKPSM",Dog
076484638343,6883,"FRESHPET turky 2lb",Dog and cat food
076484062049,2523,"LILPALS HARNESS COMBO PKBPSM",Dog
076484062049,6884,"FRESHPET beef,bis 1#",Dog and cat food
076484062032,2524,"LILPALS HARNESS COMBO BLKPSM",Dog
076484062032,6885,"FRESHPET beef,bis 2#",Dog and cat food
076484178627,2525,"CIRCLE 14""TCR1786S COLLAR",Dog
076484178627,6886,"FRESHPET sm br multi prot 1#",Dog and cat food
076484178665,2526,"CIRCLE 16""TCR1786S COLLAR",Dog
076484178665,6887,"FRESHPET sm br ck,tur 1#",Dog and cat food
76484178825,2527,"CIRLCE 20""TCR 1786S COLLAR",Dog
76484178825,6888,"FRESHPET sm br ck1#",Dog and cat food
076484178672,2528,"CIRLCE 16""TNV 1786S COLLAR",Dog
076484178672,6889,"FRESHPET sm br ck,turk,lam 1#",Dog and cat food
076484104343,2529,"CIRCLE 18""TAN 1106 COLLAR",Dog
076484104343,2535,"CIRCLE 18"" TAN 1106 COLLAR",Dog
076484104343,6890,"FRESHPET gr fr ck 1#",Dog and cat food
076484104343,6896,"FRESHPET ck,ri 2#",Dog and cat food
076484178832,2530,"CIRLCE 20"" TNV 1789S COLLAR",Dog
076484178832,6891,"FRESHPET beef 1.5#",Dog and cat food
076484103544,2531,"CIRCLE 10"" TAN 1103 COLLAR",Dog
076484103544,6892,"FRESHPET ck 1#",Dog and cat food
076484103742,2532,"CIRCLE 12"" TAN 1103 COLLAR",Dog
076484103742,6893,"FRESHPET gr fr ck 2#",Dog and cat food
076484115561,2533,"CIRCLE 14"" TAN 1105 COLLAR",Dog
076484115561,6894,"FRESHPET ck,ri 6#",Dog and cat food
076484115578,2534,"CIRCLE 16"" TAN 1105 COLLAR",Dog
076484115578,6895,"FRESHPET beef 6 3",Dog and cat food
076484104541,2536,"CIRCLE 20"" TAN 1106 COLLAR",Dog
076484104541,6897,"FRESHPET vital cuts 1.5#",Dog and cat food
076484104749,2537,"CIRCLE 22"" TAN 1108 COLLAR",Dog
076484104749,6898,"FRESHPET vit gr fr ck,be,sal 1.75#",Dog and cat food
076484104947,2538,"CIRCLE 24"" TAN 1108 COLLAR",Dog
076484104947,6899,"FRESHPET vit gr fr ck,be,sal 5.5#",Dog and cat food
076484103513,2539,"CIRCLE 10"" RED 1103 COLLAR",Dog
076484103513,6900,"FRESHPET vit gr fr beef,lam 5.5#",Dog and cat food
076484115547,2540,"CIRCLE 14"" RED 1105 COLLAR",Dog
076484115547,6901,"PRIMAL fro beef nug 3#",Dog and cat food
076484104312,2541,"CIRCLE 18"" RED 1106 COLLAR",Dog
076484104312,6902,"PRIMAL fr rab nug 3#",Dog and cat food
076484104510,2542,"CIRCLE 20"" RED 1106 COLLAR",Dog
076484104510,6903,"PRIMAL fro nug pork 3#",Dog and cat food
076484104718,2543,"CIRCLE 22"" RED 1108 COLLAR",Dog
076484104718,6904,"PRIMAL fro nug tuk,sard 3#",Dog and cat food
076484104916,2544,"CIRCLE RED24"" COLLAR",Dog
076484104916,6905,"PRIMAL fro nug ck 3#",Dog and cat food
076484210204,2545,"CIRCLE LAT16"" COLLAR",Dog
076484210204,6906,"PRIMAL fro nug ven 3#",Dog and cat food
076484118401,2546,"CIRCLE LAT18"" COLLAR",Dog
076484118401,6907,"PRIMAL fro nug lamb 3#",Dog and cat food
076484118524,2547,"CIRCLE LAT22"" COLLAR",Dog
076484118524,6908,"PRIMAL fro pron ck 4#",Dog and cat food
076484118548,2548,"CIRCLE LAT24"" COLLAR",Dog
076484118548,6909,"PRIMAL fro pron lamb 4#",Dog and cat food
076484103704,2549,"CICLE BLK12"" COLLAR",Dog
076484103704,6910,"PRIMAL fro pront beef 4#",Dog and cat food
076484115509,2550,"CIRCLE BLK14"" COLLAR",Dog
076484115509,6911,"PRIMAL fro pron turk,sard 4#",Dog and cat food
076484104701,2551,"CIRCLE BLK22"" COLLAR",Dog
076484104701,6912,"PRIMAL fro pup pron 4#",Dog and cat food
076484104305,2552,"CIRCLE BLK18"" COLLAR",Dog
076484104305,6913,"PRIMAL fro pron beef 3/4#",Dog and cat food
076484104909,2553,"CIRCLE BLK24"" COLLAR",Dog
076484104909,6914,"PRIMAL fro pron ck 3/4#",Dog and cat food
076484823084,2554,"CIRCLE BLK06"" LEASH",Dog
076484823084,6915,"PRIMAL goat milk 16oz",Dog and cat food
076484115004,2555,"CIRCLE BLK04"" LEASH",Dog
076484115004,6916,"PRIMAL goat milk 32oz",Dog and cat food
076484114403,2556,"CIRCLE BLK04"" LEASH",Dog
076484114403,6917,"PRIMAL goat milk cran 32oz",Dog and cat food
076484348006,2557,"CIRCLE BRK04"" LEASH",Dog
076484348006,6918,"PRIMAL broth beef",Dog and cat food
076484114441,2558,"CIRCLE TAN04' LEASH",Dog
076484114441,6919,"PRIMAL broth pork",Dog and cat food
076484114847,2559,"CIRCLE TAN04' LEASH",Dog
076484114847,6920,"PRIMAL broth ck",Dog and cat food
076484178818,2560,"CIRCLE 20""BTL 1788S COLLAR",Dog
076484178818,2572,"CIRCLE 20"" BTL 1788S COLLAR",Dog
076484178818,6921,"PRIMAL broth turkey",Dog and cat food
076484178818,6933,"HIKARI froz krill 3.5oz",Fish
076484178610,2561,"CIRCLE 14""BTL 1786S COLLAR",Dog
076484178610,6922,"PRIMAL beef bone 6pk",Dog and cat food
076484178658,2562,"CIRCLE 16"" BTL 1786S COLLAR",Dog
076484178658,6923,"PRIMAL beef bone lg",Dog and cat food
076484178641,2563,"CIRCLE 16""BRO 1786S COLLAR",Dog
076484178641,6924,"PRIMAL beef bone md",Dog and cat food
076484178603,2564,"CIRCLE 14"" BRO 1786S COLLAR",Dog
076484178603,6925,"PRIMAL beef bone sm",Dog and cat food
076484178801,2565,"CIRCLE 20"" BRO 1788S COLLAR",Dog
076484178801,6926,"VITAL ESSEN cat fro tur 28oz",Dog and cat food
076484514678,2566,"CIRCLE 10"" BLK 1703K COLLAR",Dog
076484514678,6927,"VITAL ESSEN cat duck 28oz",Dog and cat food
076484108341,2567,"CIRCLE 18"" TAN 1206 COLLAR",Dog
076484108341,6928,"HIKARI froz krill 16oz",Fish
076484108945,2568,"CIRCLE 24""TAN 1208 COLLAR",Dog
076484108945,6929,"HIKARI froz brine shrimp 16oz",Fish
076484108518,2569,"CIRCLE 20"" RED 1206 COLLAR",Dog
076484108518,6930,"HIKARI froz blood worm 16oz",Fish
076484108914,2570,"CIRCLE 24"" RED 1208 COLLAR",Dog
076484108914,6931,"SAN FRANCI cich delight 3.5oz",Fish
076484108709,2571,"CIRCLE 22"" BLK 1208 COLLAR",Dog
076484108709,6932,"SAN FRANCI beef heart 3.5oz",Fish
076484108907,2573,"CIRCLE 24"" BLK 1208 COLLAR",Dog
076484108907,6934,"HIKARI froz tubifex worm 3.5oz",Fish
076484108501,2574,"CIRCLE 20"" BLK 1206 COLLAR",Dog
076484108501,6935,"HIKARI froz spiru,mysis 3.5oz",Fish
076484693526,2575,"COASTAL MD  DNS20 COLLAR",Dog
076484693526,6936,"HIKARI froz mysis 3.5oz",Fish
076484693816,2576,"COASTAL LG DNS26 COLLAR",Dog
076484693816,6937,"HIKARI froz jum blood worm 3.5oz",Fish
076484693519,2577,"COASTAL MD ALN20 COLLAR",Dog
076484693519,6938,"HIKARI froz blood worm 3.5oz",Fish
076484693809,2578,"COASTAL LG ALN26 COLLAR",Dog
076484693809,6939,"HIKARI froz daphnia 3.5oz",Fish
076484065606,2579,"COASTAL MD FDN20 COLLAR",Dog
076484065606,6940,"HIKARI froz baby brine shri 1.75oz",Fish
076484065620,2580,"COASTAL LG FDN26 COLLAR",Dog
076484065620,6941,"HIKARI froz brine shrimp 3.5oz",Fish
076484693564,2581,"COASTAL MD UCN20 COLLAR",Dog
076484693564,6942,"HIKARI froz spiru,brine shri 3.5oz",Fish
076484693854,2582,"COASTAL LG UCN26 COLLAR",Dog
076484693854,6943,"HIKARI froz omega brin shrim 3.5oz",Fish
076484693540,2583,"COASTAL MD LLM20 COLLAR",Dog
076484693540,6944,"HIKARI froz ocean plankton 3.5oz",Fish
076484693830,2584,"COASTAL LG LLM26 COLLAR",Dog
076484693830,6945,"OMEGA ONE froz blo worm 4oz",Fish
076484065613,2585,"COASTAL MD PIA20 COLLAR",Dog
076484065613,6946,"PUP CUP bacon 13oz",Dog
076484065637,2586,"COASTAL LG PIA26 COLLAR",Dog
076484065637,6947,"DOGO'S ice cream pumkin",Dog
849790039940,2587,"SM NOLA SAINTS COLLAR",Dog
849790039940,6948,"DOGO'S ice cream ched bac",Dog
849790155817,2588,"MED NOLA SAINTS COLLAR",Dog
849790155817,6949,"DOGO'S ice cream vanilla",Dog
849790152274,2589,"LG NOLA SAINTS COLLAR",Dog
849790152274,6950,"HIKARI sinking gold mini 12oz",Fish
849790045798,2590,"SM NOLA SAINTS LEASH",Dog
849790045798,6951,"HIKARI sinking gold md 12oz",Fish
849790159273,2591,"MED NOLA SAINTS LEASH",Dog
849790159273,6952,"HIKARI gold mini 8.8oz",Fish
849790159266,2592,"LG NOLA SAINTS LEASH",Dog
849790159266,6953,"HIKARI gold md 8.8oz",Fish
849790155343,2593,"SM LSU COLLAR",Dog
849790155343,6954,"HIKARI gold lg 8.8oz",Fish
849790155336,2594,"MED LSU COLLAR",Dog
849790155336,6955,"HIKARI staple mini 8.8oz",Fish
849790155329,2595,"LG LSU COLLAR",Dog
849790155329,6956,"HIKARI staple md 8.8oz",Fish
849790158894,2596,"SM LSU LEASH",Dog
849790158894,6957,"HIKARI staple lg 8.8oz",Fish
849790151666,2597,"MED LSU LEASH",Dog
849790151666,6958,"HIKARI algae waf 8.8oz",Fish
849790158887,2598,"LG LSU LEASH",Dog
849790158887,6959,"HIKARI algae waf 2.89oz",Fish
849790120723,2599,"NOLA SAINTS BURGER TOY",Dog
849790120723,6960,"HIKARI algae waf1.41oz",Fish
849790120303,2600,"NOLA SAINTS BOTTLE TOY",Dog
849790120303,6961,"HIKARI algae waf mini .77oz",Fish
849790119376,2601,"LSU HOTDOG TOY",Dog
849790119376,6962,"HIKARI vibra 2.57oz",Fish
076484560019,2602,"TITAN G2014"" TRAINCOLLARPRG",Dog
076484560019,6963,"HIKARI vibra 1.23oz",Fish
076484560026,2603,"TITAN G3018 TRAINCOLLARPRG",Dog
076484560026,6964,"HIKARI crab cuisine 1.76oz",Fish
076484560033,2604,"TITAN G3320 TRAINCOLLARPRG",Dog
076484560033,6965,"HIKARI fancy guppy .77oz",Fish
76484994654,2605,"COASTAL 6' DNS 469 LEASH",Dog
76484994654,6966,"HIKARI sinking wafers 3.88oz",Fish
076484969027,2606,"COASTAL 6'DNS 969 LEASH",Dog
076484969027,6967,"HIKARI sinking wafers 1.76oz",Fish
076484994647,2607,"COASTAL 6' ALN 469 LEASH",Dog
076484994647,6968,"HIKARI minivore 1.41oz",Fish
076484969003,2608,"COASTAL 6' ALN 969 LEASH",Dog
076484969003,6969,"HIKARI first bites .35oz",Fish
076484065248,2609,"COASTAL 6' FDN 469 LEASH",Dog
076484065248,2610,"COASTAL 6' FDN 969 LEASH",Dog
076484065248,6970,"HIKARI shrimp cuisine .35oz",Fish
076484065248,6971,"HIKARI staple mini 2.01oz",Fish
076484994692,2611,"COASTAL 6' UCN 469 LEASH",Dog
076484994692,6972,"HIKARI staple md 2.01oz",Fish
076484969065,2612,"COASTAL 6' UCN 969 LEASH",Dog
076484969065,6973,"HIKARI gold mini 2.01oz",Fish
076484994678,2613,"COASTAL 6' LLM 469 LEASH",Dog
076484994678,6974,"HIKARI sinking md 3.5oz",Fish
076484969041,2614,"COASTAL 6' LLM 969 LEASH",Dog
076484969041,6975,"HIKARI sinking mini 3.5oz",Fish
076484065255,2615,"COASTAL 6' PIA 469 LEASH",Dog
076484065255,6976,"OCEAN NUTRITION shrimp waf .53oz",Fish
076484065651,2616,"COASTAL 6' PIA 969 LEASH",Dog
076484065651,6977,"FLUVAL bug bite pleco waf 4.6oz",Fish
076484996450,2617,"COASTAL SM DNS14 COLLAR",Dog
076484996450,6978,"FLUVAL bug bite col enh 4.4oz",Fish
076484428418,2618,"COASTAL XS DNS12 COLLAR",Dog
076484428418,6979,"FLUVAL chiclid md to lg 3.5oz",Fish
076484428401,2619,"COASTAL XS ALN12 COLLAR",Dog
076484428401,6980,"AQUEON chiclid pellet md 7.5oz",Fish
076484996443,2620,"COASTAL SM ALN14 COLLAR",Dog
076484996443,6981,"AQUEON cichlid pellet mini 4.5oz",Fish
076484065200,2621,"COASTAL XS FDN12 COLLAR",Dog
076484065200,6982,"TETRA glofish wafer 1.58oz",Fish
076484065224,2622,"COASTAL SM FDN14 COLLAR",Dog
076484065224,6983,"TETRA pleco wafer 2.12oz",Fish
076484428456,2623,"COASTAL XS UCN12 COLLAR",Dog
076484428456,6984,"TETRA shrimp wafer 3oz",Fish
076484996498,2624,"COASTAL SM UCN14 COLLAR",Dog
076484996498,6985,"FLUVAL moss ball",Fish
076484428432,2625,"COASTAL XS LLM12 COLLAR",Dog
076484428432,6986,"TETRA glofish flake 1.59oz",Fish
076484996474,2626,"COASTAL SM LLM14 COLLAR",Dog
076484996474,6987,"TETRA tetramin granule 3.52oz",Fish
216484065217,2627,"COASTAL XS PIA12 COLLAR",Dog
216484065217,6988,"TETRA color crisps 7.41oz",Fish
076484065231,2628,"COASTAL SM PIA14 COLLAR",Dog
076484065231,6989,"TETRA tetracolor 1oz",Fish
076484093302,2629,"TITAN TRINCOLLAR HVY 18"" 5530",Dog
076484093302,6990,"TETRA tetracolor 2.2oz",Fish
076484093319,2630,"TITAN TRAINCLLR HVY 20"" 5530",Dog
076484093319,6991,"TETRA tetracolor 7.06oz",Fish
076484093326,2631,"TITAN TRAINCLLR HVY 22"" 5530",Dog
076484093326,6992,"TETRA tetra color plus 2.2oz",Fish
076484093333,2632,"TITAN TRAINCLLR HVY 24"" 5530",Dog
076484093333,6993,"TETRA tetra color plus 7.06oz",Fish
076484093340,2633,"TITAN TRAINCLLR HVY 26"" 5530",Dog
076484093340,6994,"TETRA tetramin plus 1oz",Fish
076484093418,2634,"TITAN TRAINCLLR XHVY 20"" 5540",Dog
076484093418,6995,"TETRA tetramin plus 2.2oz",Fish
076484093425,2635,"TITAN TRAINCLLR XHVY 22' 5540",Dog
076484093425,6996,"TETRA tetramin plus 7.06oz",Fish
076484093432,2636,"TITAN TRAINCLLR XHVY 24"" 5540",Dog
076484093432,6997,"TETRA tetramin .42oz",Fish
076484093449,2637,"TITAN TRAINCLLR XHVY 26"" 5540",Dog
076484093449,6998,"TETRA tetramin 1oz",Fish
076484093456,2638,"TITAN TRAINCLLR XHVY 28"" 5540",Dog
076484093456,6999,"TETRA tetramin 2.2oz",Fish
076484093463,2639,"TITAN TRAINCLLR XHVY 30"" 5540",Dog
076484093463,7000,"TETRA cichil flake 5.65oz",Fish
076484093012,2640,"TITAN TRAINCLLR XFINE 10"" 5515",Dog
076484093012,2641,"TITAN TRAINCLLR XFINE 12"" 5515",Dog
076484093012,7001,"TETRA cichlid flake 2.82oz",Fish
076484093012,7002,"TETRA cichlid flake 1.58oz",Fish
076484093104,2642,"TITAN TRAINCLLR FINE 12"" 5520",Dog
076484093104,7003,"TETRA cichlid stick 11.29oz",Fish
076484093111,2643,"TITAN TRAINCLLR FINE 14"" 5520",Dog
076484093111,7004,"TETRA cichlid stick 5.65oz",Fish
076484093128,2644,"TITAN TRAINCLLR FINE 16"" 5520",Dog
076484093128,7005,"TETRA community 3 in 1 3.25oz",Fish
076484093135,2645,"TITAN TRAINCLLR FINE 18"" 5520",Dog
076484093135,7006,"TETRA crisp select a food 2.4oz",Fish
076484093203,2646,"TITAN TRAINCLLR MED 14"" 5525",Dog
076484093203,7007,"HIKARI blood worm .42oz",Fish
076484093210,2647,"TITAN TRAINCLLR MED 16"" 5525",Dog
076484093210,7008,"HIKARI brine shrimp .42oz",Fish
076484093227,2648,"TITAN TRAINCLLR MED 18"" 5525",Dog
076484093227,7009,"HIKARI tubifex worms .78oz",Fish
076484093234,2649,"TITAN TRAINCLLR MED 20"" 5525",Dog
076484093234,7010,"OMEGA ONE cich pel sup colo 9oz",Fish
076484092701,2650,"TITAN LEASH BLK04 4' FNE",Dog
076484092701,7011,"OMEGA ONE cich pel sup col 4.2oz",Fish
076484092718,2651,"TITAN LEASH RED04 4' FINE",Dog
076484092718,7012,"ZOO MED axalotl 11oz",Fish
076484550713,2652,"TITAN LEASH RED02 2' XHVY",Dog
076484550713,7013,"ZOO MED axalotl 2oz",Fish
76484092800,2653,"TITAN LEASH BLK04' HVY 4'",Dog
76484092800,7014,"AQUEON shrimp pel 3.25oz",Fish
76484093753,2654,"TITAN COMFORT TIPS XHVY",Dog
76484093753,7015,"AQUEON shrimp pel 6.5oz",Fish
076484093746,2655,"TITAN COMFORT TIPS HVY",Dog
076484093746,7016,"AQUEON trop granules 3.25oz",Fish
076484093739,2656,"TITAN COMFORT TIPS MED",Dog
076484093739,7017,"AQUEON trop granules 6.5oz",Fish
076484093722,2657,"TITAN COMFORT TIPS FINE",Dog
076484093722,7018,"AQUEON goldfish granules 3oz",Fish
076484121623,2658,"LILPALS POTTY BELLS",Dog
076484121623,7019,"TETRA tetrapro crisp 2.65oz",Fish
076484837029,2659,"RASCAL SHEEP TOY",Dog
076484837029,7020,"TETRA goldfish crisp 3.03oz",Fish
076484837302,2660,"RASCALS 5"" BONE",Dog
076484837302,7021,"TETRA goldfish crisp 7.90",Fish
076484093999,2661,"RASCALS JUMBO BURGER",Dog
076484093999,7022,"TETRA goldfish plus 2.2oz",Fish
076484093920,2662,"RASCALS 6.5"" PAPER",Dog
076484093920,7023,"TETRA goldfish .42",Fish
076484093913,2663,"RASCALS 4"" PORKCHOP",Dog
076484093913,7024,"TETRA goldfish 1oz",Fish
076484830150,2664,"RASCALS 3"" FROG",Dog
076484830150,7025,"TETRA goldfish 2.2oz",Fish
076484831676,2665,"RASCALS 3"" SOCCER BALL",Dog
076484831676,7026,"TETRA goldfish 7.06oz",Fish
076484837111,2666,"RASCALS 6"" MONKEY",Dog
076484837111,7027,"FLUVAL goldfish sm to md 1.6oz",Fish
076484093890,2667,"RASCALS 3"" HAMBURGER",Dog
076484093890,7028,"FLUVAL cichlid sm to md 1.6oz",Fish
076484830228,2668,"RASCALS 3"" HAMBURGER",Dog
076484830228,7029,"FLUVAl bottom feed 1.6oz",Fish
076484830662,2669,"RASCALS 5.5"" SBALL DB",Dog
076484830662,7030,"FLUVAL tropical small 1.6oz",Fish
076484827709,2670,"RASCALS 4"" FOOTBALL",Dog
076484827709,7031,"FLUVAL color enhancing 1.6oz",Fish
076484830341,2671,"RASCALS 2.5"" BALL",Dog
076484830341,7032,"FLUVAL bug bite goldfish .63oz",Fish
784369203257,2672,"MULTIPET GLOBKEN MINI ASST.",Dog
784369203257,7033,"FLUVAL bug bite algae crisp 3.52oz",Fish
076484093906,2673,"RASCALS 5.5"" FRKFURTR",Dog
076484093906,7034,"FLUVAL bug bite spirulina .63oz",Fish
076484830518,2674,"RASCALS 6.25"" PIG",Dog
076484830518,7035,"FLUVAL bug bite spirulina 1.58",Fish
077234548707,2675,"SPOT LATEX FOOD 8"" ASST.",Dog
077234548707,7036,"FLUVAL bug bite color enhan .63",Fish
713080180240,2676,"NATURFLEX TINYTOTS T-REX 4.5""",Dog
713080180240,7037,"FLUVAL bug bite color enhan 1.58oz",Fish
713080180271,2677,"NATURFLEX BRONTOSAURUS",Dog
713080180271,7038,"FLUVAL bug bite color enhan 3.17oz",Fish
713080180936,2678,"NATURFLEX TRICERATOPS",Dog
713080180936,7039,"FLUVAL bug bite tropical .63oz",Fish
076484830693,2679,"RASCALS 3"" CRAB",Dog
076484830693,7040,"FLUVAL bug bite tripical 1.58oz",Fish
076484832062,2680,"LILPALS 2"" GRNBALL",Dog
076484832062,7041,"PENN PLAX divider 29-55",Fish
076484832055,2681,"LILPALS 2.75"" DUCK",Dog
076484832055,7042,"PENN PLAX divider 20 gallon",Fish
076484832802,2682,"LILPALS 4"" MONKEY",Dog
076484832802,7043,"PENN PLAX divider 15-20",Fish
618940431107,2683,"JW PUPPY HOL-EE ROLLER",Dog
618940431107,7044,"PENN PLAX div ider 10gallon",Fish
784369610949,2684,"MULTIPET NOSEY BUDDY ASST",Dog
784369610949,7045,"PYTHON clean fill",Fish
076484799105,2685,"LILPALS PLUSHLION",Dog
076484799105,7046,"LEE'S fauget adapter",Fish
076484799020,2686,"LILPALS PLUSH RABBIT",Dog
076484799020,7047,"PYTHON 13 c switch part",Fish
076484799013,2687,"LILPALS PLUSH DUCK",Dog
076484799013,7048,"PYTHON squeeze",Fish
76484842030,2688,"LILPALS FLEECE TOY",Dog
76484842030,7049,"LEE'S super pump",Fish
076484799099,2689,"LILPALS PLUSH GATOR",Dog
076484799099,7050,"PENN PLAX quick net 5 in",Fish
076484832024,2690,"LILPALS 4"" BLUDOG",Dog
076484832024,7051,"PENN PLAX quick net 5l in",Fish
076484830532,2691,"RASCALS 15"" ROOSTER",Dog
076484830532,7052,"PENN PLAX quick net 6 in",Fish
618940431114,2692,"JW HOL-EE ROLLER MED",Dog
618940431114,7053,"PENN PLAX quick net 8 in",Fish
076484830426,2693,"RASCALS 3.5"" FISH",Dog
076484830426,7054,"PENN PLAX quick net 10 in",Fish
076484843648,2694,"LILPALS RABDOG MESH TOY",Dog
076484843648,7055,"PENN PLAX quick net 4 in",Fish
076484842047,2695,"LILPALS BONE FLEECE TOY",Dog
076484842047,7056,"PENN PLAX quick net 3 in",Fish
076484830105,2696,"RASCALS 2.75"" PIG",Dog
076484830105,7057,"PENN PLAX quick net 2 in",Fish
076484847448,2697,"LILPALS PIGDOG MESH TOY",Dog
076484847448,7058,"PENN PLAX gravel vac 5",Fish
076484825149,2698,"RASCALS 3"" BALL",Dog
076484825149,7059,"PENN PLAX gravel vac 9",Fish
076484830907,2699,"RASCALS 13"" PIG",Dog
076484830907,7060,"PENN PLAX gravel vac 10",Fish
618940431121,2700,"JW HOL-EE ROLLER LRG",Dog
618940431121,7061,"PENN PLAX gravel vac 16",Fish
788169720426,2701,"JOLLY PETS 4""JOLLY SCCRBALL",Dog
788169720426,7062,"PENN PLAX gravel vac 24",Fish
076484830358,2702,"RASCALS LATEX COW",Dog
076484830358,7063,"AQUEON water changer 25ft",Fish
076484830686,2703,"RASCAL 4"" BASKETBALL",Dog
076484830686,7064,"AQUEON water changer 50ft",Fish
077234548691,2704,"SPOT LATEX SEA FRIEND 8.5""",Dog
077234548691,7065,"AQUEON siphon vac 5""",Fish
618940431138,2705,"JW HOL-EE ROLLER JUMBO",Dog
618940431138,7066,"AQUEON siphon vac 9""",Fish
788169040654,2706,"JOLLY PET 6"" TUGNTOSS PURPLE",Dog
788169040654,7067,"AQUEON siphon vac 10""",Fish
788169720624,2707,"JOLLYPET 6""SOCCER BALL BLLUE",Dog
788169720624,7068,"AQUEON siphon vac /bulb 10""",Fish
788169720631,2708,"JOLLYPET 6"" SOCCERBALL GREEN",Dog
788169720631,7069,"FLUVAL easy vac 10""",Fish
788169720822,2709,"JOLLYPET 8"" SOCCERBALL BLUE",Dog
788169720822,7070,"FLUVAL easy vac 24""",Fish
788169720815,2710,"JOLLYPET 8"" SOCCERBALL ORANGE",Dog
788169720815,7071,"LEE'S gravel vac 50ft",Fish
076484324833,2711,"LILPALS HONEY BEE TOYS",Dog
076484324833,7072,"LEE'S gravel vac 25ft",Fish
076484832147,2712,"LILPALS 8"" SPIKY GATOR",Dog
076484832147,7073,"FLUVAL gravel vac kit",Fish
076484401312,2713,"LILPALS PLUSH HAMBURGER",Dog
076484401312,7074,"FLUVAL t300 heater",Fish
076484401329,2714,"LILPALS PLUSH HOTDOG TOY",Dog
076484401329,7075,"FLUVAL t200 heater",Fish
076484321085,2715,"LILPALS LATEX COFEE MACROONS",Dog
076484321085,7076,"FLUVAL t150 heater",Fish
076484830280,2716,"RASCALS 3"" HDGHOG",Dog
076484830280,7077,"FLUVAL t100 heater",Fish
077234548677,2717,"SPOT LATEX FRIENDS 9""",Dog
077234548677,7078,"FLUVAL t50 heater",Fish
618940430353,2718,"JW SM ISQUEAKBONE",Dog
618940430353,7079,"MARINA 50w heater",Fish
076484842092,2719,"LILPALS PLUSH BALL",Dog
076484842092,7080,"MARINA 150w heater",Fish
076484324819,2720,"LILPALS OUTER SPACE",Dog
076484324819,7081,"MARINA 200w heater",Fish
784369610352,2721,"MULITPET SM LOOFADOG",Dog
784369610352,7082,"MARINA 300w heater",Fish
076484401343,2722,"LILPALS SOCCERBALL ROP",Dog
076484401343,7083,"PENN PLAX 100w heater",Fish
076484324826,2723,"LILPALS SECRET GARDEN TOYS",Dog
076484324826,7084,"FLUVAL suction cup",Fish
076484324840,2724,"LILPALS FIESTA TOYS",Dog
076484324840,7085,"AQUEON 5w heater",Fish
076484830846,2725,"RASCALS 7"" GRUNT GATOR",Dog
076484830846,7086,"AQUEON 7.5w heater",Fish
618940431688,2726,"JW BAD CUZ MED",Dog
618940431688,7087,"PENN PLAX 25w mini heater",Fish
076484830860,2727,"RASCAL6.5"" PURPLE RHINO",Dog
076484830860,7088,"PENN PLAX 10w mini heater",Fish
076484832154,2728,"LILPALS 8.5"" COW ROPE",Dog
076484832154,7089,"SEACHEM neutral regul 7.0 1kg",Fish
076484830761,2729,"RASCAL 5"" FOOT",Dog
076484830761,7090,"SEACHEM de nitrate 500ml",Fish
076484832086,2730,"LILPALS 2"" PNKBALL",Dog
076484832086,7091,"SEACHEM matrix 500ml",Fish
076484830891,2731,"RASCALS 6.5"" TOY GRUNT ELEPHANT",Dog
076484830891,7092,"SEACHEM purgen 250ml",Fish
077234548660,2732,"SPOT LATEX RING 5""",Dog
077234548660,7093,"SEACHEM acid regulator 8.8oz",Fish
788169050516,2733,"JOLLY TUG",Dog
788169050516,7094,"SEACHEM alkaline buffer 10.5oz",Fish
077234548684,2734,"SPOT LATEX PALS",Dog
077234548684,7095,"SEACHEM acid buffer 10.5oz",Fish
077234548721,2735,"SPOT LATEX ANIMAL",Dog
077234548721,7096,"SEACHEM discus buffer 8.8oz",Fish
859442005384,2736,"DOGGIEJUANA TUFFER CHEWER",Dog
859442005384,7097,"SEACHEM cichlid lake 8.8oz",Fish
714929808158,2737,"DOGGIEJUANA GETTHE MUNCHIES",Dog
714929808158,7098,"SEACHEM brackish salt 10.6oz",Fish
714929808226,2738,"DOGGIEJUANA GET OUTSIDE",Dog
714929808226,7099,"AQUAVITRO phosfiltrum 5.6oz",Fish
714929808233,2739,"DOGGIE NIP",Dog
714929808233,7100,"SEACHEM cupramine 1.7oz",Fish
076484742309,2740,"LILPALS HAPPY BIRTHDAY COMBO",Dog
076484742309,7101,"SEACHEM paraguard 8.5oz",Fish
076484321184,2741,"LILPALS BURGER COMBO",Dog
076484321184,7102,"SEACHEM amguarad 8.5oz",Fish
077234544945,2742,"SPOT FUN SLOTH 7""",Dog
077234544945,7103,"SEACHEM pristine 8.5oz",Fish
077234546086,2743,"SPOT LUNA-CORN",Dog
077234546086,7104,"SEACHEM stress guard 8.5oz",Fish
077234043431,2744,"SPOT GIGGLERS BIRD",Dog
077234043431,7105,"AQUAVITRO seed 11.8oz",Fish
077234043400,2745,"SPOT GIGGLERS SM HDGHOG",Dog
077234043400,7106,"SEACHEM stability 8.5oz",Fish
077234056172,2746,"SPOT CHIRPIES",Dog
077234056172,7107,"SEACHEM stability 3.4oz",Fish
077234544952,2747,"SPOT FUN SLOTH 13""",Dog
077234544952,7108,"SEACHEM clarity 8.5oz",Fish
077234545614,2748,"SPOT WOODSY GNOME 12""",Dog
077234545614,7109,"SEACHEM clarity 3.4oz",Fish
700603701778,2749,"OTWRD HOUND STUFFFREE FOX",Dog
700603701778,7110,"SEACHEM prime 8.5oz",Fish
077234056707,2750,"SPOT SKINNEEZ JUNGLE CAT SQUEAKERS",Dog
077234056707,7111,"SEACHEM prime 3.4oz",Fish
077234053683,2751,"SPOT SKINNEEZ SQUIRELL",Dog
077234053683,7112,"SEACHEM prime 1.7oz",Fish
077234057070,2752,"SPOT SKINNEEZ GIRAFFE",Dog
077234057070,7113,"SEACHEM gartlic guard 8.5oz",Fish
077234053669,2753,"SPOT SKINNEEZ RABBIT",Dog
077234053669,7114,"SEACHEM axolotl cond 8.5oz",Fish
077234540954,2754,"SPOT SKINZ EXT TRPL SQK SHARK",Dog
077234540954,7115,"SEACHEM axolotl buffer",Fish
077234540961,2755,"SPOT SKINZ EXT TRPL SQK CROC",Dog
077234540961,7116,"SEACHEM florish iron 8.5oz",Fish
077234057339,2756,"SPOT SKINZ PLUS DUCK",Dog
077234057339,7117,"SEACHEM flourish excel 8.5oz",Fish
077234055458,2757,"SPOT SKINZ MALLARD DUCK",Dog
077234055458,7118,"SEACHEM flourish 8.5oz",Fish
077234057322,2758,"SPOT SKNZ PLUS PENGUIN",Dog
077234057322,7119,"AQUARIUM SOLUTIONS prazipro 4oz",Fish
077234043127,2759,"SPOT SKNZ CRINKLERS LG BIRD",Dog
077234043127,7120,"AQUARIUM SOLUTIONS prazipro 16oz",Fish
077234056578,2760,"SPOT SKNZ BIG BITE JACKAL",Dog
077234056578,7121,"WECO nox-ich",Fish
077234056479,2761,"SPOT SKNZ BIG BITE BEAR",Dog
077234056479,7122,"KORDON ich attack 4oz",Fish
788169017526,2762,"JOLLY PET FLYER 7.5"" BLUE",Dog
788169017526,7123,"FRITZ maracyn oxy 4oz",Fish
077234542163,2763,"SPOT SKNZ EX QUILTED MINI FOX",Dog
077234542163,7124,"FRITZ maracyn oxy 16oz",Fish
077234540978,2764,"SPOT SKNZ EX TRPL SQK SNAKE",Dog
077234540978,7125,"FRITZ coppersafe 4oz",Fish
077234541197,2765,"SPOT SKNZ EX OCTOPUS",Dog
077234541197,7126,"API melafix 4oz",Fish
077234541890,2766,"SPOT SKNZ EX QUILTED SQUIRELL",Dog
077234541890,7127,"API melafix 8oz",Fish
077234548271,2767,"SPOT SKNZ STRETCH&SQK",Dog
077234548271,7128,"API pimafix 4oz",Fish
077234541852,2768,"SPOT SKNZ EX QUILTED FOX",Dog
077234541852,7129,"API stress zyme",Fish
077234543429,2769,"SPOT SIR SQKS ALOT",Dog
077234543429,7130,"API stress zyme 8oz",Fish
077234043394,2770,"SPOT CRUNCH AND SQK",Dog
077234043394,7131,"API algaefix 4oz",Fish
818786012342,2771,"ZIPPY PAWS JIGGLERZ FOX",Dog
818786012342,7132,"API algaefix 8oz",Fish
84369167153,2772,"MR.BILL  TOY",Dog
84369167153,7133,"API algaefix 16oz",Fish
84369372441,2773,"WOODY WOODPECKER TOY",Dog
84369372441,7134,"FRITZ glass cleaner",Fish
810032680015,2774,"ZIPPY PAWS SQUICKIE CAN",Dog
810032680015,7135,"API ammo lock 8oz",Fish
077234543580,2775,"SPOT FLAT JAX",Dog
077234543580,7136,"API ammo lock 16oz",Fish
077234545898,2776,"SPOT FUNFOOD DOGRITOS CHIPS",Dog
077234545898,7137,"API accu clear 4oz",Fish
077234544440,2777,"SPOT FUN FOOD RUFFUS",Dog
077234544440,7138,"API accu clear 8oz",Fish
077234547625,2778,"SPOT FUN BEVERAGE PAWPSII",Dog
077234547625,7139,"API stress coat 1oz",Fish
077234332245,2779,"KFC FAMOUS BOWL",Dog
077234332245,7140,"API stress coat 4oz",Fish
077234546239,2780,"SPOT FUN CANDY TWISTED WHISKER",Dog
077234546239,7141,"API stress coat 8oz",Fish
077234332313,2781,"KFC CHICKEN BOX",Dog
077234332313,7142,"API stress coat 16oz",Fish
077234332290,2782,"KFC FRIES&DRUMMETTE 2PK",Dog
077234332290,7143,"API quick start 1oz",Fish
077234548523,2783,"SPT SOOTH WRM HUG BONE 12""",Dog
077234548523,7144,"API quick start 4oz",Fish
077234548516,2784,"SPT SOOTH WRM HUG BONE 9""",Dog
077234548516,7145,"API quick start 8oz",Fish
077234548530,2785,"SPT SOOTH TABBIE LAMBIE 8""",Dog
077234548530,7146,"API tap wat con 1oz",Fish
077234541692,2786,"SPT SOOTH BLANKET TOY 10""",Dog
077234541692,7147,"API tap wat con 4oz",Fish
077234548509,2787,"SPT SOOTH WARM HUG PAL 10""",Dog
077234548509,7148,"API tap wat con 8oz",Fish
077234548493,2788,"SPT SOOTH HEARTBEAT BUNNY 12""",Dog
077234548493,7149,"API tap wat con 16oz",Fish
077234541708,2789,"SPT SOOTH CRINKLE TOY 13""",Dog
077234541708,7150,"API aqua essential 4oz",Fish
077234549681,2790,"SPT AXOLOTL STUFFING FREE",Dog
077234549681,7151,"API aqua essential 8oz",Fish
855736003326,2791,"ZIPPY PAWS CATIPILLAR",Dog
855736003326,7152,"API aqua essential 16oz",Fish
077234543641,2792,"SPT SLITHERY SNAKE",Dog
077234543641,7153,"API 5 in 1 test strip 25 test",Fish
077234548257,2793,"SPT SNUFFLE ROLL ASS. PZZLE",Dog
077234548257,7154,"API ammonia test strip",Fish
818786019136,2794,"ZIPPY PAWS Z-STITCH- UNICORN",Dog
818786019136,7155,"API calcium test kit",Fish
818786012793,2795,"ZIPPY PAWS NOMNOM PIZZA",Dog
818786012793,7156,"API ph test kit",Fish
818786019129,2796,"ZIPPY PAWS NOMNOM CUPCAKE PNK",Dog
818786019129,7157,"API nitrate test kit",Fish
818786018627,2797,"ZIPPYPAWS BIRTHDAY CAKE PINK",Dog
818786018627,7158,"API copper test kit",Fish
818786018610,2798,"ZIPPYPAWS BIRTHDAY CAKE -BLU",Dog
818786018610,7159,"API phosphate test kit",Fish
077234549629,2799,"SPT AXOLOTL 6""",Dog
077234549629,7160,"API root tabs",Fish
077234549674,2800,"SPT AXOLOTL W DUCK TUBE",Dog
077234549674,7161,"API start up pack",Fish
077234549650,2801,"SPT AXOLOTL MERMAID 10""",Dog
077234549650,7162,"API accu clear 1.25oz",Fish
077234549643,2802,"SPT AXOLOTL BUTTERBALL 7""",Dog
077234549643,7163,"API super ick cure 1.7oz",Fish
077234549667,2803,"SPT AXOLOTL IN SWIMWEAR",Dog
077234549667,7164,"API ph up 1.25oz",Fish
784369223705,2804,"MULTIPET SWINGING SAFARI",Dog
784369223705,7165,"API ph down",Fish
784369376739,2805,"MULTIPET DAZZLE DUCK",Dog
784369376739,7166,"API general cure",Fish
784369487091,2806,"MULTIPET BIRTHDAY PRESENT",Dog
784369487091,7167,"API em erthromycin",Fish
784369487060,2807,"LAMBCHOP HAPPY BIRTHDAY",Dog
784369487060,7168,"API algaefix 1.25oz",Fish
191726514428,2808,"SQUISHMALLOWS DOG TOY",Dog
191726514428,7169,"SEACHEM neo plex",Fish
784369483758,2809,"LAMBCHOP LRG",Dog
784369483758,7170,"SEACHEM poly guard",Fish
784369483710,2810,"LAMBCHOP SM",Dog
784369483710,7171,"SEACHEM kanaplex",Fish
077234541289,2811,"SPT LONG TAIL HEDGEHOG",Dog
077234541289,7172,"SEACHEM sulfaplex",Fish
810032680213,2812,"ZIPPYPAWS DONUTZ RAINBOW",Dog
810032680213,7173,"SEACHEM focus",Fish
810032680343,2813,"ZIPPYPAWS DONUTZ BUDDIES FRG",Dog
810032680343,7174,"SEACHEM metro plex",Fish
810032680336,2814,"ZIPPYPAWS DONUTZ BUDDIES BUNNY",Dog
810032680336,7175,"TETRA ammonia strip 25 count",Fish
784369434514,2815,"MULTIPET CROSS-ROPES ASSORT",Dog
784369434514,7176,"TETRA 6in1 test strip 25 count",Fish
784369486216,2816,"MULTIPET LRG LOOFADOG SUPRTOURTROOP",Dog
784369486216,7177,"FRITZ maracyn 10 pk",Fish
784369275254,2817,"MULTIPET LRG LOOFADOG FLOPPY",Dog
784369275254,7178,"FRITZ expel-f 10 pk",Fish
784369477184,2818,"MULTIPET LOOFADOG LRG",Dog
784369477184,7179,"acurel",Fish
784369430103,2819,"MULTIPET WRINKLEEZ ASS",Dog
784369430103,7180,"TETRA ich guard",Fish
077234547526,2820,"SPT LVTHEEARTH STUFF FREE CROC",Dog
077234547526,7181,"SEACHEM ammonia alert",Fish
784369477122,2821,"MULTIPET LOOFADOG MED",Dog
784369477122,7182,"SEACHEM ph alert",Fish
784369479850,2822,"MULTIPET LOOFA ROPE BODY",Dog
784369479850,7183,"SEACHEM alert combo",Fish
077234549230,2823,"DURA-FUSED DINOSAUR 11"" ASST",Dog
077234549230,7184,"ZOO MED wipeout 2.25oz",Fish
784369377064,2825,"MULTIPET DUCKWORTH MINI",Dog
784369377064,7186,"PENN PLAX feeder 10 day",Fish
784369479140,2826,"MUKTIPET LOOFA SQK MAT",Dog
784369479140,7187,"PENN PLAX feeder 7 day",Fish
077234549582,2827,"SPT BALL INA BOTTLE",Dog
077234549582,7188,"PENN PLAX feeder 3 day",Fish
77234549056,2828,"SPT DBL KNOT TUG STRNG FLEX",Dog
77234549056,7189,"PENN PLAX feeder 3 day",Fish
030172024726,2829,"DOGSLIFE FLEECE SLIPPER",Dog
030172024726,7190,"MARINA feeder 7 day betta",Fish
180181906350,2830,"TUFFY T-U-3WT-CB",Dog
180181906350,7191,"ZOO MED feeder 7 day betta",Fish
180181016011,2831,"TUFFY T-JR-BR-RP",Dog
180181016011,7192,"ZOO MED feeder bottom 7 day",Fish
180181906329,2832,"TUFFY T-JR-3WT-CB",Dog
180181906329,7193,"ZOO MED feeder banquet 3-4 day",Fish
180181905339,2833,"TUFFY T-MG-GR-TG",Dog
180181905339,7194,"ZOO MED feeder pleco",Fish
180181005039,2834,"TUFFY T-U-T-YB",Dog
180181005039,7195,"ZOO MED feeder pleco small",Fish
180181007019,2835,"TUFFY T-OC-SM-OCTOPUS",Dog
180181007019,7196,"PENN PLAX feeder 7 day",Fish
180181020308,2836,"TUFFY T-OC-TURTLE",Dog
180181020308,7197,"FLUVAL forceps",Fish
180181903731,2837,"TUFFY T-A-GREEN-ALIEN",Dog
180181903731,7198,"AQUAVITRO shears",Fish
180181010019,2838,"TUFFY T-OC-EEL",Dog
180181010019,7199,"AQUEON sealant 3oz",Fish
180181908576,2839,"TUFFY-OC-JR-FISH-OR",Dog
180181908576,7200,"AQUEON sealant clear 3oz",Fish
180181909498,2840,"TUFFY T-OC-SHARK-EM",Dog
180181909498,7201,"AQUEON sealant clear 10.3oz",Fish
180181910036,2841,"TUFFY T-M-OC-ALLIGATOR",Dog
180181910036,7202,"INSTANT OCEAN hydrometer",Fish
180181903748,2842,"TUFFY T-DS-LIZARD",Dog
180181903748,7203,"PENN PLAX auto feeder",Fish
180181023668,2843,"TUFFY T-OC- DOLPHIN",Dog
180181023668,7204,"API master test kit",Fish
180181020117,2844,"TUFFY T-JR-B-RP",Dog
180181020117,7205,"TETRA glo gre & whi plant small",Fish
180181903694,2845,"TUFFY T-DS-SCORPION",Dog
180181903694,7206,"TETRA glo multi 1md.2lg",Fish
180181020148,2846,"TUFFY T-OC-LARRY LOBSTER",Dog
180181020148,7207,"TETRA glo mangrove tree",Fish
180181908101,2847,"TUFFY T-JR-Z-ELEPHANT",Dog
180181908101,7208,"TETRA glo sea grass",Fish
180181905285,2848,"TUFFY T-MG-CR-OCT-S-TG",Dog
180181905285,7209,"TETRA glo java moss",Fish
180181001024,2849,"TUFFY T-U-R-PL",Dog
180181001024,7210,"TETRA glo green fern",Fish
180181906954,2850,"TUFFY T-BY-RABBIT-BRN",Dog
180181906954,7211,"TETRA yellow fern",Fish
180181020124,2851,"TUFFY T-JR-B-CB",Dog
180181020124,7212,"TETRA red algae",Fish
180181002038,2852,"TUFFY T-U-B-YB",Dog
180181002038,7213,"TETRA glo gravel white",Fish
180181002014,2853,"TUFFY T-U-B-RP",Dog
180181002014,7214,"TETRA glo gravel black lagoon",Fish
180181020957,2854,"TUFFY T-FF-HOTDOG",Dog
180181020957,7215,"TETRA glo gravel pearlescent",Fish
180181011030,2855,"TUFFY T-JR-R-YB",Dog
180181011030,7216,"TETRA glo gravel pink/grn/blue",Fish
180181011016,2856,"TUFFY T-JR-R-RP",Dog
180181011016,7217,"TETRA glo lagoon sand",Fish
180181907555,2857,"TUFFY T-OC-KILLERWHALE",Dog
180181907555,7218,"MARINA glo skull",Fish
180181006012,2858,"TUFFY T-U-BR-RP",Dog
180181006012,7219,"TETRA glo colcano",Fish
746772750124,2859,"MAMMOTH MED SQK SHARK 15""",Dog
746772750124,7220,"TETRA glo twisted tree",Fish
746772530627,2860,"MAMMOTH MED SNAKEBITER",Dog
746772530627,7221,"MARINA glo ship",Fish
746772200865,2861,"MAMMOTH SM MONKEY FIST BLL",Dog
746772200865,7222,"TETRA glo barrels",Fish
746772350102,2862,"MAMMOTH TIREBITE W RPE MED 5""",Dog
746772350102,2864,"MAMMOTH TIREBITii W RPE MED",Dog
746772350102,7223,"MARINA glo",Fish
746772350102,7225,"HIKARI coral",Fish
746772352045,2863,"MAMMOTH TB BLL W EX 2 KNOT BNE",Dog
746772352045,7224,"TETRA glo skull",Fish
746772200148,2865,"MAMMOTH LRG COLOR 3 KNOT TUG",Dog
746772200148,7226,"TETRA glo coral",Fish
746772200100,2866,"MAMMOTH SM COLOR 3 KNOT TUG",Dog
746772200100,7227,"MARINA glo castle",Fish
746772750001,2867,"MAMMOTH SM SQUEAKY SNAKE",Dog
746772750001,7228,"MARINA glo skull castle",Fish
746772510148,2868,"MAMMOTH LG 3KNOT W BALL",Dog
746772510148,7229,"MARINA glo skull castle 6""",Fish
746772200049,2869,"MAMMOTH MED COLOR BONE",Dog
746772200049,2876,"MAMM MED COLOR BONE",Dog
746772200049,7230,"TETRA glo castle",Fish
746772200049,7237,"TETRA glo md pur/pk plant",Fish
746772200025,2870,"MAMMOTH SM COLOR BONE",Dog
746772200025,7231,"TETRA glo clam",Fish
746772200001,2871,"MAMMOTH MINI COLOR BONE",Dog
746772200001,7232,"TETRA glo anemone pink",Fish
746772233009,2872,"MAMM SM TPR BONEW CLOTH ROPE",Dog
746772233009,7233,"TETRA sm gr/yel plant",Fish
746772235904,2873,"MAMM SM CLTH SQK ROPE TPR",Dog
746772235904,7234,"TETRA glo sm pur/gr plant",Fish
746772510407,2874,"MAMM MINI 3KNT W MINI BALL",Dog
746772510407,7235,"TETRA glo sm or/yel plant",Fish
746772200087,2875,"MAMM XLRG COLOR BONE",Dog
746772200087,7236,"TETRA glo sm pur/pk plant",Fish
746772251867,2877,"MAMM MED XTR MONKEY FIST",Dog
746772251867,7238,"TETRA glo md or/yel plant",Fish
746772255100,2878,"MAMM SM EX FRSH 3 KNOT TUG",Dog
746772255100,7239,"TETRA glo md pur/wh plant",Fish
746772255063,2879,"MAMM XFRESH 2 KNOT BONE LRG",Dog
746772255063,7240,"TETRA glo lg pur/wh plant",Fish
746772251874,2880,"MAMM LRG XTR MONKEY FIST",Dog
746772251874,7241,"TETRA glo lg gr/or plant",Fish
746772251850,2881,"MAMM SM XTR MONKEY FIST",Dog
746772251850,7242,"TETRA glo lg or/yel plant",Fish
746772352083,2882,"MAMM MD TB E/EXT LOOP",Dog
746772352083,7243,"MARINA glo lg pur/gr plant",Fish
018214855361,2883,"NYLABONE ALT ELK BONE",Dog
018214855361,7244,"TETRA glo lg gr/pk plant",Fish
018214823384,2884,"NYLABONE DURACHEW RING LRG",Dog
018214823384,7245,"TETRA glo xl gr/bl plant",Fish
018214813842,2885,"NYLABONE PUPPY KEYS SM",Dog
018214813842,7246,"TETRA glo xl pur/pk plant",Fish
029695323560,2886,"CHUCKIT ULTRALINKS",Dog
029695323560,7247,"TETRA glo multi plant",Fish
660048061007,2887,"CHUCKIT LAUNCHER JR 18M",Dog
660048061007,7248,"TETRA glo sm or/yel plant",Fish
660048069003,2888,"CHUCKIT SPORT 14S",Dog
660048069003,7249,"TETRA sm or/pk plant",Fish
029695507397,2889,"CHUCKIT FETCH&FOLD 25M LAUNCH",Dog
029695507397,7250,"MARINA circus ring decor",Fish
660048194002,2890,"CHUCKT FETCHBALL 2PK",Dog
660048194002,7251,"MARINA shell decor",Fish
029695323126,2891,"CHUCKIT MAX GLOW SM",Dog
029695323126,7252,"MARINA pk orchid plant",Fish
029695323133,2892,"CHUCKIT MAX GLOW MED",Dog
029695323133,7253,"MARINA fire grass plant",Fish
029695323140,2893,"CHUCKIT MAX GLOW LRG",Dog
029695323140,7254,"MARINA corkscrew plant",Fish
029695331176,2894,"CHUCKIT ULTRA TUMBLER",Dog
029695331176,7255,"MARINA hornwort plant",Fish
029695319310,2895,"CHUCKIT AIR FETCH BALL SM 2PK",Dog
029695319310,7256,"MARINA red ludwigia plant",Fish
029695520686,2896,"CHUCKIT ULTRA SQUEKBALL MED",Dog
029695520686,7257,"PENN PLAX pk/wh sm plant",Fish
029695321412,2897,"CHUCKIT AIR FETCHBALL MED 2PK",Dog
029695321412,7258,"MARINA sea shell decor",Fish
660048001683,2898,"CHUCKIT ULTRA BALL MED",Dog
660048001683,7259,"PENN PLAX betta cave",Fish
029695322228,2899,"CHUCKIT WHISTLE FLIGHT",Dog
029695322228,7260,"ZOO MED betta tunnel",Fish
029695313424,2900,"CHUCKIT RUGGED FLYER MED",Dog
029695313424,7261,"ZOO MED lounge",Fish
660048000426,2901,"CHUCKIT TENNIS BALL LRG",Dog
660048000426,7262,"PENN PLAX accent stones",Fish
660048074021,2902,"CHUCKIT TENNIS BALL 2PK MED",Dog
660048074021,7263,"PENN PLAX betta leaf",Fish
029695330728,2903,"CHUCKIT FETCH IMM 3PK MED",Dog
029695330728,7264,"PENN PLAX dazzle stone bl",Fish
018214855729,2904,"NYLABONE FREEZE BONE WLF",Dog
018214855729,7265,"PENN PLAX dazzle stone multi",Fish
018214855187,2905,"NYLABONE PEANUT WLF",Dog
018214855187,7266,"MARINA marble",Fish
018214851660,2906,"NYLABONE SNR FILL&TREAT",Dog
018214851660,7267,"TETRA accent gravel",Fish
018214823285,2907,"NYLABONE DURACHEW BACON WLF",Dog
018214823285,7268,"MARINA acent gravel pk",Fish
018214846550,2908,"NYLABONE RHINO CONE WOLF",Dog
018214846550,7269,"MARINA accent gravel bl",Fish
018214837053,2909,"NYLABONE PUPPY DENTAL DINO",Dog
018214837053,7270,"FLUVAL waste remover",Fish
018214837824,2910,"NYLABONE PUPPYx BONE PETITE",Dog
018214837824,7271,"API bettafix",Fish
018214841043,2911,"NYLABONE CHEESE BONE WOLF",Dog
018214841043,7272,"API betta conditioner",Fish
018214853480,2912,"NYLA SNEAKY SNACKER WOLF",Dog
018214853480,7273,"AQUAR SOLUT herbal betta revive",Fish
018214854579,2913,"NYLA PUP TACTILE STICK",Dog
018214854579,7274,"AQUAR SOLUT betta revive",Fish
018214822943,2914,"NYLA PUP TEETHING RINGS",Dog
018214822943,7275,"AQUAR SOLUT betta ultimate",Fish
018214846802,2915,"NYLA CHILL&CHEW BONE REG",Dog
018214846802,7276,"AQUEON betta filterr",Fish
018214855910,2916,"NYLA PWR CHW TWIST GIANT",Dog
018214855910,7277,"AQUEON betta volcano",Fish
018214843832,2917,"NYLA STICK WOLF",Dog
018214843832,7278,"AQUEON betta plant",Fish
018214850014,2918,"NYLA AXIS BONE REG",Dog
018214850014,7279,"AQUEON betta beads bl",Fish
018214853046,2919,"NYLA PWR CHW LOBSTER REG",Dog
018214853046,7280,"AQUEON betta beads pk",Fish
018214850724,2920,"NYLA PWR CHW PRETZEL REG",Dog
018214850724,7281,"TETRA bettamin .15oz",Fish
018214855552,2921,"NYLA DOGHNUT WOLF",Dog
018214855552,7282,"HIKARI betta .088oz",Fish
018214826491,2922,"NYLA DURACHEW DDBL BONE WLF",Dog
018214826491,7283,"MARINA betta shakers",Fish
035585801858,2923,"KONG WUBBA NOSTFF CHEETAH LRG",Dog
035585801858,7284,"PENN PLAX light",Fish
035585800011,2924,"KONG WUBBA ASSORT. LRG",Dog
035585800011,7285,"AQUEON betta light",Fish
035585800004,2925,"KONG WUBBA ASSORT XL",Dog
035585800004,7286,"PENN PLAX crystals wh/rd",Fish
035585801827,2926,"KONG WUBBA FINZ BLUE LRG",Dog
035585801827,7287,"ZOO MED accents",Fish
035585800226,2927,"KONG WUBBA FRIENDS ASST. LRG",Dog
035585800226,7288,"AQUEON betta .95oz",Fish
035585800219,2928,"KONG WUBBA FRIENDS ASST. SM",Dog
035585800219,7289,"OMEGA ONE betta .28oz",Fish
035585800035,2929,"KONG WUBBA PUP ASSORT. SM",Dog
035585800035,7290,"TETRA glo betta .71oz",Fish
035585799971,2930,"KONG WUBBA FRIENDS BALLISTIC SM",Dog
035585799971,7291,"TETRA bettamin 1 oz",Fish
035585800141,2931,"KONG WUBBA CAMO SM",Dog
035585800141,7292,"TETRA bettamin .98oz",Fish
035585502816,2932,"KONG WUBBA OCTO. SM",Dog
035585502816,7293,"FLUVAL bug bite betta",Fish
035585523316,2933,"KONG COMFRT. PUPS GOLDIE MD",Dog
035585523316,7294,"SEACHEM betta food",Fish
035585523361,2934,"KONG COMFRT PUPS PEANUT SM",Dog
035585523361,7295,"FLUVAL aquar cleaner",Fish
035585523385,2935,"KONG COMFRT PUPS BOSS SM",Dog
035585523385,7296,"SEACHEM betta basic",Fish
035585523330,2936,"KONG COMFRT PUPS FRTIZ MD",Dog
035585523330,7297,"AQUEON betta bowl plus",Fish
035585421230,2937,"KONG LOWSTFF SCRUFFS DOG LRG",Dog
035585421230,7298,"AQUEON betta renewal",Fish
035585498607,2938,"KONG FRIZZLES ZAZZLE MED",Dog
035585498607,7299,"FLUVAL betta carew pack",Fish
035585499918,2939,"KONG SCAMP RED PANDA MD",Dog
035585499918,7300,"MARINA gravel lime",Fish
035585499901,2940,"KONG SCAMP LION MED",Dog
035585499901,7301,"MARINA gravel tri bl",Fish
035585505879,2941,"KONG TOUGHZ BUNNY MED",Dog
035585505879,7302,"MARINA gravel jelly bean",Fish
035585499574,2942,"KONG LWSTFF STRIPES LLAMA MED",Dog
035585499574,7303,"MARINA grasvel bk",Fish
035585499925,2943,"KONG SCAMP LEMUR MED",Dog
035585499925,7304,"MARINA burgund gravel",Fish
035585506654,2944,"KONG SNUZZLE HIPPO XL",Dog
035585506654,7305,"MARINA gravel red",Fish
035585799988,2945,"KONG WUB FRIEND BALLISTIC LRG",Dog
035585799988,7306,"ACTIV BETTA wh sand",Fish
035585502885,2946,"KONG WUB ZOO ZEBRA LG",Dog
035585502885,7307,"ACTIV BETTA neon gravel",Fish
035585505398,2947,"KONG WUB BALLIS HIGHVIZ LRG",Dog
035585505398,7308,"ACTIV BETTA bl gravel",Fish
035585502908,2948,"KONG WUB ZOO KOALA LG",Dog
035585502908,7309,"TETRA led half moon",Fish
035585502823,2949,"KONG WUB OCTO LG",Dog
035585502823,7310,"ACTIV BETTA water",Fish
035585799995,2950,"KONG WUB FRIENDS BALLIS XL",Dog
035585799995,7311,"FLUVAL shrimp kit",Fish
035585485454,2951,"KONG TUGGZ SLOTH XL",Dog
035585485454,7312,"PENN PLAX sm worl filter",Fish
035585498843,2952,"KONG LWSTFF FOX MD",Dog
035585498843,7313,"PENN PLAX sm worl kit",Fish
035585498874,2953,"KONG LWSTFF MALLARD MD",Dog
035585498874,7314,"MARINA betta heater",Fish
035585360973,2954,"KONG SOFTSEAS OCTO SM",Dog
035585360973,7315,"MARINA mini stump",Fish
035585498249,2955,"KONG SNUZZLES BEAR MD",Dog
035585498249,7316,"ZOO MED betta log ceramic",Fish
035585498485,2956,"KONG SNUZZ KID ELEPHANT SM",Dog
035585498485,7317,"AQUEON essentisl kit 29 ga",Fish
035585498478,2957,"KONG SNUZZ KID SLOTH SM",Dog
035585498478,7318,"ZOO MED bettamatic",Fish
035585503141,2958,"KONG SHEILDS TROPICS GECKO MED",Dog
035585503141,7319,"ZOO MED leaf",Fish
035585498751,2959,"KONG SCRUMP BUNNY MED",Dog
035585498751,7320,"ZOO MED betta thermoneter",Fish
035585421315,2960,"KONG CMFT HEDGEHUG PUP XS",Dog
035585421315,7321,"ZOO MED betta heater",Fish
035585421278,2961,"KONG CMFT HEDGEHUG PUP MD",Dog
035585421278,7322,"ZOO MED betta log ceramic",Fish
035585499499,2962,"KONG CUTESEAS RUFFLEZ CRAB SM",Dog
035585499499,7323,"ZOO MED betta mirror",Fish
035585498492,2963,"KONG SHACKERS SHIMMY CRAB MED",Dog
035585498492,7324,"ZOO MED betta mermaid",Fish
035585498539,2964,"KONG SHAKERS BOBZ PIG MED",Dog
035585498539,7325,"ZOO MED betta diver",Fish
035585498775,2965,"KONG SHAKRS HONKERS DRAG SM",Dog
035585498775,7326,"ZOO MED betta papaya plant",Fish
035585503158,2966,"KONG SHEILDS TROPICS OCTO MED",Dog
035585503158,7327,"ZOO MED betta maple plant",Fish
035585523224,2967,"KONG WILD SHIELD PERCH MED",Dog
035585523224,7328,"ZOO MED betta bamboo plant",Fish
035585503134,2968,"KONG SHEILD TROP FROG MED",Dog
035585503134,7329,"ZOO MED betta clean filter",Fish
035585533087,2969,"KONG KNOTS CHICKEN MD/LRG",Dog
035585533087,7330,"ZOO MED betta kit",Fish
035585499611,2970,"KONG KNOTS SNAKE ASS MD/LG",Dog
035585499611,7331,"ZOO MED betta tools",Fish
035585498744,2971,"KONG SCRUMP KOALA MD",Dog
035585498744,7332,"FLUVAL betta moss ball",Fish
035585498973,2972,"KONG CUTESEAS RUFF SHARK LG",Dog
035585498973,7333,"FLUVAL chamber pad",Fish
035585499628,2973,"KONG KNOTS TEDDY SM",Dog
035585499628,7334,"FLUVAL madagascar lace",Fish
035585498553,2974,"KONG SHAKERS GIRAFFE MD BOBZ",Dog
035585498553,7335,"FLUVAL rede lizard tail plant",Fish
035585498959,2975,"KONG SHAKERS WINGZ SM/MD",Dog
035585498959,7336,"FLUVAL water trumpet plant",Fish
