id,name,sku,brand,category,price
7900,Coastal Double-Ply Dog Collar 02901 BLL26,076484780325,1,leashesAndCollars,14.19
5243,Ucari Intolerance Test,048081612231,5Strands,accessories,87.19
4438,"10"" Collagen Sticks Peanut Butter",Franklies,853898008357,dogTreats,3.29
7840,A & E Nibbles Small Animal Cew,644472009682,A & E,smallanimal,4.39
7841,A & E Nibbles Small Animal Chew,644472009644,A & E,smallanimal,5.49
7842,A & E Nibbles Small Animal Chew,644472009552,A & E,smallanimal,4.39
7839,A & E Nibbles Small animal Chew,644472009705,A & E,smallanimal,4.39
7845,A & E Small Animal Chew,644472009576,A & E,smallanimal,7.69
7846,A & E Small Animal Chew,644472991666,A & E,smallanimal,4.39
7843,A & E Small Animal Chew,644472009699,A & E,smallanimal,5.49
7844,A & E Small Animal Chew,644472009712,A & E,smallanimal,4.39
7495,Travel Small Animal Carrier,644472007886,A & E,smallanimal,16.39
887,10oz Coop Cups,048081612231,A&E Cage Co,birdSupplies,9.89
888,20oz Coop Cup,048081612262,A&E Cage Co,birdSupplies,10.89
889,30oz Coop Cup,048081612255,A&E Cage Co,birdSupplies,13.09
885,A & E 10oz Jungle Cups,644472015034,A&E Cage Co,birdSupplies,7.69
987,"A & E 14"" Wooden Perches",644472008388,A&E Cage Co,birdSupplies,5.49
982,"A & E 18"" Sand Perches",644472008418,A&E Cage Co,birdSupplies,11.99
990,"A & E 18"" Wooden Perches",644472008401,A&E Cage Co,birdSupplies,7.69
886,A & E 20oz Jungle Cups,44472015058,A&E Cage Co,birdSupplies,8.79
884,A & E 5oz Jungle Cups,644472015010,A&E Cage Co,birdSupplies,6.59
1184,A & E Assorted Bird Cage,048081481185,A&E Cage Co,birdSupplies,27.29
4181,A & E Large Corner Shelf,644472009064,A&E Cage Co,smallanimal,13.09
4183,A & E Large Wooden Platform,644472009040,A&E Cage Co,smallanimal,11.99
4195,"A & E Merry Roller 4"" Wheel",644472010527,A&E Cage Co,smallanimal,8.79
4194,"A & E Merry Roller Wheel 9""",644472010565,A&E Cage Co,smallanimal,16.39
874,A & E Seed Catcher Large,644472017144,A&E Cage Co,birdSupplies,11.99
4184,A & E Small Wooden Platform,644472009033,A&E Cage Co,smallanimal,9.89
866,A & E Treat Clips,644472014785,A&E Cage Co,birdSupplies,4.39
1185,A & E Variety Bird Cage,644472014600,A&E Cage Co,birdSupplies,28.39
864,Captain Cuttlebone,644472014693,A&E Cage Co,birdSupplies,8.79
5347,Dragon Skull Gazer Small,644472015232,A&E Cage Co,accessories,10.89
1047,Happy Beaks Wood Bridge,644472008685,A&E Cage Co,birdSupplies,22.79
1103,Happybeaks Abc Hanging Blocks,644472990942,A&E Cage Co,birdSupplies,25.09
1107,Happybeaks Ball Hanging,644472014228,A&E Cage Co,birdSupplies,31.69
1096,Happybeaks Big Cirlce and Blocks,644472017878,A&E Cage Co,birdSupplies,31.69
1198,Happybeaks Bird Nest,644472008043,A&E Cage Co,birdSupplies,6.59
1114,Happybeaks Hanging Blocks Large,644472990621,A&E Cage Co,birdSupplies,59.99
1120,Happybeaks Hanging Blocks Medium,644472991208,A&E Cage Co,birdSupplies,47.99
1100,Happybeaks Stacked Blocks,644472990935,A&E Cage Co,birdSupplies,33.79
9387,API Freshwater Aquarium Salt 16oz,317163011065,API,aquatics,7.69
9388,API Freshwater Aquarium Salt 33oz,317163021064,API,aquatics,9.89
9382,API Proper pH 6.5 Aquarium Water Treatment 8.5oz,317163030356,API,aquatics,17.49
9384,API Proper pH 7.0 Aquarium Water Treatment 8.8oz,317163030363,API,aquatics,16.39
9383,API Proper pH 7.5 Aquarium Water Treatment 9.2oz,317163030370,API,aquatics,18.59
9386,API Safe & Easy Aquarium Cleaner Spray 8oz,317163041239,API,aquatics,9.89
7144,Api 5 in 1 Test Strip 25 Test,317163070338,API,aquatics,25.09
7153,Api Accu Clear 1.25oz,317163011119,API,aquatics,5.49
7128,Api Accu Clear 4oz,317163041116,API,aquatics,9.89
7129,Api Accu Clear 8oz,317163031117,API,aquatics,13.09
5000,Api Acrylic Algea Scraper,017163010432,API,aquatics,14.19
7159,Api Algaefix 1.25oz,317163020876,API,aquatics,7.69
7124,Api Algaefix 16oz,317163050873,API,aquatics,31.69
7122,Api Algaefix 4oz,317163030875,API,aquatics,11.99
7123,Api Algaefix 8oz,317163040874,API,aquatics,21.79
7127,Api Ammo Lock 16oz,317163050453,API,aquatics,20.79
7126,Api Ammo Lock 8oz,317163040454,API,aquatics,16.39
7145,Api Ammonia Test Strip,317163070338,API,aquatics,26.19
7143,Api Aqua Essential 16oz,317163054239,API,aquatics,23.99
7141,Api Aqua Essential 4oz,317163034231,API,aquatics,9.89
7142,Api Aqua Essential 8oz,317163044230,API,aquatics,15.29
7263,Api Betta Conditioner,317163020920,API,aquatics,6.59
7262,Api Bettafix,317163020937,API,aquatics,7.69
7146,Api Calcium Test Kit,317163120699,API,aquatics,20.79
7149,Api Copper Test Kit,317163120651,API,aquatics,18.59
7158,Api Em Erthromycin,317163160558,API,aquatics,25.09
7157,Api General Cure,317163160152,API,aquatics,22.89
5001,Api Glass Algea Scraper,017163001218,API,aquatics,14.19
7195,Api Master Test Kit,317163010341,API,aquatics,64.39
7117,Api Melafix 4oz,317163070116,API,aquatics,11.99
7118,Api Melafix 8oz,317163080115,API,aquatics,16.39
7148,Api Nitrate Test Kit,317163000182,API,aquatics,20.79
7150,Api Phosphate Test Kit,317163120637,API,aquatics,22.89
7119,Api Pimafix 4oz,317163070109,API,aquatics,11.99
5789,Api Pond Accu-clear,317163051429,API,aquatics,23.99
5786,Api Pond Algaefix,317163021699,API,aquatics,33.79
5784,Api Pond Ecofix Sludge Destroy,317163021477,API,aquatics,25.09
5781,Api Pond Melafix,317163021767,API,aquatics,28.39
5787,Api Pond Microbial Algae Clean,317163022696,API,aquatics,28.39
5782,Api Pond Pimafix,317163021781,API,aquatics,27.29
5783,Api Pond Pondzyme,317163011461,API,aquatics,31.69
5780,Api Pond Salt,317163651568,API,aquatics,15.29
5785,Api Pond Simply Clear,317163022481,API,aquatics,27.29
5788,Api Pond Stress Coat,317163051405,API,aquatics,20.79
7134,Api Quick Start 1oz,317163010891,API,aquatics,5.49
7135,Api Quick Start 4oz,317163030899,API,aquatics,13.09
7136,Api Quick Start 8oz,317163040898,API,aquatics,20.79
7151,Api Root Tabs,317163035771,API,aquatics,14.19
7152,Api Start Up Pack,317163050842,API,aquatics,8.79
7133,Api Stress Coat 16oz,317163050859,API,aquatics,18.59
7130,Api Stress Coat 1oz,317163010853,API,aquatics,4.39
7131,Api Stress Coat 4oz,317163030851,API,aquatics,7.69
7132,Api Stress Coat 8oz,317163080856,API,aquatics,13.09
7120,Api Stress Zyme 4oz,317163040560,API,aquatics,10.89
7121,Api Stress Zyme 8oz,317163080566,API,aquatics,15.29
7154,Api Super Ick Cure 1.7oz,017163125129,API,aquatics,7.69
7140,Api Tap Water Conditioner 16oz,017163003526,API,aquatics,15.29
7137,Api Tap Water Conditioner 1oz,017163005520,API,aquatics,3.29
7138,Api Tap Water Conditioner 4oz,017163002529,API,aquatics,7.69
7139,Api Tap Water Conditioner 8oz,317163010525,API,aquatics,10.89
505,Api Turtle Sludge Destroyer,317163034415,API,reptiles,8.79
506,Api Turtle Turtle Fix,317163034422,API,reptiles,9.89
504,Api Turtle Water Conditioner,317163160558,API,reptiles,9.89
7156,Api pH Down,017163125303,API,aquatics,6.59
7147,Api pH Test Kit,317163001288,API,aquatics,11.99
7155,Api pH Up 1.25oz,017163125310,API,aquatics,6.59
7476,Turtle Water Conditioner,317163034408,API,reptiles,9.89
6235,Acana Butcher's Beef 4lb,064992723408,Acana,dogFood,31.69
6233,Acana Butcher's Chicken 17lb,064992723392,Acana,dogFood,79.59
6234,Acana Butcher's Chicken 4lb,064992723385,Acana,dogFood,29.49
6236,Acana Butcher's Salmon 4lb,064992723422,Acana,dogFood,32.69
9206,Acana Butcher’s Favorites Dry Dog Food Farm-Raised Beef & Liver 17lb,064992723415,Acana,food,81.79
6762,Acana Cat Indoor Herring 4lb,064992723941,Acana,catFood,20.79
6418,Acana Freeze Dried Beef 14oz,064992715670,Acana,dogFood,33.79
6419,Acana Freeze Dried Chicken 14oz,064992715557,Acana,dogFood,33.79
6420,Acana Freeze Dried Duck 14oz,064992715632,Acana,dogFood,33.79
6421,Acana Freeze Dried Turkey 14oz,064992715595,Acana,dogFood,33.79
6237,Acana With Grain Duck 4lb,064992517458,Acana,dogFood,30.59
6232,Acana With Grain Sea 4lb,064992585457,Acana,dogFood,29.49
9293,Active Betta Water 33.8fl oz,029904109619,Active Betta,reptiles,6.59
7170,Acurel,842982000056,Acurel,accessories,7.69
5493,Acurel Amonia Reduce Pad,087535360687,Acurel,aquatics,10.89
5496,Ammonia Remover Pad,030172082252,Acurel,aquatics,9.89
5495,Carbon Pad,022517508510,Acurel,aquatics,10.89
825,Adams Carpet Powder,039079012287,Adams,healthcare,15.29
824,Adams Carpet Spray,039079058834,Adams,healthcare,22.89
828,Adams Cat Flea Collar,039079001267,Adams,healthcare,11.99
829,Adams Dog Flea Collar 2pk,039079002387,Adams,healthcare,31.69
826,Adams Dog Large Flea Collar,039079007405,Adams,healthcare,11.99
827,Adams Dog Small Flea Collar,039079007412,Adams,healthcare,11.99
1317,Adams Ear mite Treatment 1/2 oz,039079090247,Adams,healthcare,13.09
821,Adams Flea Spray,39079058971,Adams,healthcare,30.59
822,Adams Flea Spray 16floz,039079058964,Adams,healthcare,16.39
823,Adams Home Spray,039079058872,Adams,healthcare,17.49
820,Adams Indoor Fogger,9079059817,Adams,healthcare,23.99
7693,Adams Plus Foaming Shampoo & Wash Cats & Kittens 10oz,039079003087,Adams,healthcare,15.29
817,Adams Plus Pyrthrin Drip,039079060172,Adams,healthcare,18.59
818,Adams Plus Shampoo With Precor,039079090025,Adams,healthcare,19.69
819,Adams Yard Spray,039079060226,Adams,healthcare,19.69
9196,Against the Grain Captain's Catch Sardine & Mackerel Recipe Grain-Free Wet Cat Food 2.8oz,077627800054,Against the Grain,food,1.39
9194,Against the Grain Shrimp Daddy with Tuna and Salmon Canned Cat Food 2.8oz,077627800092,Against the Grain,food,1.39
3370,Adventure Belt Leash,030172096389,Alcott,leashesAndCollars,32.69
7635,Amber Nasturalz Paxaid 1oz,684534010010,Amber Naturalz,healthcare,47.99
7634,Amber Naturalz Adizone 1oz,684534010119,Amber Naturalz,healthcare,28.39
7631,Amber Naturalz Derma Nerv,684534010805,Amber Naturalz,healthcare,28.39
7637,Amber Naturalz HWF 4oz,684534011833,Amber Naturalz,healthcare,49.09
7630,Amber Naturalz Kidney Rejuvenator 1oz,684534010379,Amber Naturalz,healthcare,33.79
7632,Amber Naturalz UTR,684534020064,Amber Naturalz,healthcare,31.69
7633,Amber Naturalz UTR 1oz,684534020064,Amber Naturalz,healthcare,31.69
7636,Amber Naturalz Vibactra + Plus,684534020026,Amber Naturalz,healthcare,34.89
5520,Ammonia-x Cat Ax2,046706210350,Ammonia-X,aquatics,5.49
5519,Ammonia-x Cat Ax3,087535470126,Ammonia-X,aquatics,6.59
799,AniMed Diatomaceous Earth,694244901232,AniMed,accessories,18.59
1404,Animed Muscle Up 16oz,694244951466,AniMed,healthcare,28.39
1405,Animed Shed Med 32oz,694244951701,AniMed,healthcare,25.09
9352,Aqua Clear Power Head 30,015561105866,Aqua Clear,aquatics,57.79
9350,Aqua Clear Power Head Attachment,015561105750,Aqua Clear,aquatics,15.29
9353,Aqua Clear Powerhead 20,015561105859,Aqua Clear,aquatics,49.09
9351,Aqua Clear Powerhead 50,015561105651,Aqua Clear,aquatics,65.39
5041,"Aqualife 10"" Bubble Wall",784369932041,Aqualife,aquatics,6.59
5046,"Aqualife 12"" Bend Bubble Wall",015561229951,Aqualife,aquatics,9.89
5040,"Aqualife 23"" Bubble Wall",784369933727,Aqualife,aquatics,14.19
5045,"Aqualife 23.5"" Bend Bubble Wall",015561229944,Aqualife,aquatics,15.29
5039,"Aqualife 28"" Bubble Wall",097612621501,Aqualife,aquatics,9.89
5044,"Aqualife 35.5"" Bend Bubble Wall",030172002908,Aqualife,aquatics,15.29
5043,"Aqualife 48"" Bend Bubble Wall",030172018701,Aqualife,aquatics,18.59
5051,Aqualife Aqua-mist 6in,030172333064,Aqualife,aquatics,5.49
5226,Aqualife Decoscapes Large,018940313014,Aqualife,aquatics,18.59
5227,Aqualife Decoscapes Large,618940313137,Aqualife,accessories,18.59
5221,Aqualife Decoscapes Small,018940313014,Aqualife,aquatics,14.19
5048,Aqualife Delux Airline Tube 20ft,030172350092,Aqualife,aquatics,7.69
5047,Aqualife Delux Airline Tube 8ft,030172350078,Aqualife,aquatics,4.39
5633,Aqualife Led Light Flex,045663976484,Aqualife,aquatics,21.79
5224,"Aqualife Plant Scapes 10""",618940313113,Aqualife,aquatics,15.29
5225,"Aqualife Plant Scapes 10""",618940313083,Aqualife,accessories,16.39
5218,"Aqualife Plant Scapes 14""",618940313090,Aqualife,aquatics,20.79
5220,"Aqualife Plant Scapes 14""",644472014693,Aqualife,accessories,19.69
5219,"Aqualife Plant Scapes 14""",618940313090,Aqualife,accessories,18.59
5222,"Aqualife Plant Scapes 8""",030172102356,Aqualife,accessories,14.19
5215,"Aqualife Plant Scapes 8""",030172902833,Aqualife,accessories,11.99
5213,"Aqualife Plant Scapes 8""",018940313014,Aqualife,aquatics,13.09
5223,"Aqualife Plant Scapes 8""",030172902826,Aqualife,accessories,11.99
5217,"Aqualife Plant Scapes 8""",048081001097,Aqualife,accessories,11.99
5216,"Aqualife Plant Scapes 8""",018940313014,Aqualife,accessories,10.89
5214,"Aqualife Plant Scapes 8""",030172005497,Aqualife,accessories,11.99
5056,Aqualife Stand Airline Tube 25ft,030172350252,Aqualife,aquatics,7.69
5055,Aqualife Stand Airline Tube 8ft,030172350085,Aqualife,aquatics,3.29
5022,Aqualife Steel Thermometer,030172371059,Aqualife,aquatics,5.49
5065,Aqualife Superflex Airtube Blue 8ft,097612200812,Aqualife,aquatics,4.39
5064,Aqualife Superflex Airtube Pink 8ft,097612200812,Aqualife,aquatics,4.39
5010,Aqualife Thermal Temp,15561229890,Aqualife,aquatics,4.39
5020,Aqualife Thermal-temp,015561228558,Aqualife,aquatics,3.29
9284,Aquarium Solutions Betta Ultimate Ammonia Detoxifier,853889001008,Aquarium Solutions,aquatics,3.29
5619,Aquarilux 20w,784099029172,Aquatop,aquatics,18.59
5160,"Aquatip Vibrant Pass Pink Plant 16""",,Aquatop,aquatics,23.99
5492,Aquatop Cfu400 3pk Filter Pad,087535360694,Aquatop,aquatics,13.09
5063,Aquatop Check Valve,097612200829,Aquatop,aquatics,3.29
9338,"Aquatop Check Valve/Air Filter Red, Clear 2 in",810281018652,Aquatop,aquatics,6.59
5553,Aquatop Eliminator 7w,048081011515,Aquatop,aquatics,76.29
5552,Aquatop Eliminator 9w,048081011560,Aquatop,aquatics,87.19
9355,Aquatop Internal Filter with UV 7 W,819603016192,Aquatop,aquatics,76.29
9356,Aquatop Internal Filter with UV 9 W,819603016208,Aquatop,aquatics,87.19
5744,Aquatop Max Flow 607 Gal,797801040051,Aquatop,aquatics,54.49
5584,Aquatop Maxflow Pwrhead 15w,,Aquatop,aquatics,25.09
5585,Aquatop Maxflow Pwrhead 35w,,Aquatop,aquatics,31.69
5646,Aquatop Skyaqua 10watt,819603016017,Aquatop,aquatics,57.79
5647,Aquatop Skyaqua 13watt,819603016024,Aquatop,aquatics,76.29
5648,Aquatop Skyaqua 20watt,819603016031,Aquatop,aquatics,108.99
5649,Aquatop Skyaqua 28watt,819603016048,Aquatop,aquatics,130.79
5645,Aquatop Skyaqua Mini,035585111155,Aquatop,aquatics,43.59
5642,Aquatop Uv Light Bulb 5w,810281011080,Aquatop,aquatics,25.09
5644,Aquatop Uv Light Bulb 7w,810281011073,Aquatop,aquatics,26.19
5643,Aquatop Uv Light Bulb 9w,810281011059,Aquatop,aquatics,25.09
5174,"Aquatop Vibrant Gar Blue Plant 10""",076484228582,Aquatop,aquatics,15.29
5159,"Aquatop Vibrant Gar Blue Plant 16""",021653101128,Aquatop,aquatics,23.99
5197,"Aquatop Vibrant Gar Blue Plant 6""",076484228582,Aquatop,aquatics,11.99
5171,"Aquatop Vibrant Gar Green Plant 16""",021653101128,Aquatop,aquatics,26.19
5201,"Aquatop Vibrant Gar Green Plant 6""",076484228582,Aquatop,aquatics,11.99
5179,"Aquatop Vibrant Gar Pink Plant 10""",024089792730,Aquatop,aquatics,18.59
5165,"Aquatop Vibrant Gar Pink Plant 16""",021653101128,Aquatop,aquatics,27.29
5193,"Aquatop Vibrant Gar Pink Plant 6""",076484228582,Aquatop,aquatics,11.99
5170,Aquatop Vibrant Gar Purple Plant,076484228582,Aquatop,aquatics,23.99
5188,"Aquatop Vibrant Gar Purple Plant 10""",010053870426,Aquatop,aquatics,17.49
5196,"Aquatop Vibrant Gar Purple Plant 6""",076484228582,Aquatop,aquatics,11.99
5181,"Aquatop Vibrant Gar Viol Plant 10""",021653101128,Aquatop,aquatics,15.29
5169,"Aquatop Vibrant Gar Viol Plant 16""",024089792730,Aquatop,aquatics,23.99
5198,"Aquatop Vibrant Gar Viol Plant 6""",076484851216,Aquatop,aquatics,11.99
5189,"Aquatop Vibrant Pass Blue Plant 10""",009079059817,Aquatop,aquatics,18.59
5173,"Aquatop Vibrant Pass Blue Plant 16""",050024364318,Aquatop,aquatics,27.29
5190,Aquatop Vibrant Pass Pink Plant 10',009079059817,Aquatop,aquatics,15.29
5182,Aquatop Vibrant Pass Pink Plant 6',,Aquatop,aquatics,11.99
5166,"Aquatop Vibrant Pass Rose Plant 16""",050024364318,Aquatop,aquatics,23.99
5200,"Aquatop Vibrant Pass Rose Plant 6""",076484536090,Aquatop,aquatics,11.99
5183,"Aquatop Vibrant Pass Rose Plant 6""",050024364318,Aquatop,aquatics,11.99
5192,"Aquatop Vibrant Pass Rse Plant 6""",076484835278,Aquatop,aquatics,11.99
5177,"Aquatop Vibrant Pass Turq Plant 10""",039079058971,Aquatop,aquatics,15.29
5168,"Aquatop Vibrant Pass Turq Plant 16""",050024364318,Aquatop,aquatics,27.29
5184,"Aquatop Vibrant Pass Turq Plant 6""",039079058971,Aquatop,aquatics,11.99
5176,"Aquatop Vibrant Pass Yellow Plant 10""",009079059817,Aquatop,aquatics,15.29
5195,"Aquatop Vibrant Pass Yellow Plant 6""",076484536076,Aquatop,aquatics,11.99
5162,"Aquatop Vibrant Pass Yellw Plant 16""",050024364318,Aquatop,aquatics,26.19
5178,"Aquatop Vibrant Wild Green Plant 10""",,Aquatop,aquatics,15.29
5187,"Aquatop Vibrant Wild Green Plant 10""",,Aquatop,aquatics,15.29
5161,"Aquatop Vibrant Wild Green Plant 16""",030172088001,Aquatop,aquatics,22.89
5163,"Aquatop Vibrant Wild Mix Red Plant 16""",,Aquatop,aquatics,27.29
5186,"Aquatop Vibrant Wild Mixed Plant 6""",,Aquatop,aquatics,11.99
5175,"Aquatop Vibrant Wild Mixed Red Plant 10""",,Aquatop,aquatics,15.29
5180,"Aquatop Vibrant Wild Purple Plant 10""",010053870426,Aquatop,aquatics,15.29
5164,"Aquatop Vibrant Wild Purple Plant 16""",010053870426,Aquatop,aquatics,23.99
5199,"Aquatop Vibrant Wild Purple Plant 6""",010053870426,Aquatop,aquatics,11.99
5191,"Aquatop Vibrant Wild Red Plant 10""",,Aquatop,aquatics,15.29
5172,"Aquatop Vibrant Wild Red Plant 16""",010053870426,Aquatop,aquatics,26.19
5194,"Aquatop Vibrant Wild Red Plant 6""",,Aquatop,aquatics,11.99
5167,"Aquatop Vibrant Wild White Plant 16""",010053870426,Aquatop,aquatics,26.19
5185,"Aquatop Vibrant Wild White Plant 6""",,Aquatop,aquatics,13.09
9357,Forza FZ7 UV Canister Filter,819603016413,Aquatop,aquatics,196.19
5604,"
Aqueon 24""x12"" Glass Top",015905290241,Aqueon,aquatics,22.89
5571,Aqueo Quietflow10,015905060806,Aqueon,aquatics,32.69
4996,"Aqueon 14"" Led Bubble Wand",015905062374,Aqueon,aquatics,31.69
5603,"Aqueon 20""x10"" Hinged Glass Top",015905290203,Aqueon,aquatics,17.49
4997,"Aqueon 21"" Led Bubble Wand",015905062381,Aqueon,aquatics,37.09
5825,Aqueon 29g Tank & Stand,745801712508,Aqueon,aquatics,326.99
5606,"Aqueon 48""x18"" Glass Top",015905290715,Aqueon,aquatics,59.99
5831,Aqueon 55gal Tank7stand,745801110670,Aqueon,aquatics,544.99
7076,Aqueon 5w Heater,015905000697,Aqueon,aquatics,14.19
7077,Aqueon 7.5w Heater,015905012300,Aqueon,aquatics,16.39
5002,Aqueon Algea Cleaning Magnet Small,015905061704,Aqueon,aquatics,14.19
5504,Aqueon Ammonia Reduce 10 4pk,015905062787,Aqueon,aquatics,8.79
5505,Aqueon Ammonia Reduce 20-75 4pk,015905062794,Aqueon,aquatics,10.89
7270,Aqueon Betta Beads Blue,015905001786,Aqueon,aquatics,9.89
7271,Aqueon Betta Beads Pack Pink,015905001793,Aqueon,aquatics,8.79
7288,Aqueon Betta Bowl Plus,015905060202,Aqueon,aquatics,4.39
9283,"Aqueon Betta Filters Cartridges, One Size",015905001823,Aqueon,aquatics,7.69
9281,"Aqueon Betta Filters Natural Plant, One Size",015905001847,Aqueon,aquatics,14.19
9282,"Aqueon Betta Filters Volcano, One Size",015905001861,Aqueon,aquatics,16.39
7276,Aqueon Betta Light,015905001878,Aqueon,aquatics,22.89
5503,Aqueon Carbon Pad 10 4 Count,015905062817,Aqueon,aquatics,8.79
5502,Aqueon Carbon Pad 30-50 4 Count,046706302307,Aqueon,aquatics,10.89
6971,Aqueon Chiclid Pellet Medium 7.5oz,015905061834,Aqueon,aquatics,7.69
6972,Aqueon Cichlid Pellet Mini 4.5oz,015905061803,Aqueon,aquatics,5.49
9408,Aqueon Cichlid Pellets Medium 4.5 oz,015905061827,Aqueon,aquatics,5.49
5569,Aqueon Circulation Pump 950,015905000833,Aqueon,aquatics,58.89
5630,Aqueon Clip on Led,015905000727,Aqueon,aquatics,35.99
5509,Aqueon Ecorenew Extra Small 3pk,015905002509,Aqueon,aquatics,10.89
5507,Aqueon Ecorenew Medium 3pk,015905002530,Aqueon,aquatics,13.09
5508,Aqueon Ecorenew Small 3pk,015905002516,Aqueon,aquatics,14.19
7308,Aqueon Essentials Kit 29 Gallon,015905002851,Aqueon,aquatics,65.39
4998,Aqueon Foam Clean Pad 1pk,015905002356,Aqueon,aquatics,7.69
5818,Aqueon Glass 10gal,039079002592,Aqueon,aquatics,21.79
7009,Aqueon Goldfish Granules 3oz,015905060523,Aqueon,aquatics,5.49
9422,Aqueon Goldfish Granules 5.8 oz,015905060530,Aqueon,aquatics,7.69
9417,Aqueon Herbivore Shrimp Disc Food 1.6 oz,015905001090,Aqueon,aquatics,11.99
5013,Aqueon Large Algea Magnet,015905061728,Aqueon,aquatics,47.99
5620,Aqueon Led Beauty Max Size20,015905156752,Aqueon,aquatics,21.79
5621,Aqueon Led Beauty Max Size24,015905156769,Aqueon,aquatics,26.19
5622,Aqueon Led Beauty Max Size36,015905156783,Aqueon,aquatics,35.99
5623,Aqueon Led Beautymax Size 48,015905156790,Aqueon,aquatics,42.59
5613,Aqueon Led Colormax Size 20,045663976439,Aqueon,aquatics,17.49
5611,Aqueon Led Colormax Size 30,015905156226,Aqueon,aquatics,26.19
5628,Aqueon Led Day White Size 48,015905156196,Aqueon,aquatics,43.59
5624,Aqueon Led Daywhite Size 20,015905156158,Aqueon,aquatics,22.89
5627,Aqueon Led Daywhite Size24,015905156165,Aqueon,aquatics,22.89
5618,Aqueon Led Max Blue Size 20,045663976033,Aqueon,aquatics,17.49
5625,Aqueon Led Max Blue Size 36,015905156738,Aqueon,aquatics,20.79
5626,Aqueon Led Max Blue Size 48,015905156745,Aqueon,aquatics,40.39
5007,Aqueon Medium Algae Magnet,015905061711,Aqueon,aquatics,22.89
9419,Aqueon Omnivore Shrimp Disc Food 1.65 oz,015905001106,Aqueon,aquatics,10.89
5511,Aqueon Phosphate Remove 10 4pk,015905062848,Aqueon,aquatics,8.79
5510,Aqueon Phosphate Remove 20-75,015905062855,Aqueon,aquatics,10.89
5100,Aqueon Plant & Shrimp 5lb,015905000918,Aqueon,aquatics,20.79
5629,Aqueon Plant Clip on Led,015905000734,Aqueon,aquatics,52.39
4992,Aqueon Proscraper 3.0 Adjust,015905002196,Aqueon,aquatics,17.49
4993,Aqueon Proscraper 3.0 Short,015905002325,Aqueon,aquatics,14.19
5790,Aqueon Pure Pond Bomb 2500,015905550978,Aqueon,aquatics,17.49
5791,Aqueon Pure Sludge Bomb,015905002912,Aqueon,aquatics,17.49
5560,Aqueon Quiet Flow 5g,015905002479,Aqueon,aquatics,29.49
5558,Aqueon Quietflow 30g,015905002493,Aqueon,aquatics,38.19
5038,Aqueon Quietflow Airpump100,015905069991,Aqueon,aquatics,51.29
5572,Aqueon Quietflow20,015905060813,Aqueon,aquatics,43.59
5580,Aqueon Quietflow30,015905060820,Aqueon,aquatics,53.49
5573,Aqueon Quietflow50,015905061179,Aqueon,aquatics,61.09
5574,Aqueon Quietflow75,015905060790,Aqueon,aquatics,87.19
5089,Aqueon Quitetflw Air Pump10,015905069953,Aqueon,aquatics,19.69
5088,Aqueon Quitflow Air Pump40,015905069977,Aqueon,aquatics,31.69
5527,Aqueon Replace Filter 3pk Medium,015905060844,Aqueon,aquatics,11.99
5529,Aqueon Replace Filter Large,015905060868,Aqueon,aquatics,6.59
5530,Aqueon Replace Filter Large 3pk,015905060875,Aqueon,aquatics,13.09
5526,Aqueon Replace Filter Medium,015905060837,Aqueon,aquatics,5.49
5528,Aqueon Replace Filter Medium 6pk,015905060851,Aqueon,aquatics,21.79
5524,Aqueon Replace Filter Small 3pk,015905060769,Aqueon,aquatics,10.89
5525,Aqueon Replace Filter Small 6pk,015905064170,Aqueon,aquatics,18.59
7190,Aqueon Sealant 3oz black,015905650045,Aqueon,aquatics,16.39
7192,Aqueon Sealant Clear 10.3oz,015905650106,Aqueon,aquatics,32.69
7191,Aqueon Sealant Clear 3oz,015905650038,Aqueon,aquatics,16.39
7005,Aqueon Shrimp Pellets 3.25oz,015905061889,Aqueon,aquatics,5.49
7006,Aqueon Shrimp Pellets 6.5oz,015905061896,Aqueon,aquatics,7.69
7059,"Aqueon Siphon Vac /Bulb 10""",015905062329,Aqueon,aquatics,22.89
7056,"Aqueon Siphon Vac 5""",015905062268,Aqueon,aquatics,10.89
7057,"Aqueon Siphon Vac 9""",015905062299,Aqueon,aquatics,14.19
5559,Aqueon Smart Clean Filter 5-15g,015905002486,Aqueon,aquatics,32.69
9308,"Aqueon Standard Glass Rectangle Aquarium Clear Silicone, Black 10 gal",015905100106,Aqueon,aquatics,21.79
5614,Aqueon T8 Colormax Size24,015905004503,Aqueon,aquatics,25.09
5612,Aqueon T8 Colormax Size36,045663976392,Aqueon,aquatics,11.99
5615,"Aqueon T8 Floramax 24""l",015905653541,Aqueon,aquatics,17.49
5616,Aqueon T8 Full Spec 18'l,045663976019,Aqueon,aquatics,9.89
5617,"Aqueon T8 Full Spectrum 36""l",015905653527,Aqueon,aquatics,11.99
7007,Aqueon Tropical Granules 3.25oz,015905061902,Aqueon,aquatics,5.49
7008,Aqueon Tropical Granules 6.5oz,015905061919,Aqueon,aquatics,8.79
5004,Aqueon Twist & Click Plastic Blades 3pk,015905002332,Aqueon,aquatics,6.59
5005,Aqueon Twist & Click Steel Blade 3pk,015905002349,Aqueon,aquatics,7.69
7054,Aqueon Water Changer 25ft,015905060899,Aqueon,aquatics,65.39
7055,Aqueon Water Changer 50ft,015905060905,Aqueon,aquatics,108.99
8032,Aqueon Water Renewals Betta 4oz,015905060172,Aqueon,aquatics,5.49
5868,Aria Blue Bandanna,076484946608,Aria,accessories,4.39
5867,Aria Green Bandanna,,Aria,accessories,4.39
5865,Aria Orang/Pink Bandanna,076484004049,Aria,accessories,4.39
5869,Aria Pink/Blue Bandanna,076484946608,Aria,accessories,4.39
5866,Aria Purple Bandanna,,Aria,accessories,4.39
2322,Arm & Hammer Cat Litter Deod,033200973027,Arm & Hammer,accessories,5.49
2384,Arm & Hammer Cloud Control Litter,033200001836,Arm & Hammer,accessories,26.19
2385,Arm & Hammer Clump & Seal Litter,033200021438,Arm & Hammer,accessories,26.19
9368,Arm & Hammer Clump & Seal Slide Multi-Cat Cat Litter 14lb,033200973546,Arm & Hammer,accessories,26.19
9372,Arm & Hammer Double Duty Dual Odor Control Clumping Cat Litter 29lb,033200975113,Arm & Hammer,accessories,30.59
2386,Arm & Hammer Double Duty Litter,033200022084,Arm & Hammer,accessories,22.89
2321,Arm & Hammer Doubleduty Litter Deo,033200973027,Arm & Hammer,accessories,8.79
2312,Arm & Hammer Litter Fragrence Booster,033200973027,Arm & Hammer,accessories,7.69
2323,Arm & Hammer Litter Mat,029695221507,Arm & Hammer,accessories,27.29
2388,Arm & Hammer Multi Cat,033200022060,Arm & Hammer,accessories,22.89
2366,Arm & Hammer Rimmed Pan,029695221958,Arm & Hammer,accessories,18.59
2387,Arm & Hammer Super Scoop Litter,033200021407,Arm & Hammer,accessories,17.49
2393,Feline Pine 20lb Litter,764375815590,Arm & Hammer,accessories,25.09
2392,Feline Pine 7lb Litter,764375815569,Arm & Hammer,accessories,10.89
1228,Avain Breeder Large Bird,762177796000,Avian Breeder,accessories,183.19
9186,BFF Minced Tuna & Tilapia Twosome,878408007057,BFF,food,1.59
9188,BFF PLAY Paté  Tuna & Chicken Check Please! 3oz,813778016070,BFF,food,1.59
9190,BFF PLAY Paté  Tuna & Salmon Oh Snap! 3oz,813778016063,BFF,food,1.59
2375,Freshnews Orginal Litter 12lb,850357002123,BPV Environmental,accessories,17.49
4218,Back2nature 15l Litter,840673102218,Back 2 Nature,smallanimal,19.69
4215,Back2nature Litter 30l,840673102225,Back 2 Nature,smallanimal,34.89
1386,Banixx Paw Wipes,97227002333,Banixx,healthcare,23.99
4933,Banixx Spray 2fl oz,097612210200,Banixx,healthcare,10.89
1385,Banixx Spray 32 oz,897227002012,Banixx,healthcare,51.29
1384,Banixx Spray 8oz,897227002036,Banixx,healthcare,26.19
1382,Banixx Wound Care Cream 8oz,897227002142,Banixx,healthcare,34.89
1383,Bannixx Shampoo,897227002104,Banixx,healthcare,34.89
1381,Bannixx Wound Care Cream 4oz,897227002173,Banixx,healthcare,19.69
7556,Bannix 2oz,897227002029,Bannixx,healthcare,10.89
1262,Bark2basics Citrus Plus,745855840011,Bark2Basics,accessories,21.79
4477,7in Collagen Chews 5cnt Bacon,,Barkworthies,dogTreats,9.89
4987,Barkworthies Hickory Smoked Cheeky Chew,840139132001,Barkworthies,dogTreats,5.49
4983,Barkworthies Hickory Smoked Duck Foot,840139132056,Barkworthies,dogTreats,2.19
4984,Barkworthies Hickory Smoked Gullet Stick,840139132087,Barkworthies,dogTreats,3.29
7785,Barkworthies Little Barkers Beef Sticks with Collagen Dog Treat,840139125515,Barkworthies,treats,9.89
4988,Barkworthies Smoked Beef Rib Bone,840139132032,Barkworthies,Treats,3.29
4975,Barkworthies Smoked Bully Bites Dog Treat 6oz,840139131660,Barkworthies,Treats,9.89
4990,Barkworthies Smoked Bully Stick,840139132117,Barkworthies,Treats,8.79
7510,Barkworthies Smoked Bully Sticks Dog Treat 3 Chews,840139130007,Barkworthies,treats,16.39
4980,Barkworthies Smoked Chicken Breast Fillet Dog Treat 4oz,840139130717,Barkworthies,Treats,10.89
4981,Barkworthies Smoked Cow Ear Dog Treat 5 Chews,840139131721,Barkworthies,Treats,17.49
4976,Barkworthies Smoked Gullet Bites Dog Treat 5oz,840139131653,Barkworthies,dogTreats,7.69
4989,Barkworthies Smoked Marrow Bone,840139132094,Barkworthies,Treats,6.59
4978,Barkworthies Smoked Tendon Strips Dog Treat 3 Chews,840139131752,Barkworthies,Treats,11.99
4985,"Barkworthies Smoked Trachea 10""",840139132100,Barkworthies,Treats,6.59
4982,"Barkworthies Smoked Trachea 6""",840139132070,Barkworthies,dogTreats,5.49
4986,Barkworthies Smoked Yak Cheese,840139132063,Barkworthies,Treats,9.89
5238,Tapeworm Dewormer Dogs Tabs,080605821903,Bayer,accessories,37.09
1244,Beautifur Cologne,653373021310,Beautifur,healthcare,17.49
1660,Bellabowl Black Large,842982074064,Bellabowl,accessories,14.19
1659,Bellabowl Black Medium,842982074057,Bellabowl,accessories,9.89
1658,Bellabowl Black Small,842982074040,Bellabowl,accessories,7.69
1663,Bellabowl Blue Large,842982074118,Bellabowl,accessories,14.19
1662,Bellabowl Blue Medium,842982074095,Bellabowl,accessories,9.89
1661,Bellabowl Blue Small,842982074088,Bellabowl,accessories,7.69
1657,Bellabowl Green Medium,842982074675,Bellabowl,accessories,9.89
1656,Bellabowl Green Small,842982074668,Bellabowl,accessories,6.59
1655,Bellabowl Pink Large,842982074026,Bellabowl,accessories,16.39
1654,Bellabowl Pink Medium,842982071339,Bellabowl,accessories,9.89
1653,Bellabowl Pink Small,842982074002,Bellabowl,accessories,7.69
1666,Bellabowl Red Large,842982074149,Bellabowl,accessories,13.09
1665,Bellabowl Red Medium,842982074132,Bellabowl,accessories,11.99
1664,Bellabowl Red Small,842982074125,Bellabowl,accessories,7.69
1623,Bellabowl Xsmall Fish Blue,842982077508,Bellabowl,accessories,6.59
4613,Benebone Fish Tiny 2pk,810054210344,Benebone,dogTreats,18.59
4615,Benebone Giant Wishbone Chicken,854111004965,Benebone,dogTreats,27.29
4619,Benebone Giant Wishbone Peanut Butter,854111004965,Benebone,dogTreats,27.29
4605,Benebone Giant Zaggler Bacon,854111004989,Benebone,dogTreats,32.69
4602,Benebone Giant Zaggler Chicken,854111004705,Benebone,dogTreats,27.29
4611,Benebone Giant Zaggler Peanut Butter,810054210023,Benebone,dogTreats,27.29
4536,Benebone Large Bacon Stick,854111004484,Benebone,dogTreats,25.09
4533,Benebone Large Beef Tripe Bone,854111004095,Benebone,dogTreats,29.49
4541,Benebone Large Maplestick,854111004415,Benebone,dogTreats,25.09
4609,Benebone Large Wishbone Bacon,854111004088,Benebone,dogTreats,25.09
4616,Benebone Large Wishbone Chicken,854111004101,Benebone,dogTreats,29.49
4620,Benebone Large Wishbone Peanut Butter,854111004095,Benebone,dogTreats,29.49
4606,Benebone Large Zaggler Bacon,854111004590,Benebone,dogTreats,23.99
4603,Benebone Large Zaggler Chicken,854111004613,Benebone,dogTreats,29.49
4537,Benebone Medium Bacon Stick,854111004477,Benebone,dogTreats,18.59
4530,Benebone Medium Beef Tripe Bone,854111004019,Benebone,dogTreats,18.59
4540,Benebone Medium Maplestick,854111004408,Benebone,dogTreats,18.59
4543,Benebone Medium Ring Bacon,854111004002,Benebone,dogTreats,18.59
4610,Benebone Medium Wishbone Bacon,854111004002,Benebone,dogTreats,16.39
4617,Benebone Medium Wishbone Chicken,009119731005,Benebone,dogTreats,16.39
4607,Benebone Medium Zaggler Bacon,854111004569,Benebone,dogTreats,19.69
4604,Benebone Medium Zaggler Chicken,1665122135,Benebone,dogTreats,16.39
4612,Benebone Medium Zaggler Peanut Butter,854111004576,Benebone,dogTreats,16.39
4534,Benebone Puppy 2pck,854111004705,Benebone,dogTreats,18.59
4538,Benebone Small Bacon Stick,854111004460,Benebone,dogTreats,14.19
4529,Benebone Small Beef Tripe Bone,810054210382,Benebone,dogTreats,15.29
4614,Benebone Small Fishbone,810054210061,Benebone,dogTreats,14.19
4539,Benebone Small Maplestick,854111004392,Benebone,toys,16.39
4532,Benebone Small Maplestick,854111004392,Benebone,dogTreats,15.29
4531,Benebone Small Pawplexer Bacon,854111004330,Benebone,dogTreats,18.59
4535,Benebone Small Puppy Wishbone Bacon,854111004729,Benebone,dogTreats,16.39
4544,Benebone Small Puppy Wishbone Bacon,,Benebone,dogTreats,14.19
4542,Benebone Small Ring Bacon,9761262211,Benebone,dogTreats,10.89
7802,Benebone Small Wishbone Bacon,854111004033,Benebone,treats,14.19
4618,Benebone Small Wishbone Chicken,854111004057,Benebone,dogTreats,14.19
4621,Benebone Small Wishbone Peanut Butter,854111004026,Benebone,dogTreats,14.19
4608,Benebone Small Zaggler Bacon,854111004064,Benebone,dogTreats,14.19
7803,Benebone Tiny 2-pack ,854111004712,Benebone,treats,18.59
4339,Nibbles Small Pet Chew,854111004033,Benebone,smallanimal,3.29
4332,Nibbles Small Pet Chew,854111004026,Benebone,smallanimal,4.39
4333,Nibbles Small Pet Chew,854111004460,Benebone,smallanimal,4.39
1818,Bergan Poo Bag Dispenser,879213008833,Bergan,accessories,10.89
6036,"Voyager Blue 24""",022517766002,Best Pet Supplies,dogCages,46.89
6028,Voyager Blue 26.6,022517766101,Best Pet Supplies,dogCages,57.79
6037,"Voyager Grey 24""",022517766064,Best Pet Supplies,dogCages,47.99
6035,"Voyager Pink 24""",022517766194,Best Pet Supplies,dogCages,47.99
6027,Voyager Pink 26.6,018940632405,Best Pet Supplies,dogCages,56.69
1978,Bio-Groom Cat Ear Mite Treatment 4oz,039079090247,Bio Groom,healthcare,18.59
1979,Bio-Groom Cat Earmite 1oz,021653140011,Bio Groom,healthcare,14.19
1318,Bio-Groom Ear Mite Treatment 4oz,021653140042,Bio Groom,healthcare,18.59
1249,Bio-Groom Ear care Ear Cleaner 4oz,021653518049,Bio Groom,healthcare,13.09
1248,Bio-Groom Ear fresh Ear Powder 24 grams,021653516243,Bio Groom,healthcare,11.99
1246,Bio-Groom Groom Fresh Cologne 8oz,021653513082,Bio Groom,healthcare,18.59
1280,Bio-Groom Natural Scent Desert Shampoo,021653284081,Bio Groom,accessories,18.59
1281,Bio-Groom Natural Scent Desert Spray,021653573086,Bio Groom,accessories,23.99
1279,Bio-Groom Natural Scent Lemongrass Verbena Shampoo,021653281080,Bio Groom,accessories,18.59
1278,Bio-Groom Natural Scent Pink Jasmine Shampoo,021653283084,Bio Groom,accessories,19.69
1282,Bio-Groom Natural Scent Tuscan Olive Shampoo,021653282087,Bio Groom,accessories,18.59
1283,Bio-Groom Natural Scent Tuscan Olive Spray,021653553088,Bio Groom,accessories,22.89
1337,Bio-Groom Waterless Bath,021653204089,Bio Groom,healthcare,13.09
813,Biothane Groom Flea Shampoo,21653101128,Bio Groom,healthcare,14.19
812,Biothane-groom Repel 35,021653080164,Bio Groom,healthcare,18.59
4824,Bionic Ball Large,035585013978,Bionic,toys,11.99
4823,Bionic Ball Medium,096316117624,Bionic,toys,8.79
4822,Bionic Ball Small,048081010938,Bionic,toys,6.59
4817,Bionic Bone Large,096316116580,Bionic,toys,23.99
4818,Bionic Bone Medium,097612923612,Bionic,toys,17.49
4819,Bionic Bone Small,097612923629,Bionic,toys,8.79
4820,Bionic Stuffer,015561228138,Bionic,toys,15.29
4816,Bionic Urban Stick Large,096316116597,Bionic,toys,23.99
4815,Bionic Urban Stick Medium,096316116603,Bionic,toys,19.69
4821,Bionic Urban Stick Small,015561228121,Bionic,toys,15.29
858,Birdlif Mineral Block 2pk,030172102370,Birdlife,birdSupplies,5.49
984,"Birdlife 11"" Wooden Perches",030172902017,Birdlife,birdSupplies,4.39
985,"Birdlife 12"" Wooden Perches",030172902024,Birdlife,birdSupplies,4.39
986,"Birdlife 14"" Wooden Perches",030172902031,Birdlife,birdSupplies,5.49
981,"Birdlife 16"" Cement Perches",030172018664,Birdlife,birdSupplies,9.89
988,"Birdlife 16"" Wooden Perches",030172902048,Birdlife,birdSupplies,6.59
989,"Birdlife 18"" Wooden Perches",030172902055,Birdlife,birdSupplies,7.69
983,"Birdlife 19"" Cement Perches",030172018688,Birdlife,birdSupplies,9.89
855,Birdlife 2week Seed Feeder,030172902239,Birdlife,birdSupplies,3.29
1027,"Birdlife 3"" Wooden Swing",030172902185,Birdlife,birdSupplies,4.39
1028,"Birdlife 4"" Wooden Swing",030172902192,Birdlife,birdSupplies,5.49
957,Birdlife 4perch Covers,030172902956,Birdlife,birdSupplies,5.49
1019,"Birdlife 5"" Bird Swing",030172100338,Birdlife,birdSupplies,7.69
1049,Birdlife Activity Center Extra Small,030172023668,Birdlife,birdSupplies,32.69
1052,Birdlife Activity Center Large,030172025594,Birdlife,birdSupplies,30.59
1051,Birdlife Activity Center Medium,030172023682,Birdlife,birdSupplies,43.59
1050,Birdlife Activity Center Small,030172023675,Birdlife,birdSupplies,34.89
881,Birdlife Banana Cuttle Bone,030172031519,Birdlife,birdSupplies,3.29
1010,Birdlife Bird Bath W Mirror,030172902543,Birdlife,birdSupplies,4.39
953,Birdlife Calcium Perch Medium & Large,030172012952,Birdlife,birdSupplies,13.09
946,Birdlife Calcium Perch Parakeet,30172012938,Birdlife,healthcare,8.79
952,Birdlife Calcium Perch Small & Medium,030172012945,Birdlife,birdSupplies,10.89
947,Birdlife Calcium Perch Small Birds,030172009983,Birdlife,birdSupplies,7.69
877,Birdlife Casino Kabob,030172105319,Birdlife,birdSupplies,7.69
1017,Birdlife Cement & Acrylic Swing Large,030172021398,Birdlife,birdSupplies,52.39
1018,Birdlife Cement & Acrylic Swing Small,030172021374,Birdlife,birdSupplies,23.99
961,Birdlife Cement Ladder,030172018626,Birdlife,birdSupplies,11.99
1073,Birdlife Coconut with Ladder,30172080104,Birdlife,birdSupplies,20.79
1109,Birdlife Combo Kabob Medium,030172013508,Birdlife,birdSupplies,27.29
1070,Birdlife Combo Kabob Small,030172013485,Birdlife,birdSupplies,11.99
994,Birdlife Cross Rope Perch,030172085369,Birdlife,birdSupplies,13.09
861,Birdlife Cuttle Bone,030172096853,Birdlife,birdSupplies,4.39
860,Birdlife Cuttle Bones 2pk,030172902833,Birdlife,birdSupplies,6.59
865,Birdlife E-cuttlebone 2 Pack,030172095801,Birdlife,birdSupplies,5.49
1002,Birdlife Flower Mirror W Bell,030172082818,Birdlife,birdSupplies,4.39
862,Birdlife Fruit Dipped Cuttle Bone 2pk,030172096853,Birdlife,birdSupplies,7.69
1072,Birdlife Fruit Kabob,030172000461,Birdlife,birdSupplies,23.99
1080,Birdlife Fruit Kabob Small,030172000423,Birdlife,birdSupplies,10.89
1013,Birdlife Geo-balls with Bell,030172082795,Birdlife,birdSupplies,3.29
1218,Birdlife Gravel Paper 15.5x15.5,030172902925,Birdlife,birdSupplies,9.89
1220,Birdlife Gravel Paper 9.5x15,030172005107,Birdlife,birdSupplies,6.59
1219,Birdlife Gravel Paper 9x12,030172902918,Birdlife,birdSupplies,5.49
1217,Birdlife Gravel Paper11x17,030172902932,Birdlife,birdSupplies,6.59
995,Birdlife Hanging Pacifer W Bells,030172902864,Birdlife,birdSupplies,5.49
1001,Birdlife Hanging Pacifier with Bell,030172902765,Birdlife,birdSupplies,4.39
1099,Birdlife Hanging Platform,030172098871,Birdlife,birdSupplies,18.59
1067,Birdlife Kabob Toy,030172013454,Birdlife,birdSupplies,15.29
1118,Birdlife Kabob Toy Large,030172013478,Birdlife,birdSupplies,43.59
1009,Birdlife Landing Perch W Mirror,030172906183,Birdlife,birdSupplies,5.49
854,Birdlife Large Seed/Water Fountain,030172902314,Birdlife,birdSupplies,6.59
1094,Birdlife Leather Kabob,030172025990,Birdlife,birdSupplies,20.79
1095,Birdlife Leather Kabob Large,030172013478,Birdlife,birdSupplies,30.59
941,Birdlife Milletholder W Bells,030172902628,Birdlife,birdSupplies,3.29
856,Birdlife Mineral Berry Flavor,030172102363,Birdlife,birdSupplies,4.39
857,Birdlife Mineral Block Banana Flavor,030172102363,Birdlife,birdSupplies,4.39
1012,Birdlife Mirror with Beads,030172902482,Birdlife,birdSupplies,4.39
1125,Birdlife Natur Weave Kabob Large,030172077838,Birdlife,birdSupplies,25.09
1124,Birdlife Natural Kabob,030172088285,Birdlife,birdSupplies,30.59
1116,Birdlife Natural Weave Playground,030172081446,Birdlife,birdSupplies,16.39
959,Birdlife Natures Perch,030172002564,Birdlife,birdSupplies,10.89
1005,Birdlife Perch W Mirror and Beads,030172902451,Birdlife,birdSupplies,4.39
1015,Birdlife Perchwmirrorbeads & Seed Cup,030172902741,Birdlife,birdSupplies,4.39
993,Birdlife Rope Perch 21in,030172036781,Birdlife,birdSupplies,9.89
1097,Birdlife Shaggy Kabob,030172026003,Birdlife,birdSupplies,20.79
1008,Birdlife Small Bird Play,030172902505,Birdlife,birdSupplies,4.39
859,Birdlife Small Seed/Water Fountain,030172005497,Birdlife,birdSupplies,4.39
1011,Birdlife Swingwmirrorand Spinner,030172082764,Birdlife,birdSupplies,3.29
1044,Birdlife Toy Purse,030172095788,Birdlife,birdSupplies,4.39
950,"Birdlife Trimmer Perch 9""",030172005442,Birdlife,healthcare,26.19
1003,Birdlife Twin Rings with Turning Beads,030172082832,Birdlife,birdSupplies,3.29
883,Birdlife Vacation Bird Feeder,030172902642,Birdlife,birdSupplies,9.89
1117,Birdlife Weave Kabob,030172080432,Birdlife,birdSupplies,19.69
979,Birdlife Wood Ladder 5 Step,030172902109,Birdlife,birdSupplies,5.49
980,Birdlife Wood Ladder 7 Step,030172902116,Birdlife,birdSupplies,7.69
1029,Birdlife Wooden Swing,030172902178,Birdlife,birdSupplies,7.69
7779,"Blue Bits Chicken And Pumpkin, Digestion & Immunity Dog Treat 3.5 oz ",840243156467,Blue Buffalo,treats,9.89
7780,Blue Bits Mobility & Immunity Beef Dog Treat 3.5 oz,840243156481,Blue Buffalo,treats,9.89
7778,Blue Bits Skin & Coat & Immunity Salmon Dog Treat 3.5 oz,840243156474,Blue Buffalo,dogTreats,9.89
6861,"Blue Buffalo 3oz Fish,Shrimp 3oz",859610000951,Blue Buffalo,dogFood,1.89
6598,Blue Buffalo Bac Yard Bbq 12.5oz,035585530086,Blue Buffalo,dogFood,4.79
6607,Blue Buffalo Basic Lamb 12.5oz,840243103799,Blue Buffalo,dogFood,4.59
6203,Blue Buffalo Basic Salmon 4lb,840243105427,Blue Buffalo,dogFood,34.89
6205,Blue Buffalo Basic Small Breed 4lb,859610005789,Blue Buffalo,dogFood,31.69
6606,Blue Buffalo Basic Turkey 12.5oz,840243105533,Blue Buffalo,dogFood,4.79
6204,Blue Buffalo Basic Turkey 4lb,859610007509,Blue Buffalo,dogFood,26.19
6612,Blue Buffalo Beef 12.5oz,840243105540,Blue Buffalo,dogFood,4.79
6597,Blue Buffalo Beef Stew,840243105212,Blue Buffalo,dogFood,5.09
4724,Blue Buffalo Beef Stix,859610007479,Blue Buffalo,dogTreats,9.89
4730,Blue Buffalo Biscuits Duck,015561227117,Blue Buffalo,dogTreats,9.89
4731,Blue Buffalo Biscuits Salmon,859610007660,Blue Buffalo,dogTreats,9.89
4727,Blue Buffalo Bits Beef,,Blue Buffalo,dogTreats,9.89
4728,Blue Buffalo Bits Chicken,859610005185,Blue Buffalo,dogTreats,9.89
4729,Blue Buffalo Bits Salmon,,Blue Buffalo,dogTreats,9.89
4726,Blue Buffalo Bits Turkey,859610005208,Blue Buffalo,dogTreats,9.89
4734,Blue Buffalo Buffalo Sizzlers Cheese 15oz,840243121991,Blue Buffalo,dogTreats,17.49
6869,Blue Buffalo Cat Chicken Gravy 5.5oz,,Blue Buffalo,catFood,2.29
6863,Blue Buffalo Cat Chicken Morsels,840243140701,Blue Buffalo,catFood,2.59
6826,Blue Buffalo Cat Indoor 7lb,859610000869,Blue Buffalo,catFood,41.49
6824,Blue Buffalo Cat Mature 7lb,859610000210,Blue Buffalo,catFood,41.49
6864,"Blue Buffalo Cat Ocean, Tuna 5.5oz",840243140657,Blue Buffalo,catFood,2.19
6866,Blue Buffalo Cat Salmon Pate 5.5oz,840243140602,Blue Buffalo,catFood,2.29
6865,"Blue Buffalo Cat Turkey, Chicken 5.5oz",840243140633,Blue Buffalo,catFood,2.29
6871,Blue Buffalo Cat Wilderness Chicken 3oz,840243104987,Blue Buffalo,catFood,2.39
6822,Blue Buffalo Cat Wilderness Chicken 6lb,840243104901,Blue Buffalo,catFood,41.49
6870,Blue Buffalo Cat Wilderness Duck 3oz,840243105625,Blue Buffalo,catFood,2.39
6873,Blue Buffalo Cat Wilderness Salmon 5.5oz,,Blue Buffalo,catFood,2.09
6872,Blue Buffalo Cat Wilderness Turkey 5.5oz,859610007684,Blue Buffalo,catFood,2.59
6617,Blue Buffalo Chicken 12.5 oz,840243104932,Blue Buffalo,dogFood,4.79
6225,Blue Buffalo Chicken 15lb,859610000098,Blue Buffalo,dogFood,51.29
6226,Blue Buffalo Chicken 30lb,859610000111,Blue Buffalo,dogFood,74.19
6224,Blue Buffalo Chicken 5lb,840243144075,Blue Buffalo,dogFood,21.79
6860,Blue Buffalo Chicken Gravy 3oz,840243140626,Blue Buffalo,dogFood,1.89
6595,Blue Buffalo Chicken Stew 12.5oz,840243105199,Blue Buffalo,dogFood,5.09
4725,Blue Buffalo Chicken Stix,840243104932,Blue Buffalo,dogTreats,9.89
6620,Blue Buffalo Delight Fillet Mignon 3.5 oz,840243120352,Blue Buffalo,dogFood,2.29
6619,Blue Buffalo Delight Grain Free Chicken 3.5 oz,840243120475,Blue Buffalo,dogFood,2.39
6621,Blue Buffalo Delight Ro Chicken 3.5 oz,840243120413,Blue Buffalo,dogFood,2.59
6613,Blue Buffalo Fish 12.5oz,714929800282,Blue Buffalo,dogFood,4.49
6867,"Blue Buffalo Fish,Shrimp 5.5oz",840243140664,Blue Buffalo,dogFood,2.29
6609,Blue Buffalo Free Lamb 12.5oz,840243102938,Blue Buffalo,dogFood,3.99
6608,Blue Buffalo Free Puppy 12.5oz,859610006878,Blue Buffalo,dogFood,3.99
6207,Blue Buffalo Freedom Small Breed 11lb,859610006830,Blue Buffalo,dogFood,51.29
6206,Blue Buffalo Freedom Small Breed 4lb,859610006816,Blue Buffalo,dogFood,29.49
6610,Blue Buffalo Heal Weigh 12.5oz,035585534008,Blue Buffalo,dogFood,4.39
7784,Blue Buffalo Health Bar Apple / Yogurt 4 / 16 oz,840243105618,Blue Buffalo,treats,9.89
7783,Blue Buffalo Health Bar Banana / Yogurt 4 / 16 oz,859610005086,Blue Buffalo,treats,9.89
4737,"Blue Buffalo Health Bars Bacon,Egg,Che",840243106332,Blue Buffalo,dogFood,9.89
4736,Blue Buffalo Health Bars Beef,840243129485,Blue Buffalo,dogFood,9.89
4742,Blue Buffalo Health Bars Pumpkin,859610005109,Blue Buffalo,dogFood,9.89
6596,Blue Buffalo Hunters Stew 12.5oz,077234023020,Blue Buffalo,dogFood,4.79
6862,Blue Buffalo Kitten 3oz,840243140541,Blue Buffalo,catFood,1.89
6823,Blue Buffalo Kitten 7lb,859610000647,Blue Buffalo,catFood,42.59
6614,Blue Buffalo Lamb 12.5oz,840243104949,Blue Buffalo,dogFood,4.09
6222,Blue Buffalo Lamb 15lb,859610000357,Blue Buffalo,dogFood,55.59
6223,Blue Buffalo Lamb 30lb,859610000371,Blue Buffalo,dogFood,82.89
6221,Blue Buffalo Lamb 5lb,840243144099,Blue Buffalo,dogFood,22.89
4723,Blue Buffalo Lamb Stix,840243144099,Blue Buffalo,dogTreats,9.89
6209,Blue Buffalo Large Breed 15lb,859610000364,Blue Buffalo,dogFood,51.29
6208,Blue Buffalo Large Breed 30lb,859610000388,Blue Buffalo,dogFood,82.89
6210,Blue Buffalo Large Breed H Weight 30lb,840243105250,Blue Buffalo,dogFood,82.89
6211,Blue Buffalo Large Breed Puppy 30lb,859610000449,Blue Buffalo,dogFood,76.29
6230,Blue Buffalo Puppy 15lb,859610000036,Blue Buffalo,dogFood,51.29
6229,Blue Buffalo Puppy 5lb,840243144082,Blue Buffalo,dogFood,21.79
6611,Blue Buffalo Senior 12.5oz,859610005888,Blue Buffalo,dogFood,4.79
6212,Blue Buffalo Senior 15lb,859610000159,Blue Buffalo,dogFood,51.29
6213,Blue Buffalo Senior 30lb,859610000173,Blue Buffalo,dogFood,76.29
6825,Blue Buffalo Senior 5lb,840243144143,Blue Buffalo,catFood,41.49
6216,Blue Buffalo Senior 5lb,840243144143,Blue Buffalo,dogFood,21.79
4735,Blue Buffalo Sizzler Original 6oz,840243102815,Blue Buffalo,dogTreats,9.89
4733,Blue Buffalo Sizzlers Original 15oz,015561227162,Blue Buffalo,dogTreats,18.59
6227,Blue Buffalo Small Bite 15lb,859610007448,Blue Buffalo,dogFood,51.29
6228,Blue Buffalo Small Bite 30lb,859610007455,Blue Buffalo,dogFood,76.29
6220,Blue Buffalo Small Breed 15lb,840243104888,Blue Buffalo,dogFood,55.59
6219,Blue Buffalo Small Breed 5lb,840243144112,Blue Buffalo,dogFood,25.09
6218,Blue Buffalo Small Breed Lamb 15lb,840243105687,Blue Buffalo,dogFood,54.49
6217,Blue Buffalo Small Breed Lamb 5lb,840243144129,Blue Buffalo,dogFood,25.09
6231,Blue Buffalo Small Breed Puppy 5lb,840243144181,Blue Buffalo,dogFood,21.79
6215,Blue Buffalo Small Breed Senior 15lb,840243105311,Blue Buffalo,dogFood,55.59
6214,Blue Buffalo Small Breed Senior 5lb,840243144167,Blue Buffalo,dogFood,25.09
6599,Blue Buffalo Sun Din 12.5oz,859610006854,Blue Buffalo,dogFood,4.79
9173,Blue Buffalo Tastefuls Sensitive Stomach Chicken & Brown Rice Cat 7lb,859610006007,Blue Buffalo,food,41.49
4740,Blue Buffalo True Chews Chicken,840243149308,Blue Buffalo,dogFood,25.09
6868,Blue Buffalo Tuna Gravy 5.5oz,840243140657,Blue Buffalo,dogFood,2.29
6616,Blue Buffalo Turkey 12.5,859610005901,Blue Buffalo,dogFood,4.79
6202,Blue Buffalo Wilder Large Breed Chicken 24lb,840243148615,Blue Buffalo,dogFood,85.09
6201,Blue Buffalo Wilder Small Breed 13lb,840243148318,Blue Buffalo,dogFood,66.49
6200,Blue Buffalo Wilder Small Breed 4.5lb,840243148608,Blue Buffalo,dogFood,32.69
6603,Blue Buffalo Wilderness Beef & Chicken 12.5oz,840243101238,Blue Buffalo,dogFood,4.59
4732,Blue Buffalo Wilderness Bits Chicken,840243142750,Blue Buffalo,dogTreats,9.89
6604,Blue Buffalo Wilderness Duck 12.5oz,840243104864,Blue Buffalo,dogFood,4.59
9197,Blue Buffalo Wilderness Grain Free Salmon Dog 24 lb,840243105373,Blue Buffalo,food,85.09
6605,Blue Buffalo Wilderness Healthy Weight 12.5oz,,Blue Buffalo,dogFood,4.59
6600,Blue Buffalo Wilderness Puppy 12.5oz,840243101238,Blue Buffalo,dogFood,4.59
9200,Blue Buffalo Wilderness RMR Red Meat Puppy 4.5lb,840243148271,Blue Buffalo,food,33.79
6199,Blue Buffalo Wilderness Salmon 4.5lb,840243105359,Blue Buffalo,dogFood,31.69
9199,Blue Buffalo Wilderness Salmon Adult Dog ,840243148707,Blue Buffalo,food,33.79
6602,Blue Buffalo Wilderness Senior 12.5oz,,Blue Buffalo,dogFood,5.09
6601,Blue Buffalo Wilderness Turkey 12.5oz,840243104857,Blue Buffalo,dogFood,4.39
2193,Blue Wilderness Chick & Turkey Treat,840243140565,Blue Buffalo,catTreats,6.59
2183,Blue Wilderness Chicken & Duck Cat Treats,840243104987,Blue Buffalo,catTreats,6.59
2175,Blue Wilderness Chunk & Salmon Treats,840243105359,Blue Buffalo,catTreats,6.59
7782,True Chews Chicken Morsel Dog 11 oz,840243149407,Blue Buffalo,treats,21.79
7781,True Chews Duck Jerky Dog 12 oz,840243149346,Blue Buffalo,treats,21.79
2367,Breederselect Cat Litter 20l,9315087390205,Breeder Celect,accessories,26.19
1400,Brilliant Salmon Oil,7072160101388,Brilliant,healthcare,20.79
4528,Cadet Bully Hide Slices,008317854751,Cadet,dogTreats,14.19
4814,Cadet Knotted Bones 1lb,097612921304,Cadet,dogTreats,16.39
4442,Cadet Stuff Shin Bn Large Peanut Butter,768303011184,Cadet,dogTreats,7.69
4445,Cadet Stuff Shin Bone Large Bully Stick,768303011696,Cadet,dogTreats,7.69
7394,Cadet Sweet Potato Steak Fries 1lb,768303013867,Cadet,food,16.39
4719,Cadet Swtpot Steak Fry,,Cadet,dogTreats,17.49
9221,CANIDAE PURE Farm To Bowl Grain-Free LID  Salmon & Sweet Potato 22lb,640461013401,Canidae,food,73.09
9223,CANIDAE PURE Farm To Bowl Grain-Free LID Duck & Sweet Potato 22lb,640461015900,Canidae,food,73.09
9222,CANIDAE PURE Farm To Bowl Grain-Free LID Duck & Sweet Potato 4lb,640461015931,Canidae,food,20.79
9220,CANIDAE PURE Farm To Bowl Grain-Free LID Salmon & Sweet Potatoe 4lb,640461013432,Canidae,food,19.69
6625,Canid Lamb 13oz,640461012138,Canidae,dogFood,3.39
6451,Canid Multi 40lb,878968002868,Canidae,dogFood,63.29
6342,Canidae All Life Stages Multi Protein 40lb,076484067297,Canidae,dogFood,63.29
6341,Canidae All Life Stages Salmon 5lb,076484066283,Canidae,dogFood,14.19
6627,Canidae Chicken 13oz,640461011131,Canidae,dogFood,3.09
6626,Canidae Multi 13oz,640461010134,Canidae,dogFood,3.19
1561,Fast Acting Super Clot,736990002013,Cardinal,accessories,14.19
4057,Carefresh Beachparty 23 L,066380007848,Carefresh,smallanimal,27.29
4055,Carefresh Blue 10 L,066380004335,Carefresh,smallanimal,15.29
4058,Carefresh Blue 23 L,097612091267,Carefresh,smallanimal,27.29
4061,Carefresh Blue 50 L,097612091069,Carefresh,smallanimal,43.59
4051,Carefresh Confetti 10 L,066380004236,Carefresh,smallanimal,15.29
4060,Carefresh Confetti 50 L,097612091243,Carefresh,smallanimal,43.59
4052,Carefresh Natural 14 L,066380004144,Carefresh,smallanimal,11.99
4056,Carefresh Natural 30 L,066380004151,Carefresh,smallanimal,22.89
4059,Carefresh Natural 60 L,066380004168,Carefresh,smallanimal,38.19
4054,Carefresh Seaglass 23 L,066380006308,Carefresh,smallanimal,27.29
4053,Carefresh White 23 L,066380004199,Carefresh,smallanimal,25.09
5098,Caribsea African Cichlid Mix 20lb,008479002204,CaribSea,aquatics,25.09
5096,Caribsea Aragonite 15lb,97612009361,CaribSea,aquatics,22.89
5097,Caribsea Cichlid 20lb Sand,008479007728,CaribSea,aquatics,35.99
5099,Ecoplanted Red 20lb,008479007711,CaribSea,aquatics,43.59
8000,CaribSea Super Naturals Aquarium Gravel Gemstone Creek 5lb,008479058478,Caribsea,aquatics,6.59
7989,Caribsea Florida Crushed Coral  15lb,,Caribsea,aquatics,22.89
5482,Cascade 100 Filter Cartridge,,Cascade,aquatics,3.29
5484,Cascade 150/200 Flt Cartridge,071859475110,Cascade,aquatics,5.49
5500,Cascade 20 Filter 3pk,97612510119,Cascade,aquatics,7.69
5485,Cascade 300 Filter Cartridge,,Cascade,aquatics,8.79
5486,Cascade 300 Filter Cartridge 3pk,015561822633,Cascade,aquatics,19.69
5557,Cascade 325 Filter,080605838000,Cascade,aquatics,32.69
5556,Cascade 600 Filter,080605838352,Cascade,aquatics,43.59
5483,Cascade 80 Filter Cartridge,,Cascade,aquatics,4.39
5035,Cascade Air Charger I,,Cascade,aquatics,32.69
5036,Cascade Air Charger Ii,030172085772,Cascade,aquatics,45.79
5256,Cascade Baby Hideout,030172241024,Cascade,aquatics,9.89
5517,Cascade Bio Sponge 150 & 200,030172018466,Cascade,aquatics,4.39
5536,Cascade Bio Sponge 2pk,030172072611,Cascade,aquatics,4.39
5540,Cascade Bio Sponge 2pk,030172072635,Cascade,accessories,6.59
5539,Cascade Bio Sponge 2pk,030172072628,Cascade,accessories,5.49
5518,Cascade Bio Sponge 300,720101102020,Cascade,aquatics,9.89
5531,Cascade Biosponge,762177840307,Cascade,aquatics,13.09
5516,Cascade Biosponge 100,030172018459,Cascade,aquatics,4.39
5541,Cascade Filtapack 2pk,030172016271,Cascade,accessories,6.59
5538,Cascade Filtapack 2pk,030172016271,Cascade,aquatics,5.49
5537,Cascade Filter-a-pack 2pk,048081316146,Cascade,aquatics,4.39
5632,Cascade Plant Growth 12bubl,021653553088,Cascade,aquatics,32.69
5631,Cascade Underwater Led Light,030172094958,Cascade,aquatics,16.39
5579,Cascade100 Filter,030172014949,Cascade,aquatics,34.89
5581,Cascade150 Filter,030172015533,Cascade,aquatics,49.09
5577,Cascade20 Filter,720101107209,Cascade,aquatics,22.89
5582,Cascade200 Filter,030172015540,Cascade,aquatics,47.99
5583,Cascade300 Filter,030172015557,Cascade,aquatics,86.19
5578,Cascade80 Filter,030172015526,Cascade,aquatics,31.69
1991,Cat Scratcher Replacement Pad,030172101465,Catit,toys,13.09
6034,Catiit Blue Medium,022517413845,Catit,dogCages,43.59
2335,Catit Airsift Filter 2x,022517443118,Catit,accessories,15.29
2404,Catit Airsift Jumbo Litter Box,022517506950,Catit,accessories,43.59
2403,Catit Airsift Regular Litter Box,022517507025,Catit,accessories,37.09
6031,Catit Black S,,Catit,dogCages,43.59
2344,Catit Carbon Pads,022517508510,Catit,accessories,3.29
9252,Catit Carrier Small Blue,022517413814,Catit,dogCages,43.59
9253,Catit Carrier Small Grey,022517413821,Catit,dogCages,43.59
1952,Catit Catnip Roll on,022517447574,Catit,accessories,7.69
2160,Catit Chicken & Liver 50pk,022517444368,Catit,catTreats,30.59
2162,Catit Chicken & Shrimp 50pk,022517444399,Catit,catTreats,30.59
2342,Catit Clean Carbon Filter,022517507056,Catit,accessories,7.69
2401,Catit Clean Catpanwhood,022517507032,Catit,accessories,38.19
2336,Catit Clean Waste Bags,022517505595,Catit,accessories,6.59
6827,Catit Crab 2.8oz,022517447161,Catit,accessories,1.99
2158,Catit Creamy 50 Pack Variety,022517444320,Catit,catTreats,30.59
2145,Catit Creamy Chicken & Liver 12 Pack,022517444412,Catit,catTreats,7.69
2141,Catit Creamy Chicken & Liver 5pk,022517444757,Catit,catTreats,3.29
2144,Catit Creamy Chicken & Shrimp 12 Pack,022517444412,Catit,catTreats,7.69
2140,Catit Creamy Chicken & Shrimp 5pk,022517444757,Catit,catTreats,4.39
1953,Catit Creamy Dish,022517438619,Catit,catTreats,8.79
1954,Catit Creamy Feeding Mat,022517437490,Catit,catTreats,7.69
2147,Catit Creamy Salmon 12pk,022517444429,Catit,catTreats,7.69
2143,Catit Creamy Salmon 5pk,022517444726,Catit,catTreats,4.39
1955,Catit Creamy Spoon,022517438572,Catit,catTreats,10.89
2220,Catit Creamy Stuff Toy,022517429617,Catit,accessories,4.39
2146,Catit Creamy Tuna 12pk,022517444443,Catit,catTreats,7.69
2142,Catit Creamy Tuna 5pk,022517444740,Catit,catTreats,4.39
2329,Catit Flower Fountain Led,022517437476,Catit,accessories,30.59
2330,Catit Flower Fountain Original,022517437421,Catit,accessories,28.39
2328,Catit Flower Fountain Stainless Steel,022517437254,Catit,accessories,35.99
2333,Catit Flowfoun Filter 2x,022517437384,Catit,accessories,9.89
1728,Catit Fountain Filter Mini 3pck,022517440056,Catit,accessories,7.69
2341,Catit Fresh & Clear Foam Replacement 3pk,022517556016,Catit,accessories,17.49
6030,Catit Grey Medium,022517413852,Catit,dogCages,51.29
2278,Catit Groovy Fish,022517430217,Catit,accessories,21.79
2277,Catit Groovy Gecko,022517430200,Catit,accessories,26.19
1989,Catit Home Scratcher Orange,022517524183,Catit,toys,20.79
1990,Catit Home Scratcher Purple,022517524190,Catit,toys,20.79
2345,Catit Magic Blue Replacement,022517443064,Catit,accessories,10.89
2118,Catit Nibbly Shrimp Grills,022517444856,Catit,catTreats,4.39
2359,Catit Peahusk Lavender Litter,022517441466,Catit,accessories,31.69
2357,Catit Peahusk Vanilla Litter,022517441442,Catit,accessories,21.79
2327,Catit Pixi,022517437209,Catit,accessories,70.89
1643,Catit Pixi Feeder,022517437544,Catit,accessories,147.19
2408,Catit Pixi Litter Box,022517440810,Catit,accessories,46.89
9218,"Catit Recipes Adult Chicken Entrée – High-Protein Wet Cat Food with Bone Broth Hydration, Prebiotics & Postbiotics for Gut Health, Omega-3 for Skin & Coat, and Taurine for Heart Support 3oz",022517450031,Catit,food,1.49
9214,"Catit Recipes Adult Chicken Entrée – High-Protein Wet Cat Food with Bone Broth Hydration, Prebiotics & Postbiotics for Gut Health, Omega-3 for Skin & Coat, and Taurine for Heart Support 5.5oz",022517450048,Catit,food,2.59
9238,"Catit Recipes Double Fusion Adult Cat Food – Chicken Recipe, High-Protein, Freeze-Dried Raw Toppings, No by-Products, Minimally Processed for Optimal Nutrition, 4 lb",022517445266,Catit,food,23.99
9237,"Catit Recipes Double Fusion Indoor Cat Food – Chicken Recipe, High-Protein, Freeze-Dried Raw Toppings, No by-Products, Minimally Processed, Balanced Nutrition for Indoor Cats, 4 lb",022517445303,Catit,food,23.99
9239,"Catit Recipes Double Fusion Senior Chicken Recipe – High-Protein, Freeze-Dried Raw Meat, Nutrient-Dense for Healthy Senior Cats, Fresh Chicken, No Corn, Wheat, Soy, or by-Products, 4 lb",022517445426,Catit,food,26.19
9240,"Catit Recipes Double Fusion Skin & Coat Cat Food – Ocean Fish Recipe, High-Protein, Freeze-Dried Raw Toppings, Omega-Rich for Healthy Skin & Fur, No by-Products, Minimally Processed, 4lb",022517445389,Catit,food,26.19
9219,"Catit Recipes Double Fusion Weight Control Cat Food – Chicken Recipe, High-Protein, Freeze-Dried Raw Toppings, No by-Products, Minimally Processed, Balanced Nutrition, 10 lb",022517445341,Catit,catFood,26.19
9217,"Catit Recipes Indoor Chicken Entrée – High-Protein Wet Cat Food with L-Carnitine, Bone Broth for Hydration, Omega-3 for Skin & Coat, and Prebiotics & Postbiotics for Gut Health 3oz",022517450055,Catit,food,1.49
9213,"Catit Recipes Indoor Chicken Entrée – High-Protein Wet Cat Food with L-Carnitine, Bone Broth for Hydration, Omega-3 for Skin & Coat, and Prebiotics & Postbiotics for Gut Health 5.5oz",022517450062,Catit,food,2.59
9215,"Catit Recipes Kitten Chicken Entrée – High-Protein Wet Food for Kittens with DHA for Development, Bone Broth Hydration, Prebiotics & Postbiotics for Gut Health, Taurine for Support 3oz",022517450017,Catit,food,1.49
9212,"Catit Recipes Skin & Coat Chicken & Seafood Entrée – High-Protein Wet Cat Food with Tuna, Salmon, Mackerel & Chicken, Omega-3 for Skin & Coat, Prebiotics, Hydrating Bone Broth, Taurine 5.5oz",022517450161,Catit,food,2.59
9209,Catit Recipes Weight Control Chicken Entrée in Bone Broth for Adult Cats 5.5oz,022517450147,Catit,food,2.59
9216,"Catit Recipes Weight Control Chicken Entrée – Low-Fat, High-Protein Wet Cat Food, L-Carnitine, Prebiotics, Omega-3 for Skin & Coat, Hydrating Bone Broth, 100% Balanced Meal 3oz",022517450130,Catit,food,1.49
6033,Catit Red Medium,022517413838,Catit,dogCages,51.29
6032,Catit Red Small,022517413807,Catit,dogCages,42.59
6029,Catit S Grey,022517413821,Catit,dogCages,37.09
2161,Catit Salmon 50pk,022517444375,Catit,catTreats,30.59
2325,Catit Small Litter Mat,022517443651,Catit,accessories,13.09
2349,Catit Smartsift Litter Box,022517506851,Catit,accessories,108.99
2339,Catit Smartsift Replacement Liners,022517505403,Catit,accessories,7.69
2275,Catit Spinning Bee,022517431658,Catit,accessories,32.69
2340,Catit Style Litter Scoop,022517505793,Catit,accessories,4.39
2159,Catit Tuna 50 Pack,022517444382,Catit,catTreats,30.59
2276,Catit Vesper Tunnel,022517419953,Catit,accessories,38.19
6828,Catit White Fish 2.8oz,022517447147,Catit,accessories,1.99
2358,Catit Wood Unscented Litter,022517441497,Catit,accessories,32.69
2326,Large Litter Mat,022517443668,Catit,accessories,15.29
1092,Smart Play Tower,080605810235,Catit,birdSupplies,26.19
2100,Catstages Easylife Hammock,871864007104,Catstages,accessories,27.29
4698,Charlee Bear Cheese & Egg 16oz,787108962903,Charlee Bear,dogTreats,8.79
7794,Charlee Bear Original Crunch Dog Treats Turkey Liver & Cranberries,787108963900,Charlee Bear,treats,9.89
7697,Chuckit Fetch Medley 3 Pack,029695470899,Chuckit,toys,27.29
7698,Chuckit Ultra Squeaker Ball Medium,029695520686,Chuckit,toys,10.89
2903,Chuckit Air Fetch Ball Small 2pk,029695319310,Chuckit!,toys,15.29
2905,Chuckit Air Fetchball Medium 2pk,029695321412,Chuckit!,toys,17.49
2897,Chuckit Fetch & Fold 25m Launch,029695507397,Chuckit!,toys,20.79
2911,Chuckit Fetch Imm 3pk Medium,029695330728,Chuckit!,toys,32.69
2895,Chuckit Launcher Junior 18m,660048061007,Chuckit!,toys,15.29
2901,Chuckit Max Glow Large,029695323140,Chuckit!,toys,14.19
2900,Chuckit Max Glow Medium,029695323133,Chuckit!,toys,10.89
2899,Chuckit Max Glow Small,029695323126,Chuckit!,toys,8.79
2908,Chuckit Rugged Flyer Medium,029695313424,Chuckit!,toys,19.69
2896,Chuckit Sport 14s,660048069003,Chuckit!,toys,13.09
2910,Chuckit Tennis Ball 2pk Medium,660048074021,Chuckit!,toys,6.59
2909,Chuckit Tennis Ball Large,660048000426,Chuckit!,toys,7.69
2906,Chuckit Ultra Ball Medium,660048001683,Chuckit!,toys,9.89
2904,Chuckit Ultra Squekball Medium,029695520686,Chuckit!,toys,9.89
2902,Chuckit Ultra Tumbler,029695331176,Chuckit!,toys,15.29
2894,Chuckit Ultralinks,029695323560,Chuckit!,toys,19.69
2907,Chuckit Whistle Flight,029695322228,Chuckit!,toys,25.09
2898,Chuckt Fetchball 2pk,660048194002,Chuckit!,toys,15.29
2564,"Circle Black04"" Leash",076484114403,Circle,leashesAndCollars,24.89
2567,Circle Tan04' Leash,076484114441,Circle,leashesAndCollars,34.19
2574,"Circle 10"" Black 1703k Collar",076484514678,Circle T,leashesAndCollars,18.89
2547,"Circle 10"" Red 1103 Collar",076484103513,Circle T,leashesAndCollars,9.49
2539,"Circle 10"" Tan 1103 Collar",076484103544,Circle T,leashesAndCollars,9.49
2540,"Circle 12"" Tan 1103 Collar",076484103742,Circle T,leashesAndCollars,9.49
2572,"Circle 14"" Bro 1786s Collar",076484178603,Circle T,leashesAndCollars,30.49
2548,"Circle 14"" Red 1105 Collar",076484115547,Circle T,leashesAndCollars,16.49
2541,"Circle 14"" Tan 1105 Collar",076484115561,Circle T,leashesAndCollars,16.49
2569,"Circle 14""btl 1786s Collar",076484178610,Circle T,leashesAndCollars,30.49
2533,"Circle 14""tcr1786s Collar",076484178627,Circle T,leashesAndCollars,30.49
2570,"Circle 16"" Btl 1786s Collar",076484178658,Circle T,leashesAndCollars,31.99
2542,"Circle 16"" Tan 1105 Collar",076484115578,Circle T,leashesAndCollars,16.49
2571,"Circle 16""bro 1786s Collar",076484178641,Circle T,leashesAndCollars,27.99
2534,"Circle 16""tcr1786s Collar",076484178665,Circle T,leashesAndCollars,30.49
2549,"Circle 18"" Red 1106 Collar",076484104312,Circle T,leashesAndCollars,18.49
2543,"Circle 18"" Tan 1106 Collar",076484104343,Circle T,leashesAndCollars,18.49
2575,"Circle 18"" Tan 1206 Collar",076484108341,Circle T,leashesAndCollars,30.19
2537,"Circle 18""tan 1106 Collar",076484104343,Circle T,leashesAndCollars,18.49
2582,"Circle 20"" Black 1206 Collar",076484108501,Circle T,leashesAndCollars,30.19
2573,"Circle 20"" Bro 1788s Collar",076484178801,Circle T,leashesAndCollars,39.69
2580,"Circle 20"" Btl 1788s Collar",076484178818,Circle T,leashesAndCollars,39.69
2550,"Circle 20"" Red 1106 Collar",076484104510,Circle T,leashesAndCollars,18.49
2577,"Circle 20"" Red 1206 Collar",076484104510,Circle T,leashesAndCollars,30.19
2544,"Circle 20"" Tan 1106 Collar",076484104541,Circle T,leashesAndCollars,18.49
2568,"Circle 20""btl 1788s Collar",076484178818,Circle T,leashesAndCollars,39.69
2579,"Circle 22"" Black 1208 Collar",076484108709,Circle T,leashesAndCollars,35.99
2551,"Circle 22"" Red 1108 Collar",076484104718,Circle T,leashesAndCollars,26.79
2545,"Circle 22"" Tan 1108 Collar",076484104718,Circle T,leashesAndCollars,26.79
2581,"Circle 24"" Black 1208 Collar",076484108907,Circle T,leashesAndCollars,34.29
2578,"Circle 24"" Red 1208 Collar",076484108914,Circle T,leashesAndCollars,34.29
2546,"Circle 24"" Tan 1108 Collar",076484104947,Circle T,leashesAndCollars,26.79
2576,"Circle 24""tan 1208 Collar",076484108945,Circle T,leashesAndCollars,32.99
2563,"Circle Black04"" Leash",076484823084,Circle T,leashesAndCollars,38.19
2562,"Circle Black06"" Leash",076484823084,Circle T,leashesAndCollars,50.09
2557,"Circle Black12"" Collar",076484210204,Circle T,leashesAndCollars,9.49
2558,"Circle Black14"" Collar",076484115509,Circle T,leashesAndCollars,16.49
2560,"Circle Black18"" Collar",076484104305,Circle T,leashesAndCollars,17.59
2559,"Circle Black22"" Collar",076484104701,Circle T,leashesAndCollars,26.79
2561,"Circle Black24"" Collar",076484104909,Circle T,leashesAndCollars,26.79
2565,"Circle Brk04"" Leash",076484348006,Circle T,leashesAndCollars,41.39
2553,"Circle Lat16"" Collar",076484210204,Circle T,leashesAndCollars,15.19
2554,"Circle Lat18"" Collar",076484118401,Circle T,leashesAndCollars,17.79
2555,"Circle Lat22"" Collar",076484118524,Circle T,leashesAndCollars,24.39
2556,"Circle Lat24"" Collar",076484118548,Circle T,leashesAndCollars,24.39
2552,"Circle Red24"" Collar",076484104916,Circle T,leashesAndCollars,26.79
2566,Circle Tan04' Leash,076484114847,Circle T,leashesAndCollars,24.89
1064,Happybeaks Rotating Circle,644472016338,Circle T,birdSupplies,16.39
9038,"Cirlce 16""tnv 1786s Collar",076484178672,Coastal,leashesAndCollars,30.49
9037,"Cirlce 20"" Tnv 1789s Collar",076484178832,Coastal,leashesAndCollars,41.69
9039,"Cirlce 20""tcr 1786s Collar",76484178825,Coastal,leashesAndCollars,41.69
8224,Class Cab Sweater Pink Extra Small,,Coastal,accessories,14.19
8491,Coasta; Pkb6' 406 Leash,076484406034,Coastal,leashesAndCollars,10.49
9154,Coastal 10' Big Dog Tie Out,076484082405,Coastal,accessories,16.39
9155,Coastal 15' Big Dog Tie Out,076484082504,Coastal,accessories,18.39
9022,Coastal 6' Aliens 469 Leash,076484065651,Coastal,leashesAndCollars,19.09
9021,Coastal 6' Aliens 969 Leash,076484969065,Coastal,leashesAndCollars,22.39
9024,Coastal 6' Dinosaurs 469 Leash,076484994678,Coastal,leashesAndCollars,19.09
9023,Coastal 6' Dinosaurs 969 Leash,076484969027,Coastal,leashesAndCollars,22.39
9020,Coastal 6' Frosted Donuts 469 Leash,076484965644,Coastal,leashesAndCollars,19.09
9019,Coastal 6' Frosted Donuts 969 Leash,076484969003,Coastal,leashesAndCollars,22.39
9016,Coastal 6' Llamas 469 Leash,076484693939,Coastal,leashesAndCollars,19.09
9015,Coastal 6' Llamas 969 Leash,076484009754,Coastal,leashesAndCollars,22.39
9014,Coastal 6' Pineapples 469 Leash,76484994654,Coastal,leashesAndCollars,19.09
9013,Coastal 6' Pineapples 969 Leash,076484969027,Coastal,leashesAndCollars,22.39
9018,Coastal 6' Unicorns 469 Leash,076484994647,Coastal,leashesAndCollars,19.09
9017,Coastal 6' Unicorns 969 Leash,076484969027,Coastal,leashesAndCollars,22.39
9146,Coastal Auto Tether,076484986000,Coastal,accessories,22.79
8860,Coastal Autumn06' 12626 Leash,076484262296,Coastal,leashesAndCollars,19.29
8854,"Coastal Autumn12"" Collar",076484262432,Coastal,leashesAndCollars,10.89
8853,"Coastal Autumn14"" Collar",076484614224,Coastal,leashesAndCollars,12.29
8847,"Coastal Autumn20"" Collar",,Coastal,leashesAndCollars,13.69
8848,"Coastal Autumn26"" Collar",076484129100,Coastal,leashesAndCollars,14.99
8861,Coastal Autumn6' 12926 Leash,,Coastal,leashesAndCollars,23.49
9152,Coastal Black 10' Cotton Train Leash,076484042119,Coastal,leashesAndCollars,18.59
9151,Coastal Black 15' Cotton Train Leash,076484043079,Coastal,leashesAndCollars,23.89
9149,Coastal Black 20' Cotton Train Leash,076484043277,Coastal,leashesAndCollars,29.49
9148,Coastal Black 30' Cotton Train Leash,076484948293,Coastal,leashesAndCollars,40.99
8679,Coastal Black Extra Small Harness,076484663918,Coastal,leashesAndCollars,35.49
8624,Coastal Black Large Harness,076484663949,Coastal,leashesAndCollars,45.29
8583,Coastal Black Large Pwrwalker,076484088049,Coastal,leashesAndCollars,49.09
8643,Coastal Black Medium Harness,076484890536,Coastal,leashesAndCollars,42.99
8584,Coastal Black Medium Pwrwalker,,Coastal,leashesAndCollars,44.69
8662,Coastal Black Small Harness,076484663918,Coastal,leashesAndCollars,34.59
8585,Coastal Black Small Pwrwalker,076484648274,Coastal,leashesAndCollars,40.39
8737,Coastal Black White Stripe 06' Leash,,Coastal,leashesAndCollars,20.89
8726,"Coastal Black White Stripe 12"" Collar",076484129117,Coastal,leashesAndCollars,10.89
8725,"Coastal Black White Stripe 18"" Collar",076484166686,Coastal,leashesAndCollars,12.89
8719,"Coastal Black White Stripe 26"" Collar",,Coastal,leashesAndCollars,17.89
8710,Coastal Black White Stripe Extra Extra Small Harness,076484663918,Coastal,leashesAndCollars,25.29
8709,Coastal Black White Stripe Extra Small Harness,076484663918,Coastal,leashesAndCollars,25.29
8707,Coastal Black White Stripe Medium Harness,076484088018,Coastal,leashesAndCollars,34.29
8708,Coastal Black White Stripe Small Harness,076484663918,Coastal,leashesAndCollars,34.29
8424,Coastal Black04' 2904 Leash,076484780400,Coastal,leashesAndCollars,21.79
8418,Coastal Black04' 404 Leash,076484040409,Coastal,leashesAndCollars,8.79
8420,Coastal Black04' 604 Leash,076484060409,Coastal,leashesAndCollars,9.89
8423,Coastal Black06' 2906 Leash,076484090609,Coastal,leashesAndCollars,25.79
8419,Coastal Black06' 406 Leash,076484040606,Coastal,leashesAndCollars,10.49
8417,Coastal Black06' 606 Leash,015561237802,Coastal,leashesAndCollars,11.59
8421,Coastal Black06' 606 Leash,076484044205,Coastal,leashesAndCollars,11.59
8422,Coastal Black06' 906 Leash,076484090609,Coastal,leashesAndCollars,20.09
8396,"Coastal Black10"" 301 Collar",076484008368,Coastal,leashesAndCollars,4.29
8265,"Coastal Black12"" 2912 Leash",076484670381,Coastal,leashesAndCollars,13.29
8397,"Coastal Black12"" 301 Collar",076484008368,Coastal,leashesAndCollars,5.19
8399,"Coastal Black12"" 401 Collar",076484670251,Coastal,leashesAndCollars,6.19
8398,"Coastal Black12"" Buck Collar",076484269387,Coastal,leashesAndCollars,7.69
8277,"Coastal Black12"" Security Collar",076484693526,Coastal,leashesAndCollars,10.69
8400,"Coastal Black14"" 401 Collar",076484401367,Coastal,leashesAndCollars,6.19
8395,"Coastal Black14"" 4201 Collar",076484302459,Coastal,leashesAndCollars,12.69
8402,"Coastal Black14"" Buck Collar",076484086304,Coastal,leashesAndCollars,8.79
8403,"Coastal Black14"" Martingale Collar",076484088704,Coastal,leashesAndCollars,15.29
8278,"Coastal Black14"" Security Collar",076484981258,Coastal,leashesAndCollars,11.29
8401,"Coastal Black16"" 401 Collar",076484322242,Coastal,leashesAndCollars,6.19
8404,"Coastal Black16"" 601 Collar",076484043307,Coastal,leashesAndCollars,6.49
8535,Coastal Black18 Harness,076484266126,Coastal,leashesAndCollars,15.39
8268,"Coastal Black18"" 2918 Leash",,Coastal,leashesAndCollars,15.19
8405,"Coastal Black18"" 601 Collar",076484043505,Coastal,leashesAndCollars,6.49
8408,"Coastal Black18"" 901 Collar",076484012907,Coastal,leashesAndCollars,10.39
8412,"Coastal Black20"" 2901 Collar",076484290107,Coastal,leashesAndCollars,13.09
8409,"Coastal Black20"" 901 Collar",076484012914,Coastal,leashesAndCollars,10.39
8410,"Coastal Black20"" Buck Collar",076484086328,Coastal,leashesAndCollars,11.59
8406,"Coastal Black20"" Buck Collar",076484693526,Coastal,leashesAndCollars,9.49
8251,"Coastal Black20"" Leash",076484622601,Coastal,leashesAndCollars,27.69
8411,"Coastal Black20"" Martingale Collar",076484088728,Coastal,leashesAndCollars,19.89
8407,"Coastal Black20"" Martingale Collar",076484697104,Coastal,leashesAndCollars,17.59
8413,"Coastal Black22"" 2901 Collar",076484166648,Coastal,leashesAndCollars,13.09
8524,Coastal Black24 Harness,076484069352,Coastal,leashesAndCollars,17.09
8258,"Coastal Black24"" Coupler",7648406296,Coastal,leashesAndCollars,11.29
8414,"Coastal Black26"" 2901 Collar",076484369834,Coastal,leashesAndCollars,10.09
8415,"Coastal Black26"" Buck Collar",076484697005,Coastal,leashesAndCollars,14.69
8416,"Coastal Black26"" Martingale Collar",076484088735,Coastal,leashesAndCollars,20.69
8506,Coastal Black38 Harness,076484906953,Coastal,leashesAndCollars,28.89
8256,"Coastal Blu24"" Coupler",076484630323,Coastal,leashes,12.99
8462,"Coastal Blue 10"" 301 Collar",076484301025,Coastal,leashesAndCollars,5.19
8463,"Coastal Blue 12"" 301 Collar",076484619021,Coastal,leashesAndCollars,4.19
8464,"Coastal Blue 12"" 401 Collar",076484633119,Coastal,leashesAndCollars,6.19
8461,"Coastal Blue 12"" Buck Collar",076484467394,Coastal,leashesAndCollars,7.69
8465,"Coastal Blue 14"" 401 Collar",076484401350,Coastal,leashesAndCollars,6.19
8473,"Coastal Blue 14"" Buck Collar",076484085604,Coastal,leashesAndCollars,8.79
8476,"Coastal Blue 14"" Martingale Collar",076484668302,Coastal,leashesAndCollars,15.29
8466,"Coastal Blue 16"" 401 Collar",076484401367,Coastal,leashesAndCollars,6.19
8534,Coastal Blue 18 Harness,076484564529,Coastal,leashesAndCollars,14.19
8484,"Coastal Blue 18"" 2901 Collar",076484012907,Coastal,leashesAndCollars,13.09
8485,"Coastal Blue 20"" 2901 Collar",076484290138,Coastal,leashesAndCollars,13.09
8474,"Coastal Blue 20"" Buck Collar",076484085628,Coastal,leashesAndCollars,8.59
8477,"Coastal Blue 20"" Martingale Collar",076484698309,Coastal,leashesAndCollars,17.59
8486,"Coastal Blue 22"" 2901 Collar",076484290121,Coastal,leashesAndCollars,12.49
8522,Coastal Blue 24 Harness,076484633607,Coastal,leashesAndCollars,17.09
8487,"Coastal Blue 24"" 2901 Collar",076484290114,Coastal,leashesAndCollars,10.59
8488,"Coastal Blue 26"" 2901 Collar",076484648014,Coastal,leashesAndCollars,13.09
8475,"Coastal Blue 26"" Buck Collar",076484085635,Coastal,leashesAndCollars,10.19
8478,"Coastal Blue 26"" Martingale Collar",076484088063,Coastal,leashesAndCollars,19.69
8517,Coastal Blue 30 Harness,076484044045,Coastal,leashesAndCollars,20.89
8508,Coastal Blue 38 Harness,076484630873,Coastal,leashesAndCollars,28.89
8494,Coastal Blue 4' 304 Leash,076484030409,Coastal,leashesAndCollars,6.69
8495,Coastal Blue 4' 404 Leash,076484404115,Coastal,leashesAndCollars,8.79
8497,Coastal Blue 6' 2904 Leash,076484290409,Coastal,leashesAndCollars,21.79
8498,Coastal Blue 6' 2906 Leash,076484471087,Coastal,leashesAndCollars,25.79
8496,Coastal Blue 6' 406 Leash,076484040606,Coastal,leashesAndCollars,10.49
8840,"Coastal Blue Bone18"" Harness",076484401336,Coastal,leashesAndCollars,15.59
8691,Coastal Blue Extra Extra Small Harness,076484664908,Coastal,leashesAndCollars,13.09
8628,Coastal Blue Extra Large Harness,076484664960,Coastal,leashesAndCollars,46.49
8680,Coastal Blue Extra Small Harness,076484664908,Coastal,leashesAndCollars,35.99
8582,Coastal Blue Extra Small Pwrwalker,076484630842,Coastal,leashesAndCollars,33.79
8692,Coastal Blue Large Harness,076484946608,Coastal,leashesAndCollars,45.89
8579,Coastal Blue Large Pwrwalker,076484088063,Coastal,leashesAndCollars,49.09
8654,Coastal Blue Medium Harness,076484088032,Coastal,leashesAndCollars,37.09
8580,Coastal Blue Medium Pwrwalker,076484564529,Coastal,leashesAndCollars,44.69
8673,Coastal Blue Small Harness,076484062049,Coastal,leashesAndCollars,22.89
8581,Coastal Blue Small Pwrwalker,076484668302,Coastal,leashesAndCollars,39.29
8335,Coastal Blue04' 2904 Leash,076484290416,Coastal,leashesAndCollars,21.79
8329,Coastal Blue04' 404 Leash,,Coastal,leashesAndCollars,8.79
8331,Coastal Blue04' 604 Leash,076484044366,Coastal,leashesAndCollars,9.89
8333,Coastal Blue04' 904 Leash,,Coastal,leashesAndCollars,17.29
8336,Coastal Blue06' 2906 Leash,076484807761,Coastal,leashesAndCollars,25.79
8330,Coastal Blue06' 406 Leash,076484040606,Coastal,leashesAndCollars,10.49
8332,Coastal Blue06' 606 Leash,,Coastal,leashesAndCollars,10.89
8334,Coastal Blue06' 906 Leash,,Coastal,leashesAndCollars,20.09
8316,"Coastal Blue10"" 301 Collar",076484850202,Coastal,leashesAndCollars,5.19
8263,"Coastal Blue12"" 2912 Leash",076484067860,Coastal,leashesAndCollars,13.29
8317,"Coastal Blue12"" 301 Collar",,Coastal,leashesAndCollars,5.19
8318,"Coastal Blue12"" 401 Collar",076484677519,Coastal,leashesAndCollars,6.19
8314,"Coastal Blue12"" Buc Collar",076484693526,Coastal,leashesAndCollars,7.69
8319,"Coastal Blue14"" 401 Collar",076484034558,Coastal,leashesAndCollars,6.19
8315,"Coastal Blue14"" 4201 Collar",076484693526,Coastal,leashesAndCollars,12.69
8321,"Coastal Blue14"" Buc Collar",076484693526,Coastal,leashesAndCollars,8.39
8322,"Coastal Blue14"" Mbuc Collar",076484693526,Coastal,leashesAndCollars,15.29
8320,"Coastal Blue16"" 401 Collar",,Coastal,leashesAndCollars,6.19
8323,"Coastal Blue16"" 601 Collar",076484043307,Coastal,leashesAndCollars,6.79
8279,"Coastal Blue16"" Training Collar",076484043345,Coastal,leashesAndCollars,15.89
8537,Coastal Blue18 Harness,076484688331,Coastal,leashesAndCollars,15.69
8266,"Coastal Blue18"" 2918 Leash",,Coastal,leashesAndCollars,15.19
8324,"Coastal Blue18"" 601 Collar",076484043505,Coastal,leashesAndCollars,6.79
8326,"Coastal Blue18"" 901 Collar",076484012907,Coastal,leashesAndCollars,10.39
8325,"Coastal Blue20"" Mbuc Collar",076484693526,Coastal,leashesAndCollars,16.69
8280,"Coastal Blue22"" Training Collar",076484560040,Coastal,leashesAndCollars,18.29
8525,Coastal Blue24 Harness,076484668036,Coastal,leashesAndCollars,17.09
8269,"Coastal Blue24"" 2924 Leash",,Coastal,leashesAndCollars,15.99
8260,"Coastal Blue24"" Coupler",076484630323,Coastal,leashesAndCollars,12.39
8327,"Coastal Blue26"" Buc Collar",076484954177,Coastal,leashesAndCollars,13.09
8328,"Coastal Blue26"" Mbuc Collar",076484706569,Coastal,leashesAndCollars,20.69
8512,Coastal Blue30 Harness,076484634598,Coastal,leashesAndCollars,19.69
8262,"Coastal Blue36"" Coupler",076484609345,Coastal,leashesAndCollars,16.79
8651,Coastal Blue3xs Harness,,Coastal,leashesAndCollars,12.79
8641,Coastal Bluemed Harness,076484763403,Coastal,leashesAndCollars,42.99
8661,Coastal Bluesml Harness,076484763403,Coastal,leashesAndCollars,35.49
8671,Coastal Bluxsm Harness,076484763403,Coastal,leashesAndCollars,20.79
8618,Coastal Bzs06' Leash,009631609627,Coastal,leashesAndCollars,18.29
8619,Coastal Bzs06' Leash,,Coastal,leashesAndCollars,24.19
8608,"Coastal Bzs12"" Collar",076484850219,Coastal,leashesAndCollars,11.99
8609,"Coastal Bzs14"" Collar",076484954078,Coastal,leashesAndCollars,11.99
8598,"Coastal Bzs20"" Collar",076484954108,Coastal,leashesAndCollars,15.09
8599,"Coastal Bzs26"" Collar",076484761058,Coastal,leashesAndCollars,15.09
9066,"Coastal CC Butterfly 12""",076484269349,Coastal,leashes,9.09
9095,"Coastal CC Green 12""",076484321627,Coastal,leashes,9.29
9100,"Coastal CC Pink 12""",076484266508,Coastal,leashes,9.49
8832,Coastal Cam06 Leash,076484954207,Coastal,leashesAndCollars,27.19
9049,Coastal Cat Soft Mesh Harness Black,076484706670,Coastal,leashesAndCollars,12.39
9050,Coastal Cat Soft Mesh Harness Blue,076484029752,Coastal,leashesAndCollars,12.39
9051,Coastal Cat Soft Mesh Harness Pink,076484630330,Coastal,leashesAndCollars,12.39
9048,Coastal Cat Soft Mesh Harness Red,076484630347,Coastal,leashesAndCollars,12.39
9053,Coastal Charm Black18,076484166686,Coastal,leashesAndCollars,12.69
9057,Coastal Charm Blue18,076484630323,Coastal,leashesAndCollars,12.69
9060,Coastal Charm Combo Black Extra Small,7648406370,Coastal,leashesAndCollars,19.69
9058,Coastal Charm Combo Blue Extra Small,076484087943,Coastal,leashesAndCollars,19.69
9059,Coastal Charm Combo Pink Blue Extra Small,,Coastal,leashesAndCollars,19.69
9052,Coastal Charm Combo Red Extra Small,076484087875,Coastal,leashesAndCollars,17.69
9054,Coastal Charm Npk18,076484063442,Coastal,leashesAndCollars,12.69
9055,Coastal Charm Red18,076484063466,Coastal,leashesAndCollars,12.69
9056,Coastal Charm Red18 Com,076484003486,Coastal,leashesAndCollars,20.29
9062,Coastal Charm Skz18,076484634628,Coastal,leashesAndCollars,26.79
9063,Coastal Charm Sob18,076484763403,Coastal,leashesAndCollars,26.79
9061,Coastal Charm Tig18,076484634703,Coastal,leashesAndCollars,26.79
8223,"Coastal Collar BTD12""",076484632648,Coastal,leashesAndCollars,7.69
8890,"Coastal Collar Biothane Blue14""",076484693526,Coastal,leashesAndCollars,15.89
8899,"Coastal Collar Biothane Blue24""",076484693526,Coastal,leashesAndCollars,21.09
8892,"Coastal Collar Biothane Green14""",076484693526,Coastal,leashesAndCollars,16.79
8897,"Coastal Collar Biothane Green21""",076484693526,Coastal,leashesAndCollars,19.69
8898,"Coastal Collar Biothane Green24""",076484693526,Coastal,leashesAndCollars,18.59
8891,"Coastal Collar Biothane Org14""",076484693526,Coastal,leashesAndCollars,17.99
8894,"Coastal Collar Biothane Red24""",076484147128,Coastal,leashesAndCollars,19.69
8893,"Coastal Collar Biothane Ylw14""",076484769764,Coastal,leashesAndCollars,17.99
8896,"Coastal Collar Biothane Ylw21""",076484640100,Coastal,leashesAndCollars,21.09
8895,"Coastal Collar Biothane Ylw24""",076484693526,Coastal,leashesAndCollars,21.09
8974,"Coastal Collar Black Bones 12""""",076484551055,Coastal,leashesAndCollars,7.59
8990,"Coastal Collar Black Bones 20""""",076484166662,Coastal,leashesAndCollars,10.89
8991,"Coastal Collar Black Bones 26""""",076484166686,Coastal,leashesAndCollars,12.89
9083,"Coastal Collar Black Skulls 12""",7648439703,Coastal,leashesAndCollars,9.09
8977,"Coastal Collar Black Skulls 12""""",076484397035,Coastal,leashesAndCollars,7.59
8978,"Coastal Collar Black Skulls 14""""",076484397103,Coastal,leashesAndCollars,8.89
8996,"Coastal Collar Black Skulls 20""""",076484188091,Coastal,leashesAndCollars,10.89
8997,"Coastal Collar Black Skulls 26""""",076484397172,Coastal,leashesAndCollars,12.89
9102,Coastal Collar Black12,076484670398,Coastal,leashesAndCollars,9.49
9094,Coastal Collar Blue 12,076484688300,Coastal,leashesAndCollars,9.49
9101,Coastal Collar Blue12,076484269370,Coastal,leashesAndCollars,9.49
8873,"Coastal Collar Bmb12""",,Coastal,leashesAndCollars,8.79
8882,"Coastal Collar Bmb18""",076484162558,Coastal,leashesAndCollars,12.49
8883,"Coastal Collar Bmb26""",076484954191,Coastal,leashesAndCollars,19.89
9117,Coastal Collar Bsr12,,Coastal,leashesAndCollars,7.99
8968,"Coastal Collar Btd14""",076484264221,Coastal,leashesAndCollars,8.89
8984,"Coastal Collar Btd20""",076484264245,Coastal,leashesAndCollars,10.89
8985,"Coastal Collar Btd26""",076484264269,Coastal,leashesAndCollars,12.89
9092,Coastal Collar Btr12,076484701610,Coastal,leashesAndCollars,9.09
9116,Coastal Collar Cmo12,076484262463,Coastal,leashesAndCollars,8.19
9108,Coastal Collar Csf12,,Coastal,leashesAndCollars,10.49
8966,"Coastal Collar Csr12""",076484632655,Coastal,leashesAndCollars,7.59
8967,"Coastal Collar Csr14""",076484264238,Coastal,leashesAndCollars,8.89
8982,"Coastal Collar Csr20""",076484264252,Coastal,leashesAndCollars,10.89
8983,"Coastal Collar Csr26""",076484264276,Coastal,leashesAndCollars,12.89
9071,Coastal Collar Dab12,,Coastal,leashesAndCollars,9.09
9120,Coastal Collar Dmb12,,Coastal,leashesAndCollars,10.39
9076,Coastal Collar Dpm12,076484954030,Coastal,leashesAndCollars,9.89
9072,Coastal Collar Fhb12,,Coastal,leashesAndCollars,9.09
9081,Coastal Collar Fsd12,,Coastal,leashesAndCollars,11.99
9126,Coastal Collar Gbf12,,Coastal,leashesAndCollars,11.99
9124,Coastal Collar Gbg12,,Coastal,leashesAndCollars,11.99
9122,Coastal Collar Gbt12,076484269394,Coastal,leashesAndCollars,11.99
9130,Coastal Collar Ggs12,076484301049,Coastal,leashesAndCollars,11.99
9128,Coastal Collar Gls12,,Coastal,leashesAndCollars,11.99
9123,Coastal Collar Goc12,,Coastal,leashesAndCollars,11.99
9127,Coastal Collar Gof12,,Coastal,leashesAndCollars,11.99
9125,Coastal Collar Gpl12,,Coastal,leashesAndCollars,11.99
9129,Coastal Collar Gpq12,,Coastal,leashesAndCollars,11.99
9097,Coastal Collar Green12,076484761072,Coastal,leashesAndCollars,9.49
9104,Coastal Collar Gsa12,,Coastal,leashesAndCollars,11.59
9112,Coastal Collar Gsw12,,Coastal,leashesAndCollars,11.99
9078,Coastal Collar Gxn12,076484647147,Coastal,leashesAndCollars,9.89
8877,"Coastal Collar Gxy12""",076484364631,Coastal,leashesAndCollars,8.79
8886,"Coastal Collar Gxy18""",,Coastal,leashesAndCollars,13.09
8887,"Coastal Collar Gxy26""",076484560019,Coastal,leashesAndCollars,19.89
9067,Coastal Collar Hph12,,Coastal,leashesAndCollars,9.09
8875,"Coastal Collar Hrw12""",076484266553,Coastal,leashesAndCollars,8.79
8885,"Coastal Collar Hrw18""",,Coastal,leashesAndCollars,13.09
8884,"Coastal Collar Hrw26""",076484994142,Coastal,leashesAndCollars,19.89
9070,Coastal Collar Ldb12,,Coastal,leashesAndCollars,9.09
9084,Coastal Collar Leb12,076484954023,Coastal,leashesAndCollars,9.09
8881,"Coastal Collar Lks12""",076484706590,Coastal,leashesAndCollars,8.79
8888,"Coastal Collar Lsk18""",,Coastal,leashesAndCollars,13.09
8889,"Coastal Collar Lsk26""",,Coastal,leashesAndCollars,19.89
8936,"Coastal Collar Lss18""",,Coastal,leashesAndCollars,19.49
8963,"Coastal Collar Lss26""",076484761027,Coastal,leashesAndCollars,27.99
9091,Coastal Collar Lts12,,Coastal,leashesAndCollars,9.09
9088,Coastal Collar Mch12,,Coastal,leashesAndCollars,8.79
9103,Coastal Collar Mgd12,,Coastal,leashesAndCollars,11.99
9069,Coastal Collar Mgn12,,Coastal,leashesAndCollars,9.09
9105,Coastal Collar Mpy12,,Coastal,leashesAndCollars,11.59
9109,Coastal Collar Mtm12,,Coastal,leashesAndCollars,11.99
8901,"Coastal Collar Nbp18""",076484730085,Coastal,leashesAndCollars,19.49
8900,"Coastal Collar Nbp26""",076484774119,Coastal,leashesAndCollars,27.99
8986,"Coastal Collar Nbp26""",076484149016,Coastal,leashesAndCollars,27.99
8979,"Coastal Collar Pbo12""",076484774010,Coastal,leashesAndCollars,7.59
8980,"Coastal Collar Pbo14""",076484774041,Coastal,leashesAndCollars,8.89
7676,"Coastal Collar Pbo20""",076484774072,Coastal,leashesAndCollars,11.99
8998,"Coastal Collar Pbo26""",076484774102,Coastal,leashesAndCollars,12.89
9082,Coastal Collar Pby08,,Coastal,leashesAndCollars,9.09
9089,Coastal Collar Pcg12,076484467448,Coastal,leashesAndCollars,9.09
9073,Coastal Collar Pcr12,076484401435,Coastal,leashesAndCollars,10.39
9090,Coastal Collar Pdt12,076484774027,Coastal,leashesAndCollars,8.79
8981,"Coastal Collar Pdt14""",076484774058,Coastal,leashesAndCollars,9.89
7682,Coastal Collar Pdt20,076484774089,Coastal,leashesAndCollars,11.99
8999,"Coastal Collar Pdt26""",076484774119,Coastal,leashesAndCollars,12.89
9121,Coastal Collar Pink 12,076484647147,Coastal,leashesAndCollars,10.39
8878,"Coastal Collar Pmf12""",,Coastal,leashesAndCollars,8.79
8879,"Coastal Collar Pmf18""",,Coastal,leashesAndCollars,13.09
8961,"Coastal Collar Ppa12""",,Coastal,leashesAndCollars,17.59
8935,"Coastal Collar Ppa18""",,Coastal,leashesAndCollars,19.49
8962,"Coastal Collar Ppa26""",,Coastal,leashesAndCollars,27.99
9114,Coastal Collar Prl12,076484067273,Coastal,leashesAndCollars,7.99
9075,Coastal Collar Ptr12,,Coastal,leashesAndCollars,9.89
9096,Coastal Collar Pur12,,Coastal,leashesAndCollars,9.49
9079,Coastal Collar Raf12,,Coastal,leashesAndCollars,9.89
8975,"Coastal Collar Red Bones 14""""",076484166655,Coastal,leashesAndCollars,8.89
8992,"Coastal Collar Red Bones 20""""",076484166679,Coastal,leashesAndCollars,10.89
8993,"Coastal Collar Red Bones 26""""",076484166693,Coastal,leashesAndCollars,12.89
9099,Coastal Collar Red12,076484761010,Coastal,leashesAndCollars,9.49
9113,Coastal Collar Rfl12,076484364655,Coastal,leashesAndCollars,7.99
8933,"Coastal Collar Rwp12""",,Coastal,leashesAndCollars,17.59
8934,"Coastal Collar Rwp18""",076484239519,Coastal,leashesAndCollars,19.49
9119,Coastal Collar Sbe12,,Coastal,leashesAndCollars,10.39
9074,Coastal Collar Scb12,076484262456,Coastal,leashesAndCollars,10.39
9106,Coastal Collar Shc12,076484067501,Coastal,leashesAndCollars,11.99
9077,Coastal Collar Shn12,,Coastal,leashesAndCollars,9.89
9098,Coastal Collar Slv12,,Coastal,leashesAndCollars,9.49
9080,Coastal Collar Smw12,,Coastal,leashesAndCollars,11.99
9118,Coastal Collar Sog12,076484301063,Coastal,leashesAndCollars,10.39
9068,Coastal Collar Sou12,076484148082,Coastal,leashesAndCollars,9.09
8976,"Coastal Collar Special Paws 12""""",076484551024,Coastal,leashesAndCollars,7.69
8994,"Coastal Collar Special Paws 20""""",076484184710,Coastal,leashesAndCollars,10.89
8995,"Coastal Collar Special Paws 26""""",076484184628,Coastal,leashesAndCollars,12.89
9115,Coastal Collar Ste12,076484693298,Coastal,leashesAndCollars,8.19
8972,"Coastal Collar Tdp12""",076484266515,Coastal,leashesAndCollars,7.59
9064,Coastal Collar Tig12,,Coastal,leashesAndCollars,9.09
8973,"Coastal Collar Tpd14""",076484648816,Coastal,leashesAndCollars,8.39
8988,"Coastal Collar Tpd20""",076484668210,Coastal,leashesAndCollars,10.89
8989,"Coastal Collar Tpd26""",076484698255,Coastal,leashesAndCollars,12.89
9107,Coastal Collar Tpe12,,Coastal,leashesAndCollars,11.99
8937,"Coastal Collar Tsa12""",,Coastal,leashesAndCollars,17.59
8964,"Coastal Collar Tsa26""",076484619014,Coastal,leashesAndCollars,27.99
9110,Coastal Collar Tzx12,,Coastal,leashesAndCollars,11.59
9065,Coastal Collar Uns12,,Coastal,leashesAndCollars,9.09
9087,Coastal Collar Wdf12,,Coastal,leashesAndCollars,8.79
8971,"Coastal Collar Wdf12""",076484321627,Coastal,leashesAndCollars,7.69
8902,"Coastal Collar Wdf12""",076484321627,Coastal,leashesAndCollars,7.69
8970,"Coastal Collar Wdf14""",076484421624,Coastal,leashesAndCollars,8.89
8969,"Coastal Collar Wdf20""",076484621628,Coastal,leashesAndCollars,10.89
8987,"Coastal Collar Wdf26""",076484921629,Coastal,leashesAndCollars,12.89
9093,Coastal Collar Wrp12,076484623530,Coastal,leashesAndCollars,9.09
8939,"Coastal Collar Ybc12""",076484647185,Coastal,leashesAndCollars,17.59
8938,"Coastal Collar Ybc18""",,Coastal,leashesAndCollars,19.49
8965,"Coastal Collar Ybc26""",076484619151,Coastal,leashesAndCollars,27.99
9086,Coastal Collar Zeb12,,Coastal,leashesAndCollars,9.09
9085,Coastal Collar Zpk12,,Coastal,leashesAndCollars,9.09
8960,"Coastal Collar lss26""",076484197307,Coastal,leashesAndCollars,27.99
8805,Coastal Crn06' Soy Leash,076484994647,Coastal,leashesAndCollars,16.89
8804,Coastal Crn06' Soy Leash,076484994647,Coastal,leashesAndCollars,27.79
8793,"Coastal Crn08"" Soy Collar",076484149054,Coastal,leashesAndCollars,8.29
8794,"Coastal Crn12"" Soy Collar",076484693526,Coastal,leashesAndCollars,10.29
8783,"Coastal Crn18"" Harness",076484630309,Coastal,leashesAndCollars,16.89
8795,"Coastal Crn18"" Soy Collar",076484144097,Coastal,leashesAndCollars,11.89
8784,"Coastal Crn24"" Harness",076484698330,Coastal,leashesAndCollars,25.39
8806,"Coastal Crn26"" Soy Collar",076484992261,Coastal,leashesAndCollars,15.69
8776,"Coastal Crn38"" Soy Harness",076484149450,Coastal,leashesAndCollars,39.19
8837,Coastal Ctn06 Leash,076484209819,Coastal,leashesAndCollars,18.09
8828,Coastal Ctn26 Collar,,Coastal,leashesAndCollars,12.99
8836,Coastal Cto06 Leash,076484046568,Coastal,leashesAndCollars,18.09
8820,Coastal Cto20 Collar,076484672279,Coastal,leashesAndCollars,11.69
8827,Coastal Cto26 Collar,076484146336,Coastal,leashesAndCollars,13.09
8218,Coastal Curved Firm Slicker Medium,076484946400,Coastal,healthcare,16.39
8763,Coastal Cyn06' Leash,076484209840,Coastal,leashesAndCollars,34.59
8762,Coastal Cyn06' Leash,009631609627,Coastal,leashesAndCollars,27.59
8752,"Coastal Cyn12"" Collar",,Coastal,leashesAndCollars,16.89
8753,"Coastal Cyn14"" Collar",076484954146,Coastal,leashesAndCollars,17.49
8742,"Coastal Cyn18"" Collar",076484369735,Coastal,leashesAndCollars,22.39
8675,"Coastal Cyn18"" Harness",076484648076,Coastal,leashesAndCollars,31.79
8660,Coastal Cyn24: Harness,076484266133,Coastal,leashesAndCollars,37.29
8743,"Coastal Cyn26"" Collar",076484994265,Coastal,leashesAndCollars,26.09
8638,Coastal Cyn30 Harness,076484265112,Coastal,leashesAndCollars,50.99
8622,"Coastal Cyn38"" Harness",076484664540,Coastal,leashesAndCollars,52.19
8600,"Coastal Dbm20"" Collar",076484761041,Coastal,leashesAndCollars,15.09
8767,Coastal Des06' Leash,076484079203,Coastal,leashesAndCollars,28.19
8766,Coastal Des06' Leash,009631609627,Coastal,leashesAndCollars,26.29
8756,"Coastal Des12"" Collar",076484266546,Coastal,leashesAndCollars,16.89
8757,"Coastal Des14"" Collar",,Coastal,leashesAndCollars,15.99
8746,"Coastal Des18"" Collar",,Coastal,leashesAndCollars,23.59
8676,"Coastal Des18"" Harness",076484064401,Coastal,leashesAndCollars,37.29
8747,"Coastal Des26"" Collar",,Coastal,leashesAndCollars,24.89
8621,Coastal Dgm06' Leash,076484209857,Coastal,leashesAndCollars,24.19
8620,Coastal Dgm06' Leash,009631609627,Coastal,leashesAndCollars,18.29
8610,"Coastal Dgm12"" Collar",,Coastal,leashesAndCollars,11.99
8611,"Coastal Dgm14"" Collar",,Coastal,leashesAndCollars,11.99
8601,"Coastal Dgm26"" Collar",,Coastal,leashesAndCollars,15.09
8173,Coastal Double-Ply Dog Collar,076484290916,Coastal,leashesAndCollars,14.19
8212,Coastal Double-Ply Dog Collar 02901 BLK18,076484063701,Coastal,leashesAndCollars,14.19
8204,Coastal Double-Ply Dog Collar 02901 BLK20,076484063909,Coastal,leashesAndCollars,14.19
8203,Coastal Double-Ply Dog Collar 02901 BLK22,076484064104,Coastal,leashesAndCollars,14.19
8202,Coastal Double-Ply Dog Collar 02901 BLK24,076484064302,Coastal,leashesAndCollars,14.19
8201,Coastal Double-Ply Dog Collar 02901 BLK26,076484064500,Coastal,leashesAndCollars,14.19
8164,Coastal Double-Ply Dog Collar 02901 BLL18,076484780165,Coastal,leashesAndCollars,14.19
8163,Coastal Double-Ply Dog Collar 02901 BLL20,076484780202,Coastal,leashesAndCollars,14.19
8162,Coastal Double-Ply Dog Collar 02901 BLL22,076484780240,Coastal,leashesAndCollars,14.19
8161,Coastal Double-Ply Dog Collar 02901 BLL24,076484780288,Coastal,leashesAndCollars,14.19
8210,Coastal Double-Ply Dog Collar 02901 BLU18,076484063725,Coastal,leashesAndCollars,14.19
8195,Coastal Double-Ply Dog Collar 02901 BLU18,076484063725,Coastal,leashesAndCollars,14.19
8194,Coastal Double-Ply Dog Collar 02901 BLU20,076484063923,Coastal,leashesAndCollars,14.19
8193,Coastal Double-Ply Dog Collar 02901 BLU22,076484064128,Coastal,leashesAndCollars,14.19
8192,Coastal Double-Ply Dog Collar 02901 BLU24,076484064326,Coastal,leashesAndCollars,14.19
8191,Coastal Double-Ply Dog Collar 02901 BLU26,076484064524,Coastal,leashesAndCollars,14.19
8179,Coastal Double-Ply Dog Collar 02901 HUN18,076484063886,Coastal,leashesAndCollars,14.19
8178,Coastal Double-Ply Dog Collar 02901 HUN20,076484064081,Coastal,leashesAndCollars,14.19
8177,Coastal Double-Ply Dog Collar 02901 HUN22,076484064289,Coastal,leashesAndCollars,14.19
8176,Coastal Double-Ply Dog Collar 02901 HUN24,076484064487,Coastal,leashesAndCollars,14.19
8175,Coastal Double-Ply Dog Collar 02901 HUN26,076484064685,Coastal,leashesAndCollars,14.19
8174,Coastal Double-Ply Dog Collar 02901 LIM18,076484290909,Coastal,leashesAndCollars,14.19
8172,Coastal Double-Ply Dog Collar 02901 LIM22,076484290923,Coastal,leashesAndCollars,14.19
8171,Coastal Double-Ply Dog Collar 02901 LIM24,076484290930,Coastal,leashesAndCollars,14.19
8170,Coastal Double-Ply Dog Collar 02901 LIM26,076484290947,Coastal,leashesAndCollars,14.19
8190,Coastal Double-Ply Dog Collar 02901 NPK18,076484063817,Coastal,leashesAndCollars,14.19
8189,Coastal Double-Ply Dog Collar 02901 NPK20,076484064012,Coastal,leashesAndCollars,14.19
8188,Coastal Double-Ply Dog Collar 02901 NPK22,076484064210,Coastal,leashesAndCollars,14.19
8187,Coastal Double-Ply Dog Collar 02901 NPK24,076484064418,Coastal,leashesAndCollars,14.19
8169,Coastal Double-Ply Dog Collar 02901 ORD18,076484290954,Coastal,leashesAndCollars,14.19
8168,Coastal Double-Ply Dog Collar 02901 ORD20,076484290961,Coastal,leashesAndCollars,14.19
8167,Coastal Double-Ply Dog Collar 02901 ORD22,076484290978,Coastal,leashesAndCollars,14.19
8166,Coastal Double-Ply Dog Collar 02901 ORD24,076484290985,Coastal,leashesAndCollars,14.19
8165,Coastal Double-Ply Dog Collar 02901 ORD26,076484290992,Coastal,leashesAndCollars,14.19
8213,Coastal Double-Ply Dog Collar 02901 PKB18,076484029035,Coastal,leashesAndCollars,14.19
8209,Coastal Double-Ply Dog Collar 02901 PKB20,076484029042,Coastal,leashesAndCollars,14.19
8208,Coastal Double-Ply Dog Collar 02901 PKB22,076484029059,Coastal,leashesAndCollars,14.19
8206,Coastal Double-Ply Dog Collar 02901 PKB24,076484029066,Coastal,leashesAndCollars,14.19
8207,Coastal Double-Ply Dog Collar 02901 PKB24,076484029066,Coastal,leashesAndCollars,14.19
8205,Coastal Double-Ply Dog Collar 02901 PKB26,076484029080,Coastal,leashesAndCollars,14.19
8160,Coastal Double-Ply Dog Collar 02901 PKF18,076484780189,Coastal,leashesAndCollars,14.19
8159,Coastal Double-Ply Dog Collar 02901 PKF20,076484780226,Coastal,leashesAndCollars,14.19
8158,Coastal Double-Ply Dog Collar 02901 PKF22,076484780264,Coastal,leashesAndCollars,14.19
8157,Coastal Double-Ply Dog Collar 02901 PKF24,076484780301,Coastal,leashesAndCollars,14.19
8156,Coastal Double-Ply Dog Collar 02901 PKF26,076484780349,Coastal,leashesAndCollars,14.19
8185,Coastal Double-Ply Dog Collar 02901 PUR18,076484063855,Coastal,leashesAndCollars,14.19
8183,Coastal Double-Ply Dog Collar 02901 PUR20,076484064050,Coastal,leashesAndCollars,14.19
8184,Coastal Double-Ply Dog Collar 02901 PUR20,076484064050,Coastal,leashesAndCollars,14.19
8182,Coastal Double-Ply Dog Collar 02901 PUR22,076484064258,Coastal,leashesAndCollars,14.19
8181,Coastal Double-Ply Dog Collar 02901 PUR24,076484064456,Coastal,leashesAndCollars,14.19
8180,Coastal Double-Ply Dog Collar 02901 PUR26,076484064654,Coastal,leashesAndCollars,14.19
8211,Coastal Double-Ply Dog Collar 02901 RED18,076484063718,Coastal,leashesAndCollars,14.19
8200,Coastal Double-Ply Dog Collar 02901 RED18,076484063718,Coastal,leashesAndCollars,14.19
8199,Coastal Double-Ply Dog Collar 02901 RED20,076484063916,Coastal,leashesAndCollars,14.19
8198,Coastal Double-Ply Dog Collar 02901 RED22,076484064111,Coastal,leashesAndCollars,14.19
8197,Coastal Double-Ply Dog Collar 02901 RED24,076484064319,Coastal,leashesAndCollars,14.19
8196,Coastal Double-Ply Dog Collar 02901 RED26,076484064517,Coastal,leashesAndCollars,14.19
8155,Coastal Double-Ply Dog Collar 02901 TEL18,076484901836,Coastal,leashesAndCollars,14.19
8154,Coastal Double-Ply Dog Collar 02901 TEL20,076484901843,Coastal,leashesAndCollars,14.19
8153,Coastal Double-Ply Dog Collar 02901 TEL22,076484901850,Coastal,leashesAndCollars,14.19
8152,Coastal Double-Ply Dog Collar 02901 TEL24,076484901867,Coastal,leashesAndCollars,14.19
8151,Coastal Double-Ply Dog Collar 02901 TEL26,076484901874,Coastal,leashesAndCollars,14.19
8186,Coastal Double-Ply Dog Collar0 2901 NPK26,076484064616,Coastal,leashesAndCollars,14.19
8144,Coastal Double-Ply Dog Leash 02904 BLK04,076484067303,Coastal,leashesAndCollars,22.89
8133,Coastal Double-Ply Dog Leash 02904 BLL04,076484780400,Coastal,leashesAndCollars,22.89
8140,Coastal Double-Ply Dog Leash 02904 BLU04,076484067327,Coastal,leashesAndCollars,22.89
8134,Coastal Double-Ply Dog Leash 02904 HUN04,076484067488,Coastal,leashesAndCollars,22.89
8148,Coastal Double-Ply Dog Leash 02904 LIM04,076484029448,Coastal,leashesAndCollars,22.89
8138,Coastal Double-Ply Dog Leash 02904 NPK04,076484067419,Coastal,leashesAndCollars,22.89
8146,Coastal Double-Ply Dog Leash 02904 ORD04,076484029462,Coastal,leashesAndCollars,22.89
8150,Coastal Double-Ply Dog Leash 02904 PKB04,076484002946,Coastal,leashesAndCollars,22.89
8131,Coastal Double-Ply Dog Leash 02904 PKF04,076484780424,Coastal,leashesAndCollars,22.89
8136,Coastal Double-Ply Dog Leash 02904 PUR04,076484067457,Coastal,leashesAndCollars,22.89
8142,Coastal Double-Ply Dog Leash 02904 RED04,076484067310,Coastal,leashesAndCollars,22.89
8129,Coastal Double-Ply Dog Leash 02904 TEL04,076484901881,Coastal,leashesAndCollars,22.89
8143,Coastal Double-Ply Dog Leash 02906 BLK06,076484068706,Coastal,leashesAndCollars,27.29
8132,Coastal Double-Ply Dog Leash 02906 BLL06,076484780448,Coastal,leashesAndCollars,27.29
8139,Coastal Double-Ply Dog Leash 02906 BLU06,076484068720,Coastal,leashesAndCollars,27.29
8147,Coastal Double-Ply Dog Leash 02906 LIM06,076484029660,Coastal,leashesAndCollars,27.29
8137,Coastal Double-Ply Dog Leash 02906 NPK06,076484068867,Coastal,leashesAndCollars,27.29
8145,Coastal Double-Ply Dog Leash 02906 ORD06,076484029684,Coastal,leashesAndCollars,27.29
8149,Coastal Double-Ply Dog Leash 02906 PKB06,076484029103,Coastal,leashesAndCollars,27.29
8130,Coastal Double-Ply Dog Leash 02906 PKF06,076484780462,Coastal,leashesAndCollars,27.29
8135,Coastal Double-Ply Dog Leash 02906 PUR06,076484069420,Coastal,leashesAndCollars,27.29
8141,Coastal Double-Ply Dog Leash 02906 RED06,076484068713,Coastal,leashesAndCollars,27.29
8128,Coastal Double-Ply Dog Leash 02906 TEL06,076484901898,Coastal,leashesAndCollars,27.29
9156,Coastal Elevated Feeder,,Coastal,accessories,47.99
8285,Coastal Extra Link,076484630859,Coastal,leashesAndCollars,5.49
9010,Coastal Extra Small Aliens12 Collar,076484351024,Coastal,leashesAndCollars,8.39
9011,Coastal Extra Small Dinosaurs12 Collar,076484670282,Coastal,leashesAndCollars,8.39
9008,Coastal Extra Small Frosted Donuts12 Collar,076484148082,Coastal,leashesAndCollars,8.39
9004,Coastal Extra Small Llamas12 Collar,076484428432,Coastal,leashesAndCollars,8.39
9002,Coastal Extra Small Pineapples12 Collar,076484632648,Coastal,leashesAndCollars,8.39
9006,Coastal Extra Small Unicorns12 Collar,076484670213,Coastal,leashesAndCollars,8.19
8799,"Coastal Fsa06"" Soy Leash",076484994647,Coastal,leashesAndCollars,27.79
8798,Coastal Fsa06' Soy Leash,076484078465,Coastal,leashesAndCollars,16.89
8787,"Coastal Fsa08"" Soy Collar",076484693526,Coastal,leashesAndCollars,8.79
8788,"Coastal Fsa12"" Soy Collar",076484146015,Coastal,leashesAndCollars,10.29
8527,Coastal Fsa18 Harness,076484269158,Coastal,leashesAndCollars,16.89
8789,"Coastal Fsa18"" Soy Collar",076484693526,Coastal,leashesAndCollars,11.89
8779,"Coastal Fsa18"" Soy Harness",,Coastal,leashesAndCollars,16.89
8780,"Coastal Fsa24"" Soy Harness",,Coastal,leashesAndCollars,25.39
8802,"Coastal Fsa26"" Soy Collar",076484146336,Coastal,leashesAndCollars,14.99
8772,"Coastal Fsa38"" Soy Harness",008317859341,Coastal,leashesAndCollars,35.49
8855,Coastal Fwt06' 12926 Leash,076484129452,Coastal,leashesAndCollars,23.49
8849,"Coastal Fwt14"" Collar",076484262166,Coastal,leashesAndCollars,12.29
9111,Coastal Gks12,076484067082,Coastal,leashesAndCollars,11.99
8650,Coastal Gray Blue 3xs Harness,7648463801,Coastal,leashesAndCollars,13.89
8690,Coastal Gray Blue Extra Extra Small Harness,076484664908,Coastal,leashesAndCollars,14.29
8683,Coastal Gray Blue Extra Small Harness,076484664908,Coastal,leashesAndCollars,22.09
8646,Coastal Gray Blue Medium Harness,7648463801,Coastal,leashesAndCollars,38.69
8666,Coastal Gray Blue Small Harness,7648464805,Coastal,leashesAndCollars,20.89
8633,Coastal Gray Pink Extra Extra Small Harness,7648464864,Coastal,leashesAndCollars,14.29
8686,Coastal Gray Pink Extra Small Harness,076484630330,Coastal,leashesAndCollars,22.09
8631,Coastal Gray Pink Large Harness,076484630330,Coastal,leashesAndCollars,43.39
8649,Coastal Gray Pink Medium Hrnss,076484864843,Coastal,leashesAndCollars,38.69
8669,Coastal Gray Pink Small Harness,076484630330,Coastal,leashesAndCollars,24.79
8684,Coastal Gray Purple Extra Small Harness,7648464864,Coastal,leashesAndCollars,22.09
8629,Coastal Gray Purple Large Harness,7648469864,Coastal,leashesAndCollars,43.39
8647,Coastal Gray Purple Medium Harness,7648464864,Coastal,leashesAndCollars,38.69
8667,Coastal Gray Purple Small Harness,076484668319,Coastal,leashesAndCollars,24.99
8652,Coastal Gray Red 3xs Harness,076484003486,Coastal,leashesAndCollars,14.29
8634,Coastal Gray Red Extra Extra Small Harness,076484068423,Coastal,leashesAndCollars,14.29
8685,Coastal Gray Red Extra Small Harness,076484638657,Coastal,leashesAndCollars,22.09
8630,Coastal Gray Red Large Harness,076484003486,Coastal,leashesAndCollars,43.39
8648,Coastal Gray Red Medium Harness,076484003486,Coastal,leashesAndCollars,37.79
8668,Coastal Gray Red Small Harness,076484003486,Coastal,leashesAndCollars,24.99
8253,"Coastal Green30"" Leash",076484954245,Coastal,leashesAndCollars,37.69
8281,"Coastal Gry16"" Training Collar",076484693526,Coastal,leashesAndCollars,15.89
8282,"Coastal Gry22"" Training Collar",076484693526,Coastal,leashesAndCollars,18.29
8632,Coastal Gybxxs Harness,076484763403,Coastal,leashesAndCollars,14.29
9047,Coastal Harness/Leash Gray Small,076484807688,Coastal,leashesAndCollars,29.79
8365,Coastal Hunter04' 2904 Leash,,Coastal,leashesAndCollars,20.79
8359,Coastal Hunter04' 404 Leash,,Coastal,leashesAndCollars,8.79
8361,Coastal Hunter04' 604 Leash,,Coastal,leashesAndCollars,9.89
8363,Coastal Hunter04' 904 Leash,,Coastal,leashesAndCollars,14.79
8366,"Coastal Hunter06"" 2906 Leash",,Coastal,leashesAndCollars,25.79
8358,Coastal Hunter06' 306 Leash,,Coastal,leashesAndCollars,7.39
8360,Coastal Hunter06' 406 Leash,,Coastal,leashesAndCollars,9.99
8362,Coastal Hunter06' 606 Leash,,Coastal,leashesAndCollars,11.59
8364,Coastal Hunter06' 906 Leash,,Coastal,leashesAndCollars,20.09
8337,"Coastal Hunter10"" 301 Collar",,Coastal,leashesAndCollars,5.19
8338,"Coastal Hunter12"" 301 Collar",076484693526,Coastal,leashesAndCollars,4.39
8340,"Coastal Hunter12"" 401 Collar",076484693526,Coastal,leashesAndCollars,6.19
8339,"Coastal Hunter12"" Buc Collar",076484693526,Coastal,leashesAndCollars,7.69
8341,"Coastal Hunter14"" 401 Collar",076484693526,Coastal,leashesAndCollars,6.19
8343,"Coastal Hunter14"" Buc Collar",076484693526,Coastal,leashesAndCollars,8.79
8344,"Coastal Hunter14"" Mbuc Collar",076484693526,Coastal,leashesAndCollars,15.29
8342,"Coastal Hunter16"" 401 Collar",076484693526,Coastal,leashesAndCollars,4.99
8345,"Coastal Hunter16"" 601 Collar",076484043307,Coastal,leashesAndCollars,6.49
8532,Coastal Hunter18 Harness,076484269134,Coastal,leashesAndCollars,13.19
8346,"Coastal Hunter18"" 601 Collar",076484043505,Coastal,leashesAndCollars,5.69
8349,"Coastal Hunter18"" 901 Collar",076484012907,Coastal,leashesAndCollars,8.89
8355,"Coastal Hunter20"" 2901 Collar",076484012914,Coastal,leashesAndCollars,12.49
8347,"Coastal Hunter20"" Buc Collar",076484693526,Coastal,leashesAndCollars,9.99
8350,"Coastal Hunter20"" Buc Collar",076484693526,Coastal,leashesAndCollars,11.59
8351,"Coastal Hunter20"" Mbuc Collar",076484693526,Coastal,leashesAndCollars,19.89
8348,"Coastal Hunter20"" Mbuc Collar",076484693526,Coastal,leashesAndCollars,16.69
8354,"Coastal Hunter22"" 2901 Collar",076484693526,Coastal,leashesAndCollars,12.49
8519,Coastal Hunter24 Harness,076484648021,Coastal,leashesAndCollars,18.59
8352,"Coastal Hunter24"" 2901 Collar",076484693526,Coastal,leashesAndCollars,12.49
8353,"Coastal Hunter26"" 2901 Collar",076484693526,Coastal,leashesAndCollars,11.29
8356,"Coastal Hunter26"" Buck Collar",076484693526,Coastal,leashesAndCollars,11.59
8357,"Coastal Hunter26"" Martingale Collar",076484693526,Coastal,leashesAndCollars,19.69
8514,Coastal Hunter30 Harness,076484445613,Coastal,leashesAndCollars,21.39
8507,Coastal Hunter38 Harness,076484064579,Coastal,leashesAndCollars,28.89
8764,Coastal Lak06' Leash,076484264290,Coastal,leashesAndCollars,27.59
8659,"Coastal Lak24"" Harness",076484698033,Coastal,leashesAndCollars,37.29
8623,"Coastal Lak38"" Harness",076484364815,Coastal,leashesAndCollars,52.19
9033,Coastal Large Aliens26 Collar,076484693830,Coastal,leashesAndCollars,13.59
9035,Coastal Large Dinosaurs26 Collar,076484065637,Coastal,leashesAndCollars,13.59
9031,Coastal Large Frosted Donuts26 Collar,076484065637,Coastal,leashesAndCollars,13.59
9027,Coastal Large Llamas26 Collar,076484065637,Coastal,leashesAndCollars,13.59
9025,Coastal Large Pineapples26 Collar,076484065637,Coastal,leashesAndCollars,13.59
9029,Coastal Large Unicorns26 Collar,076484693854,Coastal,leashesAndCollars,13.59
8948,"Coastal Leash Black Bones 06""' 366",076484167843,Coastal,leashesAndCollars,13.79
8949,"Coastal Leash Black Bones 06""' 466",076484166723,Coastal,leashesAndCollars,15.09
8921,"Coastal Leash Black Bones 6""' 666",076484166761,Coastal,leashesAndCollars,15.89
8922,"Coastal Leash Black Bones 6""' 966",076484166808,Coastal,leashesAndCollars,19.29
7671,"Coastal Leash Black Skulls 06""' 366",076484188022,Coastal,leashesAndCollars,13.09
7670,"Coastal Leash Black Skulls 06""' 466",076484188046,Coastal,leashesAndCollars,14.29
8927,"Coastal Leash Black Skulls 06""' 666",076484188060,Coastal,leashesAndCollars,16.39
8928,"Coastal Leash Black Skulls 06""' 966",076484166808,Coastal,leashesAndCollars,19.29
7669,"Coastal Leash Black Skulls 06""' 966",076484188084,Coastal,leashesAndCollars,19.29
8862,"Coastal Leash Bmb06"" 46436",7648464367,Coastal,leashesAndCollars,24.09
8872,Coastal Leash Bmb06' 46336,7648469360,Coastal,leashesAndCollars,19.19
8863,Coastal Leash Bmb06' 46936,7648469392,Coastal,leashesAndCollars,32.19
8942,Coastal Leash Btd06' 366,076484264283,Coastal,leashesAndCollars,13.79
8943,Coastal Leash Btd06' 466,076484204661,Coastal,leashesAndCollars,15.09
8915,Coastal Leash Btd6' 666,076484204685,Coastal,leashesAndCollars,15.89
8916,Coastal Leash Btd6' 966,076484309649,Coastal,leashesAndCollars,19.29
8940,Coastal Leash Csr06' 366,076484264290,Coastal,leashesAndCollars,13.79
8941,Coastal Leash Csr06' 466,076484204678,Coastal,leashesAndCollars,15.09
8913,Coastal Leash Csr6' 666,076484204692,Coastal,leashesAndCollars,15.89
8914,Coastal Leash Csr6' 966,076484309656,Coastal,leashesAndCollars,18.49
8867,"Coastal Leash Gxy06"" 46936",76484994654,Coastal,leashesAndCollars,32.19
8876,Coastal Leash Gxy06' 46336,076484336140,Coastal,leashesAndCollars,19.19
8866,Coastal Leash Gxy06' 46436,076484994647,Coastal,leashesAndCollars,24.09
8874,Coastal Leash Hrw06' 46336,076484994647,Coastal,leashesAndCollars,19.19
8864,Coastal Leash Hrw06' 46436,076484994647,Coastal,leashesAndCollars,24.09
8865,Coastal Leash Hrw06' 46936,76484994654,Coastal,leashesAndCollars,32.19
8870,"Coastal Leash Lsk06""' 46436",076484994647,Coastal,leashesAndCollars,24.09
8880,"Coastal Leash Lsk06""46336",076484994647,Coastal,leashesAndCollars,19.19
8871,Coastal Leash Lsk06' 46936,076484264283,Coastal,leashesAndCollars,30.69
8907,Coastal Leash Nbp6' 61476,076484615030,Coastal,leashesAndCollars,14.69
8908,Coastal Leash Nbp6' 61976,076484619595,Coastal,leashesAndCollars,23.59
8956,Coastal Leash Pbo06' 366,076484774317,Coastal,leashesAndCollars,13.79
8957,Coastal Leash Pbo06' 466,076484774256,Coastal,leashesAndCollars,15.09
8929,Coastal Leash Pbo06' 666,076484774195,Coastal,leashesAndCollars,15.09
8930,Coastal Leash Pbo06' 966,076484774133,Coastal,leashesAndCollars,19.29
8958,Coastal Leash Pdt06' 366,076484774324,Coastal,leashesAndCollars,13.79
8959,Coastal Leash Pdt06' 466,076484774263,Coastal,leashesAndCollars,16.39
8931,Coastal Leash Pdt06' 666,076484774201,Coastal,leashesAndCollars,15.89
8932,Coastal Leash Pdt06' 966,076484774140,Coastal,leashesAndCollars,19.29
8868,Coastal Leash Pmf06' 46336,009631609625,Coastal,leashesAndCollars,19.19
8869,Coastal Leash Pmf06' 46936,76484994654,Coastal,leashesAndCollars,30.69
8905,Coastal Leash Ppa6' 61476,076484615054,Coastal,leashesAndCollars,14.69
8906,Coastal Leash Ppa6' 61976,076484620096,Coastal,leashesAndCollars,23.59
8950,"Coastal Leash Red Bones 06""' 366",076484167867,Coastal,leashesAndCollars,13.09
8951,"Coastal Leash Red Bones 06""' 466",076484166730,Coastal,leashesAndCollars,15.09
8923,"Coastal Leash Red Bones 06""' 666",076484166778,Coastal,leashesAndCollars,15.89
8924,"Coastal Leash Red Bones 06""' 966",076484166815,Coastal,leashesAndCollars,19.29
8903,Coastal Leash Rwp6' 61476,,Coastal,leashesAndCollars,14.69
8904,Coastal Leash Rwp6' 61976,076484619793,Coastal,leashesAndCollars,23.59
8954,Coastal Leash Skx06' 366,076484994647,Coastal,leashesAndCollars,13.09
8955,Coastal Leash Skx06' 466,076484994647,Coastal,leashesAndCollars,14.29
8952,"Coastal Leash Special Paws 06""' 366",076484167829,Coastal,leashesAndCollars,14.19
8953,"Coastal Leash Special Paws 06""' 466",076484184864,Coastal,leashesAndCollars,16.39
8925,"Coastal Leash Special Paws 06""' 666",076484184772,Coastal,leashesAndCollars,13.79
8926,"Coastal Leash Special Paws 06""' 966",076484184680,Coastal,leashesAndCollars,19.29
8946,Coastal Leash Tdp06' 366,000011685460,Coastal,leashesAndCollars,13.09
8947,Coastal Leash Tdp06' 466,076484850684,Coastal,leashesAndCollars,15.09
8919,Coastal Leash Tpd6' 666,076484068935,Coastal,leashesAndCollars,15.09
8920,Coastal Leash Tpd6' 966,076484966811,Coastal,leashesAndCollars,20.79
8909,Coastal Leash Tsa6' 61476,076484471087,Coastal,leashesAndCollars,14.69
8910,Coastal Leash Tsa6' 61976,076484197352,Coastal,leashesAndCollars,23.59
8944,Coastal Leash Wdf06 366,076484036699,Coastal,leashesAndCollars,13.79
8945,Coastal Leash Wdf06' 466,076484466229,Coastal,leashesAndCollars,15.09
8917,Coastal Leash Wdf6' 666,076484666124,Coastal,leashesAndCollars,15.89
8918,Coastal Leash Wdf6' 966,076484966224,Coastal,leashesAndCollars,19.29
8911,Coastal Leash Ybc6' 61476,076484009754,Coastal,leashesAndCollars,14.69
8912,Coastal Leash Ybc6' 61976,076484620119,Coastal,leashesAndCollars,22.39
8551,"Coastal Lim14"" Buck Collar",015561221931,Coastal,leashesAndCollars,8.39
8552,"Coastal Lim20"" Buck Collar",076484693526,Coastal,leashesAndCollars,9.99
8553,"Coastal Lim26"" Buck Collar",076484614200,Coastal,leashesAndCollars,12.29
8540,"Coastal Lime 10"" 301 Collar",076484992148,Coastal,leashesAndCollars,5.19
8541,"Coastal Lime 12"" 301 Collar",076484345320,Coastal,leashesAndCollars,5.19
8539,"Coastal Lime 12"" 3201 Collar",,Coastal,leashesAndCollars,10.89
8542,"Coastal Lime 12"" 401 Collar",076484269370,Coastal,leashesAndCollars,6.19
8543,"Coastal Lime 14"" 401 Collar",,Coastal,leashesAndCollars,6.19
8554,"Coastal Lime 14"" Buck Collar",076484954054,Coastal,leashesAndCollars,15.29
8544,"Coastal Lime 16"" 401 Collar",7648403919,Coastal,leashesAndCollars,5.79
8564,"Coastal Lime 18"" 601 Collar",076484043505,Coastal,leashesAndCollars,6.49
8565,"Coastal Lime 20"" 2901 Collar",076484012914,Coastal,leashesAndCollars,13.09
8555,"Coastal Lime 20"" Buck Collar",7648461985,Coastal,leashesAndCollars,16.69
8563,"Coastal Lime 22"" 2901 Collar",076484262449,Coastal,leashesAndCollars,12.49
8562,"Coastal Lime 24"" 2901 Collar",076484964560,Coastal,leashesAndCollars,12.49
8561,"Coastal Lime 26"" 2901 Collar",7648406441,Coastal,leashesAndCollars,10.59
8556,"Coastal Lime 26"" Buck Collar",7648406461,Coastal,leashesAndCollars,16.59
8510,Coastal Lime 30 Harness,076484634628,Coastal,leashesAndCollars,21.39
8504,Coastal Lime 38 Harness,076484638039,Coastal,leashesAndCollars,28.89
8687,Coastal Lime 3xs Harness,076484638398,Coastal,leashesAndCollars,11.99
8574,Coastal Lime 6' 2906 Leash,076484209802,Coastal,leashesAndCollars,22.19
8571,Coastal Lime 6' 306 Leash,7648463454,Coastal,leashesAndCollars,7.39
8572,Coastal Lime 6' 404 Leash,076484040481,Coastal,leashesAndCollars,8.79
8573,Coastal Lime 6' 906 Leash,076484060182,Coastal,leashesAndCollars,16.19
8689,Coastal Lime Extra Extra Small Harness,7648463454,Coastal,leashesAndCollars,13.09
8681,Coastal Lime Extra Small Harness,076484630842,Coastal,leashesAndCollars,35.49
8635,Coastal Lime Large Harness,076484634628,Coastal,leashesAndCollars,42.79
8653,Coastal Lime Medium Harness,076484634628,Coastal,leashesAndCollars,35.69
8672,Coastal Lime Small Harness,076484668326,Coastal,leashesAndCollars,22.59
8627,Coastal Limlrg Harness,076484763403,Coastal,leashesAndCollars,45.29
8640,Coastal Limmed Harness,076484763403,Coastal,leashesAndCollars,42.99
8663,Coastal Limsml Harness,076484763403,Coastal,leashesAndCollars,43.59
8670,Coastal Limxsm Harness,076484763403,Coastal,leashesAndCollars,19.79
8831,Coastal Lsk06 Leash,076484309649,Coastal,leashesAndCollars,32.19
8858,Coastal Lwo06' 12626 Leash,,Coastal,leashesAndCollars,18.49
8859,Coastal Lwo06' 12926 Leash,076484944562,Coastal,leashesAndCollars,23.49
8852,"Coastal Lwo12"" Collar",,Coastal,leashesAndCollars,10.89
8846,"Coastal Lwo26"" Collar",076484672200,Coastal,leashesAndCollars,14.99
8845,"Coastal Lwo260"" Collar",,Coastal,leashesAndCollars,13.69
8271,"Coastal Mbn20"" Security Collar",076484693526,Coastal,leashesAndCollars,14.99
8270,"Coastal Mbn26"" Security Collar",076484921629,Coastal,leashesAndCollars,15.89
8769,Coastal Mdw06' Leash,076484305656,Coastal,leashesAndCollars,28.99
8768,Coastal Mdw06' Leash,076484886626,Coastal,leashesAndCollars,27.59
8758,"Coastal Mdw12"" Collar",076484471025,Coastal,leashesAndCollars,16.89
8759,"Coastal Mdw14"" Collar",,Coastal,leashesAndCollars,14.99
8748,"Coastal Mdw18"" Collar",,Coastal,leashesAndCollars,23.59
8658,"Coastal Mdw24"" Harness",076484062858,Coastal,leashesAndCollars,36.29
8749,"Coastal Mdw26"" Collar",,Coastal,leashesAndCollars,22.39
8639,Coastal Mdw30 Harness,076484266140,Coastal,leashesAndCollars,51.29
9034,Coastal Medium Aliens20 Collar,076484065613,Coastal,leashesAndCollars,11.69
9036,Coastal Medium Dinosaurs20 Collar,076484826274,Coastal,leashesAndCollars,11.69
9032,Coastal Medium Frosted Donuts20 Collar,076484065613,Coastal,leashesAndCollars,11.69
9028,Coastal Medium Llamas20 Collar,076484890512,Coastal,leashesAndCollars,11.69
9026,Coastal Medium Pineapples20 Collar,076484693526,Coastal,leashesAndCollars,11.69
9030,Coastal Medium Unicorns20 Collar,076484946400,Coastal,leashesAndCollars,11.69
9139,Coastal Mesh Muzzle Size 1,076484076077,Coastal,accessories,20.79
9138,Coastal Mesh Muzzle Size 2,076484076121,Coastal,accessories,14.19
9137,Coastal Mesh Muzzle Size 3,076484076053,Coastal,accessories,20.79
9136,Coastal Mesh Muzzle Size 4,076484075995,Coastal,accessories,15.29
9135,Coastal Mesh Muzzle Size 5,076484076107,Coastal,accessories,16.39
9134,Coastal Mesh Muzzle Size 6,076484706770,Coastal,accessories,17.49
9133,Coastal Mesh Muzzle Size 7xl,076484076114,Coastal,accessories,18.59
8616,Coastal Mlm06' Leash,009631609627,Coastal,leashesAndCollars,18.29
8617,Coastal Mlm06' Leash,076484709227,Coastal,leashesAndCollars,24.19
8606,"Coastal Mlm12"" Collar",,Coastal,leashesAndCollars,11.99
8607,"Coastal Mlm14"" Collar",,Coastal,leashesAndCollars,11.99
8596,"Coastal Mlm20"" Collar",,Coastal,leashesAndCollars,15.09
8597,"Coastal Mlm26"" Collar",076484619045,Coastal,leashesAndCollars,15.09
8273,"Coastal Mpw20"" Security Collar",076484693526,Coastal,leashesAndCollars,14.99
8272,"Coastal Mpw26"" Security Collar",076484693526,Coastal,leashesAndCollars,15.89
8770,Coastal Mtn06' Leash,076484305663,Coastal,leashesAndCollars,27.59
8771,Coastal Mtn06' Leash,076484892608,Coastal,leashesAndCollars,27.59
8760,"Coastal Mtn12"" Collar",076484351024,Coastal,leashesAndCollars,16.89
8761,"Coastal Mtn14"" Collar",,Coastal,leashesAndCollars,17.49
8750,"Coastal Mtn18"" Collar",,Coastal,leashesAndCollars,23.59
8751,"Coastal Mtn26"" Collar",076484623400,Coastal,leashesAndCollars,23.89
8682,Coastal Neon Pink Extra Small Harness,076484630330,Coastal,leashesAndCollars,35.49
8645,Coastal Neon Pink Medium Harness,076484892615,Coastal,leashesAndCollars,46.89
8665,Coastal Neon Pink Small Harness,076484630330,Coastal,leashesAndCollars,43.59
8389,"Coastal Neon Pink04"" 604 Collar",076484059117,Coastal,leashesAndCollars,9.89
8393,Coastal Neon Pink04' 2904 Collar,076484774089,Coastal,leashesAndCollars,21.79
8387,Coastal Neon Pink04' 404 Collar,076484647154,Coastal,leashesAndCollars,8.79
8391,Coastal Neon Pink04' 904 Collar,076484322266,Coastal,leashesAndCollars,17.29
8394,Coastal Neon Pink06' 2906 Collar,7648406886,Coastal,leashesAndCollars,25.79
8386,Coastal Neon Pink06' 306 Collar,7648400990,Coastal,leashesAndCollars,7.39
8388,Coastal Neon Pink06' 606 Collar,7648406886,Coastal,leashesAndCollars,11.59
8390,Coastal Neon Pink06' 606 Collar,076484043505,Coastal,leashesAndCollars,11.59
8392,Coastal Neon Pink06' 906 Collar,,Coastal,leashesAndCollars,20.09
8367,"Coastal Neon Pink10"" 301 Collar",076484069369,Coastal,leashesAndCollars,5.19
8368,"Coastal Neon Pink12"" 301 Collar",076484706714,Coastal,leashesAndCollars,5.19
8369,"Coastal Neon Pink12"" 401 Collar",076484774072,Coastal,leashesAndCollars,6.19
8370,"Coastal Neon Pink14"" 401 Collar",,Coastal,leashesAndCollars,6.19
8372,"Coastal Neon Pink14"" Buck Collar",7648404613,Coastal,leashesAndCollars,8.79
8373,"Coastal Neon Pink14"" Martingale Collar",7648406687,Coastal,leashesAndCollars,15.29
8371,"Coastal Neon Pink16"" 401 Collar",7648403919,Coastal,leashesAndCollars,6.19
8374,"Coastal Neon Pink16"" 601 Collar",076484043307,Coastal,leashesAndCollars,6.79
8518,Coastal Neon Pink18 Harness,076484035500,Coastal,leashesAndCollars,14.19
8375,"Coastal Neon Pink18"" 601 Collar",076484043505,Coastal,leashesAndCollars,6.79
8378,"Coastal Neon Pink18"" 901 Collar",076484012907,Coastal,leashesAndCollars,10.39
8383,"Coastal Neon Pink20"" 2901 Collar",076484012914,Coastal,leashesAndCollars,13.09
8376,"Coastal Neon Pink20"" Buc Collar",076484044113,Coastal,leashesAndCollars,10.89
8377,"Coastal Neon Pink20"" Mbuc Collar",076484302466,Coastal,leashesAndCollars,17.59
8379,"Coastal Neon Pink20"" Mbuc Collar",7648461985,Coastal,leashesAndCollars,19.89
8382,"Coastal Neon Pink22"" 2901 Collar",076484043307,Coastal,leashesAndCollars,13.09
8531,Coastal Neon Pink24 Harness,076484044069,Coastal,leashesAndCollars,17.09
8380,"Coastal Neon Pink24"" 2901 Collar",7648406441,Coastal,leashesAndCollars,13.09
8257,"Coastal Neon Pink24"" Coupler",029904702858,Coastal,leashesAndCollars,11.29
8381,"Coastal Neon Pink26"" 2901 Collar",7648406461,Coastal,leashesAndCollars,12.49
8384,"Coastal Neon Pink26"" Buck Collar",076484410024,Coastal,leashesAndCollars,12.29
8385,"Coastal Neon Pink26"" Martingale Collar",7648406687,Coastal,leashesAndCollars,20.69
8505,Coastal Neon Pink38 Harness,076484634628,Coastal,leashesAndCollars,28.89
8731,"Coastal Nsn12"" Collar",,Coastal,leashesAndCollars,10.69
8765,Coastal Oce06' Leash,076484633638,Coastal,leashesAndCollars,28.19
8754,"Coastal Oce12"" Collar",,Coastal,leashesAndCollars,16.89
8755,"Coastal Oce14"" Collar",076484614026,Coastal,leashesAndCollars,13.99
8744,"Coastal Oce18"" Collar",076484369773,Coastal,leashesAndCollars,23.59
8745,"Coastal Oce26"" Collar",,Coastal,leashesAndCollars,20.89
8807,Coastal Ony06' Soy Leash,076484994647,Coastal,leashesAndCollars,16.89
8808,Coastal Ony06' Soy Leash,076484994647,Coastal,leashesAndCollars,27.79
8796,"Coastal Ony08"" Soy Collar",076484693526,Coastal,leashesAndCollars,8.79
8797,"Coastal Ony12"" Soy Collar",076484693526,Coastal,leashesAndCollars,10.29
8785,"Coastal Ony18"" Harness",076484564505,Coastal,leashesAndCollars,16.49
8786,"Coastal Ony24"" Harness",076484265143,Coastal,leashesAndCollars,24.89
8809,"Coastal Ony26"" Collar",076484761003,Coastal,leashesAndCollars,15.69
8777,"Coastal Ony30"" Soy Harness",076484689309,Coastal,leashesAndCollars,30.59
8778,"Coastal Ony38"" Soy Harness",008436993140,Coastal,leashesAndCollars,39.19
8545,"Coastal Orange 10"" 301 Collar",7648403919,Coastal,leashesAndCollars,4.19
8546,"Coastal Orange 12"" 301 Collar",076484301063,Coastal,leashesAndCollars,5.19
8547,"Coastal Orange 12"" 401 Collar",076484345353,Coastal,leashesAndCollars,6.19
8550,"Coastal Orange 12"" Buck Collar",076484701603,Coastal,leashesAndCollars,7.89
8548,"Coastal Orange 14"" 401 Collar",076484401435,Coastal,leashesAndCollars,5.79
8559,"Coastal Orange 14"" Buck Collar",7648461985,Coastal,leashesAndCollars,8.39
8549,"Coastal Orange 16"" 401 Collar",076484964584,Coastal,leashesAndCollars,5.19
8570,"Coastal Orange 18"" 601 Collar",076484043505,Coastal,leashesAndCollars,6.49
8536,"Coastal Orange 18"" Harness",076484564512,Coastal,leashesAndCollars,15.39
8566,"Coastal Orange 20"" 2901 Collar",076484012914,Coastal,leashesAndCollars,10.79
8558,"Coastal Orange 20"" Buck Collar",7648406603,Coastal,leashesAndCollars,17.59
8569,"Coastal Orange 22"" 2901 Collar",076484701627,Coastal,leashesAndCollars,12.49
8530,Coastal Orange 24 Harness,,Coastal,leashesAndCollars,17.09
8567,"Coastal Orange 24"" 2901 Collar",7648406441,Coastal,leashesAndCollars,12.49
8568,"Coastal Orange 26"" 2901 Collar",7648406461,Coastal,leashesAndCollars,10.79
8560,"Coastal Orange 26"" Buck Collar",7648406461,Coastal,leashesAndCollars,11.19
8513,Coastal Orange 30 Harness,076484634628,Coastal,leashesAndCollars,21.79
8501,Coastal Orange 38 Harness,076484638077,Coastal,leashesAndCollars,28.89
8578,Coastal Orange 6' 2906 Leash,076484029684,Coastal,leashesAndCollars,25.79
8575,Coastal Orange 6' 404 Leash,076484040498,Coastal,leashesAndCollars,8.79
8576,Coastal Orange 6' 406 Leash,076484731372,Coastal,leashesAndCollars,10.49
8577,Coastal Orange 6' 906 Leash,076484906084,Coastal,leashesAndCollars,19.09
8636,Coastal Orange Large Harness,076484634628,Coastal,leashesAndCollars,42.79
8656,Coastal Orange Medium Harness,076484634628,Coastal,leashesAndCollars,37.09
8557,"Coastal Ord14"" Buck Collar",076484693526,Coastal,leashesAndCollars,15.29
8842,"Coastal Org14"" Waterproof Collar",076484992748,Coastal,leashesAndCollars,12.69
8841,"Coastal Org26"" Waterproof Collar",076484976988,Coastal,leashesAndCollars,17.09
8637,Coastal Pink Bright Large Harness,076484630330,Coastal,leashesAndCollars,43.89
8657,Coastal Pink Bright Medium Harness,076484630330,Coastal,leashesAndCollars,36.59
8674,Coastal Pink Bright Small Harness,76484163272,Coastal,leashesAndCollars,22.89
8457,"Coastal Pink Bright10"" 301 Collar",076484774050,Coastal,leashesAndCollars,5.19
8456,"Coastal Pink Bright12"" 301 Collar",7648440135,Coastal,leashesAndCollars,5.19
8458,"Coastal Pink Bright12"" 401 Collar",7648440135,Coastal,leashesAndCollars,6.19
8455,"Coastal Pink Bright12"" Buck Collar",7648406307,Coastal,leashesAndCollars,7.69
8460,"Coastal Pink Bright14"" 401cllr",076484769955,Coastal,leashesAndCollars,6.19
8467,"Coastal Pink Bright14"" Buck Collar",7648464010,Coastal,leashesAndCollars,8.79
8470,"Coastal Pink Bright14"" Martingale Collar",076484774050,Coastal,leashesAndCollars,15.29
8459,"Coastal Pink Bright16"" 401 Collar",076484410024,Coastal,leashesAndCollars,6.19
8482,"Coastal Pink Bright18"" 2901 Collar",076484012907,Coastal,leashesAndCollars,6.79
8483,"Coastal Pink Bright20"" 2901 Collar",076484012914,Coastal,leashesAndCollars,13.09
8468,"Coastal Pink Bright20"" Buck Collar",7648406603,Coastal,leashesAndCollars,8.59
8471,"Coastal Pink Bright20"" Martingale Collar",076484769733,Coastal,leashesAndCollars,17.59
8481,"Coastal Pink Bright22"" 2901 Collar",7648402905,Coastal,leashesAndCollars,13.09
8529,Coastal Pink Bright24 Harness,076484634628,Coastal,leashesAndCollars,17.09
8480,"Coastal Pink Bright24"" 2901 Collar",076484129162,Coastal,leashesAndCollars,13.09
8479,"Coastal Pink Bright26"" 2901 Collar",076484064654,Coastal,leashesAndCollars,10.79
8469,"Coastal Pink Bright26"" Buck Collar",7648406603,Coastal,leashesAndCollars,10.19
8472,"Coastal Pink Bright26"" Martingale Collar",076484774119,Coastal,leashesAndCollars,20.69
8509,Coastal Pink Bright30 Harness,076484634628,Coastal,leashesAndCollars,21.29
8499,Coastal Pink Bright38 Harness,076484634628,Coastal,leashesAndCollars,29.29
8688,Coastal Pink Bright3xs Harness,076484634628,Coastal,leashesAndCollars,12.79
8489,Coastal Pink Bright4' 306 Leash,076484801770,Coastal,leashesAndCollars,10.59
8490,Coastal Pink Bright4' 404 Leash,7648440411,Coastal,leashesAndCollars,8.79
8493,Coastal Pink Bright6' 2906 Leash,7648402901,Coastal,leashesAndCollars,25.79
8492,Coastal Pink Bright6' 906 Leash,,Coastal,leashesAndCollars,20.09
8586,Coastal Pink Large Pwrwalker,076484830907,Coastal,leashesAndCollars,59.99
8696,Coastal Pink Medium Harness,076484004049,Coastal,leashesAndCollars,37.89
8587,Coastal Pink Medium Pwrwalker,,Coastal,leashesAndCollars,44.69
8588,Coastal Pink Small Pwrwalker,076484648267,Coastal,leashesAndCollars,40.39
8703,Coastal Pink Teal Extra Extra Small Harness,7648464699,Coastal,leashesAndCollars,25.29
8701,Coastal Pink Teal Medium Harness,076484630330,Coastal,leashesAndCollars,34.69
8702,Coastal Pink Teal Small Harness,076484648267,Coastal,leashesAndCollars,33.79
8528,Coastal Pink18 Harness,076484564536,Coastal,leashesAndCollars,14.19
8254,"Coastal Pink20"" No Slip",,Coastal,leashesAndCollars,13.89
8523,Coastal Pink24 Harness,,Coastal,leashesAndCollars,17.09
8516,Coastal Pink30 Harness,076484069338,Coastal,leashesAndCollars,21.39
8503,Coastal Pink38 Harness,076484763403,Coastal,leashesAndCollars,28.89
8736,Coastal Pkt06' Leash,076484369889,Coastal,leashesAndCollars,20.89
8724,"Coastal Pkt18"" Collar",,Coastal,leashesAndCollars,12.89
8718,"Coastal Pkt26"" Collar",076484626609,Coastal,leashesAndCollars,17.89
8678,Coastal Purple Extra Small Harness,7648463087,Coastal,leashesAndCollars,34.59
8626,Coastal Purple Large Hrnss,076484698637,Coastal,leashesAndCollars,46.49
8644,Coastal Purple Medium Harness,076484634628,Coastal,leashesAndCollars,42.99
8453,Coastal Purple04' 2904 Leash,,Coastal,leashesAndCollars,21.79
8448,Coastal Purple04' 404 Leash,,Coastal,leashesAndCollars,8.79
8451,Coastal Purple04' 904 Leash,,Coastal,leashesAndCollars,17.29
8454,Coastal Purple06' 2906 Leash,,Coastal,leashesAndCollars,25.79
8447,Coastal Purple06' 306 Leash,,Coastal,leashesAndCollars,7.39
8449,Coastal Purple06' 604 Leash,,Coastal,leashesAndCollars,8.79
8450,Coastal Purple06' 606 Leash,,Coastal,leashesAndCollars,11.59
8452,Coastal Purple06' 906 Leash,,Coastal,leashesAndCollars,20.09
8428,"Coastal Purple10"" 301 Collar",050005832560,Coastal,leashesAndCollars,5.19
8429,"Coastal Purple12"" 301 Collar",076484693489,Coastal,leashesAndCollars,5.19
8427,"Coastal Purple12"" 401 Collar",076484041125,Coastal,leashesAndCollars,6.19
8430,"Coastal Purple12"" Buck Collar",7648404699,Coastal,leashesAndCollars,7.69
8425,"Coastal Purple14"" 401 Collar",076484693526,Coastal,leashesAndCollars,6.19
8431,"Coastal Purple14"" Buck Collar",076484614194,Coastal,leashesAndCollars,8.79
8432,"Coastal Purple14"" Martingale Collar",076484693526,Coastal,leashesAndCollars,15.29
8426,"Coastal Purple16"" 401 Collar",,Coastal,leashesAndCollars,6.19
8434,"Coastal Purple16"" 601 Collar",076484043307,Coastal,leashesAndCollars,6.79
8433,"Coastal Purple18"" 601 Collar",076484043505,Coastal,leashesAndCollars,6.79
8437,"Coastal Purple18"" 901 Collar",076484012907,Coastal,leashesAndCollars,10.39
8444,"Coastal Purple20"" 2901 Collar",076484012914,Coastal,leashesAndCollars,11.29
8435,"Coastal Purple20"" 61601 Buc Collar",7648461604,Coastal,leashesAndCollars,9.99
8436,"Coastal Purple20"" 61601 Mbuc Collar",076484616013,Coastal,leashesAndCollars,16.69
8438,"Coastal Purple20"" 901 Collar",076484012914,Coastal,leashesAndCollars,10.39
8439,"Coastal Purple20"" Buck Collar",7648404720,Coastal,leashesAndCollars,11.59
8440,"Coastal Purple20"" Martingale Collar",076484693526,Coastal,leashesAndCollars,19.89
8443,"Coastal Purple22"" 2901 Collar",076484693526,Coastal,leashesAndCollars,13.09
8521,Coastal Purple24 Harness,,Coastal,leashesAndCollars,16.39
8442,"Coastal Purple24"" 2901 Collar",076484693526,Coastal,leashesAndCollars,12.49
8441,"Coastal Purple26"" 2901 Collar",076484693526,Coastal,leashesAndCollars,11.99
8445,"Coastal Purple26"" Buck Collar",7648404720,Coastal,leashesAndCollars,11.59
8446,"Coastal Purple26"" Martingale Collar",076484693526,Coastal,leashesAndCollars,20.69
8515,Coastal Purple30 Harness,076484688324,Coastal,leashesAndCollars,20.89
8502,Coastal Purple38 Harness,076484648038,Coastal,leashesAndCollars,28.89
8856,Coastal Pwy06' 12626 Leash,076484262272,Coastal,leashesAndCollars,19.29
8857,Coastal Pwy06' 12926 Leash,076484129445,Coastal,leashesAndCollars,23.49
8850,"Coastal Pwy12"" Collar",076484401350,Coastal,leashesAndCollars,10.89
8851,"Coastal Pwy14"" Collar",,Coastal,leashesAndCollars,12.29
8844,"Coastal Pwy20"" Collar",076484619908,Coastal,leashesAndCollars,13.69
8843,"Coastal Pwy26"" Collar",,Coastal,leashesAndCollars,12.79
8612,Coastal Raf06' Leash,015561237802,Coastal,leashesAndCollars,18.29
8613,Coastal Raf06' Leash,,Coastal,leashesAndCollars,24.19
8602,"Coastal Raf12"" Collar",,Coastal,leashesAndCollars,11.99
8603,"Coastal Raf14"" Collar",076484954085,Coastal,leashesAndCollars,11.99
8592,"Coastal Raf20"" Collar",076484769962,Coastal,leashesAndCollars,15.09
8593,"Coastal Raf26"" Collar",076484239557,Coastal,leashesAndCollars,15.09
8700,Coastal Rainbow Extra Extra Small Harness,076484630859,Coastal,leashesAndCollars,25.29
8699,Coastal Rainbow Extra Small Harness,,Coastal,leashesAndCollars,25.29
8697,Coastal Rainbow Medium Harness,076484634628,Coastal,leashesAndCollars,34.29
8698,Coastal Rainbow Small Harness,076484068447,Coastal,leashesAndCollars,34.29
8740,Coastal Rbg06' Leash,076484954221,Coastal,leashesAndCollars,20.89
8734,"Coastal Rbg12"" Collar",,Coastal,leashesAndCollars,10.89
8729,"Coastal Rbg18"" Collar",,Coastal,leashesAndCollars,12.89
8722,"Coastal Rbg26"" Collar",076484129186,Coastal,leashesAndCollars,17.89
9153,Coastal Red 10' Cotton Training Leash,076484042133,Coastal,leashesAndCollars,18.59
9150,Coastal Red 15' Cotton Train Leash,076484043086,Coastal,leashesAndCollars,23.89
9147,Coastal Red 30' Cotton Train Leash,076484094971,Coastal,leashesAndCollars,40.99
8693,Coastal Red Large Harness,076484961274,Coastal,leashesAndCollars,45.99
8589,Coastal Red Large Pwrwalker,,Coastal,leashesAndCollars,62.19
8694,Coastal Red Medium Harness,076484088032,Coastal,leashesAndCollars,37.89
8590,Coastal Red Medium Pwrwalker,076484668630,Coastal,leashesAndCollars,44.69
8695,Coastal Red Small Harness,076484087875,Coastal,leashesAndCollars,37.89
8591,Coastal Red Small Pwrwalker,076484087943,Coastal,leashesAndCollars,39.29
8312,Coastal Red04' 2904 Leash,076484094959,Coastal,leashesAndCollars,21.79
8307,Coastal Red04' 404 Leash,076484092718,Coastal,leashesAndCollars,8.79
8308,Coastal Red04' 604 Leash,076484044014,Coastal,leashesAndCollars,9.89
8311,Coastal Red04' 904 Leash,076484059964,Coastal,leashesAndCollars,17.29
8313,Coastal Red06' 2906 Leash,,Coastal,leashesAndCollars,22.19
8306,Coastal Red06' 306 Leash,076484306051,Coastal,leashesAndCollars,7.39
8309,Coastal Red06' 406 Leash,,Coastal,leashesAndCollars,10.49
8310,Coastal Red06' 606 Leash,076484044212,Coastal,leashesAndCollars,11.59
8287,"Coastal Red10"" 301 Collar",076484301018,Coastal,leashesAndCollars,5.19
8264,"Coastal Red12"" 2912 Leash",076484067822,Coastal,leashesAndCollars,13.29
8286,"Coastal Red12"" 301 Collar",076484672347,Coastal,leashesAndCollars,5.19
8290,"Coastal Red12"" 401 Collar",076484672347,Coastal,leashesAndCollars,6.19
8288,"Coastal Red12"" Buc Collar",076484467554,Coastal,leashesAndCollars,7.69
8274,"Coastal Red12"" Security Collar",076484761065,Coastal,leashesAndCollars,10.69
8289,"Coastal Red14"" 401 Collar",084369931709,Coastal,leashesAndCollars,6.19
8292,"Coastal Red14"" Mbuc Collar",076484364730,Coastal,leashesAndCollars,15.29
8255,"Coastal Red14"" No Slip",7648407216,Coastal,leashesAndCollars,11.29
8291,"Coastal Red16"" 401 Collar",,Coastal,leashesAndCollars,5.79
8294,"Coastal Red16"" 601 Collar",076484043307,Coastal,leashesAndCollars,6.49
8283,"Coastal Red16"" Training Collar",076484693526,Coastal,leashesAndCollars,15.89
8538,Coastal Red18 Harness,076484041207,Coastal,leashesAndCollars,15.69
8267,"Coastal Red18"" 2918 Leash",076484063466,Coastal,leashesAndCollars,15.19
8293,"Coastal Red18"" 601 Collar",076484043505,Coastal,leashesAndCollars,6.79
8296,"Coastal Red18"" 901 Collar",076484012907,Coastal,leashesAndCollars,9.89
8300,"Coastal Red20"" 2901 Collar",076484012914,Coastal,leashesAndCollars,13.09
8298,"Coastal Red20"" Buc Collar",076484769924,Coastal,leashesAndCollars,11.59
8295,"Coastal Red20"" Mbuc Collar",076484693349,Coastal,leashesAndCollars,17.59
8299,"Coastal Red20"" Mbuc Collar",076484774010,Coastal,leashesAndCollars,18.89
8275,"Coastal Red20"" Security Collar",076484619915,Coastal,leashesAndCollars,13.99
8297,Coastal Red20' 901 Collar,076484012914,Coastal,leashesAndCollars,10.39
8301,"Coastal Red22"" 2901 Collar",076484720086,Coastal,leashesAndCollars,12.49
8284,"Coastal Red22"" Training Collar",076484693526,Coastal,leashesAndCollars,18.29
8526,Coastal Red24 Harness,076484265136,Coastal,leashesAndCollars,17.09
8302,"Coastal Red24"" 2901 Collar",076484104916,Coastal,leashesAndCollars,12.49
8259,"Coastal Red24"" Coupler",076484906946,Coastal,leashesAndCollars,12.39
8303,"Coastal Red26"" 2901 Collar",076484021240,Coastal,leashesAndCollars,10.59
8304,"Coastal Red26"" Buc Collar",076484301445,Coastal,leashesAndCollars,13.09
8305,"Coastal Red26"" Mbuc Collar",076484609316,Coastal,leashesAndCollars,20.69
8276,"Coastal Red26"" Security Collar",076484184710,Coastal,leashesAndCollars,14.69
8252,"Coastal Red30"" Leash",076484092817,Coastal,leashesAndCollars,37.69
8261,"Coastal Red36"" Coupler",076484689002,Coastal,leashesAndCollars,17.69
8655,Coastal Redmed Harness,076484763403,Coastal,leashesAndCollars,25.29
8215,Coastal Safari De Matting Comb,076484513046,Coastal,healthcare,16.39
8220,Coastal Safari Flea Comb,076484513091,Coastal,healthcare,3.29
8214,Coastal Safari Nail Trimmer Small Dog,076484006098,Coastal,healthcare,9.89
8221,Coastal Safari Shed Magic Long Hair Small Dog,076484961250,Coastal,healthcare,30.59
8216,Coastal Safari Shedding Blade Medium & Large,076484513022,Coastal,healthcare,16.39
8614,Coastal Shb06' Leash,009631609627,Coastal,leashesAndCollars,18.29
8615,Coastal Shb06' Leash,076484769986,Coastal,leashesAndCollars,24.19
8604,"Coastal Shb12"" Collar",,Coastal,leashesAndCollars,11.99
8605,"Coastal Shb14"" Collar",076484954092,Coastal,leashesAndCollars,11.99
8594,"Coastal Shb20"" Collar",,Coastal,leashesAndCollars,15.09
8595,"Coastal Shb26"" Collar",,Coastal,leashesAndCollars,15.09
8053,Coastal Single-Ply Dog Leash,076484900389,Coastal,leashesAndCollars,18.59
8127,Coastal Single-Ply Dog Leash 00304 BLK04,076484009600,Coastal,leashesAndCollars,7.69
8051,Coastal Single-Ply Dog Leash 00304 BLL04,076484733314,Coastal,leashesAndCollars,7.69
8111,Coastal Single-Ply Dog Leash 00304 BLU04,076484009624,Coastal,leashesAndCollars,7.69
8088,Coastal Single-Ply Dog Leash 00304 HUN04,076484009761,Coastal,leashesAndCollars,7.69
8074,Coastal Single-Ply Dog Leash 00304 LIM04,076484304040,Coastal,leashesAndCollars,7.69
8104,Coastal Single-Ply Dog Leash 00304 NPK04,076484009709,Coastal,leashesAndCollars,7.69
8067,Coastal Single-Ply Dog Leash 00304 ORD04,076484304057,Coastal,leashesAndCollars,7.69
8082,Coastal Single-Ply Dog Leash 00304 PKB04,076484030437,Coastal,leashesAndCollars,7.69
8043,Coastal Single-Ply Dog Leash 00304 PKF04,076484733338,Coastal,leashesAndCollars,7.69
8096,Coastal Single-Ply Dog Leash 00304 PUR04,076484009754,Coastal,leashesAndCollars,7.69
8119,Coastal Single-Ply Dog Leash 00304 RED04,076484009617,Coastal,leashesAndCollars,7.69
8059,Coastal Single-Ply Dog Leash 00304 TEL04,076484300394,Coastal,leashesAndCollars,7.69
8126,Coastal Single-Ply Dog Leash 00306 BLK06,076484009808,Coastal,leashesAndCollars,7.69
8050,Coastal Single-Ply Dog Leash 00306 BLL06,076484733352,Coastal,leashesAndCollars,7.69
8110,Coastal Single-Ply Dog Leash 00306 BLU06,076484009822,Coastal,leashesAndCollars,7.69
8087,Coastal Single-Ply Dog Leash 00306 HUN06,076484009969,Coastal,leashesAndCollars,7.69
8073,Coastal Single-Ply Dog Leash 00306 LIM06,076484306044,Coastal,leashesAndCollars,7.69
8103,Coastal Single-Ply Dog Leash 00306 NPK06,076484009907,Coastal,leashesAndCollars,7.69
8066,Coastal Single-Ply Dog Leash 00306 ORD06,076484306051,Coastal,leashesAndCollars,7.69
8081,Coastal Single-Ply Dog Leash 00306 PKB06,076484030635,Coastal,leashesAndCollars,7.69
8042,Coastal Single-Ply Dog Leash 00306 PKF06,076484733376,Coastal,leashesAndCollars,7.69
8095,Coastal Single-Ply Dog Leash 00306 PUR06,076484009952,Coastal,leashesAndCollars,7.69
8118,Coastal Single-Ply Dog Leash 00306 RED06,076484009815,Coastal,leashesAndCollars,7.69
8058,Coastal Single-Ply Dog Leash 00306 TEL06,076484300400,Coastal,leashesAndCollars,7.69
8125,Coastal Single-Ply Dog Leash 00404 BLK04,076484035203,Coastal,leashesAndCollars,9.89
8049,Coastal Single-Ply Dog Leash 00404 BLL04,076484731334,Coastal,leashesAndCollars,10.89
8109,Coastal Single-Ply Dog Leash 00404 BLU04,076484035227,Coastal,leashesAndCollars,9.89
8086,Coastal Single-Ply Dog Leash 00404 HUN04,076484035388,Coastal,leashesAndCollars,9.89
8072,Coastal Single-Ply Dog Leash 00404 LIM04,076484040481,Coastal,leashesAndCollars,10.89
8102,Coastal Single-Ply Dog Leash 00404 NPK04,076484035302,Coastal,leashesAndCollars,9.89
8065,Coastal Single-Ply Dog Leash 00404 ORD04,076484040498,Coastal,leashesAndCollars,9.89
8080,Coastal Single-Ply Dog Leash 00404 PKB04,076484404115,Coastal,leashesAndCollars,10.89
8041,Coastal Single-Ply Dog Leash 00404 PKF04,076484731358,Coastal,leashesAndCollars,10.89
8094,Coastal Single-Ply Dog Leash 00404 PUR04,076484035357,Coastal,leashesAndCollars,9.89
8117,Coastal Single-Ply Dog Leash 00404 RED04,076484035210,Coastal,leashesAndCollars,9.89
8057,Coastal Single-Ply Dog Leash 00404 TEL04,076484400391,Coastal,leashesAndCollars,9.89
8124,Coastal Single-Ply Dog Leash 00406 BLK06,076484035401,Coastal,leashesAndCollars,10.89
8048,Coastal Single-Ply Dog Leash 00406 BLL06,076484731372,Coastal,leashesAndCollars,10.89
8108,Coastal Single-Ply Dog Leash 00406 BLU06,076484035425,Coastal,leashesAndCollars,10.89
8085,Coastal Single-Ply Dog Leash 00406 HUN06,076484035586,Coastal,leashesAndCollars,10.89
8071,Coastal Single-Ply Dog Leash 00406 LIM06,076484040641,Coastal,leashesAndCollars,10.89
8101,Coastal Single-Ply Dog Leash 00406 NPK06,076484035500,Coastal,leashesAndCollars,10.89
8064,Coastal Single-Ply Dog Leash 00406 ORD06,076484040658,Coastal,leashesAndCollars,10.89
8079,Coastal Single-Ply Dog Leash 00406 PKB06,076484406034,Coastal,leashesAndCollars,10.89
8040,Coastal Single-Ply Dog Leash 00406 PKF06,076484731396,Coastal,leashesAndCollars,10.89
8093,Coastal Single-Ply Dog Leash 00406 PUR06,076484035555,Coastal,leashesAndCollars,10.89
8116,Coastal Single-Ply Dog Leash 00406 RED06,076484035418,Coastal,leashesAndCollars,10.89
8056,Coastal Single-Ply Dog Leash 00406 TEL06,076484400407,Coastal,leashesAndCollars,10.89
8123,Coastal Single-Ply Dog Leash 00604 BLK04,076484044007,Coastal,leashesAndCollars,10.89
8047,Coastal Single-Ply Dog Leash 00604 BLL04,076484731259,Coastal,leashesAndCollars,10.89
8107,Coastal Single-Ply Dog Leash 00604 BLU04,076484044021,Coastal,leashesAndCollars,10.89
8084,Coastal Single-Ply Dog Leash 00604 HUN04,076484044366,Coastal,leashesAndCollars,10.89
8070,Coastal Single-Ply Dog Leash 00604 LIM04,076484604102,Coastal,leashesAndCollars,10.89
8100,Coastal Single-Ply Dog Leash 00604 NPK04,076484044113,Coastal,leashesAndCollars,10.89
8063,Coastal Single-Ply Dog Leash 00604 ORD04,076484604119,Coastal,leashesAndCollars,10.89
8078,Coastal Single-Ply Dog Leash 00604 PKB04,076484604065,Coastal,leashesAndCollars,10.89
8092,Coastal Single-Ply Dog Leash 00604 PUR04,076484044199,Coastal,leashesAndCollars,10.89
8115,Coastal Single-Ply Dog Leash 00604 RED04,076484044014,Coastal,leashesAndCollars,10.89
8055,Coastal Single-Ply Dog Leash 00604 TEL04,076484600395,Coastal,leashesAndCollars,10.89
8122,Coastal Single-Ply Dog Leash 00606 BLK06,076484044205,Coastal,leashesAndCollars,11.99
8046,Coastal Single-Ply Dog Leash 00606 BLL06,076484731297,Coastal,leashesAndCollars,13.09
8083,Coastal Single-Ply Dog Leash 00606 HUN06,076484045790,Coastal,leashesAndCollars,11.99
8069,Coastal Single-Ply Dog Leash 00606 LIM06,076484606045,Coastal,leashesAndCollars,13.09
8099,Coastal Single-Ply Dog Leash 00606 NPK06,076484044274,Coastal,leashesAndCollars,11.99
8062,Coastal Single-Ply Dog Leash 00606 ORD06,076484606052,Coastal,leashesAndCollars,13.09
8077,Coastal Single-Ply Dog Leash 00606 PKB06,076484606007,Coastal,leashesAndCollars,13.09
8039,Coastal Single-Ply Dog Leash 00606 PKF06,076484731310,Coastal,leashesAndCollars,13.09
8091,Coastal Single-Ply Dog Leash 00606 PUR06,076484044373,Coastal,leashesAndCollars,11.99
8114,Coastal Single-Ply Dog Leash 00606 RED06,076484044212,Coastal,leashesAndCollars,11.99
8054,"Coastal Single-Ply Dog Leash 00606 TEL06


",076484600401,Coastal,leashesAndCollars,13.09
8121,Coastal Single-Ply Dog Leash 00904 BLK04,076484059803,Coastal,leashesAndCollars,18.59
8045,Coastal Single-Ply Dog Leash 00904 BLL04,076484730160,Coastal,leashesAndCollars,18.59
8106,Coastal Single-Ply Dog Leash 00904 BLU04,076484059827,Coastal,leashesAndCollars,18.59
8068,Coastal Single-Ply Dog Leash 00904 LIM04,076484904073,Coastal,leashesAndCollars,18.59
8098,Coastal Single-Ply Dog Leash 00904 NPK04,076484059926,Coastal,leashesAndCollars,18.59
8061,Coastal Single-Ply Dog Leash 00904 ORD04,076484904080,Coastal,leashesAndCollars,18.59
8076,Coastal Single-Ply Dog Leash 00904 PKB04,076484090400,Coastal,leashesAndCollars,18.59
8038,Coastal Single-Ply Dog Leash 00904 PKF04,076484730184,Coastal,leashesAndCollars,18.59
8090,Coastal Single-Ply Dog Leash 00904 PUR04,,Coastal,leashesAndCollars,18.59
8113,Coastal Single-Ply Dog Leash 00904 RED04,076484059810,Coastal,leashesAndCollars,18.59
8120,Coastal Single-Ply Dog Leash 00906 BLK06,076484060007,Coastal,leashesAndCollars,20.79
8044,Coastal Single-Ply Dog Leash 00906 BLL06,076484731211,Coastal,leashesAndCollars,20.79
8105,Coastal Single-Ply Dog Leash 00906 BLU06,076484060021,Coastal,leashesAndCollars,22.89
8097,Coastal Single-Ply Dog Leash 00906 NPK06,076484060113,Coastal,leashesAndCollars,21.79
8060,Coastal Single-Ply Dog Leash 00906 ORD06,076484906084,Coastal,leashesAndCollars,21.79
8075,Coastal Single-Ply Dog Leash 00906 PKB06,076484090677,Coastal,leashesAndCollars,21.79
8037,Coastal Single-Ply Dog Leash 00906 PKF06,076484731235,Coastal,leashesAndCollars,21.79
8089,Coastal Single-Ply Dog Leash 00906 PUR06,076484060151,Coastal,leashesAndCollars,21.79
8112,Coastal Single-Ply Dog Leash 00906 RED06,076484060014,Coastal,leashesAndCollars,20.79
8052,Coastal Single-Ply Dog Leash 00906 TEL06,076484900396,Coastal,leashesAndCollars,21.79
8800,Coastal Sla06' Soy Leash,076484994647,Coastal,leashesAndCollars,16.89
8801,Coastal Sla06' Soy Leash,076484994647,Coastal,leashesAndCollars,24.99
8790,"Coastal Sla08"" Soy Collar",076484774027,Coastal,leashesAndCollars,8.79
8791,Coastal Sla12' Soy Collar,076484693526,Coastal,leashesAndCollars,10.29
8792,"Coastal Sla18"" Soy Collar",076484954153,Coastal,leashesAndCollars,11.39
8781,"Coastal Sla18"" Soy Harness",,Coastal,leashesAndCollars,16.89
8782,"Coastal Sla24"" Soy Harness",,Coastal,leashesAndCollars,25.39
8803,"Coastal Sla26"" Soy Collar",076484149016,Coastal,leashesAndCollars,14.99
8775,"Coastal Sla30"" Soy Harness",076484264504,Coastal,leashesAndCollars,27.59
8773,"Coastal Sla30"" Soy Harness",001556121993,Coastal,leashesAndCollars,29.79
8774,"Coastal Sla38"" Soy Harness",076484149542,Coastal,leashesAndCollars,39.19
8739,Coastal Sls06' Leash,076484769979,Coastal,leashesAndCollars,20.89
8733,"Coastal Sls12"" Collar",076484471032,Coastal,leashesAndCollars,10.89
8728,"Coastal Sls18"" Collar",076484616464,Coastal,leashesAndCollars,12.89
8721,"Coastal Sls26"" Collar",,Coastal,leashesAndCollars,17.89
9009,Coastal Small Aliens14 Collar,076484693526,Coastal,leashesAndCollars,9.09
9012,Coastal Small Dinosaurs14 Collar,076484065231,Coastal,leashesAndCollars,9.09
9007,Coastal Small Frosted Donuts14 Collar,076484065231,Coastal,leashesAndCollars,9.09
9003,Coastal Small Llamas14 Collar,076484089800,Coastal,leashesAndCollars,9.09
9001,Coastal Small Pineapples14 Collar,076484693526,Coastal,leashesAndCollars,9.09
9005,Coastal Small Unicorns14 Collar,076484632648,Coastal,leashesAndCollars,9.09
8714,Coastal Snake Print Extra Extra Small Harness,7648540906,Coastal,leashesAndCollars,25.29
8713,Coastal Snake Print Extra Small Harness,7648540916,Coastal,leashesAndCollars,25.29
8711,Coastal Snake Print Medium Harness,7648540926,Coastal,leashesAndCollars,34.29
8712,Coastal Snake Print Small Harness,076484668333,Coastal,leashesAndCollars,34.29
8741,Coastal Snp06' Leash,076484204661,Coastal,leashesAndCollars,20.89
8735,"Coastal Snp12"" Collar",076484364624,Coastal,leashesAndCollars,10.89
8730,"Coastal Snp18"" Collar",076484643149,Coastal,leashesAndCollars,12.89
8723,"Coastal Snp26"" Collar",076484560026,Coastal,leashesAndCollars,17.89
9145,Coastal Soft Basket Muzzle Size 1,076484136085,Coastal,accessories,20.79
9144,Coastal Soft Basket Muzzle Size 2,076484136078,Coastal,accessories,22.09
9143,Coastal Soft Basket Muzzle Size 3,076484136092,Coastal,accessories,21.79
9142,Coastal Soft Basket Muzzle Size 4,076484136061,Coastal,accessories,27.29
9141,Coastal Soft Basket Muzzle Size 5,076484136108,Coastal,accessories,25.09
9140,Coastal Soft Basket Muzzle Size 6,076484136054,Coastal,accessories,35.29
8717,Coastal Solid Extra Extra Small Harness,076484087868,Coastal,leashesAndCollars,25.29
8677,Coastal Solid Extra Small Harness,7648464805,Coastal,leashesAndCollars,34.59
8625,Coastal Solid Large Harness,076484634628,Coastal,leashesAndCollars,46.49
8715,Coastal Solid Medium Harness,076484634628,Coastal,leashesAndCollars,34.29
8716,Coastal Solid Small Harness,,Coastal,leashesAndCollars,34.29
8642,Coastal Ssomed Harness,076484763403,Coastal,leashesAndCollars,42.99
8664,Coastal Ssosml Harness,076484763403,Coastal,leashesAndCollars,34.59
8738,Coastal Suf06' Leash,076484129476,Coastal,leashesAndCollars,20.89
8732,"Coastal Suf12"" Collar",,Coastal,leashesAndCollars,10.89
8727,"Coastal Suf18"" Collar",,Coastal,leashesAndCollars,12.89
8720,"Coastal Suf26"" Collar",,Coastal,leashesAndCollars,17.89
8706,Coastal Sunflower Extra Extra Small Harness,7648426415,Coastal,leashesAndCollars,25.29
8705,Coastal Sunflower Extra Small Harness,7648426515,Coastal,leashesAndCollars,25.09
8704,Coastal Sunflower Medium Harness,,Coastal,leashesAndCollars,34.29
8533,Coastal Tel18 Harness,076484763403,Coastal,leashesAndCollars,13.19
8520,Coastal Tel24 Harness,076484763403,Coastal,leashesAndCollars,17.09
8511,Coastal Tel30 Harness,076484143410,Coastal,leashesAndCollars,21.39
8500,Coastal Tel38 Harness,076484648069,Coastal,leashesAndCollars,28.19
8821,Coastal Ww020 Collar,,Coastal,leashesAndCollars,15.59
8829,Coastal Ww026 Collar,,Coastal,leashesAndCollars,18.59
8833,Coastal Ww206 Leash,,Coastal,leashesAndCollars,20.69
8813,Coastal Ww214 Collar,076484670374,Coastal,leashesAndCollars,10.19
8817,Coastal Ww220 Collar,076484670725,Coastal,leashesAndCollars,11.69
8810,Coastal Ww220 Collar,009631609951,Coastal,leashesAndCollars,20.09
8812,Coastal Ww222 Collar,,Coastal,leashesAndCollars,20.09
8816,Coastal Ww224 Collar,076484730122,Coastal,leashesAndCollars,19.09
8824,Coastal Ww226 Collar,076484633157,Coastal,leashesAndCollars,11.99
8811,Coastal Ww226 Collar,076484262180,Coastal,leashesAndCollars,20.09
8823,"Coastal Ww226"" Leash",,Coastal,leashesAndCollars,19.09
8834,Coastal Ww406 Leash,076484039508,Coastal,leashesAndCollars,21.69
8814,Coastal Ww414 Collar,076484623424,Coastal,leashesAndCollars,10.19
8818,Coastal Ww420 Collar,,Coastal,leashesAndCollars,11.69
8825,Coastal Ww426 Collar,,Coastal,leashesAndCollars,11.99
8835,Coastal Ww506 Leash,,Coastal,leashesAndCollars,20.69
8815,Coastal Ww514 Collar,076484421624,Coastal,leashesAndCollars,10.19
8819,Coastal Ww520 Collar,076484643354,Coastal,leashesAndCollars,11.69
8826,Coastal Ww526 Collar,076484063077,Coastal,leashesAndCollars,11.49
8839,Coastal Wwl06 Leash,076484300400,Coastal,leashesAndCollars,33.19
8822,Coastal Wwl20 Collar,,Coastal,leashesAndCollars,15.59
8830,Coastal Wwl26 Collar,,Coastal,leashesAndCollars,17.69
8838,Coastal Wwo06 Leash,076484886603,Coastal,leashesAndCollars,31.59
8226,Cool Stripe Sweater Gray Large,,Coastal,accessories,26.19
8248,Cosmic Hoodie Navy Extra Small,660204031837,Coastal,accessories,19.69
8235,Dog Polo Pruple Extra Large,,Coastal,accessories,21.79
8237,Dog Polo Purple Large,,Coastal,accessories,21.79
8236,Dog Polo Purple Medium,,Coastal,accessories,21.79
8238,Dog Polo Purple Small,,Coastal,accessories,21.79
8239,Dog Polo Red Large,,Coastal,accessories,21.79
8240,Dog Polo Red Small,,Coastal,accessories,21.79
8228,Dog Tank Top Coral Extra Large,,Coastal,accessories,11.99
8230,Dog Tank Top Coral Extra Small,,Coastal,accessories,11.99
8229,Dog Tank Top Coral Small,,Coastal,accessories,11.99
8231,Dog Tank Top Drk Green Small,,Coastal,accessories,11.99
8232,Dog Tanktop Drk Green Large,,Coastal,accessories,11.99
8234,Dog Tanktop Green Large,,Coastal,accessories,11.99
8233,Dog Tanktop Pink Medium,,Coastal,accessories,11.99
8227,Dotswt Green Large,,Coastal,accessories,26.19
9041,Li'l Pals Extra Small Collar Black08,076484410048,Coastal,leashesAndCollars,7.19
9043,Li'l Pals Extra Small Collar Blu08,076484410062,Coastal,leashesAndCollars,7.69
9042,Li'l Pals Extra Small Collar Npk08,076484301438,Coastal,leashesAndCollars,11.99
9044,Li'l Pals Extra Small Collar Red08,076484410031,Coastal,leashesAndCollars,7.69
9040,Li'l Pals Extra Small Harness Blackpxs,076484638350,Coastal,leashesAndCollars,23.99
9046,Li'l Pals Small Collar Red10,076484322273,Coastal,leashesAndCollars,13.69
9045,Li'l Pals Small Harness Ryppsm,076484624926,Coastal,leashesAndCollars,26.39
8242,Moon & Stars Pj Blue Extra Large,,Coastal,accessories,22.89
8250,Nibbles Small Pet Chew,018214829270,Coastal,smallanimal,5.49
8249,Nibbles Small Pet Chew,018214816218,Coastal,smallanimal,7.69
9000,"Rascals 3"" Hamburger",076484093890,Coastal,toys,6.59
9132,Safari Cat Nail Trimmer,076484006074,Coastal,healthcare,13.09
9157,Safari Nail Trimmer Small Dogs,076484510656,Coastal,healthcare,10.89
8222,Safari Shedding Comb,076484005657,Coastal,healthcare,13.09
9131,Safari Shedding Comb,076484959509,Coastal,healthcare,15.29
8241,Teddybear Hood Robe Extra Small,,Coastal,accessories,27.29
8247,Tex Cable Sweater Sage Extra Small,,Coastal,accessories,22.89
8243,Texcable Sweater Sage Extra Large,,Coastal,accessories,29.49
8244,Texcable Sweater Sage Large,,Coastal,accessories,27.29
8245,Texcable Sweater Sage Medium,,Coastal,accessories,21.79
8246,Texcable Sweater Sage Small,076484468148,Coastal,accessories,21.79
8225,Untucked Cab Sweet Navy Medium,076484510649,Coastal,accessories,21.79
8219,coastal Safari Shed Magic Long Hair Large Dog,076484961274,Coastal,healthcare,35.99
7661,coastal collar black bones 14,,Coastal,leashesAndCollars,9.89
7707,coastal collar ppa26,076484619120,Coastal,leashesAndCollars,27.99
7710,coastal collar psa26,076484197321,Coastal,leashesAndCollars,27.99
7715,coastal collar psf 18,076484471049,Coastal,leashesAndCollars,20.79
7709,coastal collar psf28,076484197314,Coastal,leashesAndCollars,29.49
7706,"coastal collar rwp26""",076484619762,Coastal,leashesAndCollars,27.99
7666,"coastal collar special paws 14""",076484184802,Coastal,leashesAndCollars,9.89
7713,coastal collar tsa18,076484471056,Coastal,leashesAndCollars,20.79
7711,coastal collar ybc 12,076484647185,Coastal,leashesAndCollars,17.59
7663,"coastal collars red bones 12""",076484551048,Coastal,leashesAndCollars,8.79
7691,coastal control harness large,076484093784,Coastal,leashesAndCollars,24.89
7690,coastal control harness medium,076484093777,Coastal,leashesAndCollars,24.89
7689,coastal control harness small,076484093760,Coastal,leashesAndCollars,24.19
8217,oastal Long Hair Slicker Large,076484468148,Coastal,healthcare,24.79
1242,Doggy Bahama Orange 4oz,653373805002,Coastal Pet,accessories,21.79
1241,Doggy Bahama Pink 4oz,653373806009,Coastal Pet,accessories,21.79
5300,Cichlid Hut,048081010051,Cobalt Aquatics,aquatics,7.69
5605,Cobalt C-vue45,856713005371,Cobalt Aquatics,aquatics,43.59
7660,Coastal Safari Curved Firm Slicker Large,076484946608,Coiastal,healthcare,14.19
1944,Comfortzone Cat Calming Diffuser Ref,039079003537,Comfort Zone,healthcare,25.09
1943,Comfortzone Cat Calming Kit,039079003377,Comfort Zone,healthcare,38.19
1945,Comfortzone Cat Spray & Scratch,039079002141,Comfort Zone,healthcare,22.89
7525,Crazy Cat Wormer,012104975085,Crazy Cat,healthcare,10.89
5236,Crazycat Kitten Wrmer 4oz,044472017632,Crazy Cat,accessories,10.89
4713,Crazy Dog Mini Bacon,012104891040,Crazy Dog,dogTreats,8.79
4715,Crazy Dog Mini Beef,012104893044,Crazy Dog,dogTreats,8.79
4714,Crazy Dog Mini Chicken,012104892047,Crazy Dog,dogTreats,8.79
5737,Pond Mag Model 5,025033025127,Danner,aquatics,141.69
5736,Aqua-mag Mag Drive Water Pump Model 2,,Danner Manufacturing,aquatics,108.99
6079,Diamond Als Chicken 40lb,074198608201,Diamond,dogFood,50.19
6461,Diamond Beef 13.2oz,074198612734,Diamond,dogFood,3.39
6688,Diamond Cat Chicken 5.5oz,074198612765,Diamond,catFood,1.49
6672,Diamond Cat Maint 20lb,074198004201,Diamond,catFood,25.09
6671,Diamond Cat Maint 6lb,074198004065,Diamond,catFood,9.89
6687,Diamond Cat Whitefish 5.5oz,074198612758,Diamond,catFood,1.59
6083,Diamond Grain Free Frozen 28lb,026716800000,Diamond,dogFood,50.19
6670,Diamond Indoor 6lb,074198608126,Diamond,dogFood,15.29
6669,Diamond Kitten 6lb,074198608775,Diamond,catFood,11.99
6460,Diamond Lamb 13.2oz,074198612727,Diamond,dogFood,3.39
6103,Diamond Lamb 20lb,074198608164,Diamond,dogFood,31.69
6104,Diamond Lamb 40lb,074198608171,Diamond,dogFood,49.09
6102,Diamond Lamb 6lb,074198608157,Diamond,dogFood,13.09
6085,Diamond Large Breed 40lb,074198608393,Diamond,dogFood,47.99
6084,Diamond Large Breed Lamb 40lb,074198610693,Diamond,dogFood,51.29
6081,Diamond Light 15lb,074198610662,Diamond,dogFood,29.49
6082,Diamond Light 30lb,074198610679,Diamond,dogFood,46.89
6097,Diamond Mainten 20lb,074198003204,Diamond,dogFood,26.19
6098,Diamond Mainten 40lb,074198003402,Diamond,dogFood,41.49
6107,Diamond Original 50lb,074198000500,Diamond,dogFood,43.59
6100,Diamond Prem 20lb,074198010202,Diamond,dogFood,30.59
6101,Diamond Prem 50lb,074198010509,Diamond,dogFood,54.49
6099,Diamond Premium 6lb,074198615674,Diamond,dogFood,11.99
6093,Diamond Puppy 20lb,074198002207,Diamond,dogFood,28.39
6094,Diamond Puppy 40lb,074198002405,Diamond,dogFood,46.89
6092,Diamond Puppy 6lb,074198615681,Diamond,dogFood,13.09
6096,Diamond Puppy Large Breed 40lb,074198608379,Diamond,dogFood,57.79
6095,Diamond Puppy Large Breed 6lb,074198608355,Diamond,dogFood,15.29
6080,Diamond Senior 35lb,074198608430,Diamond,dogFood,47.99
6105,Diamond Skin 15lb,074198613854,Diamond,dogFood,31.69
6106,Diamond Skin 30lb,074198613847,Diamond,dogFood,47.99
6075,Diamond Small Breed Chicken 18lb,074198608287,Diamond,dogFood,35.99
6074,Diamond Small Breed Chicken 6lb,074198608270,Diamond,dogFood,16.39
6076,Diamond Small Breed Lamb 18lb,074198608300,Diamond,dogFood,34.89
6078,Diamond Small Breed Puppy 18lb,074198608249,Diamond,dogFood,40.39
6077,Diamond Small Breed Puppy 6lb,074198608232,Diamond,dogFood,16.39
9246,Professional Grain Free Lamb & Lentil 28lb,074198613793,Diamond,food,43.59
9242,Diamond Naturals Small & Medium Breed Puppy 40lb,074198608256,Diamond Naturals,dogFood,58.89
4650,Dingo Munchy Stix 10pk,615650220403,Dingo,dogTreats,3.29
6194,"Exercise Pen 48""",029695550157,Dockstel,dogCages,201.69
1550,Dirty Dog Door Mat,849670008189,Dog Gone Smart,accessories,45.79
1733,Cat/Doglife Filter Cartridge Replace,030172084652,Dog Life,accessories,9.89
2837,Dogslife Fleece Slipper,030172024726,Dog Life,accessories,5.49
6939,Dogo's Ice Cream Ched Bac,850529003927,Dog-O's,accessories,4.39
6938,Dogo's Ice Cream Pumpkin,850529003897,Dog-O's,aquatics,4.39
6940,Dogo's Ice Cream Vanilla,850529003903,Dog-O's,accessories,4.39
7526,Pet5 Wormer,012104436081,Dogs Well,healthcare,14.19
1631,Dogswell Diarrhea Aid,012104432083,Dogswell,healthcare,13.09
4721,Dogswell Gut Health Jerky,,Dogswell,dogTreats,22.89
7396,Dogswell Gut Health Jerky,693804132307,Dogswell,food,22.89
4722,Dogswell Hip & Joint Jerky,850005524076,Dogswell,dogTreats,23.99
1632,Dogswell Hydrocortisone,012104420042,Dogswell,healthcare,16.39
1485,Dogswell Liquid Bandage,012104434049,Dogswell,healthcare,11.99
4720,Dogswell Skin & Coat Jerky,096316671478,Dogswell,dogTreats,23.99
2391,Dr. Elsey's Cat Attract Litter,000338007771,Dr. Elsey's,accessories,29.49
2390,Dr. Elsey's Kitten Attract,000338007207,Dr. Elsey's,accessories,29.49
1480,Durvet Activated Charcoal,745801712508,Durvet,healthcare,21.79
1374,Durvet Chlorhexidine Solution 16oz,745801102583,Durvet,healthcare,10.89
5235,Durvet Feline Worm Ease Liquid 4oz,030172095771,Durvet,accessories,10.89
1487,Durvet Ivermectin Pour on,745801110403,Durvet,healthcare,64.39
1486,Durvet Ivermectin Sheep Drench,745801110670,Durvet,healthcare,28.39
5234,Durvet Liquid Wormer 2X Dogs 2oz,030172105456,Durvet,accessories,16.39
1463,Durvet Medicated Antimicrofun Flush,745801515109,Durvet,healthcare,11.99
1462,Durvet Medicated Antimicrofung Sham,745801515048,Durvet,healthcare,23.99
1459,Durvet Medicated Itch Spray,745801515017,Durvet,healthcare,27.29
1464,Durvet Naturals Deo Shampoo,745801511026,Durvet,healthcare,11.99
1460,Durvet Remedies Iodine Shampoo,745801511064,Durvet,healthcare,16.39
1461,Durvet Remedis Hot Spot Mist,745801511194,Durvet,healthcare,10.89
5232,Durvet Triple Wormer 12pk Chw Puppy,048081008218,Durvet,accessories,46.89
5230,Durvet Triple Wormer 2pk Chews Mdlg,644472017144,Durvet,accessories,25.09
5231,Durvet Triple Wormer 2pk Chw Puppy,048081008218,Durvet,accessories,14.19
5233,Durvet Worm Ease Liquid 8oz,096316700116,Durvet,accessories,13.09
7527,Liquid Wormer 2x 2oz,745801011700,Durvet,healthcare,16.39
7528,Liquid Wormer 2x 8oz,745801011717,Durvet,healthcare,32.69
7531,Triple Wormer Medium and Large Dog 12 Chewable,745801177123,Durvet,healthcare,75.29
7529,Triple Wormer Medium and Large Dog 2 Chewable,745801177031,Durvet,healthcare,25.09
7533,Triple Wormer Small Dogs and Puppies 12 Chewable,745801176126,Durvet,healthcare,49.09
7532,Triple Wormer Small Dogs and Puppies 2 Chewable,745801176034,Durvet,healthcare,14.19
7523,Worm Eze Liquid,745801105454,Durvet,healthcare,13.09
7524,Worm Eze Liquid Feline,745801105447,Durvet,healthcare,10.89
7425,Earthbath 2 in 1 Conditioning Shampoo Mango Tango,602644020910,Earthbath,healthcare,26.19
7417,Earthbath 3 in 1 Deoderizing Spritz,602644022068,Earthbath,healthcare,18.59
7424,Earthbath 3 in 1 Deoderizing Spritz Mango Tango,602644022044,Earthbath,healthcare,18.59
7426,Earthbath 3 in 1 Deodorizing Spritz Lavender,,Earthbath,healthcare,18.59
7418,Earthbath 3 in 1 Spritz Vanilla Almond,602644022037,Earthbath,healthcare,18.59
7427,Earthbath Coat Brightening Shampoo,602644020316,Earthbath,healthcare,26.19
7416,Earthbath Hot Spot Relief Spray,602644022013,Earthbath,healthcare,18.59
7421,Earthbath Hypo-Allergenic Shampoo,602644020514,Earthbath,healthcare,26.19
1959,Earthbath Hypoallergenic Cat Shamp,602644021221,Earthbath,healthcare,23.99
7420,Earthbath Oatmeal & Aloe Conditioner,602644020811,Earthbath,healthcare,26.19
7422,Earthbath Puppy Spritz Wilderness Cherry,602644022075,Earthbath,Healthcare,18.59
7419,Earthbath Shed Control Conditioner,602644021924,Earthbath,healthcare,26.19
1238,Earthbath Stress Release Spritz Euc & Peppermint,602644022020,Earthbath,healthcare,16.39
7423,Earthbath Ultra-Mild Puppy Shampoo,602644021313,Earthbath,healthcare,26.19
6330,Earthborn Coastal Catch 12.5lb,034846540215,Earthborn,catFood,38.19
6331,Earthborn Coastal Catch 25lb,034846540208,Earthborn,catFood,56.69
9185,Earthborn Holistic Harbor Harvest 3oz,034846715132,Earthborn,food,1.69
6329,Earthborn Meadow 25lb,034846540307,Earthborn,dogFood,57.79
7550,Advantage Extra Large 6 Monthly Doses,724089203212,Elanco,healthcare,91.59
7555,Advantage Ferret 2 Monthly Doses,724089114112,Elanco,healthcare,37.09
7544,Advantage Kitten 2 Month,724089114167,Elanco,healthcare,37.09
7549,Advantage Large 6 Monthly Doses,724089202918,Elanco,healthcare,98.19
7546,Advantage Large Cat 6 monthly Doses,724089202321,Elanco,healthcare,91.59
7548,Advantage Medium 6 Monthly Doses,724089202758,Elanco,healthcare,104.69
815,Advantage Shampoo Cat,24089792730,Elanco,healthcare,14.19
814,Advantage Shampoo Dogs,724089792730,Elanco,healthcare,14.19
7545,Advantage Small Cat 6 Monthly Doses,724089202161,Elanco,healthcare,91.59
7547,Advantage Small Dog 6 monthy Doses,724089202598,Elanco,healthcare,98.19
816,Advantage Treatment Spray Dog,724089113467,Elanco,healthcare,16.39
9385,Advantage Treatment spray cat,724089113450,Elanco,accessories,13.09
7551,Advantix Extra Large over 55lb 6 month,724089204295,Elanco,healthcare,117.79
7552,Advantix Large 21-55 6 month,724089204028,Elanco,healthcare,117.79
7553,Advantix Medium 11-20 6 month,724089203809,Elanco,healthcare,117.79
7554,Advantix Small 4-10 6 month,724089203649,Elanco,healthcare,124.29
7542,Seresto Cat,724089579522,Elanco,healthcare,87.19
7543,Seresto Large Dog,724089579607,Elanco,healthcare,87.19
1277,Espree 2in1 Simple Soothe,748406003996,Espree,healthcare,14.19
7615,Espree Tea Tree & Aloe Shampoo 20oz,748406003873,Espree,healthcare,19.69
7646,Espree Wavy Curly Detangler Spray 12oz,748406003514,Espree,healthcare,11.99
1239,Espress Calming Waters,748406003330,Espree,healthcare,11.99
8002,Estes Spectrastone Natural Aquarium Gravel Shallow Creek 5lb,034652115096,Estea,aquatics,7.69
5105, Estes White Sand 5lb,034652066077,Estes,aquatics,8.79
8016,Estes Aquarium Gravel Red Flint 25lb,034652168252,Estes,aquatics,35.99
5106,Estes Black Sand 5lb,034652066060,Estes,aquatics,8.79
5124,Estes Cherokee 5lb Gravel,034652164056,Estes,aquatics,8.79
5123,Estes Jumbo Nautral 5lb Gravel,034652155016,Estes,aquatics,8.79
5125,Estes Nutmeg 5lb Gravel,034652105035,Estes,aquatics,7.69
7998,"Estes Spectrastone Aquarium Mini Gravel Permaglo, Black Lagoon 5lb",034652226051,Estes,aquatics,8.79
7993,"Estes Spectrastone Aquarium Mini Gravel Permaglo, Rainbow 5lb",034652225054,Estes,aquatics,8.79
8013,Estes Spectrastone Pebble Aquarium Gravel Nutmeg Pebble 25lb, 034652107039,Estes,aquatics,31.69
8014,Estes Spectrastone Pebble Aquarium Gravel Shallow Creek Pebble 25lb,034652107015,Estes,aquatics,31.69
7995,Estes Spectrastone Permaglo Aquarium Gravel Lavendar 5lb,,Estes,aquatics,8.79
8011,Estes Spectrastone Special Aquarium Gravel Black 25lb,034652407061,Estes,aquatics,28.39
8012,Estes Spectrastone Special Aquarium Gravel Blue 25lb, 034652407023,Estes,aquatics,28.39
8006,Estes Spectrastone Special Aquarium Gravel Blue 5lb,034652405029,Estes,aquatics,5.49
7996,Estes Spectrastone Special Aquarium Gravel Green 5lb,034652405036,Estes,aquatics,7.69
8004,Estes Spectrastone Special Aquarium Gravel Lake Green 5lb,015851152051,Estes,aquatics,6.59
8005,Estes Spectrastone Special Aquarium Gravel Light Blue 5lb,034652405081,Estes,aquatics,7.69
7997,Estes Spectrastone Special Aquarium Gravel Red 5lb,034652405012,Estes,aquatics,7.69
8010,Estes Spectrastone Special Aquarium Gravel White 25lb, 034652407078,Estes,aquatics,28.39
5103,"Estes Stoney River Aquarium Sand
Carribbean Beach 5lb",034652066084,Estes,aquatics,8.79
8009,Estes Stoney River Aquarium Sand Aquatic Black 25lb,034652067067,Estes,aquatics,38.19
8008,Estes Stoney River Aquarium Sand Aquatic White 25lb,034652067074,Estes,aquatics,38.19
5104,Estes Stoney River Aquarium Sand Java Beach 5lb,034652066091,Estes,aquatics,8.79
8001,Estes Stoney River Mexican Beach Pebbles 5lb,034652169051,Estes,aquatics,10.89
8015,Estes Stoney River Premium Jumbo Gems Aquarium Gravel Natural 25lb,034652157010,Estes,aquatics,35.99
2300,1pt Mirror Finish Ss Dish,077234060605,Ethical Pet,accessories,3.29
2302,1qt Mirror Finish Ss Dish,077234060629,Ethical Pet,accessories,4.39
2303,2qt Mirror Finish Ss Dish,077234060629,Ethical Pet,accessories,7.69
4547,"Bam-bones + 5"" Tripod Bison",077234549186,Ethical Pet,dogTreats,6.59
4545,"Bam-bones + Stck 9.5"" Chick",077234545591,Ethical Pet,dogTreats,11.99
4546,"Bam-bones + Stick 5.25"" Chick",077234545584,Ethical Pet,dogTreats,5.49
4549,"Bam-bones Bone 7.25"" Chicken",077234543184,Ethical Pet,dogTreats,6.59
4548,"Bam-bones Branch 5.75"" Beef ",077234545560,Ethical Pet,dogTreats,5.49
4552,"Bam-bones Wishbone 7"" Chicken",077234543146,Ethical Pet,dogTreats,7.69
1625,"Best Friends Cat 6"" Dish",077234546932,Ethical Pet,accessories,8.79
5894,Camo Sweatshirt Extra Large,077234500071,Ethical Pet,accessories,28.39
1245,Ck-9 Cologne 4oz,653373000728,Ethical Pet,healthcare,23.99
1709,Crock Heavyweight 106oz,079441003055,Ethical Pet,accessories,14.19
1707,Crock Heavyweight 20oz,079441003031,Ethical Pet,accessories,5.49
1708,Crock Heavyweight 52oz,079441003048,Ethical Pet,accessories,9.89
2831,"Dura-fused Dinosaur 11"" Assorted",077234549230,Ethical Pet,accessories,11.99
1633,Mediterranean Stainless Steel Double 1 Pint,077234058497,Ethical Pet,accessories,30.59
1634,Mediterranean Steel Double Diner 1 Qt,077234058503,Ethical Pet,accessories,32.69
7180,Penn Plax Feeder 3 Day,,Ethical Pet,aquatics,4.39
2807,"Spot Axolotl 6""",,Ethical Pet,toys,7.69
2810,"Spot Axolotl Butterball 7""",077234549643,Ethical Pet,toys,9.89
2809,"Spot Axolotl Mermaid 10""",077234549650,Ethical Pet,toys,9.89
2798,Spot Axolotl Stuffing Free,077234549681,Ethical Pet,toys,9.89
2808,Spot Axolotl W Duck Tube,077234549674,Ethical Pet,toys,10.89
2811,Spot Axolotl in Swimwear,077234549667,Ethical Pet,toys,9.89
2835,Spot Ball Ina Bottle,077234549582,Ethical Pet,toys,9.89
2836,Spot Double Knot Tug String Flex,77234549056,Ethical Pet,toys,14.19
2832,"Spot Fluff Ball 8.5""",077234549278,Ethical Pet,toys,9.89
2828,Spot Lvtheearth Stuff Free Crock,077234547526,Ethical Pet,toys,10.89
2800,Spot Slithery Snake,077234522226,Ethical Pet,toys,13.09
2801,Spot Snuffle Roll Assorted Pzzle,077234548257,Ethical Pet,toys,10.89
2794,"Spot Sooth Blanket Toy 10""",077234541692,Ethical Pet,toys,9.89
2797,"Spot Sooth Crinkle Toy 13""",077234541708,Ethical Pet,toys,13.09
2793,"Spot Sooth Tabbie Lambie 8""",077234548530,Ethical Pet,toys,10.89
2791,"Spot Sooth Warm Hug Bone 12""",077234548523,Ethical Pet,toys,9.89
2795,"Spot Sooth Warm Hug Pal 10""",077234548509,Ethical Pet,toys,14.19
2792,"Spot Sooth Wrm Hug Bone 9""",077234548516,Ethical Pet,toys,7.69
1698,"4.75"" Stoneware Crock Dog Dish",077234061152,Ethical Products,accessories,9.89
1716,"7.50"" Stoneware Crock Dog Dish",077234061176,Ethical Products,accessories,17.49
1717,"9.50"" Stoneware Crock Dog Dish",077234061183,Ethical Products,accessories,26.19
4550,Bam-Bone Dental 5.75 Peanut Butter Flavor,077234546260,Ethical Products,dogTreats,7.69
4551,Bam-Bone Dental 7.5 X-Bone Apple,077234546123,Ethical Products,dogTreats,11.99
4553,"Bam-Bone Wishbone 7"" Bacon",077234543153,Ethical Products,dogTreats,7.69
7805,"Bam-Bones Plus 7"" Triple Chew",077234547731,Ethical Products,treats,13.09
4558,"Bam-bone 4"" Triple Chew Bison",077234547724,Ethical Products,dogTreats,5.49
7804,"Bam-bones 9.5"" Beef ",077234545577,Ethical Products,treats,13.09
7809,"Bam-bones Bone 5.75"" Chicken",077234543160,Ethical Products,dogTreats,5.49
7806,"Bam-bones Plus 4"" Small Beef",077234544891,Ethical Products,treats,5.49
7808,"Bam-bones Plus 6"" Medium Chicken",077234544907,Ethical Products,treats,8.79
7807,"Bam-bones Plus 7"" Large Beef",077234544938,Ethical Products,treats,16.39
4557,Bambne + 6 Medium Beef,9631670022,Ethical Products,dogTreats,7.69
4555,Bambne Wishbone 5.25 Bacon,077234543184,Ethical Products,dogTreats,5.49
4554,Bambne Wishbone 5.25 Chicken,077234543122,Ethical Products,dogTreats,5.49
4556,Bambne+ 7lg Chck,077234544921,Ethical Products,dogTreats,15.29
2789,KFC Chicken Box,077234332313,Ethical Products,accessories,9.89
2787,KFC Famous Bowl,077234332245,Ethical Products,accessories,7.69
2790,KFC Fries & Drumette 2pk,077234332290,Ethical Products,accessories,9.89
2202,KFC Sauce & Drumstick,077234332214,Ethical Products,toys,7.69
6622,Eukanuba Beef & Vegetable 12.5oz,751486000694,Eukanuba,dogFood,3.89
6623,Eukanuba Chicken & Beef 12.5 oz,751486000717,Eukanuba,dogFood,3.89
6624,Eukanuba Lamb 13.2oz,751486000748,Eukanuba,dogFood,3.59
6327,Eukanuba Large Breed 30lb,030111302052,Eukanuba,dogFood,95.99
6328,Eukanuba Large Breed Lamb 30lb,030111310019,Eukanuba,dogFood,105.79
6326,Eukanuba Medium Br 16lb,030111160027,Eukanuba,dogFood,61.09
7761,Eukanuba Small Bite 16lb,030111160010,Eukanuba,food,58.89
7762,Eukanuba Small Bite 4.5lb,030111704504,Eukanuba,food,25.09
6325,Eukanuba Small Breed 4.5lb,030111804501,Eukanuba,dogFood,26.19
6324,Eukanuba Small Breed Puppy 15lb,030111150066,Eukanuba,dogFood,65.39
6323,Eukanuba Small Breed Puppy 4.5lb,030111208903,Eukanuba,dogFood,27.29
5301,Breeding Cone,030172005442,Exo Terra,reptiles,19.69
665,Buffalo Skull,015561228572,Exo Terra,reptiles,27.29
71,Buffalo Worm Dish,015561228084,Exo Terra,reptiles,15.29
7603,Exo Tedrra Waterfall Small,015561229104,Exo Terra,reptiles,50.19
87,Exo Terra 10g Sand Mat,015561225656,Exo Terra,reptiles,19.69
86,Exo Terra 20g L Sand Mat,015561225663,Exo Terra,reptiles,28.39
78,Exo Terra 40 Gallon Sand Mat,015561225670,Exo Terra,reptiles,38.19
79,Exo Terra 60 Gallon Sand Mat,015561225687,Exo Terra,reptiles,43.59
558,Exo Terra Abutilon Silk Large,015561230520,Exo Terra,reptiles,18.59
557,Exo Terra Abutilon Silk Medium,015561230421,Exo Terra,reptiles,13.09
556,Exo Terra Abutilon Silk Small,015561230322,Exo Terra,reptiles,8.79
555,Exo Terra Amapallo Large,015561230520,Exo Terra,reptiles,16.39
551,Exo Terra Amapallo Medium,015561230421,Exo Terra,reptiles,10.89
686,Exo Terra Anthurium Bush,015561229920,Exo Terra,reptiles,14.19
759,Exo Terra Aquatic Turtle Kit 20l,015561238939,Exo Terra,reptiles,152.59
156,Exo Terra Aquatize,015561219792,Exo Terra,reptiles,10.89
28,Exo Terra Bahariya Black Stone Desert Substrate 11 lb,015561234173,Exo Terra,reptiles,17.49
670,Exo Terra Barrel Cactus Medium,015561229852,Exo Terra,reptiles,15.29
671,Exo Terra Barrel Cactus Small,015561229807,Exo Terra,reptiles,11.99
692,Exo Terra Big Rock Large,015561231732,Exo Terra,reptiles,67.59
693,Exo Terra Big Rock Medium,015561231930,Exo Terra,reptiles,32.69
694,Exo Terra Big Rock Small,015561231923,Exo Terra,reptiles,19.69
27,Exo Terra Bio-Drain 4.4lb,015561231152,Exo Terra,reptiles,11.99
128,Exo Terra Black Soldier Fly Larvae,015561219662,Exo Terra,reptiles,7.69
690,Exo Terra Boston Fern,015561229951,Exo Terra,reptiles,20.79
689,Exo Terra Boxwood Bush,015561229944,Exo Terra,reptiles,15.29
160,Exo Terra Calcium + D3,1556121852,Exo Terra,reptiles,4.39
161,Exo Terra Calcium 15.9 oz,1556121852,Exo Terra,reptiles,13.09
162,Exo Terra Calcium 3.2 oz,1556121851,Exo Terra,reptiles,5.49
148,Exo Terra Calcium Liquid,1556121851,Exo Terra,reptiles,9.89
662,Exo Terra Canopy Cave,015561228701,Exo Terra,reptiles,26.19
72,Exo Terra Canopy Worm Dish,015561228251,Exo Terra,reptiles,27.29
232,Exo Terra Ceramic 100w,1556122046,Exo Terra,reptiles,45.79
231,Exo Terra Ceramic 150w,015561220477,Exo Terra,reptiles,58.89
234,Exo Terra Ceramic 40w,015561220446,Exo Terra,reptiles,46.89
233,Exo Terra Ceramic 60w,1556122045,Exo Terra,reptiles,47.99
654,Exo Terra Cholla Cage Large,015561230520,Exo Terra,reptiles,25.09
652,Exo Terra Cholla Cage Medium,015561229883,Exo Terra,reptiles,17.49
68,Exo Terra Coco Husk Loose 24qt,015561227872,Exo Terra,reptiles,30.59
7450,Exo Terra Combometer,015561224703,Exo Terra,reptiles,49.09
419,Exo Terra Compact Top Medium,015561222273,Exo Terra,reptiles,81.79
417,Exo Terra Compact Top Mini,015561222259,Exo Terra,reptiles,45.79
418,Exo Terra Compact Top Small,015561222266,Exo Terra,reptiles,63.29
650,Exo Terra Conrner Cave Medium,015561231961,Exo Terra,reptiles,11.99
651,Exo Terra Corner Cave Large,015561231978,Exo Terra,reptiles,16.39
649,Exo Terra Corner Cave Small,015561220811,Exo Terra,reptiles,10.89
478,Exo Terra Corner Water Dish Large,015561228282,Exo Terra,reptiles,27.29
477,Exo Terra Corner Water Dish Medium,015561228275,Exo Terra,reptiles,18.59
479,Exo Terra Corner Water Dish X-Large,015561228299,Exo Terra,reptiles,40.39
792,Exo Terra Cricket Pen Large,015561222877,Exo Terra,reptiles,31.69
791,Exo Terra Cricket Pen Small,015561222853,Exo Terra,reptiles,14.19
125,Exo Terra Crickets,015561219600,Exo Terra,reptiles,7.69
660,Exo Terra Crocodile Skull,15561228565,Exo Terra,reptiles,20.79
422,Exo Terra Day & Night Led 3w,015561223362,Exo Terra,reptiles,21.79
239,Exo Terra Daylight Basking 100w,1556122132,Exo Terra,reptiles,16.39
242,Exo Terra Daylight Basking 25w,015561221955,Exo Terra,reptiles,10.89
241,Exo Terra Daylight Basking 50w,015561221313,Exo Terra,reptiles,11.99
240,Exo Terra Daylight Basking 75w,015561221320,Exo Terra,reptiles,11.99
259,Exo Terra Daytime Heat 100w,1556122112,Exo Terra,reptiles,11.99
258,Exo Terra Daytime Heat 150w,015561221146,Exo Terra,reptiles,9.89
263,Exo Terra Daytime Heat 15w,1556122100,Exo Terra,reptiles,9.89
262,Exo Terra Daytime Heat 25w,015561221023,Exo Terra,reptiles,9.89
261,Exo Terra Daytime Heat 40w,015561221047,Exo Terra,reptiles,9.89
260,Exo Terra Daytime Heat 60w,015561221108,Exo Terra,reptiles,9.89
406,Exo Terra Deep Dome Large,015561230520,Exo Terra,reptiles,33.79
405,Exo Terra Deep Dome Small,015561223485,Exo Terra,reptiles,28.39
629,Exo Terra Dinosaur Bone,015561228428,Exo Terra,reptiles,7.69
663,Exo Terra Dinosaur Eggs,015561228411,Exo Terra,reptiles,30.59
126,Exo Terra Earthworms,015561219686,Exo Terra,reptiles,7.69
147,Exo Terra Electrolyte,015561219938,Exo Terra,reptiles,9.89
777,Exo Terra Faunarium Jumbo,15561222655,Exo Terra,reptiles,22.89
774,Exo Terra Faunarium Large,015561222600,Exo Terra,reptiles,16.39
775,Exo Terra Faunarium Medium,015561222556,Exo Terra,reptiles,9.89
776,Exo Terra Faunarium Small,015561230322,Exo Terra,reptiles,6.59
465,Exo Terra Feeding Dish Large,015561228121,Exo Terra,reptiles,22.89
466,Exo Terra Feeding Dish Small,015561228114,Exo Terra,reptiles,11.99
464,Exo Terra Feeding Dish X-Large,015561228138,Exo Terra,reptiles,31.69
559,Exo Terra Ficus Silk Large,015561230506,Exo Terra,reptiles,18.59
673,Exo Terra Finger Cactus,015561229838,Exo Terra,reptiles,11.99
200,Exo Terra Food Cup Holder,015561232593,Exo Terra,reptiles,2.19
588,Exo Terra Forest Branch Large,15561229890,Exo Terra,reptiles,31.69
587,Exo Terra Forest Branch Medium,015561230421,Exo Terra,reptiles,17.49
45,Exo Terra Forest Plume Moss 7 qt. (2/pack),015561230957,Exo Terra,reptiles,10.89
411,Exo Terra Glow Light Large,015561220569,Exo Terra,reptiles,57.79
412,Exo Terra Glow Light Small,015561220521,Exo Terra,reptiles,40.39
129,Exo Terra Grasshoppers,015561219501,Exo Terra,reptiles,7.69
659,Exo Terra Grow Mushrooms,015561228435,Exo Terra,reptiles,31.69
235,Exo Terra Halogen 100w,1556122183,Exo Terra,reptiles,27.29
238,Exo Terra Halogen 25w,015561221979,Exo Terra,reptiles,19.69
237,Exo Terra Halogen 50w,015561221818,Exo Terra,reptiles,21.79
236,Exo Terra Halogen 75w,015561221825,Exo Terra,reptiles,27.29
289,Exo Terra Heatwave Rock Large,015561220040,Exo Terra,reptiles,70.89
288,Exo Terra Heatwave Rock Medium,015561220026,Exo Terra,reptiles,49.09
287,Exo Terra Heatwave Rock Small,15561220040,Exo Terra,reptiles,42.59
525,Exo Terra Hippo Island,015561230667,Exo Terra,reptiles,16.39
325,Exo Terra Humidifier,015561220811,Exo Terra,reptiles,130.79
322,Exo Terra Humidifier Extension Kit,015561242356,Exo Terra,reptiles,38.19
7449,Exo Terra Hygrometer,015561224666,Exo Terra,reptiles,8.79
617,Exo Terra Hygrometer,15561224666,Exo Terra,reptiles,8.79
244,Exo Terra Infrared Basking 100w,1556122144,Exo Terra,reptiles,18.59
243,Exo Terra Infrared Basking 150w,015561221467,Exo Terra,reptiles,22.89
245,Exo Terra Infrared Basking 75w,015561221429,Exo Terra,reptiles,17.49
621,Exo Terra Infrared Thermo,015561224741,Exo Terra,reptiles,43.59
247,Exo Terra Intense Basking 100w,015561221382,Exo Terra,reptiles,15.29
246,Exo Terra Intense Basking 150w,015561221405,Exo Terra,reptiles,17.49
250,Exo Terra Intense Basking 25w,015561221962,Exo Terra,reptiles,8.79
249,Exo Terra Intense Basking 50w,015561221351,Exo Terra,reptiles,14.19
248,Exo Terra Intense Basking 75w,015561221368,Exo Terra,reptiles,14.19
687,Exo Terra Jade Cactus,015561229845,Exo Terra,reptiles,13.09
560,Exo Terra Jungle Vine Large,015561230865,Exo Terra,reptiles,21.79
7454,Exo Terra Jungle Vine Small,015561230858,Exo Terra,reptiles,13.09
783,Exo Terra Large Low,15561230216,Exo Terra,reptiles,217.99
77,Exo Terra Large Sand Mat,015561225694,Exo Terra,reptiles,41.49
331,Exo Terra Large Waterfall,015561229142,Exo Terra,reptiles,91.59
778,Exo Terra Large Wide,15561226134,Exo Terra,reptiles,343.39
751,Exo Terra Leo Gecko Starter Kit 10g,015561238960,Exo Terra,reptiles,152.59
554,Exo Terra Mandarin Large,015561230223,Exo Terra,reptiles,16.39
553,Exo Terra Mandarin Medium,015561230421,Exo Terra,reptiles,10.89
552,Exo Terra Mandarin Small,015561230322,Exo Terra,reptiles,6.59
747,Exo Terra Medium Low,015561230421,Exo Terra,reptiles,141.69
74,Exo Terra Medium Moss Mat,015561224840,Exo Terra,reptiles,19.69
646,Exo Terra Medium Wet Log,015561222273,Exo Terra,reptiles,15.29
779,Exo Terra Medium Wide,15561230766,Exo Terra,reptiles,217.99
76,"Exo Terra Medium, Sand Mat",015561225632,Exo Terra,reptiles,33.79
7602,Exo Terra Mini Mister 16oz,015561224895,Exo Terra,reptiles,5.49
73,Exo Terra Mini Moss Mat,015561224802,Exo Terra,reptiles,7.69
88,Exo Terra Mini Sand Mat,015561225618,Exo Terra,reptiles,15.29
766,Exo Terra Mini Tall,015561222259,Exo Terra,reptiles,87.19
765,Exo Terra Mini Wide,015561226004,Exo Terra,reptiles,65.39
745,Exo Terra Mini X-tall,015561225953,Exo Terra,reptiles,98.09
622,Exo Terra Mini/Max Combometer,015561224703,Exo Terra,reptiles,49.09
620,Exo Terra Mini/Max Hygrometer,15561224772,Exo Terra,reptiles,37.09
616,Exo Terra Mini/Max Thermo,15561224772,Exo Terra,reptiles,23.99
318,Exo Terra Mister 2qt,15561224918,Exo Terra,reptiles,15.29
480,Exo Terra Monsoon Knozzles,015561242004,Exo Terra,reptiles,16.39
323,Exo Terra Monsoon Multi,015561242011,Exo Terra,reptiles,207.09
7600,Exo Terra Monsoon Multi Programable System,015561242011,Exo Terra,reptiles,207.09
324,Exo Terra Monsoon Solo,015561242011,Exo Terra,reptiles,136.29
7601,Exo Terra Monsoon solo,015561242004,Exo Terra,reptiles,136.29
302,Exo Terra Moonlite 5w,015561223676,Exo Terra,reptiles,35.99
531,Exo Terra Moss Ball,15561224789,Exo Terra,reptiles,9.89
562,Exo Terra Moss Vine Large,015561230841,Exo Terra,reptiles,19.69
561,Exo Terra Moss Vine Small,015561230704,Exo Terra,reptiles,16.39
404,Exo Terra Mounting Clips,015561224345,Exo Terra,reptiles,5.49
764,Exo Terra Nano Tall,015561223614,Exo Terra,reptiles,53.49
253,Exo Terra Nigh Heat 75w,015561221306,Exo Terra,reptiles,8.79
252,Exo Terra Night Heat 100w,015561220583,Exo Terra,reptiles,9.89
251,Exo Terra Night Heat 150w,1556122059,Exo Terra,reptiles,11.99
257,Exo Terra Night Heat 15w,1556122120,Exo Terra,reptiles,7.69
256,Exo Terra Night Heat 25w,015561221221,Exo Terra,reptiles,7.69
255,Exo Terra Night Heat 40w,015561221245,Exo Terra,reptiles,7.69
254,Exo Terra Night Heat 50w,015561221269,Exo Terra,reptiles,8.79
664,Exo Terra Primate Skull,015561228596,Exo Terra,reptiles,23.99
203,Exo Terra Replacement Sponge for Cricket Den 2 pc,1556122288,Exo Terra,reptiles,4.39
327,Exo Terra Reptiflo 200,015561220903,Exo Terra,reptiles,23.99
7438,Exo Terra Reptile Cave Large,015561229326,Exo Terra,reptiles,16.39
7436,Exo Terra Reptile Cave Small,015561229302,Exo Terra,reptiles,8.79
7439,Exo Terra Reptile Cave X-Large,015561229333,Exo Terra,reptiles,23.99
7440,Exo Terra Reptile Cave XX-Large,015561229340,Exo Terra,reptiles,38.19
421,Exo Terra Reptile Dome Nano,015561223614,Exo Terra,reptiles,38.19
7598,"Exo Terra Reptile UVB 8w 12""",015561223805,Exo Terra,reptiles,27.29
397,Exo Terra Repuvb100 T5 24w 3%,015561223812,Exo Terra,reptiles,30.59
392,Exo Terra Repuvb100 T5 39w 3%,015561223829,Exo Terra,reptiles,38.19
389,"Exo Terra Repuvb100 T5 54w 3% 46""",015561223836,Exo Terra,reptiles,43.59
400,Exo Terra Repuvb100 T5 8w 3%,015561223805,Exo Terra,reptiles,25.09
395,Exo Terra Repuvb200 T5 24w 7%,015561224277,Exo Terra,reptiles,32.69
391,Exo Terra Repuvb200 T5 39w 7%,15561223409,Exo Terra,reptiles,38.19
388,"Exo Terra Repuvb200 T5 54w 7% 46""",015561224291,Exo Terra,reptiles,43.59
399,Exo Terra Repuvb200 T5 8w 7%,015561224277,Exo Terra,reptiles,27.29
387,"Exo Terra Repuvb300 T5 54w 14% 46""",015561224291,Exo Terra,reptiles,46.89
572,Exo Terra Rock Backround,015561220026,Exo Terra,reptiles,15.29
674,Exo Terra Saguard Cactus Small,015561229814,Exo Terra,reptiles,10.89
420,Exo Terra Scorpion Light 15 Led,015561223652,Exo Terra,reptiles,53.49
374,Exo Terra Screen Cover 10 Gal,015561227117,Exo Terra,reptiles,18.59
375,Exo Terra Screen Cover 15/20 Gal,015561227124,Exo Terra,reptiles,20.79
376,Exo Terra Screen Cover 20 Gallon Long,015561227131,Exo Terra,reptiles,25.09
378,Exo Terra Screen Cover 30gal,15561227155,Exo Terra,reptiles,28.39
377,Exo Terra Screen Cover 40/50gal Breed,015561227162,Exo Terra,reptiles,33.79
379,Exo Terra Screen Cover 55 Gal,015561227155,Exo Terra,reptiles,34.89
189,Exo Terra Screen Cover Clips Lg > 30 gal,015561227308,Exo Terra,reptiles,3.29
188,"Exo Terra Screen Cover Clips Sm < 29 gal
",015561227292,Exo Terra,reptiles,3.29
586,Exo Terra Small Forest Branch,015561230759,Exo Terra,reptiles,8.79
576,Exo Terra Small Jungle Tree,015561230704,Exo Terra,reptiles,15.29
772,Exo Terra Small Low,015561220002,Exo Terra,reptiles,130.79
647,Exo Terra Small Wet Log,,Exo Terra,reptiles,10.89
127,Exo Terra Snails,015561219563,Exo Terra,aquatics,7.69
42,Exo Terra Snake Bedding,015561227681,Exo Terra,reptiles,22.89
648,Exo Terra Snake Bowl,015561228152,Exo Terra,reptiles,10.89
744,Exo Terra Snake Starter Kit 20gal,015561238977,Exo Terra,reptiles,217.99
426,Exo Terra Solar Glo 160w,15561221931,Exo Terra,reptiles,68.69
424,Exo Terra Solar Glo 80w,015561223348,Exo Terra,reptiles,57.79
425,Exo Terra Solar-Glo Self Ballasted Mercury Vapor Lamp 125 watt,015561221924,Exo Terra,reptiles,63.29
688,Exo Terra Spider Orchid,015561229913,Exo Terra,reptiles,20.79
25,Exo Terra Sub Stratum,015561231831,Exo Terra,reptiles,16.39
350,Exo Terra Swamp 50w,015561237802,Exo Terra,reptiles,25.09
349,Exo Terra Swamp 75w,015561237819,Exo Terra,reptiles,25.09
385,"Exo Terra T5 Top 24w 24""",015561242561,Exo Terra,reptiles,87.19
383,"Exo Terra T5 Top 54w 47""",15561242585,Exo Terra,reptiles,92.69
403,Exo Terra T5 Top Interconnection Adap,015561242691,Exo Terra,reptiles,11.99
206,Exo Terra Terrarium Lock,015561226202,Exo Terra,reptiles,11.99
381,Exo Terra Terraskyuv 3w,015561224154,Exo Terra,reptiles,65.39
380,Exo Terra Terraskyuv 9w,015561224253,Exo Terra,reptiles,81.79
382,Exo Terra Terraskyuv Extendable 10w,015561224147,Exo Terra,reptiles,108.99
618,Exo Terra Thermometer,015561224659,Exo Terra,reptiles,7.69
7448,Exo Terra Thermometer,015561224659,Exo Terra,reptiles,7.69
7451,Exo Terra Thermometer With Probe,015561224727,Exo Terra,reptiles,20.79
346,Exo Terra Thermostat 300w,015561224574,Exo Terra,reptiles,54.49
347,Exo Terra Thermostat 600w,015561224635,Exo Terra,reptiles,171.19
668,Exo Terra Tortoie Cave,015561229227,Exo Terra,reptiles,52.39
7441,Exo Terra Tortoise Cave,015561229227,Exo Terra,reptiles,52.39
626,Exo Terra Tortoise Skeleton,015561229272,Exo Terra,reptiles,11.99
661,Exo Terra Trex Skull,15561228565,Exo Terra,reptiles,26.19
486,Exo Terra Turtle Bank,015561238007,Exo Terra,reptiles,20.79
508,Exo Terra Turtle Cleaner,015561219983,Exo Terra,reptiles,10.89
524,Exo Terra Turtle Island,15561230681,Exo Terra,reptiles,20.79
24,Exo Terra Turtle Pebbles,015561238304,Exo Terra,reptiles,20.79
344,Exo Terra Uvb100 13w Tropical,1556122133,Exo Terra,reptiles,32.69
345,Exo Terra Uvb100 26w Tropical,015561221870,Exo Terra,reptiles,32.69
342,Exo Terra Uvb150 13w Desert,1556122146,Exo Terra,reptiles,35.99
343,Exo Terra Uvb150 26w Desert,015561221894,Exo Terra,reptiles,33.79
341,Exo Terra Uvb200 13w Intense,015561221863,Exo Terra,reptiles,39.29
476,Exo Terra Water Dish Large,15561228039,Exo Terra,reptiles,20.79
475,Exo Terra Water Dish Medium,015561228022,Exo Terra,reptiles,10.89
474,Exo Terra Water Dish Small,015561228114,Exo Terra,reptiles,9.89
7461,Exo Terra Water Dish Small,015561228015,Exo Terra,reptiles,9.89
473,Exo Terra Water Dish X-Small,015561228077,Exo Terra,reptiles,8.79
636,Exo Terra Wet Rock Large,015561231732,Exo Terra,reptiles,14.19
637,Exo Terra Wet Rock Medium,015561231930,Exo Terra,reptiles,9.89
638,Exo Terra Wet Rock Small,015561231923,Exo Terra,reptiles,5.49
407,Exo Terra Wire Light,015561220620,Exo Terra,reptiles,49.09
338,Exoterr Large Light Bracket,015561220569,Exo Terra,reptiles,20.79
75,Exoterr Small Sand Mat,015561225625,Exo Terra,reptiles,26.19
401,Exoterrra T5 Terraium Mounting Clips,015561242592,Exo Terra,reptiles,10.89
398,Extoterra Repuvb300 T5 8w 14%,015561224307,Exo Terra,reptiles,29.49
785,Faunariam Low Small,015561223003,Exo Terra,reptiles,20.79
7560,Forest Branch Large,015561230773,Exo Terra,reptiles,31.69
7559,Forest Branch Medium,015561230766,Exo Terra,reptiles,17.49
5391,Grotto Crner Medium,644472001990,Exo Terra,reptiles,34.89
5392,Grotto Medium,015561230421,Exo Terra,reptiles,26.19
7571,Heat Mat 4w 1.5 gallon,015561220316,Exo Terra,reptiles,27.29
7568,Jungle Plant Abutilon Large,015561230520,Exo Terra,reptiles,18.59
7570,Jungle Plant Abutilon Small,015561230322,Exo Terra,reptiles,8.79
7565,Jungle Plant Amapallo Large,015561230216,Exo Terra,reptiles,16.39
7563,Jungle Plant Amapallo Small,015561230018,Exo Terra,reptiles,6.59
7569,Jungle Plant Ficus Small,015561230308,Exo Terra,reptiles,8.79
7566,Jungle Plant Mandarin Large,015561230223,Exo Terra,reptiles,16.39
7564,Jungle Plant Mandarin Medium,015561230124,Exo Terra,reptiles,10.89
7562,Jungle Plant Mandarin Small,015561230025,Exo Terra,reptiles,6.59
7577,Light Bracket Large ,015561222235,Exo Terra,reptiles,20.79
7573,Reptile Dome Extra Deep Max 160w,015561223492,Exo Terra,reptiles,37.09
786,Reptile Ranch Small,010838200503,Exo Terra,reptiles,32.69
7592,"Reptile UVB 100 54w 48""",015561223836,Exo Terra,reptiles,43.59
7576,"Reptile UVB 300 54w 46""",015561224338,Exo Terra,reptiles,32.69
7594,"Reptile UVB100 24w 22""",015561223812,Exo Terra,reptiles,30.59
7595,"Reptile UVB200 24w 22""",015561224277,Exo Terra,reptiles,32.69
7597,"Reptile UVB200 8w 12""",015561224260,Exo Terra,reptiles,27.29
7593,"Reptile UVB300 24w 22""",015561224314,Exo Terra,reptiles,28.39
7596,"Reptile UVB300 8w 12""",015561224307,Exo Terra,reptiles,27.29
7575,T5 39w Terrarium Top 35:,015561242578,Exo Terra,reptiles,89.39
7574,"T5 8w Terrarium Top 14""",015561242554,Exo Terra,reptiles,65.39
7437,Zilla Reptile Cave Medium,015561229319,Exo Terra,reptiles,11.99
5907,Class Cab Sweater Pink Medium,811794929329,FURminator,accessories,14.19
1571,Furminator Adjustable Dematter,811794929220,FURminator,healthcare,30.59
1562,Furminator Bathing Brush,811794929329,FURminator,healthcare,20.79
1344,Furminator Deshed Foam Compact,811794933913,FURminator,healthcare,18.59
1342,Furminator Deshedding Sensitive Conditioner,811794933203,FURminator,healthcare,16.39
1341,Furminator Deshedding Shampoo,811794933173,FURminator,healthcare,15.29
1556,Furminator Large Dog Long Hair Tool,811794929268,FURminator,healthcare,54.49
1555,Furminator Large Dog Short Hair Tool,811794929138,FURminator,healthcare,54.49
1565,"Furminator Medium Dog, Long Hair Tool",811794929145,FURminator,healthcare,50.19
1564,"Furminator Medium Dog, Short Hair Tool",811794929251,FURminator,healthcare,57.79
1563,Furminator Replacement Grinding Tips,811794040413,FURminator,healthcare,8.79
1343,Furminator Senstive Skin Shampoo,81179493319,FURminator,healthcare,13.09
1573,"Furminator Small Dog, Long Hair Tool",811794929244,FURminator,healthcare,55.59
1572,"Furminator Small Dog, Short Hair Tool",811794929152,FURminator,healthcare,43.59
5900,Ribbed Chenille Sweater Red Extra Large,811794929138,FURminator,accessories,28.39
5901,Shawl Collar Sweater Large Gray,811794929268,FURminator,accessories,21.79
5911,Untucked Plaid Sweet Gray Extra Small,811794040413,FURminator,accessories,22.89
5910,Untucked Plaid Sweet Gray Large,811794929145,FURminator,accessories,26.19
5909,Untucked Plaid Sweet Gray Medium,811794929251,FURminator,accessories,23.99
1392,Canine Red Cell,086621799028,Farnam,healthcare,20.79
1473,Flys Off Spray 6oz,039079091404,Farnam,healthcare,17.49
1472,Flys-off Cream,039079002592,Farnam,healthcare,16.39
5898,Bone Accent Sweet Orange Extra Small,076484513190,Fashion Pet,accessories,23.99
5902,Class Cable Sweater Red Extra Extra Small,022517912461,Fashion Pet,accessories,14.19
5906,Criss Cross Sweater Coral,736990002013,Fashion Pet,accessories,21.79
5895,Dotswt Green Medium,849670008189,Fashion Pet,accessories,21.79
5878,Gardeb Gnomes Pj Pink Extra Small,,Fashion Pet,accessories,22.89
5879,Gardebn Gnomes Pj Pink Extra Large,660204032087,Fashion Pet,accessories,22.89
5877,Garden Gnomes Pjs Pink Extra Extra Small,660204032063,Fashion Pet,accessories,22.89
5837,Harness Coat Navy Large,660204010566,Fashion Pet,accessories,27.29
5840,Harness Hoodie Extra Large Blue,018214827955,Fashion Pet,accessories,23.99
5839,Harness Hoodie Large Blue,660204032025,Fashion Pet,accessories,23.99
5836,Harness Hoodie Large Red,077234302064,Fashion Pet,accessories,23.99
5875,Moon & Stars Pj Blue Extra Extra Small,,Fashion Pet,accessories,22.89
5838,Polar Harness Coat Extra Small Blue,018214827962,Fashion Pet,accessories,23.99
1678,Ferplast .16 Us Gal Food/Water,798549092883,Ferplast,accessories,21.79
4829,"Nothin' to Hide 10"" Large Chicken Roll 2pk",,Fieldcrest Farms,dogTreats,16.39
4825,"Nothin' to Hide 10"" Large Roll Beef",810002630521,Fieldcrest Farms,dogTreats,8.79
4838,"Nothin' to Hide 10"" Large Roll Beef 2pk",810002631535,Fieldcrest Farms,dogTreats,16.39
4826,"Nothin' to Hide 10"" Large Roll Peanut Butter",810002630682,Fieldcrest Farms,dogTreats,8.79
4841,"Nothin' to Hide 10"" Large Roll Peanut Butter",096316685222,Fieldcrest Farms,reptiles,17.49
7830,"Nothin' to Hide 10"" Large Roll Peanut Butter 2pk",810002631696,Fieldcrest Farms,dogTreats,17.49
4834,"Nothin' to Hide 3"" Bagel Peanut Butter",810002630712,Fieldcrest Farms,dogTreats,4.39
4842,"Nothin' to Hide 5"" Small Peanut Butter Roll",810002630668,Fieldcrest Farms,dogTreats,9.89
4837,"Nothin' to Hide 5"" Small Roll Beef 2pk",810002631511,Fieldcrest Farms,dogTreats,8.79
4835,"Nothin' to Hide 5"" Small Roll Chicken",810002630422,Fieldcrest Farms,dogTreats,5.49
4832,"Nothin' to Hide 5"" Small Roll Peanut Butter",015561228039,Fieldcrest Farms,dogTreats,5.49
4830,"Nothin' to Hide 5"" Small Rolls Chicken",015561228015,Fieldcrest Farms,dogTreats,9.89
4839,Nothin' to Hide Beef Ring & Bones,010838201258,Fieldcrest Farms,dogTreats,9.89
4828,Nothin' to Hide Ext Chicken Ring & Bones,030172071973,Fieldcrest Farms,dogTreats,9.89
4827,Nothin' to Hide Ext Flip Chips Chicken,030172071966,Fieldcrest Farms,dogTreats,17.49
4840,Nothin' to Hide Flip Chips Beef,810002631566,Fieldcrest Farms,dogTreats,17.49
4843,Nothin' to Hide Flip Chips Peanut Butter,810002631726,Fieldcrest Farms,dogTreats,17.49
4831,Nothin' to Hide Small Twist Chicken,015561228022,Fieldcrest Farms,dogTreats,8.79
4844,Nothin' to Hide Small Twist Stix Beef,015561225069,Fieldcrest Farms,dogTreats,8.79
4836,Nothin' to Hide Small Twist Stix Salmon,810002633447,Fieldcrest Farms,dogTreats,8.79
4797,Finleys Baked Apple & Cinnamon,860001231281,Finley's,dogTreats,10.89
4796,Finleys Baked Peanut Butter & Banana,860001231250,Finley's,dogTreats,9.89
4798,Finleys Bkd Blue & Coconut,097612321906,Finley's,dogTreats,10.89
109,Fluker's Buffet Blend Juvenile Bearded Dragon Veggie Variety Freeze Dried Food 5oz,091197760525,Fluker's,reptiles,10.89
140,Fluker's Calcium Fortified Cricket Quencher,009119771201,Fluker's,reptiles,6.59
164,Fluker's Calcium:Phosphorus 2:1 Dietary Supplement,091197730085,Fluker's,reptiles,10.89
212,Fluker's Crafted Cuisine Adult Bearded Dragon Diet Food 6.75oz,091197700613,Fluker's,reptiles,14.19
213,Fluker's Crafted Cuisine Garden Blend Food 6.75oz,091197700620,Fluker's,reptiles,14.19
211,Fluker's Crafted Cuisine Juvenile Bearded Dragon Diet Food 6.75oz,091197700606,Fluker's,reptiles,10.89
141,Fluker's Cricket Quencher Original Formula,091197712005,Fluker's,reptiles,6.59
120,Fluker's Gourmet-Style Canned Omnivore Mix for Reptiles 2.75oz,091197780080,Fluker's,reptiles,11.99
131,Fluker's Gourmet-Style Canned Reptile Food 1.2oz,091197710131,Fluker's,reptiles,9.89
132,Fluker's Gourmet-Style Canned Small Dubia Roaches 1.2oz,091197780301,Fluker's,reptiles,10.89
119,Fluker's Gourmet-Sytle Canned Insect Mix 2.75oz,091197780073,Fluker's,reptiles,10.89
223,Fluker's Grub Bag Bearded Dragon Omnivore Blend Treats 4oz,091197720345,Fluker's,reptiles,10.89
230,Fluker's Grub Bag Mealworm Calcium Fortified Treats 3.75oz,091197720369,Fluker's,reptiles,7.69
139,Fluker's Orange Cube Complete Cricket Diet,091197713019,Fluker's,reptiles,16.39
166,Fluker's Repta Calcium with Vitamin D3 Reptile Supplement 4oz,091197730054,Fluker's,reptiles,9.89
165,Fluker's Repta Strawberry-Banana Flavored Calcium with Vitamin D3,091197730191,Fluker's,reptiles,8.79
149,Fluker's Repta-Boost Insectivore and Carnivore High Amp Boost Supplement,091197730306,Fluker's,reptiles,14.19
167,Fluker's Repta-Vitamin with Beta Carotene Reptile Supplement,091197730030,Fluker's,reptiles,13.09
408,Flukers 10 in . Clamp Lamp,091197270017,Fluker's,reptiles,32.69
410,Flukers 5.5 in Clamp Lamp,091197270024,Fluker's,reptiles,23.99
409,Flukers 8.5 in Clamp Lamp,091197270000,Fluker's,reptiles,27.29
532,Flukers Aquatic Turtle Diet,091197700637,Fluker's,reptiles,10.89
536,Flukers Bamboo Bars,091197510212,Fluker's,reptiles,27.29
569,Flukers Bend a Branch,091197510205,Fluker's,reptiles,20.79
527,Flukers Calcium Tortoie Treats,091197720352,Fluker's,reptiles,9.89
528,Flukers Grub Bag Turtle Treats,091197720307,Fluker's,reptiles,15.29
143,Flukers High Calcium Cricket Diet,091197710001,Fluker's,reptiles,6.59
142,Flukers High Calcium Dubia Diet,091197710131,Fluker's,reptiles,8.79
144,Flukers High Calcium Mealworm Diet,091197710100,Fluker's,reptiles,8.79
179,Flukers Large Repta Leash,9119731004,Fluker's,reptiles,13.09
177,Flukers Medium Repta Leash,9119731003,Fluker's,reptiles,11.99
427,Flukers Mini Sun Dome,091197270048,Fluker's,reptiles,32.69
566,Flukers Pothos,091197510144,Fluker's,reptiles,19.69
565,Flukers Purple Coleus,91197510168,Fluker's,reptiles,19.69
567,Flukers Red Coleus,091197510175,Fluker's,reptiles,23.99
510,Flukers Repta Rinse Eye Rinse,91197730405,Fluker's,reptiles,7.69
178,Flukers Small Repta Leash,091197310027,Fluker's,reptiles,9.89
290,Flukers Sunglow Coil Bulb,091197230059,Fluker's,reptiles,35.99
533,Flukers Tortoise Diet,9119770060,Fluker's,reptiles,10.89
180,Flukers X Large Repta Leash,9119731004,Fluker's,reptiles,13.09
175,Flukers Xsmall Repta Leash,9119731001,Fluker's,reptiles,9.89
176,Flukers Xxsmall Repta Leash,9119731000,Fluker's,reptiles,9.89
61,"Galapagos Magnolia Leaves for Tropical & Bioactive Habitats
",759834051503,Fluker's,reptiles,17.49
7585, Fluker's Gourmet-Style Canned Reptile Food 1.2oz,091197780059,Flukers,reptiles,9.89
7517, Fluker's Premium Tropical Cypress Bedding,091197360114,Flukers,reptiles,11.99
7588,Fluker's Buffet Blend Adult Bearded Dragon Formula Freeze Dried Food 7.5oz,091197760440,Flukers,reptiles,16.39
7431,Flukers Hermit Beach,091197660276,Flukers,smallanimal,10.89
5732,"
Fluval C2 Active Carbon 3pk",015561140119,Fluval,aquatics,6.59
5760,"
Fluval C4 Impellar",015561302999,Fluval,aquatics,18.59
5752,Fluval 105/205 Intake Stem,,Fluval,aquatics,10.89
5728,Fluval 106 Bio Foam 6mon,015561103343,Fluval,aquatics,8.79
5755,Fluval 106 Impellar Cover,015561301541,Fluval,aquatics,13.69
5726,Fluval 106/107 Nitrite 3pk,015561102636,Fluval,aquatics,6.59
5725,Fluval 106/206 Ammonia 3pk,015561102575,Fluval,aquatics,6.59
5721,Fluval 106/206 Phosphate 3pk,015561102605,Fluval,aquatics,6.59
5746,Fluval 107 Cannister Filter,015561104401,Fluval,aquatics,152.59
5826,Fluval 15 Gal Tank & Stand,669125804056,Fluval,aquatics,305.19
5745,Fluval 207 Cannister Filter,015561104432,Fluval,aquatics,174.39
9278,Fluval 3 in 1 Waster Remover/Feeder HAGEN,015561110952,Fluval,aquatics,7.69
5756,Fluval 3/406 Impellar Cover,,Fluval,aquatics,15.29
5751,Fluval 305/306 Intake Stem,015561300049,Fluval,aquatics,13.09
5761,Fluval 306 Magnetio Impellar,015561301534,Fluval,aquatics,23.99
5699,Fluval 306/307 406/407 Biofoam+,015561104463,Fluval,aquatics,10.89
5724,Fluval 306/406 Ammonia 6pk,015561102582,Fluval,aquatics,11.99
5727,Fluval 306/406 Nitrite 6pk,015561102643,Fluval,aquatics,11.99
5719,Fluval 306/406 Phosphate 6pk,015561102612,Fluval,aquatics,8.79
5713,Fluval 307 Cannister Filter,015561104463,Fluval,aquatics,228.89
5827,Fluval 32.5us Fluval Tank & Stand,683615359512,Fluval,aquatics,621.29
5730,Fluval 70 Carbon,015561106177,Fluval,aquatics,8.79
5684,Fluval Ac 110 Filter,015561196208,Fluval,aquatics,119.89
5683,Fluval Ac 20 Filter,015561195959,Fluval,aquatics,37.09
5682,Fluval Ac 50 Filter,015561196109,Fluval,aquatics,57.79
5681,Fluval Ac 70 Filter,015561196154,Fluval,aquatics,70.89
5658,Fluval Ac110 Bio Foam,015561196239,Fluval,aquatics,13.09
5670,Fluval Ac20 Ac30 Ammonia Remove,015561196314,Fluval,aquatics,3.29
5669,Fluval Ac20 Ac30 Amremove 3pk,015561195959,Fluval,aquatics,8.79
5655,Fluval Ac20 Ac30 Carbon,015561196413,Fluval,aquatics,4.39
5664,Fluval Ac20 Ac30 Carbon,015561196413,Fluval,aquatics,4.39
5665,Fluval Ac20 Bio Foam,015561195980,Fluval,aquatics,2.19
5662,Fluval Ac20 Bio Foam 3pk,015561196703,Fluval,aquatics,5.49
5676,Fluval Ac20 Filter,015561195959,Fluval,aquatics,37.09
5663,Fluval Ac30 Bio Foam,015561196055,Fluval,aquatics,2.19
5661,Fluval Ac30 Bio Foam 3pk,015561196727,Fluval,aquatics,5.49
5675,Fluval Ac30 Filter,015561196000,Fluval,aquatics,43.59
5668,Fluval Ac50 Ammonia Remove,015561196321,Fluval,aquatics,5.49
5667,Fluval Ac50 Ammonia Remove 3pk,015561196338,Fluval,aquatics,11.99
5680,Fluval Ac50 Bio Foam,015561196130,Fluval,aquatics,3.29
5671,Fluval Ac50 Bio Max,015561196628,Fluval,aquatics,8.79
5679,Fluval Ac50 Biofoam 3pk,015561196741,Fluval,aquatics,6.59
5659,Fluval Ac50 Carbon 3pk,015561196444,Fluval,aquatics,13.09
5656,Fluval Ac50 Clear Carbon,015561196277,Fluval,aquatics,6.59
5660,Fluval Ac50 Clear Carbon,015561196277,Fluval,aquatics,6.59
5666,Fluval Ac70 Ac110 Ammonia Remover,015561196345,Fluval,aquatics,8.79
5673,Fluval Ac70 Ac110 Bio Max,015561196659,Fluval,aquatics,19.69
5672,Fluval Ac70 Ac110 Bio Max,015561196642,Fluval,aquatics,10.89
5657,Fluval Ac70 Ac110 Clear Carb 2pk,645095006843,Fluval,aquatics,14.19
5674,Fluval Ac70 Ac110 Intake Sponge,015561196864,Fluval,aquatics,3.29
5678,Fluval Ac70 Biofoam,015561196185,Fluval,aquatics,5.49
5677,Fluval Ac70 Biofoam 3pk,015561196765,Fluval,aquatics,13.09
9378,Fluval AquaPlus Water Conditioner 16.9oz,015561183444,Fluval,aquatics,7.69
9376,Fluval AquaPlus Water Conditioner 8.4oz,015561183437,Fluval,aquatics,7.69
9344,"Fluval AquaSky 3.0 LED 35 watt 48-61"" ",015561166430,Fluval,aquatics,174.39
5738,Fluval Aquarientorf 500g,015561114653,Fluval,aquatics,18.59
7286,Fluval Aquarium Cleaner,035585523361,Fluval,aquatics,4.39
5650,"Fluval Aquasky 12watts 15-24""",015561145312,Fluval,aquatics,87.19
5651,"Fluval Aquasky 18 Watts 24-36""",015561145329,Fluval,aquatics,108.99
5652,"Fluval Aquasky 27 Watts 36-48""",015561166423,Fluval,aquatics,152.59
7290,Fluval Betta Carew Pack,015561183307,Fluval,aquatics,11.99
7323,Fluval Betta Moss Ball,015561148542,Fluval,aquatics,8.79
9295,Fluval Betta Tropical Almond Leaves 10 pack HAGEN,015561148443,Fluval,aquatics,10.89
9294,Fluval Betta Yellow Parrot's Feather Plastic Plant,015561148511,Fluval,aquatics,11.99
5101,Fluval Bio - stratum 4.4lb,015561126996,Fluval,aquatics,20.79
5716,Fluval Bio Foam 206/207 6 month,015561103350,Fluval,aquatics,10.89
5717,Fluval Bio Foam 306-307 6 month,015561103367,Fluval,aquatics,11.99
5687,Fluval Bio Foam 406/407 2pk,015561102377,Fluval,aquatics,10.89
5697,Fluval Bio Foam Max 106/107 2pk,015561101875,Fluval,aquatics,5.49
5704,Fluval Bio Foam max 206/306 2pk,015561101882,Fluval,aquatics,7.69
5714,Fluval Bio Foam max 406/407 2pk,015561101899,Fluval,aquatics,7.69
5707,Fluval Bio Fx 5l,015561114592,Fluval,aquatics,35.99
5686,Fluval Biofoam 106/107 2pk,015561102360,Fluval,aquatics,7.69
5718,Fluval Biofoam 406/407 6 month,015561103374,Fluval,aquatics,16.39
5689,Fluval Biofoam Fx2 2pk,811794933173,Fluval,aquatics,17.49
5703,Fluval Biofoam+ Fx 2pk,645095004177,Fluval,aquatics,16.39
9379,Fluval Biological Cleaner 8.4oz,015561183550,Fluval,aquatics,15.29
5742,Fluval Biomax 500g,015561114561,Fluval,aquatics,21.79
5685,Fluval Biothane Foam 206/207 306/307 2pk,015561104463,Fluval,aquatics,8.79
7020,Fluval Bottom Feed 1.6oz,015561165860,Fluval,aquatics,6.59
7024,Fluval Bug Bite Algae Crisp 3.52oz,015561173612,Fluval,aquatics,9.89
7284,Fluval Bug Bite Betta,015561173667,Fluval,aquatics,5.49
6969,Fluval Bug Bite Color Enh 4.4oz,015561165907,Fluval,aquatics,14.19
7027,Fluval Bug Bite Color Enhan .63,015561173469,Fluval,aquatics,5.49
7028,Fluval Bug Bite Color Enhan 1.58oz,015561173476,Fluval,aquatics,8.79
7029,Fluval Bug Bite Color Enhan 3.17oz,015561173483,Fluval,aquatics,14.19
7023,Fluval Bug Bite Goldfish .63oz,015561173384,Fluval,aquatics,5.49
7025,Fluval Bug Bite Spirulina .63oz,015561173544,Fluval,aquatics,5.49
7026,Fluval Bug Bite Spirulina 1.58,015561173551,Fluval,aquatics,7.69
7031,Fluval Bug Bite Tripical 1.58oz,015561173315,Fluval,aquatics,9.89
7030,Fluval Bug Bite Tropical .63oz,015561173308,Fluval,aquatics,5.49
9414,Fluval Bug Bites Cichlid Granules 1.59 oz,015561165808,Fluval,aquatics,7.69
9410,Fluval Bug Bites Cichlid Pellets 3.5 oz,015561165815,Fluval,aquatics,11.99
9412,Fluval Bug Bites Color Enhancer Granules 1.6 oz,015561165891,Fluval,aquatics,7.69
5731,Fluval C2 Zeo-carb 3pk,015561140171,Fluval,aquatics,7.69
5733,Fluval C3 Active Carbon 3pk,015561140126,Fluval,aquatics,9.89
5734,Fluval C3 Zeo-carb 3pk,015561140188,Fluval,aquatics,8.79
5729,Fluval C4 Activated Carbon 3pk,015561140133,Fluval,aquatics,13.09
5701,Fluval C4 Foam Pad 2pk,015561140072,Fluval,aquatics,8.79
5693,Fluval C4 Polyfoam 3pk,015561140102,Fluval,aquatics,15.29
5740,Fluval Carbon 3pk,015561114400,Fluval,aquatics,15.29
5654,Fluval Carbon Ac70 Ac110,015561196451,Fluval,aquatics,8.79
5653,Fluval Carbon Ac70 Ac110 3pk,015561196284,Fluval,aquatics,19.69
7324,Fluval Chamber Pad,015561113373,Fluval,aquatics,4.39
6970,Fluval Chiclid Medium to Large 3.5 oz,076484428418,Fluval,aquatics,11.99
7019,Fluval Cichlid Small to Medium 1.6oz,076484093890,Fluval,aquatics,7.69
9381,Fluval Clarify Bio 4oz,015561183673,Fluval,aquatics,7.69
5739,Fluval Clearmax 3pk,015561113489,Fluval,aquatics,18.59
7022,Fluval Color Enhancing 1.6oz,076484827709,Fluval,aquatics,7.69
9375,Fluval Cycle Biological Enhancer 16.9oz,015561183512,Fluval,aquatics,22.89
9373,Fluval Cycle Biological Enhancer 4oz,015561183482,Fluval,aquatics,7.69
5019,Fluval Diffuser,015561111409,Fluval,aquatics,8.79
7060,"Fluval Easy Vac 10""",015561110617,Fluval,aquatics,27.29
7061,"Fluval Easy Vac 24""",015561110631,Fluval,aquatics,40.39
5514,Fluval Flt Insert Bag Ac20,015561195959,Fluval,aquatics,4.39
7188,Fluval Forceps,015561144834,Fluval,aquatics,11.99
5715,Fluval Fx Carbon Pad 2pk,015561102490,Fluval,aquatics,16.39
5748,Fluval Fx Spray Barley Kit,015561102339,Fluval,aquatics,43.59
5712,Fluval Fx2 Cannister Filter,015561102131,Fluval,aquatics,326.99
5757,Fluval Fx2 Filter Lid O Ring,015561302135,Fluval,aquatics,22.89
5722,Fluval Fx4 Ammonia 3pk,015561102599,Fluval,aquatics,7.69
5711,Fluval Fx4 Canister Filter,015561102148,Fluval,aquatics,348.79
5723,Fluval Fx4 Nitrate 3pk,015561102650,Fluval,aquatics,8.79
5720,Fluval Fx4 Phosphate 3pk,015561102629,Fluval,aquatics,7.69
5706,Fluval Fx4 Service Kit,,Fluval,aquatics,54.49
5705,Fluval Fx6 Service Kit,015561302593,Fluval,aquatics,76.29
7018,Fluval Goldfish Small to Medium 1.6oz,015561165839,Fluval,aquatics,7.69
7064,Fluval Gravel Vac Kit,015561103701,Fluval,aquatics,76.29
5749,Fluval Impellar Brush Set,015561106801,Fluval,aquatics,4.39
7831,Fluval Impeller Brush Set,015561106801,Fluval,aquatics,5.49
7325,Fluval Madagascar Lace,035585499628,Fluval,aquatics,8.79
6976,Fluval Moss Ball,076484996498,Fluval,aquatics,9.89
5609,"Fluval Plant 46w 35-49""",015561168878,Fluval,aquatics,250.69
9371,Fluval Plant Micro Nutrient 8.4oz,015561183604,Fluval,aquatics,11.99
5688,Fluval Polycarb U4 2pk,015561104920,Fluval,aquatics,8.79
5691,Fluval Polymax U2 2pk,015561104814,Fluval,aquatics,8.79
5690,Fluval Polymax U3 2pk,015561104821,Fluval,aquatics,14.19
5640,Fluval Prism 2.0,015561145459,Fluval,aquatics,50.19
7832,Fluval Pull Through Hose Brush,015561106818,Fluval,aquatics,5.49
5750,Fluval Pullthru Hose Brush,,Fluval,aquatics,5.49
5700,Fluval Quick Clear 306/406 6pk,015561102445,Fluval,aquatics,11.99
5692,Fluval Quick Clear Fx 3pk,015561102469,Fluval,aquatics,11.99
5702,Fluval Quick Clear106/206 3pk,015561102421,Fluval,aquatics,6.59
7326,Fluval Red Lizard Tail Plant,015561148535,Fluval,aquatics,8.79
5695,Fluval Sea Cp1 Pump,015561143455,Fluval,aquatics,38.19
7302,Fluval Shrimp Kit,015561105132,Fluval,aquatics,130.79
5747,Fluval Spay Barley Kit,,Fluval,aquatics,27.29
5102,Fluval Stratum 4.4lb,1556112639,Fluval,aquatics,18.59
7068,Fluval T100 Heater,015561148818,Fluval,aquatics,61.09
7067,Fluval T150 Heater,015561148825,Fluval,aquatics,54.49
7066,Fluval T200 Heater,015561148832,Fluval,aquatics,58.89
7065,Fluval T300 Heater,015561148849,Fluval,aquatics,62.19
7069,Fluval T50 Heater,015561148801,Fluval,aquatics,54.49
7021,Fluval Tropical Small 1.6oz,015561165778,Fluval,aquatics,7.69
5709,Fluval Uvc Inline Clarifier,015561102032,Fluval,aquatics,65.39
7327,Fluval Water Trumpet Plant,015561148528,Fluval,aquatics,8.79
5753,Fluval X06 Aquastop Valve,015561300612,Fluval,aquatics,27.29
5754,Fluval X06 Primer Kit,015561300216,Fluval,aquatics,4.39
5741,Fluval Zeocarb 3pk,015561114905,Fluval,aquatics,16.39
5551,Forza Fz13 Uv Canister Filter,819603016437,Forza,aquatics,326.99
5550,Forza Fz9 Uv Cannister Filter,819603016420,Forza,aquatics,283.39
5491,Forza Replace Filter Pad Fz13uv,048054802577,Forza,aquatics,15.29
5489,Forza Replace Filter Pad Fz7uv,667334451252,Forza,aquatics,13.09
5490,Forza Replace Filter Pad Fz9uv,048054800580,Forza,aquatics,13.09
5487,Forza Replace Fz7uv Cartridge,048054800702,Forza,aquatics,14.19
5488,Forza Replace Fzpuv Cartridge,048054810589,Forza,aquatics,14.19
1980,Four Paws Ear Mite Cat,045663017323,Four Paws,healthcare,9.89
7620,Four Paws Ear Mite Dog .75oz,045663017309,Four Paws,healthcare,14.19
1977,Four Paws Keep Off Cat & Kitten,045663170103,Four Paws,healthcare,11.99
9377,"Four Paws Wee Wee Pads Super Absorbent 22 ct 24 x 24"" ",045663971137,Four Paws,accessories,32.69
9380,Four Paws Wee-Wee Cat Pads Fresh Scent 28 in X 30 in (10 ct,045663976903,Four Paws,accessories,25.09
9374,Four Paws Wee-Wee Super Absorbent Disposable Dog Diaper Liners One Size (10 ct),045663972288,Four Paws,accessories,11.99
1768,Fourpaws 20' Cotton Train Leash,045663561208,Four Paws,leashesAndCollars,29.49
1772,Fourpaws 30' Cotton Train Leash,045663561307,Four Paws,leashesAndCollars,29.49
1775,Fourpaws 50' Heavy Weight Tie Out Cable,045663847500,Four Paws,accessories,54.49
1774,Fourpaws Medium 20' Tie Out Cable,045663856205,Four Paws,accessories,20.79
1749,Fourpaws Tieoutcabble20ft Super,045663848200,Four Paws,accessories,34.89
1747,Fourpaws Tieoutcable15fthvywght,045663847159,Four Paws,accessories,19.69
1736,"Fourpaws Walk About 19"" Sprlstake",045663950002,Four Paws,accessories,14.19
1833,Fourpaws Walk About Quickfit Muzzle,045663590208,Four Paws,accessories,19.69
1737,"Fourpaws Walkabout 21"" Heavy Tieout Stake",045663900007,Four Paws,accessories,20.79
1738,Fourpaws Walkabout Giant Stake,045663905002,Four Paws,accessories,34.89
1930,"Fourpaws Wood Gate 26""-42""",045663571306,Four Paws,accessories,76.29
1748,Fourpawstieoutcable20ft Hvywght,045663847203,Four Paws,accessories,22.89
1314,Healthy Promise Ear wash 4oz,045663017347,Four Paws,healthcare,11.99
1321,Healthy Promise Eye wipes,045663976248,Four Paws,healthcare,14.19
1507,Healthy Promise Pill Disenser,045663019150,Four Paws,accessories,6.59
1842,Keep Off Repeltant,045663170004,Four Paws,accessories,14.19
1263,Magic Coat 2in1,045663976392,Four Paws,healthcare,10.89
1264,Magic Coat Bright White,045663976439,Four Paws,healthcare,9.89
1958,Magic Coat Cat Gentle Tearless,045663976422,Four Paws,healthcare,11.99
1587,Magic Coat Gentle Groom Glove,045663976156,Four Paws,healthcare,25.09
1285,Magic Coat Medicated,045663976477,Four Paws,healthcare,11.99
1265,Magic Coat Reduces Odor,045663976408,Four Paws,healthcare,9.89
1266,Magic Coat Reduces Shedding,045663976446,Four Paws,healthcare,11.99
1579,Magic Coat Reduces Shedding,045663975531,Four Paws,healthcare,25.09
1569,Magic Coat Saftey Sciccors,045663975609,Four Paws,healthcare,15.29
1570,Magic Coat Serated Comb Blade,045663970932,Four Paws,healthcare,16.39
1284,Magic Coat Tangles & Mats,045663976484,Four Paws,healthcare,11.99
1578,Magic Coat Total Knot Destroyer,045663975586,Four Paws,healthcare,18.59
1267,Magiccoat Prof Series Oats Puppy,045663976019,Four Paws,healthcare,14.19
1268,Magiccoat Prof Series Oats Shed Conditioner,045663976040,Four Paws,healthcare,16.39
1269,Magiccoat Profseries 2in1,045663976033,Four Paws,healthcare,16.39
1846,Wee-Wee Dispo Liner Pads 10pk,045663974381,Four Paws,accessories,11.99
1813,Weeweespringactgrss Scoop Extra Large,045663019150,Four Paws,accessories,30.59
4479,"7"" Collagen Stick Peanut Butter",853898008364,Fraklys,dogTreats,2.19
4440,"10"" Collagen Sticks Bacon",853651008921,Franklys,dogTreats,3.29
4439,"10"" Collagen Sticks Chicken",853651008907,Franklys,dogTreats,3.29
4441,"10"" Collagen Sticks Steak",853651008945,Franklys,dogTreats,3.29
4437,"10""collagen Sticks Original",853651008884,Franklys,dogTreats,3.29
4481,"7"" Collagen Stick Bacon",853651008914,Franklys,dogTreats,2.19
4480,"7"" Collagen Stick Chicken",853651008891,Franklys,dogTreats,2.19
4478,"7"" Collagen Stick Original",853651008877,Franklys,dogTreats,2.19
4482,"7"" Collagen Stick Steak",853651008938,Franklys,dogTreats,2.19
9370,Intersand Fresh & Natural Scented Clumping Cat Litter 20lb,777979156105,Fresh & Natural,accessories,21.79
6882,Freshpet Beef 1.5lb,627975011963,Freshpet,dogFood,10.89
6886,Freshpet Beef 6 3,627975012014,Freshpet,dogFood,27.29
6875,"Freshpet Beef,Bison 1lb",851893001823,Freshpet,dogFood,9.89
6876,"Freshpet Beef,Bison 2lb",,Freshpet,dogFood,16.39
6883,Freshpet Chicken 1lb,851893001366,Freshpet,dogFood,5.49
6887,"Freshpet Chicken,Rice 2lb",851893001731,Freshpet,dogFood,9.89
6885,"Freshpet Chicken,Rice 6lb",076484115561,Freshpet,dogFood,20.79
6881,Freshpet Grain Free Frozen Chicken 1lb,627975012106,Freshpet,dogFood,10.89
6884,Freshpet Grain Free Frozen Chicken 2lb,627975012885,Freshpet,dogFood,9.89
6878,"Freshpet Small Breed Chicken,Turkey 1lb",076484178672,Freshpet,dogFood,9.89
6880,"Freshpet Small Breed Chicken,Turkey,Lamb 1lb",076484178672,Freshpet,dogFood,11.99
6879,Freshpet Small Breed Ck1lb,627975012717,Freshpet,dogFood,10.89
6877,Freshpet Small Breed Multi Protein 1lb,076484178627,Freshpet,dogFood,9.89
6874,Freshpet Turkey 2lb,076484638343,Freshpet,dogFood,15.29
6888,Freshpet Vital Cuts 1.5lb,627975011949,Freshpet,dogFood,16.39
6891,"Freshpet Vital Grain Free Beef,Lamb 5.5lb",076484103513,Freshpet,dogFood,41.49
6889,"Freshpet Vital Grain Free Chicken,Beef,Salmon 1.75lb",076484104749,Freshpet,dogFood,16.39
6890,"Freshpet Vital Grain Free Chicken,Beef,Salmon 5.5lb",076484104947,Freshpet,dogFood,41.49
1237,Top performance Fresh Pet 8oz,721343865803,Freshpet,accessories,18.59
5846,Basic Hoodie Black Medium,721343216315,Frisco,accessories,18.59
5842,Basic Hoodie Blue Extra Small,,Frisco,accessories,18.59
5845,Basic Hoodie Bviolet Medium,721343216940,Frisco,accessories,18.59
5834,Basic Hoodie Gray Extra Small,723754613004,Frisco,accessories,18.59
5848,Basic Hoodie Natblu Large,645095003187,Frisco,accessories,18.59
5844,Basic Hoodie Natural Blue Medium,721343210627,Frisco,accessories,18.59
5850,Basic Hoodie Natural Blue Small,,Frisco,accessories,18.59
5849,Basic Hoodie Rasberry Large,645095002180,Frisco,accessories,18.59
5843,Basic Hoodie Rasberry Small,721343212812,Frisco,accessories,18.59
5847,Basic Hoodie Red Large,721343220909,Frisco,accessories,18.59
5841,Basic Hoodie Violet Extra Small,,Frisco,accessories,18.59
9292,Fritz Betta Water Purified Water With Almond Leaf Extract,080531111130,Fritz,aquatics,7.69
7116,Fritz Coppersafe 4oz,080531420201,Fritz Aquatics,accessories,14.19
7169,Fritz Expel-f 10 Pack,080531900130,Fritz Aquatics,accessories,16.39
7125,Fritz Glass Cleaner,080531540084,Fritz Aquatics,accessories,10.89
7168,Fritz Maracyn 10 Pack,080531460016,Fritz Aquatics,accessories,20.79
7115,Fritz Maracyn Oxy 16oz,080531440605,Fritz Aquatics,accessories,27.29
7114,Fritz Maracyn Oxy 4oz,080531440001,Fritz Aquatics,accessories,13.09
5779,Fritz Pond Barley Water Clarifier,645095002340,Fritz Aquatics,aquatics,16.39
6481,Fromm Beef & Barley Pâté 12.2oz,072705118663,Fromm,dogFood,4.19
6471,Fromm Beef & Sweet Potato Pâté 12.2oz,072705119141,Fromm,dogFood,4.19
6480,Fromm Chicken & Duck Pâté 12.2oz,072705119042,Fromm,dogFood,3.39
6483,Fromm Chicken & Rice Pâté 12.2oz,072705119226,Fromm,dogFood,3.39
6472,Fromm Chicken & Sweet Potato Pâté 12.2oz,072705119066,Fromm,dogFood,4.29
6482,Fromm Chicken Pâté 12.2oz,072705119028,Fromm,dogFood,3.39
6466,Fromm Classic Adult Chicken & Rice Pâté 12.5oz,035585516004,Fromm,dogFood,2.79
6469,Fromm Classic Adult Chicken & Rice Pâté 12.5oz,072705130047,Fromm,dogFood,4.19
6117,Fromm Classic Adult Dog Food 15lb,072705105236,Fromm,dogFood,27.29
6112,Fromm Classic Adult Dog Food 30lb,072705105229,Fromm,dogFood,47.99
6116,Fromm Classic Adult Dog Food 5lb,072705105274,Fromm,dogFood,13.09
6467,Fromm Classic Adult Turkey & Rice Pâté 12.5oz,072705130061,Fromm,dogFood,2.79
6115,Fromm Classic Puppy 15lb,072705105434,Fromm,dogFood,32.69
6113,Fromm Classic Puppy 30lb,072705105427,Fromm,dogFood,51.29
6114,Fromm Classic Puppy 5lb,072705105472,Fromm,dogFood,15.29
6465,Fromm Classic Puppy Chicken & Salmon Pâté 12.5oz,072705130085,Fromm,dogFood,3.09
4749,Fromm Crunchy O's Bacon Blasters,072705122103,Fromm,dogFood,7.69
4750,Fromm Crunchy O's Banana Kablammas,072705121700,Fromm,dogFood,7.69
4746,Fromm Crunchy O's Blueberry Blasts,072705121403,Fromm,dogFood,7.69
4751,Fromm Crunchy O's Peanut Butter Jammers,072705122004,Fromm,dogFood,7.69
4752,Fromm Crunchy O's Pot Roast Punchers,072705121809,Fromm,dogFood,7.69
4748,Fromm Crunchy O's Pumpkin,072705121601,Fromm,dogFood,7.69
4747,Fromm Crunchy O's Smokin' CheesePlosions,072705121502,Fromm,dogFood,7.69
9166,Fromm Diner Breakfast Sam's Steak and Eggs 12.5oz,072705132645,Fromm,food,6.49
6478,Fromm Duck À La Veg Pâté 12.2oz,072705119240,Fromm,dogFood,4.19
9183,Fromm FOUR STAR GF BEEF Frittata Dog 26 lb. ,072705114108,Fromm,food,86.19
9184,Fromm FOUR STAR GF HASEN DUCKENPFEFFER 26lb,072705114603,Fromm,food,86.19
6169,Fromm Four-Star Beef Frittata Veg Recipe 12lb,076484075995,Fromm,dogFood,47.99
6170,Fromm Four-Star Beef Frittata Veg Recipe 26lb,076484076053,Fromm,dogFood,86.19
6168,Fromm Four-Star Beef Frittata Veg Recipe 4lb,072705114146,Fromm,dogFood,17.49
6742,Fromm Four-Star Beef Liváttini Veg Recipe 10lb,072705117239,Fromm,dogFood,42.59
6741,Fromm Four-Star Beef Liváttini Veg Recipe Cat Food 4lb,072705117208,Fromm,catFood,21.79
6175,Fromm Four-Star Chicken au Frommage Recipe 12lb,072705114726,Fromm,dogFood,43.59
6176,Fromm Four-Star Chicken au Frommage Recipe 26lb,072705114702,Fromm,dogFood,76.29
6174,Fromm Four-Star Chicken au Frommage Recipe 4lb,072705114740,Fromm,dogFood,15.29
6141,Fromm Four-Star Chicken À La Veg Recipe 12lb,072705116133,Fromm,dogFood,33.79
6142,Fromm Four-Star Chicken À La Veg Recipe 26lb,072705116119,Fromm,dogFood,59.99
6140,Fromm Four-Star Chicken À La Veg Recipe 4lb,072705116164,Fromm,dogFood,15.29
6144,Fromm Four-Star Duck À La Veg Recipe 12lb,072705116232,Fromm,dogFood,34.89
6145,Fromm Four-Star Duck À La Veg Recipe 26lb,072705116218,Fromm,dogFood,63.29
6143,Fromm Four-Star Duck À La Veg Recipe 4lb,072705116263,Fromm,dogFood,16.39
6747,Fromm Four-Star Duck À La Veg Recipe Cat Food 10lb,072705116638,Fromm,catFood,40.39
6172,Fromm Four-Star Game Bird Recipe 12lb,072705114429,Fromm,dogFood,47.99
6173,Fromm Four-Star Game Bird Recipe 26lb,072705114405,Fromm,dogFood,83.99
6171,Fromm Four-Star Game Bird Recipe 4lb,072705114443,Fromm,dogFood,17.49
6744,Fromm Four-Star Game Bird Recipe Cat Food 10lb,072705117031,Fromm,catFood,42.59
6743,Fromm Four-Star Game Bird Recipe Cat Food 4lb,072705117000,Fromm,catFood,21.79
6178,Fromm Four-Star Hasen Duckenpfeffer Recipe 12lb,072705114627,Fromm,dogFood,43.59
6177,Fromm Four-Star Hasen Duckenpfeffer Recipe 4lb,072705114641,Fromm,dogFood,17.49
6740,Fromm Four-Star Hasen Duckenpfeffer Recipe Cat Food 10lb,072705117338,Fromm,catFood,42.59
6739,Fromm Four-Star Hasen Duckenpfeffer Recipe Cat Food 4lb,072705117307,Fromm,catFood,21.79
6162,"Fromm Four-Star Highlander Beef, Oats, n Barley Recipe 26lb",072705114917,Fromm,dogFood,86.19
6161,Fromm Four-Star Lamb & Lentil Recipe 26lb,072705114504,Fromm,dogFood,87.19
6160,Fromm Four-Star Lamb & Lentil Recipe 4lb,072705114542,Fromm,dogFood,18.59
6153,Fromm Four-Star Pork & Apple Recipe 12lb,072705114030,Fromm,dogFood,33.79
6154,Fromm Four-Star Pork & Apple Recipe 26lb,072705114016,Fromm,dogFood,61.09
6152,Fromm Four-Star Pork & Apple Recipe 4lb,072705114061,Fromm,dogFood,16.39
6167,Fromm Four-Star Pork & Peas Recipe 12lb,072705114320,Fromm,dogFood,47.99
6166,Fromm Four-Star Pork & Peas Recipe 4lb,072705114344,Fromm,dogFood,17.49
6346,Fromm Four-Star Rancherosa Recipe 12lb,072705114825,Fromm,dogFood,47.99
6159,Fromm Four-Star Rancherosa Recipe 4lb,072705114849,Fromm,dogFood,18.59
6709,Fromm Four-Star Salmon & Tuna Pâté 3oz,072705112722,Fromm,catFood,1.89
6156,Fromm Four-Star Salmon Tunalini Recipe 12lb,045663182427,Fromm,dogFood,37.09
6157,Fromm Four-Star Salmon Tunalini Recipe 26lb,072705108015,Fromm,dogFood,66.49
6155,Fromm Four-Star Salmon Tunalini Recipe 4lb,072705108060,Fromm,dogFood,17.49
6150,Fromm Four-Star Salmon À La Veg Recipe 12lb,072705116430,Fromm,dogFood,37.09
6151,Fromm Four-Star Salmon À La Veg Recipe 26lb,072705116416,Fromm,dogFood,66.49
6149,Fromm Four-Star Salmon À La Veg Recipe 4lb,072705116461,Fromm,dogFood,17.49
6746,Fromm Four-Star Salmon À La Veg Recipe Cat Food 4lb,072705115600,Fromm,catFood,20.79
6468,Fromm Four-Star Shredded Chicken in Gravy Entrée 12oz,072705118809,Fromm,dogFood,5.49
9164,Fromm Four-Star Shredded Turkey in Gravy Entrée 12oz,,Fromm,dogFood,4.69
6164,Fromm Four-Star Surf & Turf Recipe 12lb,072705116522,Fromm,dogFood,47.99
6165,Fromm Four-Star Surf & Turf Recipe 26lb,072705116508,Fromm,dogFood,85.09
6163,Fromm Four-Star Surf & Turf Recipe 4lb,072705116546,Fromm,dogFood,17.49
6745,Fromm Four-Star Surf & Turf Recipe Cat Food 4lb,072705116904,Fromm,catFood,21.79
6147,Fromm Four-Star Whitefish & Lentil Recipe 12lb,072705116331,Fromm,dogFood,34.89
6148,Fromm Four-Star Whitefish & Lentil Recipe 26lb,072705116317,Fromm,dogFood,64.39
6146,Fromm Four-Star Whitefish & Lentil Recipe 4lb,072705116362,Fromm,dogFood,16.39
6158,Fromm Four-Star Zealambder Recipe 26lb,072705115013,Fromm,dogFood,86.19
6470,"Fromm Frommbalaya Beef, Vegetable, & Rice Stew 12.5oz",072705132089,Fromm,dogFood,4.09
9163,"Fromm Frommbalaya Beef, Vegetable, & Rice Stew 12.5oz",,Fromm,dogFood,4.99
9161,"Fromm Frommbalaya Chicken, Vegetable, & Rice Stew 12.5oz",,Fromm,dogFood,4.99
9162,"Fromm Frommbalaya Turkey, Vegetable, & Rice Stew 12.5oz",,Fromm,dogFood,4.99
9159,Fromm Frommbo Gumbo Hearty Stew with Beef Sausage 12.5oz,,Fromm,dogFood,5.49
9158,Fromm Frommbo Gumbo Hearty Stew with Chicken Sausage 12.5oz,072705134021,Fromm,dogFood,5.49
9160,Fromm Frommbo Gumbo Hearty Stew with Pork Sausage 12.5oz,,Fromm,dogFood,5.49
9180,Fromm GOLD WEIGHT MANAGEMENT Dog 15 lb.,072705105731,Fromm,food,39.29
6736,Fromm Gold Adult Gold Cat Food 10lb,072705115631,Fromm,catFood,38.19
6708,Fromm Gold Adult Gold Cat Food 3oz,072705133307,Fromm,catFood,1.59
6735,Fromm Gold Adult Gold Cat Food 4lb,072705115600,Fromm,catFood,17.49
6127,Fromm Gold Adult Gold Dog Food 15lb,072705115235,Fromm,dogFood,33.79
6128,Fromm Gold Adult Gold Dog Food 30lb,072705115211,Fromm,dogFood,57.79
6126,Fromm Gold Adult Gold Dog Food 5lb,072705115273,Fromm,dogFood,16.39
6344,Fromm Gold Adult Gold with Ancient Grains 15lb,072705105939,Fromm,dogFood,33.79
6139,Fromm Gold Ancient Grains 30lb,072705115211,Fromm,dogFood,57.79
6179,Fromm Gold Coast Weight Management 26lb,072705104406,Fromm,dogFood,73.09
6738,Fromm Gold Healthy Weight Gold Cat Food 10lb,072705117031,Fromm,catFood,42.59
6737,Fromm Gold Healthy Weight Gold Cat Food 4lb,072705115907,Fromm,catFood,19.69
6734,Fromm Gold Kitten Gold Cat Food 10lb,000338007207,Fromm,catFood,42.59
6707,Fromm Gold Kitten Gold Cat Food 3oz,072705133420,Fromm,catFood,1.69
6733,Fromm Gold Kitten Gold Cat Food 4lb,072705115808,Fromm,catFood,19.69
6345,Fromm Gold Lamb & Brown Rice Recipe 12lb,072705114528,Fromm,dogFood,49.09
6129,Fromm Gold Large Breed 15lb,072705115334,Fromm,dogFood,33.79
6130,Fromm Gold Large Breed 30lb,072705115310,Fromm,dogFood,57.79
6131,Fromm Gold Large Breed 5lb,072705115372,Fromm,dogFood,16.39
6122,Fromm Gold Large Breed Puppy 15lb,072705105533,Fromm,dogFood,39.29
6123,Fromm Gold Large Breed Puppy 30lb,072705105519,Fromm,dogFood,61.09
6118,Fromm Gold Large Breed Puppy 5lb,072705105571,Fromm,dogFood,17.49
6121,Fromm Gold Large Breed Puppy 5lb,072705115372,Fromm,dogFood,17.49
6134,Fromm Gold Large Breed Weight Management 15lb,072705105830,Fromm,dogFood,39.29
6462,Fromm Gold Nutritionals Digestive Support Pâté 13oz,072705136001,Fromm,dogFood,4.19
6464,Fromm Gold Nutritionals Immunity Support Pâté 13oz,072705136209,Fromm,dogFood,4.29
6463,Fromm Gold Nutritionals Mobility Support Pâté 13oz,072705136100,Fromm,dogFood,4.79
6119,Fromm Gold Puppy 15lb,072705115532,Fromm,dogFood,39.29
6120,Fromm Gold Puppy 30lb,072705115518,Fromm,dogFood,61.09
6137,Fromm Gold Senior 15lb,072705115433,Fromm,dogFood,33.79
6138,Fromm Gold Senior 30lb,072705115419,Fromm,dogFood,57.79
6136,Fromm Gold Senior 5lb,072705115471,Fromm,dogFood,16.39
6125,Fromm Gold Small Breed 15lb,072705105632,Fromm,dogFood,39.29
6124,Fromm Gold Small Breed 5lb,072705105670,Fromm,dogFood,17.49
6135,Fromm Gold Weight Management 30lb,072705115211,Fromm,dogFood,61.09
6133,Fromm Gold Weight Management 5lb,072705105779,Fromm,dogFood,17.49
6486,Fromm Lamb & Sweet Potato Pâté 12.2oz,072705119165,Fromm,dogFood,4.19
6476,Fromm Lamb Pâté 12.2oz,888641136162,Fromm,dogFood,4.19
4755,Fromm Nutritionals Digestive Support Treats,072705128006,Fromm,dogTreats,8.79
4756,Fromm Nutritionals Immunity Support Treats,072705128204,Fromm,dogTreats,8.79
4757,Fromm Nutritionals Mobility Support Treats,72705128105,Fromm,dogFood,8.79
7399,Fromm Oven-Baked Chicken with Peas and Carrots Treats,072705121106,Fromm,food,7.69
4758,Fromm Oven-Baked Lamb Recipe Treats,097612151244,Fromm,dogTreats,7.69
7397,Fromm Oven-Baked Parmesan Cheese Treats,072705121007,Fromm,food,7.69
7400,Fromm Oven-Baked Salmon with Sweet Potato Treats,072705121304,Fromm,food,7.69
2125,Fromm PurrSnackitty Chicken Recipe Cat Treats,072705124008,Fromm,catTreats,5.49
2124,Fromm PurrSnackitty Salmon Recipe Cat Treats,072705124107,Fromm,catTreats,5.49
6752,Fromm PurrSnickety Chicken Recipe Cat Food 10lb,072705137039,Fromm,catFood,52.39
6751,Fromm PurrSnickety Chicken Recipe Cat Food 4lb,072705137008,Fromm,catFood,28.39
6749,Fromm PurrSnickety Chicken Recipe Cat Food 6oz,072705113484,Fromm,catFood,4.39
6711,Fromm PurrSnickety Duck Liver Pâté 3oz,072705113408,Fromm,catFood,2.59
6710,Fromm PurrSnickety Duck Stew 3oz,072705113446,Fromm,catFood,2.59
6754,Fromm PurrSnickety Game Bird Recipe Cat Food 10lb,072705137237,Fromm,catFood,52.39
6753,Fromm PurrSnickety Game Bird Recipe Cat Food 4lb,072705137206,Fromm,catFood,28.39
6750,Fromm PurrSnickety Game Bird Recipe Cat Food 6oz,072705114405,Fromm,catFood,4.39
6756,Fromm PurrSnickety Salmon Recipe Cat Food 10lb,072705137435,Fromm,catFood,52.39
6755,Fromm PurrSnickety Salmon Recipe Cat Food 4lb,072705137404,Fromm,catFood,28.39
6748,Fromm PurrSnickety Salmon Recipe Cat Food 6oz,072705137459,Fromm,catFood,4.39
6712,Fromm PurrSnickety Shredded Chicken Entrée 5.5oz,072705113484,Fromm,catFood,2.59
6479,Fromm Salmon & Chicken Pâté 12.2oz,072705119004,Fromm,dogFood,3.39
9172,Fromm Salmon À La Veg Recipe 4lb,072705116706,Fromm,food,20.79
6475,Fromm Seafood Medley Pâté 12.2oz,072705119189,Fromm,dogFood,4.19
7401,Fromm Tenderollies ChickaRollie Flavor,072705126200,Fromm,food,10.89
6484,Fromm Turkey & Pumpkin Pâté 12.2oz,072705119202,Fromm,dogFood,3.39
6485,Fromm Turkey Pâté 12.2oz,072705118700,Fromm,dogFood,3.39
6474,"Fromm Turkey, Duck, & Sweet Potato Pâté 12.2oz",072705119103,Fromm,dogFood,3.39
6477,Fromm Venison & Beef Pâté 12.2oz,072705118724,Fromm,dogFood,4.19
9167,Fromm Venison & Lentil Pâté 12.5oz,072705119127,Fromm,food,4.19
6473,Fromm Whitefish & Lentil Pâté 12.2oz,072705119080,Fromm,dogFood,4.09
7535,Frontline Plus 23 to 44,350604287100,Frontline,healthcare,63.29
7536,Frontline Plus 45 to 88,350604287209,Frontline,healthcare,68.69
7537,Frontline Plus 5 to 22,350604287001,Frontline,healthcare,68.69
7538,Frontline Plus 89 to 132,350604287308,Frontline,healthcare,56.69
7534,Frontline Plus Cat,350604287407,Frontline,healthcare,68.69
4706,Fruitables Bacon & Apple,15561237802,Fruitables,dogTreats,7.69
4705,Fruitables Pumpkin,015561237819,Fruitables,dogTreats,9.89
9168,Fruitables Pumpkin Digestive Supplement 15oz,895352002082,Fruitables,healthcare,4.99
4704,Fruitables Sweet Potato,097612980905,Fruitables,dogTreats,7.69
1921,Furhaven Calming Hug Bed Small,842229122220,FurHaven,beds,33.79
1922,Furhaven Small Bed,842229130522,FurHaven,beds,32.69
2288,Small Furhaven Cozy Cave,842229129571,FurHaven,beds,54.49
7412,Furminator Deshedding CONDITIONER,811794933180,Furminator,healthcare,13.09
7413,Furminator Deshedding CONDITIONER,811794933180,Furminator,healthcare,13.09
7415,Furminator Deshedding Spray,811794933586,Furminator,healthcare,15.29
7414,Furminator Rinse Free Deshedding Dog Spray,,Furminator,healthcare,15.29
6836,Fussie Cat Tuna 2.82oz,888641133918,Fussie Cat,catFood,1.99
6833,Fussie Cat Tuna Ocean 2.82oz,076484410000,Fussie Cat,catFood,1.99
6831,"Fussie Cat Tuna, Anchovy 2.47oz",888641133925,Fussie Cat,catFood,1.39
6839,"Fussie Cat Tuna, Anchovy 2.82oz",888641133116,Fussie Cat,catFood,1.99
6838,"Fussie Cat Tuna, Clams 2.82oz",888641130535,Fussie Cat,catFood,1.99
6835,"Fussie Cat Tuna, Mussel 2.82oz",888641133116,Fussie Cat,catFood,1.99
6829,"Fussie Cat Tuna, Ocean 2.47oz",,Fussie Cat,catFood,1.39
6841,"Fussie Cat Tuna, Ocean Goat Gravy 2.47oz",,Fussie Cat,catFood,1.89
6832,"Fussie Cat Tuna, Salmon 2.47oz",810138351154,Fussie Cat,catFood,1.39
6837,"Fussie Cat Tuna, Salmon 2.82oz",888641130535,Fussie Cat,catFood,1.99
6840,"Fussie Cat Tuna, Salmon Goat Gravy 2.47oz",076484322273,Fussie Cat,catFood,1.99
6830,"Fussie Cat Tuna, Shrimp 2.47oz",,Fussie Cat,catFood,1.39
6834,"Fussie Cat Tuna, Smoked Tuna 2.82oz",076484410017,Fussie Cat,catFood,1.99
2136,Fussiecat Mackrel Puree 4pk,810138350973,Fussie Cat,catTreats,4.39
2135,Fussiecat Oceanfish Puree 4pk,810138350997,Fussie Cat,catTreats,4.39
2134,Fussiecat Sardine Puree 4pk,810138351017,Fussie Cat,catTreats,4.39
2130,Fussiecat Tuna & Anchovies Puree 4pk,810138350942,Fussie Cat,catTreats,4.39
2133,Fussiecat Tuna & Chicken Purple 4pk,888641136209,Fussie Cat,catTreats,4.39
2132,Fussiecat Tuna & Shrimp Puree 4pk,888641136162,Fussie Cat,catTreats,4.39
2131,Fussiecat Tuna Puree 4pk,810138350935,Fussie Cat,catTreats,4.39
5292,"Galapagos 12""-24"" Spider Wd",759834053194,Galapagos,aquatics,31.69
43,Galapagos Arid Environment Terrarium Starter Kit,759834053514,Galapagos,reptiles,25.09
82,Galapagos Desert Environment Cling Background,759834054221,Galapagos,reptiles,27.29
7443,Galapagos Flexible Bridge 2ft,759834053088,Galapagos,reptiles,20.79
7444,Galapagos Flexible Bridge 3ft,759834059095,Galapagos,reptiles,26.19
7442,Galapagos Moss Mushroom ,759834552710,Galapagos,reptiles,20.79
59,Galapagos Natural Live Oak Leaf Litter,759834051541,Galapagos,reptiles,14.19
7520,Galapagos Natural Spanish Moss Substrate ,759834051602,Galapagos,reptiles,9.89
7445,Galapagos Sapa Corner Hide,759834053705,Galapagos,reptiles,32.69
1128,Galapagos Walnut Bedding,759834050742,Galapagos,birdSupplies,20.79
696,"Galapogoas Mossy Cave 4""",759834053460,Galapagos,reptiles,18.59
697,"Galapogoas Mossy Cave 6""",759834053484,Galapagos,reptiles,26.19
698,Galapogoas Mossy Cave Large,759834053446,Galapagos,reptiles,27.29
574,Galopagoos 18in Mossy Sticks,759834053200,Galapagos,reptiles,14.19
573,Galopagos 24in Mossy Sticks,9834053217,Galapagos,reptiles,16.39
575,Galopagos 32inch Mossy Sticks,759834053224,Galapagos,reptiles,19.69
80,Galapagos MossVine for Hanging & Climbing,759834052661,Galapagos ,reptiles,19.69
44,Galapagos Terrarium Starter Kit Humidity,759834053507,Galopagos,reptiles,22.89
2297,10 Lbs Pet Food Container,079441009026,Gamma2,accessories,30.59
2298,25 Lbs Pet Food Container,079441009033,Gamma2,accessories,42.59
2299,50lbs Pet Food Container,079441009040,Gamma2,accessories,62.19
2296,5lbs Pet Food Container,079441009019,Gamma2,accessories,21.79
1668,Vittles Vault 30 Lbs Storage,769397142303,Gamma2,accessories,54.49
1640,Vittles Vault 40lbs,769397143409,Gamma2,accessories,79.59
1667,Vittles Vault Elevated Feeder 50 Lbs,029695435515,Gamma2,accessories,98.09
5375,Baby Shark Small,048081625033,Generic,accessories,10.89
5320,Bailey Coral Small,048081003305,Generic,aquatics,7.69
4811,Beefhide Chew,097612923209,Generic,dogTreats,5.49
4974,Kangaroo Tail,015561224659,Generic,dogTreats,11.99
5773,Replacement Parts,,Generic,aquatics,22.89
5778,Replacement Parts,645095002197,Generic,accessories,13.09
4906,Wick Trimmer,734366021255,Generic,healthcare,8.79
5799,Ginger Float Pond Pellet 14oz,,Ginger,aquatics,11.99
5798,Ginger Prem Float Pond Pellet 16oz,835953007222,Ginger,aquatics,14.19
5258,"Glo-Plant 4"" Aquaplnt",046798784074,GloFish,aquatics,3.29
5259,Glo-Plant Small Glow Pad,030172071072,GloFish,aquatics,16.39
5260,GloPlant,,GloFish,aquatics,9.89
5824,Glofish 10gal,023851010509,GloFish,aquatics,108.99
5823,Glofish 5gal,023851013678,GloFish,aquatics,87.19
5209,Glofish Cycl Plant Green/Yllw Small,030172902673,GloFish,aquatics,5.49
5820,Glofish Trilogy,015561112178,GloFish,aquatics,98.09
4692,Good 'n' Fun 3 Flavor Wing,091093833361,Good'n'Fun,dogTreats,8.79
1981,Vetrx Cat & Kitten Aid,046938080011,Goodwinol,healthcare,20.79
1412,Vetrx Dog & Puppy Aid,046938070012,Goodwinol,healthcare,16.39
4066,Vetrx Rabbit Aid 2oz,048054800627,Goodwinol,smallanimal,20.79
4700,Grandma Lucy Apple,015561221863,Grandma Lucy's,dogTreats,16.39
4699,Grandma Lucy Blueberry,015561221894,Grandma Lucy's,leashesAndCollars,16.39
4701,Grandma Lucy Cranberry,015561221870,Grandma Lucy's,dogTreats,14.19
1132,Grannicks Bitter Apple,037685114623,Grannick's,accessories,8.79
7511," Greenies Pill Pockets for Tablets Hickory Smoke, 1ea/30 Count, 3.2 oz",642863101250,Greenies,treats,13.09
2153,Feline Greenies Catnip Cleans Breath,642863111365,Greenies,catTreats,5.49
2152,Feline Greenies Chicken Cleans Breath,642863111303,Greenies,catTreats,5.49
2149,Feline Greenies Chicken Skin & Fur Health,642863101410,Greenies,catTreats,4.39
2155,Feline Greenies Pill Pockets Chicken,642863104107,Greenies,catTreats,10.89
2154,Feline Greenies Pill Pockets Salmon,642863021428,Greenies,catTreats,10.89
2151,Feline Greenies Salmon Clean Breath,642863111396,Greenies,catTreats,5.49
2150,Feline Greenies Tuna Clean Breath,642863111334,Greenies,catTreats,5.49
2148,Feline Greenies Tuna Healthy Indoor,642863101403,Greenies,catTreats,5.49
4940,"Greenies Anytime Bites Bite-Size Dog Dental Treats
Blueberry, 1ea/10.3 oz",642863114434,Greenies,Treats,23.99
7513,"Greenies Anytime Bites Bite-Size Dog Dental Treats Original, 1ea/10.3 oz",642863114373,Greenies,treats,23.99
6541,"Greenies Chicken,Duck 8/2oz",642863117824,Greenies,dogTreats,25.09
4956,"Greenies Dog Dental Treats
Large, Blueberry, 1ea/12 oz, 8 Count",642863104824,Greenies,Treats,25.09
4951,"Greenies Dog Dental Treats
Large, Fresh, 1ea/12 oz, 8 Count",642863104749,Greenies,Treats,25.09
4943,"Greenies Dog Dental Treats
Large, Original, 1ea/27 oz, 17 Count",642863041129,Greenies,Treats,49.09
4972,"Greenies Dog Dental Treats
Large, Original, 1ea/36 oz, 24 Count",642863101069,Greenies,Treats,58.89
4934,"Greenies Dog Dental Treats
Large, Original, 1ea/6 oz, 4 Count",642863102943,Greenies,Treats,13.09
4953,"Greenies Dog Dental Treats
Petite, Blueberry, 1ea/12 oz, 20 Count",642863104800,Greenies,Treats,25.09
4950,"Greenies Dog Dental Treats
Petite, Fresh, 1ea/12 oz, 20 Count",642863104725,Greenies,Treats,25.09
4938,"Greenies Dog Dental Treats
Petite, Original, 1ea/12 oz, 20 Count", 642863041242,Greenies,Treats,25.09
4941,"Greenies Dog Dental Treats
Petite, Original, 1ea/27 oz, 45 Count",642863041266,Greenies,Treats,49.09
4947,"Greenies Dog Dental Treats
Petite, Original, 1ea/36 oz, 60 Count",642863114373,Greenies,Treats,59.99
4935,"Greenies Dog Dental Treats
Petite, Original, 1ea/6 oz, 10 Count",642863102929,Greenies,Treats,13.09
4958,"Greenies Dog Dental Treats
Petite, Sweet Potato, 1ea/12 oz, 20 Count",642863114205,Greenies,Treats,23.99
4954,"Greenies Dog Dental Treats
Regular, Blueberry, 1ea/12 oz, 12 Count",642863104817,Greenies,Treats,25.09
4937,"Greenies Dog Dental Treats
Regular, Original, 1ea/12 oz, 12 Count",,Greenies,Treats,25.09
4942,"Greenies Dog Dental Treats
Regular, Original, 1ea/27 oz, 27 Count",642863041198,Greenies,Treats,49.09
4971,"Greenies Dog Dental Treats
Regular, Original, 1ea/36 oz, 36 Count",642863101045,Greenies,Treats,59.99
4959,"Greenies Dog Dental Treats
Regular, Sweet Potato, 1ea/12 oz, 12 Count",642863114229,Greenies,Treats,25.09
4952,"Greenies Dog Dental Treats
Teenie, Blueberry, 1ea/12 oz, 43 Count",642863104794,Greenies,Treats,25.09
4949,"Greenies Dog Dental Treats
Teenie, Fresh, 1ea/12 oz, 43 Count",642863104718,Greenies,Treats,25.09
4939,"Greenies Dog Dental Treats
Teenie, Original, 1ea/12 oz, 43 Count",642863041310,Greenies,Treats,25.09
4948,"Greenies Dog Dental Treats
Teenie, Original, 1ea/36 oz, 130 Count",642863101007,Greenies,Treats,58.89
4936,"Greenies Dog Dental Treats
Teenie, Original, 1ea/6 oz, 22 Count",642863102912,Greenies,Treats,13.09
4957,"Greenies Dog Dental Treats
Teenie, Sweet Potato, 1ea/12 oz, 43 Count",642863114182,Greenies,Treats,25.09
4963,"Greenies Pill Pockets for Capsules
Cheese, 1ea/30 Count, 7.9 oz",642863109300,Greenies,Treats,15.29
4964,"Greenies Pill Pockets for Capsules
Cheese, 1ea/60 Count, 15.8 oz",642863109317,Greenies,Treats,29.49
4970,"Greenies Pill Pockets for Capsules
Hickory Smoke, 1ea/60 Count, 15.8 oz",642863106552,Greenies,Treats,23.99
4969,"Greenies Pill Pockets for Capsules
Peanut Butter, 1ea/30 Count, 7.9 oz",642863101281,Greenies,Treats,14.19
4962,"Greenies Pill Pockets for Capsules
Peanut Butter, 1ea/60 Count, 15.8 oz",642863111297,Greenies,Treats,23.99
7512,"Greenies Pill Pockets for Capsules Hickory Smoke, 1ea/30 Count, 7.9 oz",642863101274,Greenies,treats,14.19
4965,"Greenies Pill Pockets for Tablets
Cheese, 1ea/30 Count, 3.2 oz",642863109294,Greenies,Treats,11.99
4968,"Greenies Pill Pockets for Tablets
Peanut Butter, 1ea/30 Count, 3.2 oz",642863101267,Greenies,Treats,13.09
4967,Greenies Pllpckt Chicken Cap 15.8oz,642863104107,Greenies,dogTreats,29.49
4966,Greenies Pllpckt Chicken Cap 7.9oz,642863045417,Greenies,dogTreats,14.19
4955,"Greenies Puppy 6+ Months Dog Dental Treats
Petite, 1ea/12 oz",642863117619,Greenies,Treats,25.09
6537,Greenies Small Top Beef 2oz,642863117718,Greenies,dogTreats,3.29
6539,Greenies Small Top Chicken & Beef 2oz,642863117732,Greenies,dogTreats,3.09
6540,Greenies Small Top Chicken & Green Bean 2oz,642863117657,Greenies,dogTreats,3.29
6538,Greenies Small Top Chicken 2oz,642863117671,Greenies,dogTreats,3.09
6536,Greenies Small Top Duck 2oz,642863117695,Greenies,dogTreats,3.09
1450,Grizzly Omega Plant Based 8oz,835953007222,Grizzly Pet Products,healthcare,21.79
1452,Grizzly Omega Salmon 16oz,835953003118,Grizzly Pet Products,healthcare,32.69
1451,Grizzly Omega Salmon 8oz,835953000117,Grizzly Pet Products,healthcare,22.89
5427,Kitbox Volcano,798549198820,H 2 Show,aquatics,74.19
5428,Kitwood Green Light,798549198882,H2 Show,aquatics,74.19
5610,Aquaglo T8 30w,850004314739,Hagen,aquatics,11.99
5313,Coral Rock Large,015561147583,Hagen,aquatics,43.59
5393,Ddbl Rock Crop W Plnts Medium,015561122238,Hagen,aquatics,14.19
1669,Dogit Go Slow Extra Small Blue,022517737026,Hagen,accessories,10.89
1670,Dogit Go Slow Extra Small Pink,022517737019,Hagen,accessories,10.89
1673,Dogit Go Slow L Blue,022517737316,Hagen,accessories,32.69
1671,Dogit Go Slow M Black,022517737170,Hagen,accessories,20.79
1672,Dogit Go Slow M Blue,022517737163,Hagen,accessories,19.69
1133,Exact Hand Feeding Formula,071859475110,Hagen,healthcare,20.79
1135,Hagan Tropical Handfeeding 4lb,015561822633,Hagen,healthcare,34.89
1134,Hagan Tropican Handfeeding Formula,015561822596,Hagen,healthcare,13.09
1557,Hagen Le Salon Essentials Curry Brush,022517912461,Hagen,healthcare,8.79
1131,Hari Charcoal,015561824590,Hagen,accessories,9.89
1130,Hari Clay-cal,080605803336,Hagen,birdSupplies,9.89
1129,Hari Oyster Shells,015561824606,Hagen,birdSupplies,5.49
940,Hari Spray Millet,080605824706,Hagen,birdSupplies,6.59
5770,Laguna Float Thermometer,,Hagen,aquatics,8.79
5763,Laguna Powerjet,,Hagen,aquatics,130.79
5802,Laguna Pressure Flo 2000,,Hagen,accessories,425.09
5801,Laguna Pressure Flo Pads,020279995005,Hagen,accessories,19.69
5762,Laguna Skimmer Pump,797801036863,Hagen,aquatics,250.69
5388,Large Rock Cave,015561120586,Hagen,aquatics,43.59
9286,Marina Decor Wood Ornament Mini Betta Bowl,015561120555,Hagen,aquatics,5.49
5387,Medium Rock Cave,015561120579,Hagen,aquatics,27.29
5386,Small Rock Cave,015561120562,Hagen,aquatics,13.09
1061,Smartplay Bird Toy,080605810044,Hagen,birdSupplies,10.89
1087,Smartplay Coconut,080605810129,Hagen,birdSupplies,19.69
1108,Smartplay Hanging Rings,080605810143,Hagen,birdSupplies,17.49
1110,Smartplay Stacker,080605810273,Hagen,birdSupplies,21.79
4152,Happy Beaks Carrier,644472008043,Happy,smallanimal,35.99
1040,Happy Beaks Cozy Corner Large,644472001990,Happy,birdSupplies,8.79
1039,Happy Beaks Cozy Corner Small,44472002034,Happy,birdSupplies,5.49
4153,Happy Beaks Hamster Cage,644472008685,Happy,smallanimal,16.39
1123,Happy Beaks Rainbow Blocks,644472012828,Happy,birdSupplies,22.89
1059,Happy Beaks Rope Swing W Frays,644472990645,Happy,birdSupplies,15.29
1035,Happy Beaks Snuggle Sack Medium,644472001853,Happy,birdSupplies,14.19
1036,Happy Beaks Snuggle Sacklg,644472001846,Happy,birdSupplies,16.39
1037,Happy Beaks Tent,644472000542,Happy,birdSupplies,11.99
996,Happy Beaks Two Sided Mirror,644472015232,Happy,birdSupplies,6.59
1046,Happy Beaks Wood Bridge,644472117653,Happy,birdSupplies,14.19
1229,Happy Beaks the Voyager,644472000610,Happy,accessories,62.19
1478,Happy Jack Itch No More Shampoo,023851013678,Happy,healthcare,13.09
1475,Happy Jack Kennel Dip Ii,023851010455,Happy,healthcare,30.59
1474,Happy Jack Mange Medicine,023851010431,Happy,healthcare,20.79
1477,Happy Jack Pad Kote,023851010547,Happy,healthcare,14.19
1479,Happy Jack Sardex Ii,023851010509,Happy,healthcare,20.79
1476,Happy Jack Xylecide,023851013241,Happy,healthcare,18.59
1783,Happy Ride Booster Seat Up to 12,891293000606,Happy,accessories,56.69
1790,Happy Ride Safty Harness 25-50,852185001620,Happy,accessories,35.99
1789,Happy Ride Safty Harness 45-75,852185001637,Happy,accessories,38.19
2815,Lambchop Happy Birthday,784369487060,Happy,accessories,13.09
1203,Small Bird Nest Happy Beaks,644472008036,Happy,birdSupplies,5.49
4521,Happydog Jumbo Elk Antler,001556121852,Happy Dog,dogTreats,29.49
4517,Happydog Extra Large Elk Antler,610563285631,Happy Dog of Cape Cod,dogTreats,35.99
4516,Happydog Jumbo Elk Antler,610563285440,Happy Dog of Cape Cod,dogTreats,29.49
4518,Happydog Jumbo Sliced Elk Ant,610563285457,Happy Dog of Cape Cod,dogTreats,29.49
4515,Happydog Large Moose Antler,610563285938,Happy Dog of Cape Cod,dogTreats,22.89
4520,Happydog Large Sliced Elk Ant,610563285433,Happy Dog of Cape Cod,dogTreats,27.29
4513,Happydog Medium Sliced Elk Antler,610563285419,Happy Dog of Cape Cod,dogTreats,18.59
4514,Happydog Small Moose Antler,610563285914,Happy Dog of Cape Cod,dogTreats,11.99
4512,Happydog Small Sliced Elk Antler,610563285396,Happy Dog of Cape Cod,dogTreats,14.19
4519,Happydog Special Elk Ant,009761284004,Happy Dog of Cape Cod,dogTreats,35.99
2747,Doggie Nip,714929808233,Happy Pet,accessories,5.49
795,Harris Diatomaceous Earth 10.5lb,072725004182,Harris,accessories,44.69
797,Harris Diatomaceous Earth 2 Lbs,72725004076,Harris,accessories,17.49
796,Harris Diatomaceous Earth 4lbs,072725004083,Harris,accessories,22.89
800,Harris Diatomacouse Earth Bottle,072725002706,Harris,accessories,9.89
4703,Health Extension 3.5 oz Beef,810120991023,Health Extension,dogFood,14.19
4702,Health Extension 3.5 oz Salmon,810120991023,Health Extension,dogFood,14.19
4744,Health Extension Baked Lamb,784672108805,Health Extension,dogTreats,11.99
4499,Health Extension Cheek Chew Chicken,784672108768,Health Extension,dogTreats,6.59
4500,Health Extension Cheek Chew Peanut Butter,784672108775,Health Extension,dogTreats,6.59
6535,Health Extension Digestive Super 9oz,810120990002,Health Extension,dogFood,3.39
6532,Health Extension Gently Cooked Beef 9oz,810120990620,Health Extension,dogFood,5.39
6533,Health Extension Gently Cooked Chicken 9oz,810120990613,Health Extension,dogFood,5.39
6531,Health Extension Gently Cooked Duck 9oz,810120991320,Health Extension,dogFood,5.39
6534,Health Extension Gently Cooked Lamb 9oz,810120990637,Health Extension,dogFood,5.39
6677,Health Extension Healthy Belly 3.5 oz,810120991009,Health Extension,dogFood,2.79
6678,Health Extension Mobility 3.5 oz,810120991016,Health Extension,dogFood,2.79
6547,Health Extension Shiny Coat 3.5 oz,810120991030,Health Extension,dogFood,2.79
6548,Health Extension Vitality 3.5 oz,810120991023,Health Extension,dogFood,2.79
1156,California Blend Parrot,046706210039,Higgins,birdSupplies,25.09
4252,Habitat Snack Apple & Banana,,Higgins,smallanimal,6.59
4251,"Habitat Snack Carrot, Pea, Greens",080605834057,Higgins,smallanimal,6.59
4253,Habitat Snack Flower & Berry,,Higgins,smallanimal,7.69
913,Higgins Duets Conure & Lovebird,046706303601,Higgins,birdSupplies,7.69
914,Higgins Duets Parrots & Macaws,046706303502,Higgins,birdSupplies,7.69
4295,Higgins InTune Duets Chicken & Salmon,030172906268,Higgins,smallanimal,7.69
4294,Higgins InTune Duets Chicken & Turkey,030172082832,Higgins,smallanimal,7.69
1144,Higgins Intune Parakeet,046706302451,Higgins,healthcare,17.49
937,Higgins Spray Millet,046706600038,Higgins,birdSupplies,7.69
1151,Higgins Sunburst Cockatiel,046706302307,Higgins,birdSupplies,18.59
1146,Higgins Sunburst Parakeet,046706302253,Higgins,healthcare,10.89
1154,Higgins Sunburst Parrot,046706302345,Higgins,birdSupplies,22.89
907,Higgins Tuscan Dream,046706321650,Higgins,birdSupplies,4.39
1169,Higgins Vitaseed Canary,046706210350,Higgins,birdSupplies,8.79
1152,Higgins Vitaseed Cockateil,046706210145,Higgins,birdSupplies,11.99
1145,Higgins Vitaseed Parakeet,046706210206,Higgins,healthcare,10.89
1155,Higgins Vitaseed Parrot,046706210015,Higgins,birdSupplies,16.39
4090,Sunburst Rat & Mouse 2.5 lb,077234023778,Higgins,smallanimal,10.89
918,Sunburst Sticks Lil Fruits,046706002702,Higgins,birdSupplies,3.29
7607, Hikari USA Herptile LeopaGel™ Reptile Food 2.11oz,042055206068,Hikari,reptiles,10.89
7265,Aquarium Solution Betta Revive,042055711005,Hikari,aquatics,3.29
7266,Aquarium Solution Betta Ultimate,042055711005,Hikari,aquatics,2.19
7264,Aquarium Solution Herbal Betta Revive,042055711029,Hikari,aquatics,4.39
9334,Aquarium Solutions Bacto-Surge Biological Action Sponge Filter,042055960441,Hikari,aquatics,11.99
7111,Aquarium Solutions Prazipro 16oz,042055732567,Hikari,aquatics,54.49
7110,Aquarium Solutions Prazipro 4oz,042055732543,Hikari,aquatics,19.69
5074,Bacto-Surge Sponge Filter Extra Large,042055960489,Hikari,aquatics,27.29
5073,Bactosurge Sponge Filter Large,091197660276,Hikari,aquatics,11.99
6951,Hikari Algae Waf1.41oz,042055213073,Hikari,aquatics,5.49
6950,Hikari Algae Waffer 2.89oz,042055213165,Hikari,aquatics,8.79
6949,Hikari Algae Waffer 8.8oz,042055213288,Hikari,aquatics,19.69
6952,Hikari Algae Waffer Mini .77oz,042055214032,Hikari,aquatics,5.49
6998,Hikari Blood Worm .42oz,042055332019,Hikari,aquatics,9.89
6999,Hikari Brine Shrimp .42oz,042055335027,Hikari,aquatics,9.89
6955,Hikari Crab Cuisine 1.76oz,042055273091,Hikari,aquatics,5.49
6956,Hikari Fancy Guppy .77oz,042055221023,Hikari,aquatics,5.49
6960,Hikari First Bites .35oz,042055200950,Hikari,aquatics,4.39
6931,Hikari Frozen Baby Brine Shrimp 1.75oz,076484065606,Hikari,aquatics,8.79
6921,Hikari Frozen Blood Worm 16oz,042055732161,Hikari,aquatics,17.49
6929,Hikari Frozen Blood Worm 3.5 oz,042055301206,Hikari,aquatics,7.69
6920,Hikari Frozen Brine Shrimp 16oz,042055324403,Hikari,aquatics,14.19
6932,Hikari Frozen Brine Shrimp 3.5 oz,042055323208,Hikari,aquatics,6.59
6930,Hikari Frozen Daphnia 3.5 oz,042055303200,Hikari,aquatics,8.79
6928,Hikari Frozen Jumbo Blood Worm 3.5 oz,042055302456,Hikari,aquatics,8.79
6919,Hikari Frozen Krill 16oz,042055308403,Hikari,aquatics,18.59
6924,Hikari Frozen Krill 3.5 oz,042055307208,Hikari,aquatics,7.69
6927,Hikari Frozen Mysis 3.5 oz,042055325509,Hikari,aquatics,5.49
6935,Hikari Frozen Ocean Plankton 3.5 oz,076484693540,Hikari,aquatics,7.69
6934,Hikari Frozen Omega Brine Shrimp 3.5 oz,042055323208,Hikari,aquatics,7.69
6933,Hikari Frozen Spirulina Brine Shrimp 3.5 oz,042055325202,Hikari,aquatics,6.59
6926,"Hikari Frozen Spirulina,Mysis 3.5 oz",042055325509,Hikari,aquatics,7.69
6925,Hikari Frozen Tubifex Worm 3.5 oz,042055329200,Hikari,aquatics,7.69
6945,Hikari Gold Large 8.8oz,042055044288,Hikari,aquatics,11.99
6944,Hikari Gold Medium 8.8oz,042055043281,Hikari,aquatics,11.99
6964,Hikari Gold Mini 2.01oz,042055042116,Hikari,aquatics,5.49
6943,Hikari Gold Mini 8.8oz,042055042284,Hikari,aquatics,11.99
6959,Hikari Minivore 1.41oz,042055218078,Hikari,aquatics,9.89
512,Hikari Mulberific Delite,042055206310,Hikari,aquatics,25.09
6961,Hikari Shrimp Cuisine .35oz,042055194044,Hikari,aquatics,7.69
6942,Hikari Sinking Gold Medium 12oz,042055047333,Hikari,aquatics,14.19
6941,Hikari Sinking Gold Mini 12oz,042055046336,Hikari,aquatics,14.19
6965,Hikari Sinking Medium 3.5 oz,042055047203,Hikari,aquatics,6.59
6966,Hikari Sinking Mini 3.5 oz,042055046206,Hikari,aquatics,6.59
6958,Hikari Sinking Wafers 1.76oz,042055215107,Hikari,aquatics,6.59
6957,Hikari Sinking Wafers 3.88oz,042055215213,Hikari,aquatics,9.89
6948,Hikari Staple Large 8.8oz,042055034289,Hikari,aquatics,8.79
6963,Hikari Staple Medium 2.01oz,042055033114,Hikari,aquatics,3.29
6947,Hikari Staple Medium 8.8oz,042055033282,Hikari,aquatics,8.79
6962,Hikari Staple Mini 2.01oz,042055032117,Hikari,aquatics,4.39
6946,Hikari Staple Mini 8.8oz,042055032285,Hikari,aquatics,8.79
7000,Hikari Tubifex Worms .78oz,042055331036,Hikari,aquatics,9.89
9285,Hikari USA Betta BioGold Pellets Fish Food 0.088 oz,042055191012,Hikari,aquatics,3.29
9409,Hikari USA Bio-Pure Spirulina Brine Shrimp Freeze Dried Fish Food 0.42oz,042055335515,Hikari,aquatics,9.89
7608,Hikari USA Herptile CrestGel™ Reptile Food 2.11oz,042055206112,Hikari,reptiles,10.89
7609,Hikari USA Herptile DragonGel™ Reptile Food 2.11oz,042055206167,Hikari,reptiles,10.89
6954,Hikari Vibra 1.23oz,042055222068,Hikari,aquatics,6.59
6953,Hikari Vibra 2.57oz,042055222150,Hikari,aquatics,9.89
4625,Himalayan Cheese Chew 3pk,853012004029,Himalayan,dogTreats,14.19
4626,Himalayan Chicken Chew,857164007631,Himalayan,dogTreats,14.19
4627,Himalayan Churros 4pk,857164007532,Himalayan,dogTreats,8.79
4628,Himalayan Unhide 2pk,859552003355,Himalayan,dogTreats,22.89
5250,Hippie Hounds 1000mg Dog Drops,779202321618,Hippie Hounds,accessories,54.49
5247,Hippie Hounds 10mg Cbd 5.3oz,018065984692,Hippie Hounds,accessories,35.99
5251,Hippie Hounds 125mg Cat Drops,779202012592,Hippie Hounds,accessories,20.79
5249,Hippie Hounds 250mg Dog Drops,779202025097,Hippie Hounds,accessories,28.39
5252,Hippie Hounds 500mg Dog Drops,051233316871,Hippie Hounds,accessories,32.69
5248,Hippie Hounds 5mg Cbd 5.3oz,779202005266,Hippie Hounds,accessories,29.49
6811,IAMS Cat Chicken 7lb,019014712571,Iams,catFood,28.39
6812,IAMS Kitten 3.5lb,076484662645,Iams,catFood,15.29
6340,IAMS Large Breed Puppy 15lb,019014610945,Iams,dogFood,43.59
6337,IAMS Mini Chunks 15lb,019014610907,Iams,dogFood,42.59
6338,IAMS Mini Chunks 30lb,019014700714,Iams,dogFood,61.09
6336,IAMS Mini Chunks 7lb,030172093210,Iams,dogFood,23.99
6559,IAMS Puppy 13oz,019014610945,Iams,dogFood,2.69
6339,IAMS Small Breed 7lb,019014803446,Iams,dogFood,26.19
6810,Iams Indoor 7lb,,Iams,catFood,28.39
7816,Icelandic Cod & Herring Mini Combo Bites for Cats,854854007421,Icelandic,treats,6.59
7817,Icelandic Cod & Salmon Mini Combo Bites for Cats,850003829760,Icelandic,treats,6.59
7815,Icelandic Cod & Shrimp Mini Combo Bites,850003829746,Icelandic,treats,6.59
7811,Icelandic Collagen Puffs Crunchy Protein Bites ,854854007735,Icelandic,treats,9.89
7814,Icelandic Hand Wrapped Cod Sticks,850003829692,Icelandic,treats,16.39
7813,Icelandic Redfish Rolls,854854007247,Icelandic,treats,11.99
7812,Icelandic Salmon Chips,850003829302,Icelandic,treats,13.09
5316,Sprats,850003829128,Icelandic+,treats,10.89
1483,Ideal Syrflex Bandage,715501517864,Ideal,healthcare,4.39
2163,Churo 50pk Variety,850030015570,Inaba,catTreats,43.59
2128,Churo Skin & Coat Chicken 4pk,850006715763,Inaba,catTreats,5.49
2129,Churo Skin & Coat Tuna 4pk,850006715756,Inaba,catTreats,5.49
2139,Churo Tuna 4pk,855958006556,Inaba,catTreats,4.39
2127,Churo Tuna W Salmon 4pk,855958006662,Inaba,catTreats,4.39
2138,Churu Chicken With Cheese 4pk,855958006679,Inaba,catTreats,4.39
9198,Daishi Delights Chicken with Tuna & Scallop Recipe 2.5oz,810100850852,Inaba,catTreats,1.19
9201,Daishi Delights Chicken with Tuna Recipe,810100850814,Inaba,food,1.19
9204,Daishi Delights Tuna Recipe,810100854645,Inaba,food,1.19
9203,Daishi Delights Tuna with Bonito Flakes Recipe,810100854669,Inaba,food,1.19
9202,Daishi Delights Tuna with Cheese Recipe 2.5oz,810100854652,Inaba,food,1.19
9205,Daishi Delights Tune with Salmon Recipe,810100854676,Inaba,food,1.19
2120,Gilled Tuna Fillet,855958006471,Inaba,catTreats,3.29
2119,Grilled Chicken Fillet,855958006532,Inaba,catTreats,3.29
7772,Inaba Churu Bites 8pk Chicken With Salmon,850006715565,Inaba,treats,10.89
7680,Inaba Churu Pop N Serve Chicken,810100852382,Inaba,treats,2.19
7677,Inaba Churu Salmon With Scallop,810100852597,Inaba,treats,4.39
7773,Inaba Churu Sprinkles Chicken Recipe Meal Topper,810100855000,Inaba,treats,5.49
7678,Inaba Churu Tuna,855958006556,Inaba,treats,4.39
7679,Inaba Churu Tuna & Bonito,850030015372,Inaba,treats,4.39
7681,Inaba Curui Pop N Serve Variety,810100852696,Inaba,treats,15.29
6855,Inaba Dashi Delights Chicken in Bonito Broth,,Inaba,catTreats,1.19
6857,"Inaba Dashi Delights Chicken, Salmon 2.5oz",076484001246,Inaba,dogFood,1.19
6859,"Inaba Dashi Delights Chicken, Scallop 2.5oz",076484001239,Inaba,dogFood,1.19
6856,"Inaba Dashi Delights Chicken, Tuna 2.5oz",076484001239,Inaba,dogFood,1.19
6858,"Inaba Dashi Delights Chicken, Tuna, Scallop 2.5oz",076484001239,Inaba,dogFood,1.19
7683,Inaba Grilled Tuna Fillet Extra Tender .52oz,855958006518,Inaba,treats,3.29
951,Insight Sand Perch T-perch,618940312161,Insight,birdSupplies,7.69
7193,Instant Ocean Hydrometer,051378025034,Instant Ocean,accessories,20.79
2376,Intersand Odor Lock Unsc 13lb,777979211064,Intersand,accessories,18.59
2378,Intersand Odorlock Bbypdr 13lb,777979213068,Intersand,accessories,16.39
2379,Intersand Odorlock Bbypdr 25lb,777979210258,Intersand,accessories,28.39
2380,Intersand Odorlock Calming Breeze 13lb,777979214065,Intersand,accessories,18.59
2381,Intersand Odorlock Calming Breeze 25lb,777979214256,Intersand,accessories,28.39
2382,Intersand Odorlock Lavender 13lb,777979210067,Intersand,accessories,18.59
2383,Intersand Odorlock Lavender 25lb,777979210258,Intersand,accessories,28.39
2377,Intersand Odorlock Unsc 25lb,777979211255,Intersand,accessories,28.39
2734,JW Pet Pet Pet Pet Bad Cuz Medium,618940431688,JW Pet,toys,10.89
1214,JW Pet Pet Pet Pet Bird Bath,618940313175,JW Pet,birdSupplies,11.99
868,JW Pet Pet Pet Pet Clean Cup Large,618940313113,JW Pet,birdSupplies,16.39
863,JW Pet Pet Pet Pet Clean Cup Medium,618940313090,JW Pet,birdSupplies,10.89
869,JW Pet Pet Pet Pet Clean Cup Small,618940313083,JW Pet,birdSupplies,9.89
870,JW Pet Pet Pet Pet Cuttlebone Holder,618940313137,JW Pet,birdSupplies,7.69
1007,JW Pet Pet Pet Pet Double Axis,618940310013,JW Pet,birdSupplies,5.49
1006,JW Pet Pet Pet Pet Hall of Mirrors,618940310372,JW Pet,birdSupplies,8.79
999,JW Pet Pet Pet Pet Hanging Dice,618940310303,JW Pet,birdSupplies,7.69
2713,JW Pet Pet Pet Pet Hol-ee Roller Jumbo,618940431138,JW Pet,toys,28.39
2708,JW Pet Pet Pet Pet Hol-ee Roller Large,618940431121,JW Pet,toys,18.59
2700,JW Pet Pet Pet Pet Hol-ee Roller Medium,618940431114,JW Pet,toys,10.89
963,JW Pet Pet Pet Pet Insight Sand Perch Large,618940312017,JW Pet,birdSupplies,9.89
962,JW Pet Pet Pet Pet Insight Sand Perch Small,618940312154,JW Pet,birdSupplies,6.59
1000,JW Pet Pet Pet Pet Lattice Chain,18940310365,JW Pet,birdSupplies,4.39
942,JW Pet Pet Pet Pet Millet Holder,618940313144,JW Pet,birdSupplies,4.39
2691,JW Pet Pet Pet Pet Puppy Hol-ee Roller,618940431107,JW Pet,toys,9.89
872,JW Pet Pet Pet Pet Silo Bird Feeder,618940313052,JW Pet,birdSupplies,8.79
2726,JW Pet Pet Pet Pet Small Isqueakbone,618940430353,JW Pet,toys,7.69
873,JW Pet Pet Pet Pet Small Silo Waterer,618940313007,JW Pet,birdSupplies,7.69
1025,JW Pet Pet Pet Pet Swingnperch Medium,035585035239,JW Pet,birdSupplies,32.69
1026,JW Pet Pet Pet Pet Swingnperch Small,618940312000,JW Pet,birdSupplies,25.09
871,JW Pet Pet Pet Pet Tall Silo Waterer,18940313014,JW Pet,birdSupplies,8.79
4142,JW Pet Pet Pet Pet Walk Up Hide Large,030172098109,JW Pet,smallanimal,9.89
4143,JW Pet Pet Pet Pet Walk Up Hide Medium,618940821014,JW Pet,smallanimal,6.59
1706,Skidstop Heavyweight Jumbo,618940642589,JW Pet,accessories,11.99
1687,Skidstop Heavyweight Large,618940642688,JW Pet,accessories,8.79
1686,Skidstop Heavyweight Medium,618940632405,JW Pet,accessories,7.69
1685,Skidstop Jumbo,618940632429,JW Pet,accessories,16.39
1684,Skidstop Large,618940313014,JW Pet,accessories,11.99
1683,Skidstop Medium,18940632405,JW Pet,accessories,13.09
1915,Hello Kitty Pet Bed Large Pink,191726749288,Jazwares,beds,59.99
1916,Hello Kitty Pet Bed Small White,191726749301,Jazwares,beds,37.09
2816,Squishmallows Dog Toy,191726514428,Jazwares,smallanimal,20.79
1911,"Squishmellow Bed "" Beula"" 20in",191726502029,Jazwares,beds,37.09
1909,"Squishmellow Bed "" Maui"" 24in",191726502111,Jazwares,beds,54.49
1913,"Squishmellow Bed ""avery"" 24in",191726511946,Jazwares,beds,46.89
1912,"Squishmellow Bed ""beula"" 30in",191726509882,Jazwares,beds,64.39
1910,"Squishmellow Bed ""bubba"" 30in",191726769613,Jazwares,beds,64.39
1914,"Squishmellow Bed ""gordon"" 24in",191726502159,Jazwares,beds,54.49
1896,"Squishmellow Bed ""lola"" 20in",191726769446,Jazwares,beds,37.09
2714,"Jolly Pet 6"" Tugntoss Purple",788169040654,Jolly Pets,toys,22.89
2770,"Jolly Pet Flyer 7.5"" Blue",788169017526,Jolly Pets,accessories,11.99
2709,"Jolly Pets 4""jolly Sccrball",788169720426,Jolly Pets,toys,13.09
2716,"Jolly Pets 6"" Soccerball Green",788169720631,Jolly Pets,toys,16.39
2715,"Jolly Pets 6""soccer Ball Bllue",788169720624,Jolly Pets,toys,16.39
2717,"Jolly Pets 8"" Soccerball Blue",788169720822,Jolly Pets,toys,23.99
2718,"Jolly Pets 8"" Soccerball Orange",788169720815,Jolly Pets,toys,23.99
2741,Jolly Tug,788169050516,Jolly Pets,toys,21.79
4503,Jones Chicken Feet,741956005885,Jones Natural Chews,dogTreats,5.49
4483,Jones Pork Femur Bone,784099029172,Jones Natural Chews,dogTreats,6.59
4504,Jones Rib Bone Small,741956013224,Jones Natural Chews,dogTreats,3.29
4502,Jones Small Center Bones,741956004314,Jones Natural Chews,dogTreats,5.49
4501,Jones Top Crest,741956010452,Jones Natural Chews,dogTreats,11.99
4505,Jones Windees Medium,,Jones Natural Chews,dogTreats,5.49
151,Jurassipet JurassiMite Parasite Control Spray,0011685460,Jurrasipet,reptiles,14.19
5903,Class Cable Sweater Red Extra Large,035585511139,KONG,accessories,19.69
5908,Untucked Plaid Sweet Gray Extra Small,035585511115,KONG,accessories,22.89
912,Sweet Harvest Chilli Pepper,720101222155,Kaylor,birdSupplies,5.49
1225,Sweet Harvest Cockatiel 20lbs,720101105205,Kaylor,birdSupplies,87.19
1150,Sweet Harvest Cockatiel No Sunflower,720101105021,Kaylor,birdSupplies,14.19
1149,Sweet Harvest Cockatiel W Sunflower,720101104024,Kaylor,birdSupplies,13.09
1167,Sweet Harvest Finch,720101102020,Kaylor,birdSupplies,8.79
922,Sweet Harvest Fruit Mix,720101288052,Kaylor,birdSupplies,8.79
936,Sweet Harvest Fruits & Nuts Mix,720101244041,Kaylor,birdSupplies,8.79
929,Sweet Harvest Mixed Veggies,720101211258,Kaylor,birdSupplies,5.49
943,Sweet Harvest Papaya,720101277650,Kaylor,birdSupplies,8.79
1224,Sweet Harvest Parakeet 20lbs,720101103201,Kaylor,healthcare,45.79
1147,Sweet Harvest Parakeet 2lbs,,Kaylor,healthcare,10.89
1148,Sweet Harvest Parakeet 4lbs,720101103041,Kaylor,healthcare,15.29
1226,Sweet Harvest Parrot 20 Lbs,720101107209,Kaylor,birdSupplies,87.19
1165,Sweet Harvest Parrot No Sunflower,720101107049,Kaylor,birdSupplies,30.59
1166,Sweet Harvest Parrot W Sunflower,720101107049,Kaylor,birdSupplies,32.69
7496,Chewbular Play Tube,045125604764,Kaytee,smallanimal,13.09
9261,Critter Trail Run About Habitat,045125605167,Kaytee,smallanimal,98.09
4249,Friends From The Farm Hamster Lovelies,,Kaytee,smallanimal,4.39
4205,"Kaytee 11.5"" Run-About Ball Clear",045125613773,Kaytee,smallanimal,35.99
4207,"Kaytee 11.5"" Run-About Ball Rainbow",045125613780,Kaytee,smallanimal,37.09
4206,"Kaytee 13"" Runabout Ball Clear",045125613797,Kaytee,smallanimal,45.79
4208,"Kaytee 13"" Runabout Ball Rainbow",046706322503,Kaytee,smallanimal,50.19
4196,"Kaytee 5"" Run-About Ball Clear",045125613544,Kaytee,smallanimal,7.69
4197,"Kaytee 5"" Runabout Ball Rainbow",045125613575,Kaytee,smallanimal,8.79
4199,"Kaytee 7"" Runabout Ball Clear",045125613506,Kaytee,smallanimal,13.09
4198,"Kaytee 7"" Runabout Ball Rainbow",046706321650,Kaytee,smallanimal,11.99
7838,Kaytee Alfalfa Cubes15oz,071859007083,Kaytee,smallanimal,8.79
4029,Kaytee Alfalfa Hay 24oz,045125619058,Kaytee,smallanimal,11.99
4282,Kaytee Apple & Carrot Snack,048081010105,Kaytee,smallanimal,6.59
4352,Kaytee Apple Orchard Sticks,045125611267,Kaytee,smallanimal,4.39
4216,Kaytee Aspen 19.7l,071859008356,Kaytee,smallanimal,10.89
4221,Kaytee Bedding Tray Medium,045125606034,Kaytee,smallanimal,21.79
927,Kaytee Bird Greens,071859002576,Kaytee,birdSupplies,4.39
4351,Kaytee Carrot Patch,045125611038,Kaytee,smallanimal,5.49
4244,Kaytee Chew Proof 12oz,071859000800,Kaytee,smallanimal,13.09
4243,Kaytee Chew Proof 6oz,045125619836,Kaytee,smallanimal,10.89
4235,Kaytee Chew a Bowl Carrot,045125618440,Kaytee,smallanimal,11.99
4162,Kaytee Chewbular Large,071859006239,Kaytee,smallanimal,13.09
4161,Kaytee Chewbular Medium,045125604740,Kaytee,smallanimal,7.69
4204,Kaytee Chinchilla Bath House,045125604115,Kaytee,smallanimal,32.69
4307,Kaytee Chinchiller,045125600582,Kaytee,smallanimal,11.99
4159,Kaytee Chinhut,618940313113,Kaytee,smallanimal,21.79
4233,Kaytee Clear View Bottle 16oz,045125619485,Kaytee,smallanimal,8.79
4234,Kaytee Clear View Bottle 32oz,045125619737,Kaytee,smallanimal,10.89
4231,Kaytee Clear View Bottle 4oz,045125619706,Kaytee,smallanimal,6.59
4232,Kaytee Clear View Bottle 8oz,045125619713,Kaytee,smallanimal,7.69
1160,Kaytee Cockatiel,071859948706,Kaytee,birdSupplies,22.89
4349,Kaytee Combo Chews,048081602409,Kaytee,smallanimal,5.49
4350,Kaytee Combo Toy,045125611052,Kaytee,smallanimal,6.59
4150,Kaytee Come Along Carrier Large,045125623055,Kaytee,smallanimal,40.39
4151,Kaytee Come Along Carrier Medium,045125623031,Kaytee,smallanimal,25.09
4409,Kaytee Comfort Harness Ferret Large,045125622942,Kaytee,smallanimal,15.29
4410,Kaytee Comfort Harness Guinea Pig Medium,045125622928,Kaytee,smallanimal,14.19
4417,Kaytee Comfort Harness Rabbit Extra Large,045125622959,Kaytee,smallanimal,16.39
4411,Kaytee Comfort Harness Rat Small,045125622904,Kaytee,smallanimal,15.29
4229,Kaytee Cool Crock Large,045125618525,Kaytee,smallanimal,6.59
4230,Kaytee Cool Crock Small,045125618501,Kaytee,smallanimal,4.39
4292,Kaytee Country Harvest Blend Treat,071859002965,Kaytee,dogTreats,6.59
4399,Kaytee Cozy Hammock,045125621310,Kaytee,smallanimal,14.19
4405,Kaytee Crinkle Tunnel,045125622485,Kaytee,smallanimal,18.59
4344,Kaytee Crispy Garden Chew,071859998527,Kaytee,smallanimal,7.69
4176,Kaytee Critter Activity Kit,045125605532,Kaytee,smallanimal,38.19
4238,Kaytee Critter Bottle,045125605181,Kaytee,smallanimal,10.89
4174,Kaytee Critter Cruiser,045125613612,Kaytee,smallanimal,30.59
4175,Kaytee Critter Lazy Lookout,045125605518,Kaytee,smallanimal,16.39
7833,Kaytee Critter Litter ,045125621686,Kaytee,smallanimal,20.79
4217,Kaytee Critter Litter 4lb,045125621648,Kaytee,smallanimal,13.09
4177,Kaytee Critter Loop D Loop,045125605525,Kaytee,smallanimal,29.49
4180,Kaytee Critter Play Pen,045125605976,Kaytee,smallanimal,34.89
4401,Kaytee Cuddle E-cup,045125622720,Kaytee,smallanimal,22.89
4283,Kaytee Fdinthewld,071859006239,Kaytee,smallanimal,5.49
1162,Kaytee Fiesta Big Bird,071859949161,Kaytee,birdSupplies,33.79
1159,Kaytee Fiesta Cockatiel,071859426457,Kaytee,birdSupplies,17.49
1164,Kaytee Fiesta Conure Food,071859999029,Kaytee,birdSupplies,34.89
4107,Kaytee Fiesta Guinea Pig 4.5lb,071859426549,Kaytee,smallanimal,21.79
1163,Kaytee Fiesta Parrot Food,071859999838,Kaytee,birdSupplies,33.79
4102,Kaytee Fiesta Rabbit 6.5 lb,071859998770,Kaytee,smallanimal,26.19
4178,Kaytee Flex Tunnel,048081612231,Kaytee,smallanimal,35.99
928,Kaytee Food for the Wild Bird,071859948713,Kaytee,birdSupplies,7.69
4100,Kaytee Forti-Diet Guinea Pig 5lb,045125600544,Kaytee,smallanimal,14.19
4080,"Kaytee Forti-Diet Mouse, Rat, Hamster 3lb",071859002316,Kaytee,smallanimal,11.99
4091,Kaytee Fortified Hamster & Gerbil 3lb,071859322308,Kaytee,smallanimal,10.89
893,Kaytee Garden Veggie Treat,071859000800,Kaytee,birdSupplies,8.79
4191,Kaytee Giant Comfort Wheel,071859942360,Kaytee,smallanimal,31.69
4154,Kaytee Giant Igloo,045125604078,Kaytee,smallanimal,22.89
4160,Kaytee Giant Straight Tube,618940313083,Kaytee,smallanimal,15.29
4092,Kaytee Gourmet Hamster & Gerbil 3lb,071859000541,Kaytee,smallanimal,9.89
4130,Kaytee Gravity Bin Feeder,045125619218,Kaytee,smallanimal,20.79
4222,Kaytee Green Ferret Bowl,071859000800,Kaytee,smallanimal,9.89
4393,Kaytee Hammock W Stand,097612754087,Kaytee,smallanimal,31.69
4185,Kaytee Hamtrac Exercise Loop,644472002355,Kaytee,smallanimal,21.79
4129,Kaytee Hay & Food Bin Feeder,045125619225,Kaytee,smallanimal,16.39
7835,Kaytee Hay Manager,045125619126,Kaytee,smallanimal,16.29
4128,Kaytee Hayfeeder Freestnd Trth,071859998732,Kaytee,smallanimal,15.29
4293,Kaytee Health Top Mix Fruit,071859942728,Kaytee,smallanimal,4.39
4285,Kaytee Healthy Bits Treat,071859006314,Kaytee,smallanimal,6.59
925,Kaytee Healthy Bits Treats,071859942445,Kaytee,birdSupplies,6.59
4291,Kaytee Healthy Toppings Pap,071859942551,Kaytee,smallanimal,4.39
923,Kaytee Healthy Toppings Papaya,071859942667,Kaytee,birdSupplies,4.39
1127,Kaytee High Calcium Grit,071859942704,Kaytee,birdSupplies,7.69
4189,Kaytee High Corner Litter Pan,045125621433,Kaytee,smallanimal,15.29
4157,Kaytee Itty Bitty Igloo,045125604030,Kaytee,smallanimal,5.49
4121,Kaytee Juvenile Rabbit 5lb,071859999838,Kaytee,smallanimal,13.09
4345,Kaytee Ka-bob,045125611328,Kaytee,smallanimal,8.79
1126,Kaytee Kay-kob Litter,071859005324,Kaytee,birdSupplies,15.29
4220,Kaytee Kaybob Bedding,071859949314,Kaytee,smallanimal,15.29
4284,Kaytee Krunch-a-rounds,071859942223,Kaytee,smallanimal,5.49
4192,Kaytee Large Comfort Wheel,045125613841,Kaytee,smallanimal,15.29
4190,Kaytee Large High Crnr Litter Pan,045125621464,Kaytee,smallanimal,29.49
4155,Kaytee Large Igloo,045125604061,Kaytee,smallanimal,11.99
4347,Kaytee Lava Bites,048081621608,Kaytee,smallanimal,6.59
4330,Kaytee Lava Block,44472002034,Kaytee,smallanimal,4.39
4156,Kaytee Mini Igloo,045125604047,Kaytee,smallanimal,8.79
4168,Kaytee Mini Silent Spinner,045125614121,Kaytee,smallanimal,16.39
892,Kaytee Mixed Nuts & Cherries,071859942834,Kaytee,birdSupplies,8.79
1158,Kaytee Parrot,071859999005,Kaytee,birdSupplies,28.39
1157,Kaytee Parrot W Sunflower,071859948737,Kaytee,birdSupplies,22.89
4343,Kaytee Pefect Chews Pigs,030172025594,Kaytee,smallanimal,4.39
4342,Kaytee Perfect Chews Rabbit,071859002965,Kaytee,smallanimal,4.39
4213,Kaytee Pine 19.7l,071859006147,Kaytee,smallanimal,8.79
4210,Kaytee Pine 52.4l,071859949314,Kaytee,smallanimal,17.49
4214,Kaytee Pine 9.8l,071859006307,Kaytee,smallanimal,6.59
4148,Kaytee Premium Hideout Tim Large,071859000824,Kaytee,smallanimal,25.09
4149,Kaytee Premium Hideout Timothy Small,071859000817,Kaytee,smallanimal,18.59
4166,Kaytee Silent Spinner Giant,045125614145,Kaytee,smallanimal,49.09
4167,Kaytee Silent Spinner Large,045125614152,Kaytee,smallanimal,32.69
4400,Kaytee Sleep E-tent,045125622560,Kaytee,smallanimal,26.19
4193,Kaytee Small Comfort Wheel,045125613827,Kaytee,smallanimal,11.99
938,Kaytee Spray Millet Large,071859003054,Kaytee,birdSupplies,11.99
939,Kaytee Spray Millet Small,071859003016,Kaytee,birdSupplies,7.69
4275,Kaytee Superfoods Spin & Kale,071859999906,Kaytee,smallanimal,7.69
4079,Kaytee Supreme Mouse & Rat 4lb,071859015545,Kaytee,smallanimal,11.99
4278,Kaytee Timothy Biscuits,071859998718,Kaytee,smallanimal,5.49
7836,Kaytee Timothy Blend Cubes 1lb,071859008127,Kaytee,smallanimal,8.79
4024,Kaytee Timothy Hay 24oz,071859008110,Kaytee,smallanimal,9.89
4023,Kaytee Timothy Hay 48oz,071859008134,Kaytee,smallanimal,17.49
4025,Kaytee Timothy with carrot Hay 24oz,071859998732,Kaytee,smallanimal,13.09
4027,Kaytee Timothy with cranberry Hay 24oz,071859943558,Kaytee,smallanimal,13.09
4026,Kaytee Timothy with marigold Hay 24oz,071859998718,Kaytee,smallanimal,11.99
4028,Kaytee Timwmint Hay 24oz,045125619058,Kaytee,smallanimal,14.19
921,Kaytee Treat Stick Almd Walnut,071859002972,Kaytee,birdSupplies,8.79
903,Kaytee Treat Stick Hny Multi Parrot,071859000824,Kaytee,birdSupplies,10.89
901,Kaytee Treat Stick Honey Multipk Keet,071859942360,Kaytee,birdSupplies,10.89
902,Kaytee Treatstick Hny Multi Cocktiel,071859942407,Kaytee,birdSupplies,10.89
4132,Kaytee Tree Trunk Hide Large,76484228582,Kaytee,smallanimal,17.49
4131,Kaytee Tree Trunk Hide Small,045125604009,Kaytee,smallanimal,7.69
4226,Kaytee Vege-t-bowl Medium,045125618426,Kaytee,smallanimal,10.89
4239,Kaytee Water Bottle Holder Large,045125619485,Kaytee,smallanimal,9.89
4240,Kaytee Water Bottle Holder Small,045125619478,Kaytee,smallanimal,7.69
4212,Kaytee Wood Pellets 4.9l,071859008653,Kaytee,smallanimal,11.99
4133,Kaytee Woodland Getaway Extra Large,045125603781,Kaytee,smallanimal,38.19
4134,Kaytee Woodland Getaway Large,045125603767,Kaytee,smallanimal,29.49
4135,Kaytee Woodland Getaway Medium,045125603743,Kaytee,smallanimal,15.29
4136,Kaytee Woodland Getaway Small,045125603729,Kaytee,smallanimal,8.79
924,Kaytee Yo Dips,071859998473,Kaytee,birdSupplies,8.79
926,Kaytee Yo Dips Sunflower Seeds,071859998466,Kaytee,birdSupplies,5.49
2530,Li'l Pals Small Harness Blackpsm,045125622904,Kaytee,leashesAndCollars,23.99
4334,Nibbles Small Pet Chew,045125619812,Kaytee,smallanimal,5.49
4320,Nibbles Small Pet Chew,723503562027,Kaytee,smallanimal,6.59
4335,Nibbles Small Pet Chew,810054210061,Kaytee,smallanimal,4.39
1227,Wild Bird 20 Lbs,729641000551,Kaytee,dogFood,27.29
5011,Kent Steel Blades 3pk,030172102141,Kent Marine,aquatics,10.89
146,Big Jelly Pots,8436993140,Komodo,reptiles,2.09
676,Komodo Anthurium Bush,784369932010,Komodo,reptiles,18.59
684,Komodo Begonia,784369933727,Komodo,reptiles,27.29
222,Komodo Dandelion Kit,8436993180,Komodo,reptiles,7.69
7561,Komodo Dried Oak Leaves,784369934311,Komodo,reptiles,9.89
653,Komodo Forest Log,84369932317,Komodo,reptiles,20.79
691,Komodo Guiniana Plant Jumbo,784369932027,Komodo,reptiles,29.49
640,Komodo Jp Rock Den Large,784369932232,Komodo,reptiles,17.49
639,Komodo Jp Rock Den Small,784369932225,Komodo,reptiles,11.99
90,Komodo Living Natural Coconut Fiber Terrarium Liner 12x30,784369933567,Komodo,reptiles,19.69
89,Komodo Living Natural Coconut Fiber Terrarium Liner 18x36,784369933574,Komodo,reptiles,38.19
685,Komodo Rainforest Canopy,784369932041,Komodo,reptiles,21.79
628,Komodo Raptor Skull,784369932126,Komodo,reptiles,17.49
186,Komodo Smart Dish Multi-Purpose Feeding Dish,784369932355,Komodo,reptiles,6.59
515,Komodo Tortoise Hay,84369931709,Komodo,reptiles,14.19
534,Komodo Tortoise Seed Kid,784369931815,Komodo,reptiles,7.69
623,Komodo Turtle Hide,784369932072,Komodo,reptiles,32.69
91,Living Natural Coco Mat 10x20,784369933550,Komodo,reptiles,11.99
145,Small Jelly Pots,784369931112,Komodo,reptiles,0.99
2235,Kong Active Scrunchie,035585459165,Kong,toys,5.49
3042,Kong Air Dog Dumbbell Large,035585775272,Kong,toys,18.59
3048,Kong Airdog Bone Large,035585775302,Kong,toys,15.29
3049,Kong Airdog Bone Medium,035585775296,Kong,toys,11.99
3041,Kong Airdog Dumbbell Medium,035585775265,Kong,toys,14.19
3040,Kong Airdog Dumbbell Small,035585775258,Kong,toys,10.89
3076,Kong Airdog Football Large,035585775241,Kong,toys,18.59
3075,Kong Airdog Football Medium,035585775234,Kong,toys,14.19
3062,Kong Airdog Squeak Knob Ball Medium/Large,035585502151,Kong,toys,6.59
2222,Kong Angler Fish Wrangler,035585517063,Kong,toys,8.79
3157,Kong Aqueon Large,035585111155,Kong,toys,18.59
3098,Kong Ball With Hole Medium/Large,035585181134,Kong,toys,16.39
3022,Kong Ballistic Alligator Medium/Large,035585529011,Kong,toys,13.09
3009,Kong Ballistic Giraffe Medium/Large,035585503011,Kong,toys,11.99
3174,Kong Bamboo Dumbbell Medium,035585475257,Kong,toys,16.39
3177,Kong Bamboo Feeder Ball Medium,035585475240,Kong,toys,16.39
2226,Kong Bat A bout Clacks Caterpillar,035585530093,Kong,toys,7.69
2228,Kong Batabout Flicker Mouse,035585530109,Kong,toys,7.69
2229,Kong Batabout Vibez Butterfly 2pk,035585534015,Kong,toys,6.59
3162,Kong Binkie Puppy Small,035585131207,Kong,toys,10.89
3156,Kong Biscuit Ball Small,035585111377,Kong,toys,15.29
2244,Kong Blissy Mesh Ball/Catnip,035585506456,Kong,toys,6.59
3136,Kong Brush,035585495828,Kong,toys,7.69
3087,Kong Bunji High Viz Bumper Medium,,Kong,toys,15.29
3109,Kong Bunji Highviz Ball Large,035585529240,Kong,toys,15.29
2232,Kong Butterfly Teaser,035585460055,Kong,toys,5.49
2252,Kong Cat Active Caps 2pk,035585459332,Kong,toys,6.59
2249,Kong Cat Active Jacks 3pk,035585459530,Kong,toys,7.69
2242,Kong Cat Luvs Lizard,035585462158,Kong,toys,7.69
2253,Kong Cat Mouse Salmon,035585014838,Kong,toys,6.59
2246,Kong Cat Sport Balls,035585459509,Kong,toys,6.59
2225,Kong Cat Wubba Fish,035585256153,Kong,toys,10.89
3158,Kong Classic Extra Large,035585111018,Kong,toys,22.89
3159,Kong Classic Large,035585111117,Kong,toys,16.39
3160,Kong Classic Medium,035585111216,Kong,toys,14.19
3161,Kong Classic Small,035585111315,Kong,toys,7.69
1794,Kong Cloud Extra Small,035585081328,Kong,accessories,21.79
1797,Kong Cloud Large,035585081366,Kong,accessories,35.99
1796,Kong Cloud Medium,035585775234,Kong,accessories,33.79
1795,Kong Cloud Small,035585499789,Kong,accessories,26.19
2969,Kong Comfort Hedge Hog Puppy medium,035585421278,Kong,toys,14.19
2968,Kong Comfort Hedge hog Puppy Extra Small,035585421315,Kong,toys,9.89
3012,Kong Comfort Jumbo Bird Extra Large,035585485232,Kong,toys,17.49
2259,Kong Comfort Key Play Mat,035585530130,Kong,toys,21.79
3020,Kong Comfort Kid Elephant Extra Small,035585498485,Kong,toys,8.79
2941,Kong Comfort Pups Goldie Medium,035585523316,Kong,toys,17.49
3006,Kong Comfrt Jumbo Extra Large,035585485232,Kong,toys,22.89
2943,Kong Comfrt Pups Boss Small,035585523385,Kong,toys,15.29
2944,Kong Comfrt Pups Frtiz Medium,035585523316,Kong,toys,14.19
2942,Kong Comfrt Pups Peanut Small,035585523354,Kong,toys,13.09
3017,Kong Comfrt Tykes Fox Small,035585499802,Kong,toys,10.89
2227,Kong Connect Peacock,035585524122,Kong,toys,7.69
2258,Kong Connects Glow Firefly,035585506753,Kong,toys,13.09
2265,Kong Connects Kitty Comber,035585404028,Kong,toys,18.59
2239,Kong Connects Punching Bag,035585524047,Kong,toys,17.49
2234,Kong Connects Window Boxing,035585524115,Kong,toys,9.89
3082,Kong Cozie Ali Alligatpor Medium,035585159096,Kong,toys,11.99
3083,Kong Cozie Elmer Elephant Medium,035585159010,Kong,toys,14.19
3073,Kong Cozie King Lion Medium,035585159034,Kong,toys,11.99
3011,Kong Crunch Strtch Bird Extra Large,035585081014,Kong,toys,22.89
3055,Kong Crunchair Ball Medium,035585483016,Kong,toys,3.29
3063,Kong Crunchair Ball Medium 3pk,035585483009,Kong,toys,9.89
2980,Kong Cuteseas Ruff Shark Large,035585360560,Kong,toys,17.49
2970,Kong Cuteseas Rufflez Crab Small,035585498997,Kong,toys,13.09
3068,Kong Daily Paper Extra Large,035585523163,Kong,toys,22.89
1496,Kong Dental Ball Large,035585111254,Kong,healthcare,10.89
1497,Kong Dental Ball Medium,035585483009,Kong,healthcare,8.79
3117,Kong Dental Bone Medium,03558506241,Kong,toys,16.39
3154,Kong Dental Stick Large,035585121123,Kong,toys,14.19
3155,Kong Dental Stick Medium,035585121222,Kong,toys,10.89
3019,Kong Dr. Noyz Duck Small,035585020372,Kong,toys,7.69
3023,Kong Dr. Noyz Frog Extra Small,035585020303,Kong,toys,5.49
3028,Kong Dr. Noyz Teddy Bear Extra Small,035585020310,Kong,toys,5.49
3133,Kong Easy Treat Peanut Butter,035585011134,Kong,dogTreats,10.89
3134,Kong Easy Treat Pepperoni,035585507224,Kong,dogTreats,10.89
3135,Kong Easy Treat Puppy,035585010502,Kong,dogTreats,10.89
3113,Kong Ext Ball W Rope Large,035585356426,Kong,toys,18.59
3097,Kong Extreme Ball Small,035585181141,Kong,toys,10.89
3150,Kong Extreme Extra Large,035585111025,Kong,toys,25.09
3045,Kong Extreme Flyer,035585123189,Kong,toys,18.59
3146,Kong Extreme Goodie Bone Large,035585356006,Kong,toys,20.79
3151,Kong Extreme Large,035585111124,Kong,toys,16.39
3152,Kong Extreme Medium,035585111148,Kong,toys,14.19
3153,Kong Extreme Small,035585111605,Kong,toys,7.69
3139,Kong Extreme Tires Medium/Large,035585250007,Kong,toys,14.19
1786,Kong Ez Cone Collar Large,035585081359,Kong,accessories,19.69
1785,Kong Ez Cone Collar Medium,035585505572,Kong,accessories,17.49
1784,Kong Ez Cone Collar Small,035585499628,Kong,accessories,14.19
1787,Kong Ez Cone Collar X-Large,035585360751,Kong,accessories,22.89
1788,Kong Ez Cone Collar Xx-Large,035585081007,Kong,accessories,28.39
1798,Kong Ez Soft Collar Small,035585081335,Kong,accessories,19.69
2224,Kong Feather Top Carrot,763034610026,Kong,toys,6.59
3180,Kong Fillrfreeze Tray,035585533032,Kong,toys,13.09
3101,Kong Flexball Sport Ball Extra Large,035585533056,Kong,toys,27684.99
3099,Kong Flexball Sport Football Medium,035585509006,Kong,toys,14.19
2238,Kong Flingaroo Corny,035585459516,Kong,toys,7.69
2230,Kong Flingaroo Tutu,035585459516,Kong,toys,6.59
3140,Kong Flipstick Medium,035585498614,Kong,toys,11.99
3010,Kong Floof Shak Giraffe Medium,035585360584,Kong,toys,13.09
3030,Kong Floppy Bunny Large,035585402062,Kong,toys,19.69
3031,Kong Floppy Elephant Medium/Large,035585402062,Kong,toys,19.69
3033,Kong Floppy Hippo Small/Medium,035585402031,Kong,toys,13.09
3032,Kong Floppy Knots Hippo Medium/Large,035585402079,Kong,toys,16.39
3044,Kong Flyer Large,035585129082,Kong,toys,15.29
3043,Kong Flyer Small,035585129174,Kong,toys,15.29
2946,Kong Frizzles Zazzle Medium,035585323077,Kong,toys,14.19
3147,Kong Goodie Bone Medium,611932100111,Kong,toys,15.29
3148,Kong Goodie Bone Small,035585780108,Kong,toys,10.89
3145,Kong Goodie Ribbon Medium,035585356259,Kong,toys,14.19
3144,Kong Goodie Ribbon Small,035585356266,Kong,toys,11.99
3179,Kong Goodiez Ring Medium,035585509181,Kong,toys,14.19
2240,Kong Gumball Infuseer,035585459349,Kong,toys,11.99
2245,Kong Infused Cat Gyro,035585034393,Kong,toys,9.89
3085,Kong Jaxx Brights Tug W Ball Medium,035585495378,Kong,toys,15.29
2243,Kong Jellyfish Teaser,035585524016,Kong,toys,6.59
3123,Kong Jerky Chicken Medium/Large,035585361598,Kong,toys,9.89
3118,Kong Jerky Chicken Small/Medium,035585361604,Kong,toys,9.89
3095,Kong Jumbler Ball Medium/Large,035585034096,Kong,toys,16.39
3090,Kong Jumbler Football Large/Extra Large,,Kong,toys,25.09
3093,Kong Jumbler Football Large/Extra Large,035585034119,Kong,toys,20.79
3088,Kong Jumbler Tug Medium/Large,03558509440,Kong,toys,22.89
3089,Kong Jumbler Tug Small/Medium,035585509433,Kong,toys,14.19
3021,Kong Jungle Jmz Elephant Medium/Large,035585507132,Kong,toys,19.69
2257,Kong Kitty Kong,035585524030,Kong,toys,6.59
2987,Kong Knots Belly Gorilla Medium/Large,035585505350,Kong,toys,15.29
2988,Kong Knots Belly Hippo Medium/Large,035585505343,Kong,toys,15.29
2977,Kong Knots Chicken Medium/Large,035585533087,Kong,toys,17.49
2996,Kong Knots Chicken Small,035585533070,Kong,toys,9.89
3014,Kong Knots Frog Large/Extra Large,035585498911,Kong,toys,22.89
2978,Kong Knots Snake Ass Medium/Large,035585499611,Kong,toys,18.59
2995,Kong Knots Teddy Medium Ass,035585533124,Kong,toys,14.19
2981,Kong Knots Teddy Small,035585499628,Kong,toys,11.99
2986,Kong Knots Twists Assorted Medium/Large,035585503370,Kong,toys,16.39
2985,Kong Knots Twists Assorted Small/Medium,035585503363,Kong,toys,10.89
3047,Kong Larg Training Dummy,035585299006,Kong,toys,18.59
3094,Kong Large/Extra Large Jumbler Ball,035585034133,Kong,toys,21.79
3081,Kong Large/Extra Large Shaker Dragon,035585214184,Kong,toys,19.69
2250,Kong Laser Chirp Bird,035585530017,Kong,toys,10.89
3018,Kong Layerz Forage Hedgehog Medium,035585506203,Kong,toys,15.29
2254,Kong Licks Kitty Small,035585129174,Kong,toys,6.59
2945,Kong Lowstff Scruffs Dog Large,035585421230,Kong,toys,17.49
2960,Kong Lwstff Fox Medium,035585402017,Kong,toys,14.19
2961,Kong Lwstff Mallard Medium,035585498874,Kong,toys,14.19
2950,Kong Lwstff Stripes Llama Medium,035585494180,Kong,toys,16.39
3007,Kong Maxx Rhino Large,035585509334,Kong,toys,20.79
3013,Kong Maxx Shark Medium,035585498973,Kong,toys,18.59
3015,Kong Maxx Star Small/Medium,035585509327,Kong,toys,18.59
3077,Kong Maxx Tug Large,035585529318,Kong,toys,17.49
3008,Kong Maxx Turtle Medium,035585509341,Kong,toys,21.79
3164,Kong Medium Aqueon,035585111254,Kong,toys,13.09
2998,Kong Medium/Large Scrunch Knots Raccoon,035585455976,Kong,toys,18.59
2997,Kong Medium/Large Scrunch Squirell,035585455983,Kong,toys,18.59
1951,Kong Naturals Catnip Spray,035585450155,Kong,catTreats,7.69
2123,Kong Nibbies Cat Chicken,035585516004,Kong,toys,5.49
2122,Kong Nibbies Cat Fish,035585516011,Kong,toys,5.49
3005,Kong Patches Ador Giraffe Extra Large,035585533063,Kong,toys,21.79
2263,Kong Plauground Garden,035585457062,Kong,toys,22.89
2261,Kong Play Spacer Camper,035585457048,Kong,toys,22.89
2262,Kong Play Spaces Zen Den,035585524030,Kong,toys,28.39
2264,Kong Playspaces Glamping Tent,035585530079,Kong,toys,21.79
2266,Kong Playspaces Pawcorn,035585534008,Kong,toys,19.69
2267,Kong Playspaces Rave Cave,035585524160,Kong,toys,35.99
2260,Kong Playspaces Tiki Twirl,035585524023,Kong,toys,32.69
2157,Kong Premium Catnip 1oz,035585450155,Kong,catTreats,7.69
2248,Kong Pullapartjamz,035585524078,Kong,toys,6.59
3170,Kong Puppy Activity Ball Medium,035585131245,Kong,toys,11.99
3169,Kong Puppy Binkie Medium,035585131191,Kong,toys,13.09
3168,Kong Puppy Extra Small,035585131450,Kong,toys,7.69
3165,Kong Puppy Large,035585131115,Kong,toys,15.29
3166,Kong Puppy Medium,035585131214,Kong,toys,11.99
3167,Kong Puppy Small,035585131313,Kong,toys,9.89
3163,Kong Puppy Tires Small,35585365051,Kong,toys,8.79
2237,Kong Rat,035585031170,Kong,toys,7.69
2236,Kong Refillables Chameleon,035585458090,Kong,toys,7.69
3172,Kong Rewards Ball Small,035585034348,Kong,toys,14.19
2256,Kong Rewards Picnic,035585524054,Kong,toys,14.19
2247,Kong Rewards Rocker Cheese,035585530062,Kong,toys,9.89
3178,Kong Rewards Tennis Large,035585034355,Kong,toys,14.19
3175,Kong Rewards Tinker Small,03558552933,Kong,toys,21.79
3176,Kong Rewards Tipsy Large,035585529325,Kong,toys,22.89
3173,Kong Rewards Wally Medium/Large,035585498270,Kong,toys,16.39
3143,Kong Ring Medium/Large,035585356099,Kong,toys,11.99
2990,Kong Ringaroos Elephant Medium,035585499925,Kong,toys,18.59
3060,Kong Rope Rally Bone Medium,035585505572,Kong,toys,14.19
3038,Kong Rope Rally Tug Medium/Large,,Kong,toys,16.39
3091,Kong Rope Ringerz Medium,035585502786,Kong,toys,15.29
2951,Kong Scamp Lemur Medium,035585498867,Kong,toys,16.39
2948,Kong Scamp Lion Medium,035585499925,Kong,toys,14.19
2947,Kong Scamp Red Panda Medium,035585495378,Kong,toys,16.39
2233,Kong Scrattles Acoustix 2pk,035585517001,Kong,toys,6.59
2231,Kong Scrattles Panda 2pk,035585534015,Kong,toys,7.69
3003,Kong Scruff Turtle Medium/Large,035585499871,Kong,toys,17.49
2967,Kong Scrump Bunny Medium,035585498751,Kong,toys,17.49
2979,Kong Scrump Koala Medium,035585498744,Kong,toys,17.49
3004,Kong Scryff Chicken Medium/Large,035585360775,Kong,toys,17.49
2971,Kong Shackers Shimmy Crab Medium,035585498492,Kong,toys,15.29
3000,Kong Shak Crump Elephant Extra Large,035585498911,Kong,toys,22.89
2999,Kong Shak Crump Sloth Extra Large,035585485454,Kong,toys,22.89
3001,Kong Shak Honk Duck Large,035585360737,Kong,toys,20.79
3002,Kong Shak Honk Turkey Large,035585498997,Kong,toys,17.49
3016,Kong Shak Luvs Giraffe Small,035585360591,Kong,toys,11.99
2972,Kong Shakers Bobz Pig Medium,035585498539,Kong,toys,13.09
2982,Kong Shakers Giraffe Medium Bobz,035585775210,Kong,toys,11.99
2973,Kong Shakers Honkers Dragon Small,035585498775,Kong,toys,10.89
2989,Kong Shakers Luvs Elephant Large,035585360560,Kong,toys,16.39
2976,Kong Sheild Tropical Frog Medium,035585503134,Kong,toys,16.39
2966,Kong Sheilds Tropics Gecko Medium,035585503141,Kong,toys,15.29
2974,Kong Sheilds Tropics Octo Medium,035585498980,Kong,toys,15.29
3080,Kong Sign Sport Ball 2pk Large,,Kong,toys,8.79
3067,Kong Sign Sport Balls 3pk Extra Small,035585503189,Kong,toys,6.59
3039,Kong Sign Stick Extra Large,,Kong,toys,19.69
3127,Kong Sncks Bacon & Cheese Large,035585213002,Kong,toys,11.99
2964,Kong Snuzz Kid Elephant Small,035585498478,Kong,toys,14.19
2965,Kong Snuzz Kid Sloth Small,035585498485,Kong,toys,11.99
3026,Kong Snuzz Mini Duck Extra Small,035585020327,Kong,toys,5.49
3024,Kong Snuzz Mini Frog Extra Small,035585499932,Kong,toys,7.69
3029,Kong Snuzz Mini Otter Extra Small,035585507101,Kong,toys,7.69
3025,Kong Snuzz Mini Pig Extra Small,035585499949,Kong,toys,8.79
2952,Kong Snuzzle Hippo Extra Large,035585507118,Kong,toys,17.49
2963,Kong Snuzzles Bear Medium,035585462172,Kong,toys,15.29
3027,Kong Snuzzles Dr. Noyz Duck Extra Small,035585499956,Kong,toys,5.49
2962,Kong Softseas Octo Small,035585502816,Kong,toys,11.99
3072,Kong Sport Assorted Extra Small,035585775661,Kong,toys,5.49
3079,Kong Sport Balls Assorted Medium 3pk,035585775630,Kong,toys,7.69
3051,Kong Sport Soft Ball Small,,Kong,toys,3.29
3066,Kong Sport Soft Balls 2pk Large,035585529110,Kong,toys,10.89
3050,Kong Sport Soft Medium Black,035585529073,Kong,toys,3.29
3059,Kong Sport Softies Ball 3pk Small,035585529097,Kong,toys,9.89
3100,Kong Sqeeez Stick Medium,035585032115,Kong,toys,14.19
3071,Kong Squeak Air Balls Birthday Medium,035585775197,Kong,toys,9.89
3058,Kong Squeak Air Tennis Medium,035585775210,Kong,toys,3.29
3104,Kong Squeak Stix Medium,035585008479,Kong,toys,17.49
3111,Kong Squeak Stix Wiggler Large,035585012339,Kong,toys,14.19
3056,Kong Squeakair Ball Large,035585032016,Kong,toys,3.29
3057,Kong Squeakair Ball Medium,,Kong,toys,3.29
3064,Kong Squeakair Balls Extra Small 3pk,035585775180,Kong,toys,5.49
3112,Kong Squeakstix Large,035585008479,Kong,toys,16.39
3138,Kong Squeeez Ball Medium,0355850323,Kong,toys,7.69
3065,Kong Squeeezz Tennis Large 2pk,035585775555,Kong,toys,14.19
3182,Kong Squeez Flex Bone Medium,035585533049,Kong,toys,9.89
3070,Kong Squeez Goomz Football Large,035585495064,Kong,toys,18.59
2241,Kong Squirell,763034610088,Kong,toys,7.69
3141,Kong Stuff-a-ball Large,035585141114,Kong,toys,11.99
3142,Kong Stuff-a-ball Medium,035585141213,Kong,toys,11.99
3131,Kong Stuffn Sweetpot 5oz,035585191010,Kong,toys,6.59
2255,Kong Teaser Pursuite Butterfly,035585460055,Kong,toys,16.39
2949,Kong Toughz Bunny Medium,035585505879,Kong,toys,20.79
3171,Kong Treat Spinner Large,035585034348,Kong,dogTreats,21.79
3183,Kong Treatster Large,035585013794,Kong,dogTreats,11.99
3181,Kong Treatster Small,035585013800,Kong,dogTreats,9.89
2251,Kong Tropics Pals 2pk,035585530000,Kong,toys,10.89
2959,Kong Tuggz Sloth Extra Large,035585485454,Kong,toys,21.79
3108,Kong Twistz Highviz Ring Small,035585529264,Kong,toys,15.29
3103,Kong Twitz Ball Medium,,Kong,toys,9.89
3102,Kong Twitz Highviz Ball Large,,Kong,toys,11.99
3110,Kong Twitz Ring Large,035585494067,Kong,toys,18.59
2223,Kong Vibes Batabout 2pk,035585440071,Kong,toys,6.59
3115,Kong Whirlz Rope Medium/Large,035585533315,Kong,toys,16.39
3116,Kong Whirlz Throw Medium/Large,035585533308,Kong,toys,16.39
2991,Kong Wild Knots Fox Small/Medium,035585509389,Kong,toys,10.89
2992,Kong Wild Knots Giraffe Small/Medium,035585509402,Kong,toys,10.89
2993,Kong Wild Knts Bear Assorted Medium/Large,035585533001,Kong,toys,17.49
2994,Kong Wild Knts Fox Medium/Large,035585509358,Kong,toys,16.39
2975,Kong Wild Shield Perch Medium,035585523224,Kong,toys,14.19
3046,Kong Wild Training Dummy Swirl Large,,Kong,toys,23.99
2955,Kong Wub Ballis Highviz Large,035585800646,Kong,toys,14.19
2953,Kong Wub Friend Ballistic Large,035585799988,Kong,toys,14.19
2958,Kong Wub Friends Ballis Extra Large,035585506654,Kong,toys,18.59
2956,Kong Wub Zoo Koala Large,035585502908,Kong,toys,16.39
2957,Kong Wuba Octous Large,035585502823,Kong,toys,16.39
2933,Kong Wubba Assort Extra Large,035585801827,Kong,toys,18.59
2932,Kong Wubba Assorted Large,035585799988,Kong,toys,17.49
2939,Kong Wubba Camo Small,035585800141,Kong,toys,10.89
2934,Kong Wubba Finz Blue Large,035585256160,Kong,toys,16.39
2935,Kong Wubba Friends Assorted Large,035585502823,Kong,toys,15.29
2936,Kong Wubba Friends Assorted Small,035585800219,Kong,toys,11.99
2938,Kong Wubba Friends Ballistic Small,035585800004,Kong,toys,10.89
2931,Kong Wubba Nostff Cheetah Large,035585801858,Kong,toys,16.39
2940,Kong Wubba Octopus Small,035585256153,Kong,toys,11.99
2937,Kong Wubba Puppy Assorted Small,035585799971,Kong,toys,10.89
3124,Kong Ziggies 7oz Small,035585361871,Kong,toys,14.19
3119,Kong Ziggies Enhance Medium/Large 8oz,035585361864,Kong,toys,14.19
3121,Kong Ziggies Enhance Puppy M/L 8oz,035585361888,Kong,toys,14.19
3122,Kong Zignature Enhance Puppy Small 7oz,035585361895,Kong,toys,14.19
3105,Kong Zoolooz Lion Medium,035585506777,Kong,toys,14.19
1942,Kong Zoom Groom Cat,035585211176,Kong,accessories,10.89
1566,Kong Zoomgroom Blue,035585511115,Kong,accessories,15.29
1575,Kong Zoomgroom Bubbles,035585529011,Kong,accessories,14.19
1558,Kong Zoomgroom Pink,035585511139,Kong,accessories,15.29
7113,Kordon Ich Attack 4oz,048054394447,Kordon,accessories,13.09
1136,Oasis Alive & Well Probiotics,048054800702,Kordon,healthcare,17.49
1638,Oasis Thirst Quencher Faucet Dog,048054800276,Kordon,accessories,23.99
1137,Oasis VITA E-Z-Mist Multivitamin Spray for Ferrets 2 fl oz,048054810589,Kordon,smallanimal,21.79
1139,Oasis Vita Drops Large Birds,048054800580,Kordon,birdSupplies,22.89
1140,Oasis Vita Drops Small Birds,048054802577,Kordon,birdSupplies,22.89
7985,Kradel CBD Calming Bliss Bar 2 Pack,850015561320,Krandle,healthcare,18.59
1782,Happyride Booster Seat Upto 18,891293000613,Kurgo,accessories,50.19
931,Lafebers Avi Cakes,041054862305,Lafeber,birdSupplies,15.29
933,Lafebers El Paso Nutri Berries Parrot,041054821500,Lafeber,birdSupplies,16.39
932,Lafebers Featuing Popcorn,041054616403,Lafeber,birdSupplies,11.99
934,Lafebers Garden Veggie Nutriberries,041054823504,Lafeber,birdSupplies,16.39
930,Lafebers Pellet Berries,041054717407,Lafeber,birdSupplies,18.59
9324,LCR Hallcrest Liquid Crystal Aquarium Thermometer Vertical,034637309724,Lcr Hallcrest,aquatics,4.39
9327,Lee's Aquarium & Pet Products Plastic Valve for Aquarium Pumps,010838141141,Lee,aquatics,1.39
201,Lee's Aquarium & Pet Products Mealworm Curved Dish,010838201654,Lee's,reptiles,7.69
7037,Lee's Fauget Adapter,010838115852,Lee's,accessories,19.69
7063,Lee's Gravel Vac 25ft,010838115708,Lee's,aquatics,136.29
7062,Lee's Gravel Vac 50ft,010838115715,Lee's,aquatics,167.89
7040,Lee's Super Pump,010838115807,Lee's,aquatics,20.79
7484,Deluxe Round Turtle Lagoon,010838201050,Lees,reptiles,18.59
7485,Kidney Shaped Turtle Lagoon,010838201357,Lees,reptiles,14.19
2460,"






Li'l Pals Small Collar Lbp12",076484400025,Li'l Pals,leashesAndCollars,7.79
2440,"


Li'l Pals Extra Small Collar Fmb07",076484066290,Li'l Pals,leashesAndCollars,8.79
2448,"
Li'l Pals Extra Small Collar Tgd08",076484622427,Li'l Pals,leashesAndCollars,8.19
2498,"
Li'l Pals Small Harness Tyspsm",076484624964,Li'l Pals,leashesAndCollars,26.39
2688,"Li'l Pals 2"" Green Ball",076484832062,Li'l Pals,toys,5.49
2738,"Li'l Pals 2"" Pink Ball",076484832086,Li'l Pals,toys,3.29
2689,"Li'l Pals 2.75"" Duck",076484832055,Li'l Pals,toys,4.39
2698,"Li'l Pals 4"" Bludog",076484832024,Li'l Pals,toys,6.59
2690,"Li'l Pals 4"" Monkey",076484832802,Li'l Pals,toys,7.69
2720,"Li'l Pals 8"" Spiky Gator",076484832147,Li'l Pals,toys,8.79
2736,"Li'l Pals 8.5"" Cow Rope",076484832154,Li'l Pals,toys,7.69
2703,Li'l Pals Bone Fleece Toy,076484832161,Li'l Pals,toys,5.49
2749,Li'l Pals Burger Combo,076484321184,Li'l Pals,healthcare,16.39
1998,Li'l Pals Collar Dmc07,076484067259,Li'l Pals,leashesAndCollars,6.59
2002,Li'l Pals Collar Fwb08,076484672217,Li'l Pals,leashesAndCollars,6.59
1994,Li'l Pals Collar Fwr08,076484773105,Li'l Pals,leashesAndCollars,6.99
2001,Li'l Pals Collar Gnd08,076484067266,Li'l Pals,leashesAndCollars,6.59
2005,Li'l Pals Collar Gpg08,076484672224,Li'l Pals,leashesAndCollars,6.59
2006,Li'l Pals Collar Htf08,076484672248,Li'l Pals,leashesAndCollars,6.19
2003,Li'l Pals Collar Leb08,076484672231,Li'l Pals,leashesAndCollars,6.59
1996,Li'l Pals Collar Ndt08,076484773112,Li'l Pals,leashesAndCollars,6.99
2004,Li'l Pals Collar Pby08,076484672255,Li'l Pals,leashesAndCollars,6.59
2000,Li'l Pals Collar Psc08,076484067242,Li'l Pals,leashesAndCollars,6.59
1995,Li'l Pals Collar Sqa08,076484773129,Li'l Pals,leashesAndCollars,6.99
1997,Li'l Pals Collar Stw08,076484773136,Li'l Pals,leashesAndCollars,6.99
1999,Li'l Pals Collar Wdf08,076484067297,Li'l Pals,leashesAndCollars,6.59
1576,Li'l Pals Combo Brush,076484962417,Li'l Pals,healthcare,11.99
1629,Li'l Pals Double Sided Comb,076484002007,Li'l Pals,healthcare,9.89
2511,Li'l Pals Extra Small Collar 1ba08,076484029905,Li'l Pals,leashesAndCollars,13.69
2510,Li'l Pals Extra Small Collar 1bl08,076484029929,Li'l Pals,leashesAndCollars,13.69
2514,Li'l Pals Extra Small Collar 2bl08,076484029899,Li'l Pals,leashesAndCollars,13.69
2509,Li'l Pals Extra Small Collar 2pn08,076484029899,Li'l Pals,leashesAndCollars,13.69
2454,Li'l Pals Extra Small Collar Bkz08,076484623400,Li'l Pals,leashesAndCollars,8.99
2489,Li'l Pals Extra Small Collar Black08,,Li'l Pals,leashesAndCollars,8.59
2490,Li'l Pals Extra Small Collar Blu08,076484410130,Li'l Pals,leashesAndCollars,8.59
2436,Li'l Pals Extra Small Collar Btd08,076484062278,Li'l Pals,leashesAndCollars,8.19
2452,Li'l Pals Extra Small Collar Buz08,076484623417,Li'l Pals,leashesAndCollars,8.99
2450,Li'l Pals Extra Small Collar Dmc08,076484067259,Li'l Pals,leashesAndCollars,6.19
2441,Li'l Pals Extra Small Collar Dpm08,076484105012,Li'l Pals,leashesAndCollars,8.19
2435,Li'l Pals Extra Small Collar Gbn08,076484062292,Li'l Pals,leashesAndCollars,8.19
2444,Li'l Pals Extra Small Collar Gnd08,076484067266,Li'l Pals,leashesAndCollars,7.79
2439,Li'l Pals Extra Small Collar Lbp08,076484410130,Li'l Pals,leashesAndCollars,8.19
2437,Li'l Pals Extra Small Collar Leb08,076484672231,Li'l Pals,leashesAndCollars,8.19
2455,Li'l Pals Extra Small Collar Npk08,076484029929,Li'l Pals,leashesAndCollars,7.69
2453,Li'l Pals Extra Small Collar Orz08,076484623424,Li'l Pals,leashesAndCollars,8.99
2442,Li'l Pals Extra Small Collar Ptr08,076484105029,Li'l Pals,leashesAndCollars,8.19
2446,Li'l Pals Extra Small Collar Ptv08,076484410147,Li'l Pals,leashesAndCollars,8.19
2495,Li'l Pals Extra Small Collar Red08,076484410079,Li'l Pals,leashesAndCollars,8.59
2443,Li'l Pals Extra Small Collar Rwb08,076484410147,Li'l Pals,leashesAndCollars,8.19
2447,Li'l Pals Extra Small Collar Ryp08,076484622410,Li'l Pals,leashesAndCollars,8.19
2451,Li'l Pals Extra Small Collar Top08,076484162572,Li'l Pals,leashesAndCollars,8.39
2449,Li'l Pals Extra Small Collar Tys07,076484622434,Li'l Pals,leashesAndCollars,8.19
2445,Li'l Pals Extra Small Collar Wdf08,076484622168,Li'l Pals,leashesAndCollars,8.19
2438,Li'l Pals Extra Small Collar Zpk08,076484622236,Li'l Pals,leashesAndCollars,8.19
2519,Li'l Pals Extra Small Harness Blkpxs,076484029721,Li'l Pals,leashesAndCollars,26.49
2525,Li'l Pals Extra Small Harness Bllpxs,076484624957,Li'l Pals,leashesAndCollars,23.99
2517,Li'l Pals Extra Small Harness Blupxs,076484029738,Li'l Pals,leashesAndCollars,26.49
2521,Li'l Pals Extra Small Harness Limpxs,076484638374,Li'l Pals,leashesAndCollars,23.99
2523,Li'l Pals Extra Small Harness Ordpxs,076484163869,Li'l Pals,leashesAndCollars,23.99
2515,Li'l Pals Extra Small Harness Pink,076484029745,Li'l Pals,leashesAndCollars,27.29
2527,Li'l Pals Extra Small Harness Pkbpxs,076484638398,Li'l Pals,leashesAndCollars,23.99
2501,Li'l Pals Extra Small Harness Tgdpxs,076484624957,Li'l Pals,leashesAndCollars,26.39
2503,Li'l Pals Extra Small Harness Tyspxs,076484624971,Li'l Pals,leashesAndCollars,26.39
2732,Li'l Pals Fiesta Toys,076484324840,Li'l Pals,toys,13.09
2696,Li'l Pals Fleece Toy,76484842030,Li'l Pals,toys,5.49
2748,Li'l Pals Happy Birthday Combo,076484742309,Li'l Pals,healthcare,16.39
2487,Li'l Pals Harness Blu14,076484029738,Li'l Pals,leashesAndCollars,16.59
2476,Li'l Pals Harness Btd14,076484062070,Li'l Pals,leashesAndCollars,17.49
2532,Li'l Pals Harness Combo Blackpsm,076484062049,Li'l Pals,leashesAndCollars,29.29
2531,Li'l Pals Harness Combo Pkbpsm,076484062049,Li'l Pals,leashesAndCollars,29.29
2481,Li'l Pals Harness Dmc14,076484062438,Li'l Pals,leashesAndCollars,17.49
2482,Li'l Pals Harness Fmb14,076484264115,Li'l Pals,leashesAndCollars,17.49
2477,Li'l Pals Harness Gbn14,076484062131,Li'l Pals,leashesAndCollars,16.59
2484,Li'l Pals Harness Gnd14,076484624544,Li'l Pals,leashesAndCollars,16.59
2480,Li'l Pals Harness Lbp14,076484624667,Li'l Pals,leashesAndCollars,15.69
2478,Li'l Pals Harness Leb14,076484029745,Li'l Pals,leashesAndCollars,17.49
2486,Li'l Pals Harness Npk14,076484624599,Li'l Pals,leashesAndCollars,17.49
2488,Li'l Pals Harness Red14,076484624568,Li'l Pals,leashesAndCollars,16.59
2483,Li'l Pals Harness Rwb14,076484624575,Li'l Pals,leashesAndCollars,16.59
2485,Li'l Pals Harness Wdf14,076484264108,Li'l Pals,leashesAndCollars,16.59
2479,Li'l Pals Harness Zpk14,076484062582,Li'l Pals,leashesAndCollars,16.39
2719,Li'l Pals Honey Bee Toys,076484324833,Li'l Pals,toys,13.09
2723,Li'l Pals Latex Cofee Macroons,076484321085,Li'l Pals,toys,13.09
2433,Li'l Pals Leash Bkz06,076484850608,Li'l Pals,leashesAndCollars,17.79
2412,Li'l Pals Leash Btd06,076484062056,Li'l Pals,leashesAndCollars,13.89
2430,Li'l Pals Leash Buz06,076484626616,Li'l Pals,leashesAndCollars,17.79
2420,Li'l Pals Leash Dmc06,076484622601,Li'l Pals,leashesAndCollars,13.89
2418,Li'l Pals Leash Dpm06,076484105050,Li'l Pals,leashesAndCollars,13.89
2417,Li'l Pals Leash Fmb06,076484622618,Li'l Pals,leashesAndCollars,13.19
2413,Li'l Pals Leash Gbn06,076484062063,Li'l Pals,leashesAndCollars,13.19
2422,Li'l Pals Leash Gnd06,076484622663,Li'l Pals,leashesAndCollars,11.09
2416,Li'l Pals Leash Lbp06,076484610509,Li'l Pals,leashesAndCollars,13.89
2414,Li'l Pals Leash Leb06,076484622625,Li'l Pals,leashesAndCollars,13.19
2434,Li'l Pals Leash Npk06,076484410185,Li'l Pals,leashesAndCollars,9.19
2431,Li'l Pals Leash Orz06,076484626623,Li'l Pals,leashesAndCollars,17.79
2432,Li'l Pals Leash Pnz06,076484626630,Li'l Pals,leashesAndCollars,17.79
2419,Li'l Pals Leash Ptr06,076484105067,Li'l Pals,leashesAndCollars,13.89
2424,Li'l Pals Leash Ptv06,076484062230,Li'l Pals,leashesAndCollars,13.19
2429,Li'l Pals Leash Pwh06,076484162039,Li'l Pals,leashesAndCollars,15.99
2421,Li'l Pals Leash Rwb06,076484610516,Li'l Pals,leashesAndCollars,13.89
2425,Li'l Pals Leash Ryp06,076484062247,Li'l Pals,leashesAndCollars,13.89
2426,Li'l Pals Leash Tgd06,076484062254,Li'l Pals,leashesAndCollars,12.49
2428,Li'l Pals Leash Top06,076484162046,Li'l Pals,leashesAndCollars,15.99
2427,Li'l Pals Leash Tys06,076484062261,Li'l Pals,leashesAndCollars,13.89
2423,Li'l Pals Leash Wdf06,076484622687,Li'l Pals,leashesAndCollars,13.89
2415,Li'l Pals Leash Zpk06,076484622694,Li'l Pals,leashesAndCollars,13.89
1574,Li'l Pals Nail Trimmer,076484002298,Li'l Pals,healthcare,9.89
2728,Li'l Pals Outer Space,076484324819,Li'l Pals,toys,13.19
2705,Li'l Pals Pigdog Mesh Toy,076484799006,Li'l Pals,toys,9.89
2727,Li'l Pals Plush Ball,076484842092,Li'l Pals,toys,6.59
2695,Li'l Pals Plush Duck,076484799013,Li'l Pals,toys,8.79
2697,Li'l Pals Plush Gator,076484799099,Li'l Pals,toys,8.79
2721,Li'l Pals Plush Hamburger,076484401312,Li'l Pals,toys,5.49
2722,Li'l Pals Plush Hotdog Toy,076484324802,Li'l Pals,toys,5.49
2694,Li'l Pals Plush Rabbit,076484799020,Li'l Pals,toys,9.89
2693,Li'l Pals Plushlion,076484799105,Li'l Pals,toys,9.89
2666,Li'l Pals Potty Bells,076484121623,Li'l Pals,toys,38.69
2702,Li'l Pals Rabdog Mesh Toy,076484843648,Li'l Pals,toys,9.89
2731,Li'l Pals Secret Garden Toys,076484324826,Li'l Pals,toys,13.09
2492,Li'l Pals Small Collar 1ba12,076484322259,Li'l Pals,leashesAndCollars,13.69
2513,Li'l Pals Small Collar 1bl12,,Li'l Pals,leashesAndCollars,11.69
2512,Li'l Pals Small Collar 2ba12,076484001239,Li'l Pals,leashesAndCollars,13.69
2493,Li'l Pals Small Collar 2bl12,076484001253,Li'l Pals,leashesAndCollars,13.69
2494,Li'l Pals Small Collar 2pn12,076484066375,Li'l Pals,leashesAndCollars,13.69
2475,Li'l Pals Small Collar Bkz12,076484623509,Li'l Pals,leashesAndCollars,9.59
2491,Li'l Pals Small Collar Blu10,076484066269,Li'l Pals,leashesAndCollars,10.29
2456,Li'l Pals Small Collar Btd12,076484066375,Li'l Pals,leashesAndCollars,8.19
2474,Li'l Pals Small Collar Buz12,076484623516,Li'l Pals,leashesAndCollars,9.59
2472,Li'l Pals Small Collar Dmc12,076484662225,Li'l Pals,leashesAndCollars,10.89
2462,Li'l Pals Small Collar Dpm12,076484105036,Li'l Pals,leashesAndCollars,8.19
2461,Li'l Pals Small Collar Fmb12,076484001253,Li'l Pals,leashesAndCollars,8.19
2457,Li'l Pals Small Collar Gbn12,076484066634,Li'l Pals,leashesAndCollars,10.89
2465,Li'l Pals Small Collar Gnd12,076484662287,Li'l Pals,leashesAndCollars,7.79
2458,Li'l Pals Small Collar Leb12,076484662638,Li'l Pals,leashesAndCollars,8.19
2463,Li'l Pals Small Collar Ptr12,076484105043,Li'l Pals,leashesAndCollars,8.19
2467,Li'l Pals Small Collar Ptv12,076484662638,Li'l Pals,leashesAndCollars,8.19
2471,Li'l Pals Small Collar Pwh12,076484662287,Li'l Pals,leashesAndCollars,8.39
2496,Li'l Pals Small Collar Red10,076484322273,Li'l Pals,leashesAndCollars,10.29
2464,Li'l Pals Small Collar Rwb12,076484400032,Li'l Pals,leashesAndCollars,7.69
2468,Li'l Pals Small Collar Ryp12,076484001222,Li'l Pals,leashesAndCollars,8.19
2469,Li'l Pals Small Collar Tgd12,076484662652,Li'l Pals,leashesAndCollars,8.19
2473,Li'l Pals Small Collar Top12,076484162565,Li'l Pals,leashesAndCollars,8.39
2470,Li'l Pals Small Collar Tys12,076484662669,Li'l Pals,leashesAndCollars,8.19
2466,Li'l Pals Small Collar Wdf12,076484662300,Li'l Pals,leashesAndCollars,8.79
2459,Li'l Pals Small Collar Zpk12,076484001215,Li'l Pals,leashesAndCollars,8.19
2518,Li'l Pals Small Harness Blupsm,076484029769,Li'l Pals,leashesAndCollars,27.29
2524,Li'l Pals Small Harness Ordpsm,076484163852,Li'l Pals,leashesAndCollars,23.99
2516,Li'l Pals Small Harness Pink,076484029776,Li'l Pals,leashesAndCollars,27.29
2528,Li'l Pals Small Harness Pkbpsm,076484638381,Li'l Pals,leashesAndCollars,23.99
2499,Li'l Pals Small Harness Ptvpsm,076484624902,Li'l Pals,leashesAndCollars,26.39
2500,Li'l Pals Small Harness Ryppsm,076484624926,Li'l Pals,leashesAndCollars,26.39
2502,Li'l Pals Small Harness Tgdpsm,076484624940,Li'l Pals,leashesAndCollars,26.39
2522,Li'l Pals Small Harness bllpsm,076484163838,Li'l Pals,leashesAndCollars,23.99
2730,Li'l Pals Soccerball Rop,076484401343,Li'l Pals,toys,6.59
7763,li'l pals collar,076484301421,Li'l Pals,leashesAndCollars,11.99
7742,li'l pals collar blk10,076484302459,Li'l Pals,leashesAndCollars,11.99
7749,li'l pals collar fmb12,076484662232,Li'l Pals,leashesAndCollars,8.19
7765,li'l pals collar leb08,076484622199,Li'l Pals,leashesAndCollars,8.19
7752,li'l pals collar leb12,076484066238,Li'l Pals,leashesAndCollars,8.19
7744,li'l pals collar npk10,076484302466,Li'l Pals,leashesAndCollars,14.19
7760,li'l pals collar ord08,076484701603,Li'l Pals,leashesAndCollars,9.89
7759,li'l pals collar ord10,076484701627,Li'l Pals,leashesAndCollars,10.89
7748,li'l pals collar pwh12,076484162541,Li'l Pals,leashesAndCollars,8.39
7745,li'l pals collar reed10,076484302473,Li'l Pals,leashesAndCollars,14.19
7758,li'l pals collar tel08,076484701610,Li'l Pals,leashesAndCollars,10.89
7757,li'l pals collar tel10,076484701634,Li'l Pals,leashesAndCollars,10.89
7719,li'l pals harness and leash combo blkpsm,076484062032,Li'l Pals,leashesAndCollars,29.29
7720,li'l pals harness and leash combo pkbpsm,076484062049,Li'l Pals,leashesAndCollars,29.29
7739,li'l pals harness blk14,076484421815,Li'l Pals,leashesAndCollars,11.19
7722,li'l pals harness bllpxs,076484163845,Li'l Pals,leashesAndCollars,23.49
7735,li'l pals harness blu14,076484624537,Li'l Pals,leashesAndCollars,16.59
7731,li'l pals harness dmc14,076484624506,Li'l Pals,leashesAndCollars,17.49
7733,li'l pals harness fmb14,076484624513,Li'l Pals,leashesAndCollars,17.49
7724,li'l pals harness limpsm,076484638367,Li'l Pals,leashesAndCollars,23.49
7740,li'l pals harness npk14,076484421839,Li'l Pals,leashesAndCollars,17.49
5003,Underwater River,788379311704,Life Gard,aquatics,26.19
2350,Litter Genie Plus,666594207944,Litter Genie,accessories,34.89
2351,Litter Genie Refill,666594208002,Litter Genie,accessories,14.19
2352,Litter Genie Refill 2pk,666594208040,Litter Genie,accessories,45.79
7375,Assorted Fancy Angel Regular,,Live Fish,aquatics,3.29
7376,Assorted Veil Angel Regular,,Live Fish,aquatics,4.39
7364,Dinosaur Senegalus Polypterus Tank Raised Regular,,Live Fish,aquatics,7.69
7381,Feeder Rosy Red 500 Count,,Live Fish,aquatics,51.29
7382,Feeder Rosy Red Each Reg,,Live Fish,aquatics,0.29
7349,Otocinclus Regular,,Live Fish,aquatics,3.29
7347,Painted Glass Fish Regular,,Live Fish,aquatics,6.59
7348,Zebra Nerite Snail Regular,,Live Fish,aquatics,3.29
4081,Friendsfarm Reggierat 2lb,030172090318,Living World,smallanimal,11.99
1200,Living World Canary Nest,080605820005,Living World,birdSupplies,3.29
1199,Living World Finch Nest,080605820029,Living World,birdSupplies,8.79
1216,Living World Gravel Paper,080605802858,Living World,smallanimal,9.89
882,Living World Mineral Block,080605821903,Living World,birdSupplies,4.39
958,Livingworld Sand Perch Covers,080605803251,Living World,birdSupplies,4.39
4223,Livingwrld Ergonomic Dish,041054616403,Living World,smallanimal,11.99
4203,Blue Beauty Dust,720101222155,Lixit,smallanimal,9.89
1732,Cage Crock Steel,076711007430,Lixit,accessories,11.99
1207,Cozy Cotton Nesting Material,644472008128,Lixit,birdSupplies,3.29
4144,Critter Space Pod,076711001940,Lixit,smallanimal,22.89
1729,Large Blue Single Bowl Trvl,842982079878,Lixit,accessories,14.19
1636,Large Breed Dog Bottle,076711006853,Lixit,accessories,14.19
1727,Medium Blue Solo Bowl Tvrl,842982079861,Lixit,accessories,11.99
4254,Oral Syringe & Medium Dropper,076711004880,Lixit,smallanimal,5.49
1489,Pill Crusher,723754613004,Lixit,healthcare,7.69
1508,Pill Popper,076711004897,Lixit,accessories,5.49
7777, Loving Pets Flavorfullz Filled Dog Treats 6oz,842982052314,Loving Pets,treats,7.69
4809,"4"" Pressed Bone",097612923407,Loving Pets,dogTreats,1.09
4813,"4-5"" Super, Bone White",097612921403,Loving Pets,dogTreats,3.29
4810,"4.5"" Pressed Bone Natural",097612923308,Loving Pets,dogTreats,3.29
1620,Bella Large Bone Place Mat,842982073579,Loving Pets,accessories,14.19
1695,Crisscross Steel Non Skid Dish,077234585962,Loving Pets,accessories,4.39
1718,Dolce Food & Water Bowl,842982071575,Loving Pets,accessories,11.99
1719,Dolce Had Me at Woof Bowl,842982071605,Loving Pets,accessories,8.79
1720,Dolce Puppy Forever Bowl,842982071544,Loving Pets,accessories,8.79
2117,Flavor Fullz Tuna,842982052369,Loving Pets,catTreats,4.39
2116,Flavorfullz Chicken & Catnip,842982052376,Loving Pets,catTreats,4.39
2115,Flavorfullz Salmon,842982052352,Loving Pets,catTreats,4.39
4716,Flvrfullz Cheese,,Loving Pets,dogTreats,7.69
1618,Geobone Aqua Fashion Mat,842982075672,Loving Pets,accessories,10.89
4717,Loving Pets Flavorfullz Filled Dog Treats 6oz,842982052307,Loving Pets,dogTreats,7.69
4718,Loving Pets Flavorfullz Filled Dog Treats 6oz,842982052338,Loving Pets,dogTreats,7.69
1617,Polkadot Bones Fashion Mat,842982075689,Loving Pets,accessories,10.89
1696,"Portofino Dish Dog Blushpink 5""",77234586280,Loving Pets,accessories,8.79
3324,"Lupine Dapp 10""-16"" 1/2 in Collar",015561227681,Lupine,leashesAndCollars,10.89
3334,"Lupine Dapp 12""-20"" 1in Collar",759834053507,Lupine,leashesAndCollars,17.49
3326,"Lupine Dapp 13""-22"" 3/4in Collar",096316113046,Lupine,leashesAndCollars,15.29
3333,"Lupine Dapp 15""-25"" 3/4in Collar",015561227681,Lupine,leashesAndCollars,16.39
3335,"Lupine Dapp 16""-28"" 1in Collar",759834053507,Lupine,leashesAndCollars,18.59
3344,Lupine Dapp 6ft 1/2in Leash,097612790108,Lupine,leashesAndCollars,17.49
3346,Lupine Dapp 6ft 1in Leash,,Lupine,leashesAndCollars,21.79
3345,Lupine Dapp 6ft 3/4in Leash,,Lupine,leashesAndCollars,20.79
3325,"Lupine Dapp 8""-12"" 1/2in Collar",,Lupine,leashesAndCollars,10.89
3328,"Lupine Jely 10""-16"" 1/2 in Collar",097612790085,Lupine,leashesAndCollars,10.89
3339,"Lupine Jlly 12""-20"" 1in Collar",097612740103,Lupine,leashesAndCollars,17.49
3338,"Lupine Jlly 15""-25"" 3/4in Collar",097612200294,Lupine,leashesAndCollars,16.39
3340,"Lupine Jlly 16""-28"" 1in Collar",097612740202,Lupine,leashesAndCollars,18.59
3350,Lupine Jlly 6ft 1/2in Leash,759834051541,Lupine,leashesAndCollars,17.49
3349,Lupine Jlly 6ft 1in Leash,,Lupine,leashesAndCollars,21.79
3327,"Lupine Pupluv 10""-16"" 1/2in Collar",097612752106,Lupine,leashesAndCollars,10.89
3336,"Lupine Pupluv 12""-20"" 1in Collar",015561230957,Lupine,leashesAndCollars,17.49
3337,"Lupine Pupluv 16""-28"" 1in Collar",015561230957,Lupine,leashesAndCollars,17.49
3347,Lupine Pupluv 6ft 1/2in Leash,,Lupine,leashesAndCollars,17.49
3348,Lupine Pupluv 6ft 1in Leash,,Lupine,leashesAndCollars,21.79
3331,"Lupine Turt 12""-20"" 1in Collar",097612752243,Lupine,leashesAndCollars,17.49
3330,"Lupine Turt 13""-22"" 3/4in Collar",096316113053,Lupine,leashesAndCollars,14.19
3329,"Lupine Turt 15""-25"" 3/4in Collar",096316113053,Lupine,leashesAndCollars,16.39
3332,"Lupine Turt 16""-28"" 1in Collar",,Lupine,leashesAndCollars,17.49
3341,Lupine Turt 6ft 1/2in Leash,,Lupine,leashesAndCollars,17.49
3343,Lupine Turt 6ft 1in Leash,,Lupine,leashesAndCollars,21.79
3342,Lupine Turt 6ft 3/4in Leash,,Lupine,leashesAndCollars,20.79
3323,Lupine Turtrf 10'-16' 1/2 Incollar,097612008715,Lupine,leashesAndCollars,10.89
9321,Mag-Float Floating Magnet Glass Aquarium Cleaner SM ,790950000303,Mag Float,aquatics,28.39
5032,Mag-float Glass Clean Large,790950003502,Mag Float,aquatics,87.19
2884,Mamm Medium Color Bone,746772200124,Mammoth,toys,5.49
2887,Mammoth Extra Fresh 2 Knot Bone Large,746772255063,Mammoth,toys,9.89
2876,Mammoth Large 3 Knot With Ball,746772510148,Mammoth,toys,18.59
2873,Mammoth Large Color 3 Knot Tug,746772200148,Mammoth,toys,9.89
2888,Mammoth Large Monkey Fist,746772201008,Mammoth,toys,8.79
7705,Mammoth Medium Color Bone,746772200049,Mammoth,toys,5.49
2877,Mammoth Medium Color Bone,746772510124,Mammoth,toys,6.59
2885,Mammoth Medium Extra Monkey Fist,746772251867,Mammoth,toys,13.09
2868,Mammoth Medium Snakebiter,746772530627,Mammoth,toys,21.79
2867,"Mammoth Medium Squeak Shark 15""",746772750124,Mammoth,toys,10.89
2890,Mammoth Medium Tire Biter End/Extra Loop,746772352083,Mammoth,toys,14.19
2882,Mammoth Mini 3 Knot With Mini Ball,746772510407,Mammoth,toys,7.69
2879,Mammoth Mini Color Bone,746772200001,Mammoth,toys,3.29
2881,Mammoth Small Cloth Squeak Rope TPR,746772233009,Mammoth,toys,6.59
7712,Mammoth Small Cloth Squeaky Rope,746772235904,Mammoth,toys,6.59
2874,Mammoth Small Color 3 Knot Tug,746772200100,Mammoth,toys,5.49
7704,Mammoth Small Color Bone,,Mammoth,toys,5.49
2878,Mammoth Small Color Bone,746772530603,Mammoth,toys,5.49
2886,Mammoth Small Extra Fresh 3 Knot Tug,746772200100,Mammoth,toys,8.79
2889,Mammoth Small Extra Monkey Fist,746772250204,Mammoth,toys,9.89
2869,Mammoth Small Monkey Fist Ball,746772200865,Mammoth,toys,8.79
2875,Mammoth Small Squeaky Snake,746772750001,Mammoth,toys,9.89
2880,Mammoth Small TPR Bone With Cloth Rope,746772233009,Mammoth,toys,8.79
2871,Mammoth Tire Biter Ball With Extra 2 Knot Bone,746772352045,Mammoth,toys,14.19
7716,Mammoth Tire Biter Large,746772350140,Mammoth,toys,18.59
7717,Mammoth Tire Biter Medium,746772350089,Mammoth,toys,11.99
7718,Mammoth Tire Biter Small,746772350027,Mammoth,toys,7.69
2870,"Mammoth Tire Biter With Rope Medium 5""",746772350102,Mammoth,toys,18.59
2872,Mammoth TireBiter II With Rope Medium,,Mammoth,toys,16.39
7714,Mammoth Tug With Ball Small,746772252406,Mammoth,toys,7.69
7708,Mammoth X Large Color Bone,746772200087,Mammoth,toys,10.89
2883,Mammoth X Large Color Bone,746772200049,Mammoth,toys,7.69
9392,Marina Betta Buffet Blocks,015561166768,Marina,aquatics,3.29
5814,Marina Betta Kit,,Marina,aquatics,17.49
9343,Marina Decor Wood Ornament Extra Large,015561120630,Marina,aquatics,17.49
8035,Marina Decorative Gravel Black 1lb,015561123969,Marina,aquatics,4.39
8033,Marina Decorative Gravel Blue 1 lb,015561123891,Marina,aquatics,4.39
8034,Marina Decorative Gravel Jellybean 1lb,015561123914,Marina,aquatics,4.39
9291,Marina Decorative Gravel Surf 1 lb,015561123945,Marina,aquatics,4.39
9317,Marina EZ Care Plus Betta Aquarium Blue 1.3 gal,015561133371,Marina,aquatics,31.69
9318,Marina EZ Care Plus Betta Aquarium White 1.3 gal,015561133364,Marina,aquatics,38.19
9314,Marina LED Aquarium Kit 10 gal,015561152563,Marina,aquatics,108.99
9362,Marina Slim Filter Carbon Plus Ceramic Cartridge 3 pack,015561102919,Marina,aquatics,7.69
9363,Marina Slim Filter Zeolite Plus Ceramic Cartridge 3 pack,015561102933,Marina,reptiles,7.69
9361,Marina Top Filter Cartridge for 13310/11,015561133159,Marina,aquatics,7.69
7071,Marina 150w Heater,015561112345,Marineland,aquatics,32.69
7072,Marina 200w Heater,015561112352,Marineland,aquatics,32.69
5822,Marina 20gal Kit,015561152662,Marineland,aquatics,141.69
5025,Marina 2way Control Valve,015561111782,Marineland,aquatics,4.39
5532,Marina 3.7l Filter 3pk,762177470207,Marineland,aquatics,7.69
7073,Marina 300w Heater,015561112369,Marineland,aquatics,32.69
5533,Marina 306 Splash 4pk,048081220061,Marineland,aquatics,6.59
5031,Marina 3way Control Valve,015561111799,Marineland,aquatics,5.49
7070,Marina 50w Heater,015561112321,Marineland,aquatics,32.69
5821,Marina 5gal Kit,015561152518,Marineland,aquatics,87.19
7260,Marina Accent Gravel Black,015561123747,Marineland,aquatics,3.29
5042,Marina Air Curtain,015561229920,Marineland,aquatics,10.89
5091,Marina Air Pump 50,015561111102,Marineland,aquatics,13.09
5093,Marina Air Pump A100,015561111140,Marineland,aquatics,21.79
5094,Marina Air Pump A200,015561111164,Marineland,aquatics,31.69
5095,Marina Air Pump A300,015561111188,Marineland,aquatics,30.59
5092,Marina Air Pump A75,015561111126,Marineland,aquatics,16.39
5050,Marina Air Stone 10cm,015561109703,Marineland,aquatics,2.19
5059,Marina Air Stone 2pk,015561109611,Marineland,aquatics,2.19
5054,Marina Air Stone 30.5 Cm,015561109741,Marineland,aquatics,5.49
5037,Marina Battery Air Pump,015561111348,Marineland,aquatics,22.89
7305,Marina Betta Heater,015561111829,Marineland,aquatics,17.49
5813,Marina Betta Kit,015561166799,Marineland,aquatics,26.19
5058,Marina Bubble Disk Large,015561109871,Marineland,aquatics,7.69
5057,Marina Bubble Disk Small,015561109857,Marineland,aquatics,5.49
7295,Marina Burgundy Gravel,035585499918,Marineland,aquatics,4.39
5029,Marina Digit Thermometer,015561111966,Marineland,aquatics,22.89
7244,Marina Fire Grass Plant,015561120944,Marineland,aquatics,5.49
5302,Marina Fish Net Breeder,618940312161,Marineland,aquatics,5.49
5303,Marina Float Breed Trap,030172012945,Marineland,aquatics,6.59
5304,Marina Float Fish Hatchery,030172012952,Marineland,aquatics,8.79
7291,Marina Gravel Lime,015561123846,Marineland,aquatics,4.39
7296,Marina Gravel Red,035585506654,Marineland,aquatics,4.39
7257,Marina Marble,015561127097,Marineland,aquatics,4.39
7306,Marina Mini Stump,035585360973,Marineland,aquatics,5.49
5397,Marina Naturals Large,644472008685,Marineland,aquatics,43.59
7243,Marina Pack Orchid Plant,015561120814,Marineland,aquatics,5.49
5811,Marina Pirates 1gal,850005524168,Marineland,aquatics,39.29
5535,Marina Slim Bioclr 3pk,644472013351,Marineland,aquatics,7.69
5534,Marina Slim Biothane Carb 3pk,048081210086,Marineland,aquatics,7.69
5350,Marina Small Reef,618940310303,Marineland,aquatics,25.09
5829,Marineland 56gal Tank & Stand,669125999875,Marineland,aquatics,479.59
5828,Marineland 60gal Tank & Stand,715501517864,Marineland,aquatics,512.29
5830,Marineland 75 Tank & Stand,012104434049,Marineland,aquatics,544.99
5546,Marineland Active Crbn 10oz,047431782358,Marineland,aquatics,16.39
5547,Marineland Active Crbn 22oz,047431782358,Marineland,aquatics,26.19
5587,Marineland Bio-foam-prefilter,047431783096,Marineland,aquatics,10.89
5586,Marineland Bio-foam-prefilter,047431782532,Marineland,aquatics,10.89
9360,Marineland Black Diamond Premium Activated Carbon Media 10 oz,047431901377,Marineland,aquatics,16.39
5494,Marineland Bonded Filter Pad 1 Pack,,Marineland,aquatics,9.89
5597,Marineland Emperor 400,047431504790,Marineland,aquatics,108.99
5602,Marineland Emperor Pro 450,047431781825,Marineland,aquatics,108.99
5515,Marineland Floss Sleeve Mag200,071859426464,Marineland,aquatics,7.69
5634,"Marineland Led Light 30""",045663976477,Marineland,aquatics,52.39
5639,Marineland Led Pod Color Enhnce,645095861329,Marineland,aquatics,9.89
5635,Marineland Led Pod Cool White,645095010109,Marineland,aquatics,13.09
5636,Marineland Led Pod White & Blue,645095010109,Marineland,aquatics,10.89
5637,Marineland Ledpod Hidef White,645095202139,Marineland,aquatics,9.89
5638,Marineland Ledpod Lunar Blue,645095869028,Marineland,aquatics,13.09
5588,Marineland Magnum 200,047431783706,Marineland,aquatics,63.29
5595,Marineland Magnum 290,047431907706,Marineland,aquatics,98.09
5594,Marineland Maxi Jet400,047431905092,Marineland,aquatics,43.59
5576,Marineland Micron Cartridge,047431014008,Marineland,aquatics,19.69
5575,Marineland Micron Filter,047431783997,Marineland,aquatics,14.19
5590,Marineland Penguin 100,047431503601,Marineland,aquatics,38.19
5592,Marineland Penguin 200,047431503625,Marineland,aquatics,68.69
5593,Marineland Penguin 350,047431503632,Marineland,aquatics,92.69
5589,Marineland Penguin 75,047431907058,Marineland,aquatics,31.69
5598,Marineland Penguin Pro125,047431781788,Marineland,aquatics,43.59
5599,Marineland Penguin Pro175,047431781795,Marineland,aquatics,54.49
5600,Marineland Penguin Pro275,047431781801,Marineland,aquatics,70.89
5601,Marineland Penguin Pro375,047431781818,Marineland,aquatics,76.29
5591,Marineland Penguin150,047431503618,Marineland,aquatics,52.39
5596,Marineland Power Filter280,047431504783,Marineland,aquatics,59.99
9359,Marineland Black Diamond Premium Activated Carbon Media 22 oz,047431901384,Marineland ,aquatics,26.19
4297,Marshall Bandits Banana Flavor,766501003697,Marshall,smallanimal,10.89
4298,Marshall Bandits Peanut Butter Flavor,618940310013,Marshall,smallanimal,8.79
4296,Marshall Banditts Bacon Flavor,618940310372,Marshall,smallanimal,8.79
4419,Marshall Ferret Bell Collar,097612750041,Marshall,smallanimal,7.69
4418,Marshall Ferret Harness & Lead,766501000948,Marshall,smallanimal,20.79
4141,Marshall Hideaway Hut,076484835292,Marshall,smallanimal,17.49
4416,Marshall Octo-play,048081625644,Marshall,smallanimal,32.69
8020,Marshall Pet Products Ferret Daily Spritz 8oz,766501000214,Marshall,smallanimal,19.69
4072,Marshall Pet Products Ferret Ear Cleaner 4oz,766501000849,Marshall,smallanimal,21.79
8021,Marshall Pet Products Ferret Lax Hairball and Obstruction Remedy 3oz,766501003888,Marshall,smallanimal,13.09
4077,Marshall Pet Products Ferret Original Shampoo with Baking Soda 8oz,766501000207,Marshall,smallanimal,15.29
8022,Marshall Pet Products Ferret Rx Supplement 2 fl oz,766501001273,Marshall,smallanimal,17.49
4078,Marshall Pet Products Furo-Tone Skin and Coat Supplement for Ferrets 6oz,030172091032,Marshall,smallanimal,19.69
4068,Marshall Pet Products Furo-Vite Highly Nutritious Vitamin Supplement for Ferrets 3.5 oz,766501003895,Marshall,smallanimal,19.69
8019,Marshall Pet Products GoodBye Odor for Ferrets 8oz,766501001860,Marshall,smallanimal,19.69
4064,Marshall Pet Products Premium Ferret Diet Chicken Blend Canned 9oz,766501004304,Marshall,smallanimal,10.89
8023,Marshall Pet Products Premium Ferret Diet Dry Food 22oz,766501003819,Marshall,smallanimal,16.39
4070,Marshall Pet Products ProBiotic Small Animal Diegestive Tract Conditioner 1.7 oz,766501002188,Marshall,smallanimal,19.69
4076,Marshall Pet Products Tear Free Ferret Shampoo with Aloe Vera 8oz,766501002270,Marshall,smallanimal,15.29
4065,Marshals Duck Soup 4.5oz,766501003413,Marshall,smallanimal,7.69
5330,Medium Marshall & Sandcastle,030172902109,Marshall,aquatics,16.39
4420,Sugar Glider Harness & Lead,097612750089,Marshall,smallanimal,10.89
6322,Max Bully 30lb,030626101300,Max,dogFood,74.19
6321,Max Bully 5lb,030626101058,Max,dogFood,20.79
7626,Maximum Bully Ultimate bully 60 Tablets,030626110012,Maximum Bully,healthcare,35.99
945,Meijer Ecuttlebone Perch,713733591706,Meijer,birdSupplies,4.39
2137,Meowee Savory Spoonables 3 Flavor,615650000036,Meowee,accessories,4.39
4658,Fresh Kisses Extra Small Double-Brush,022808660200,Merrick,dogTreats,13.09
4660,Fresh Kisses Extra Small Double-Brush Box,097612328059,Merrick,dogTreats,37.09
4667,Fresh Kisses Extra Small Mint Box,097612331400,Merrick,dogFood,37.09
4666,Fresh Kisses Extra Small Mint Brush,097612331257,Merrick,dogTreats,18.59
4659,Fresh Kisses Large Double-Brush,022808660279,Merrick,dogTreats,18.59
4663,Fresh Kisses Large Double-Brush Box,022808660354,Merrick,dogTreats,37.09
4670,Fresh Kisses Large Mint Box,022808660552,Merrick,dogFood,37.09
4664,Fresh Kisses Large Mint Brush,022808660439,Merrick,dogTreats,11.99
4656,Fresh Kisses Medium Double-Brush,022808660262,Merrick,dogTreats,14.19
4662,Fresh Kisses Medium Double-Brush Box,022808660347,Merrick,dogTreats,35.99
7800,Fresh Kisses Medium Mint Double-Brush Box,022808660545,Merrick,treats,37.09
4657,Fresh Kisses Small Double-Brush,022808660217,Merrick,dogTreats,13.09
4661,Fresh Kisses Small Double-Brush Box,022808660330,Merrick,dogTreats,37.09
4668,Fresh Kisses Small Mint Box,022808660538,Merrick,dogFood,37.09
4665,Fresh Kisses Small Mint Brush,097612310405,Merrick,dogTreats,18.59
4768,Merrick Power Bites Beef,022808785132,Merrick,dogTreats,9.89
4769,Merrick Power Bites Chicken,096316670594,Merrick,dogTreats,8.79
4767,Merrick Power Bites Salmon,022808785255,Merrick,dogTreats,9.89
9255,Skudo Small Travel Carrier,027773018261,Mid West,dogCages,51.29
9257,Skudo Small Travel Carrier Large,027773018292,Mid West,dogCages,185.29
9258,Skudo Small Travel Carrier X-Large ,027773027379,Mid West,dogCages,250.69
9256,Skudo Travel Carrier XX-Small,027773018247,Mid West,dogCages,41.49
9195,"Midwest 30"" ConTour Double Door Crate ",027773022046,MidWest,dogCages,107.99
9189,"Midwest 36"" ConTour Double Door Crate 36""",027773022053,MidWest,dogCages,108.99
9191,"Midwest 42"" ConTour Double Door Crate 42""",027773022060,MidWest,dogCages,163.49
9187,"Midwest 42"" ConTour Single Door Crate ",027773022008,MidWest,dogCages,141.69
9193,"Midwest 48"" ConTour Double Door Crate 48""",027773022077,MidWest,dogCages,185.29
9192,"Midwest 48"" ConTour Double Door Crate 48""",,MidWest,dogCages,163.49
2286,Curious Cat Cube,027773023074,MidWest Homes For Pets,beds,53.49
6182,"MidWest 18"" Single Door",027773021964,MidWest Homes For Pets,dogCages,43.59
6183,"MidWest 24"" Single Door",027773021971,MidWest Homes For Pets,dogCages,65.39
6184,"MidWest 30"" Single Door",027773021988,MidWest Homes For Pets,dogCages,87.19
6185,"MidWest 36"" Single Door",027773021995,MidWest Homes For Pets,dogCages,106.89
6191,"MidWest Exercise Pen 24""",027773024811,MidWest Homes For Pets,dogCages,82.89
6196,"MidWest Spree Kennel Green 19""",027773019558,MidWest Homes For Pets,dogCages,27.29
6198,"MidWest Spree Kennel Green 24""",02777301958,MidWest Homes For Pets,dogCages,32.69
6195,"MidWest Spree Kennel Red 19""",027773019572,MidWest Homes For Pets,dogCages,27.29
6197,"MidWest Spree Kennel Red 24""",027773019602,MidWest Homes For Pets,dogCages,32.69
1931,"Midwest Petgate 24"" Tall",027773022794,MidWest Homes For Pets,accessories,58.89
1933,"Midwest Petgate 32"" Tall",027773022800,MidWest Homes For Pets,accessories,76.29
1935,Midwest Petgate Steel Pet Gate,027773022893,MidWest Homes For Pets,accessories,141.69
6025,Skudo Cat Carrier With Integrated Litter Pan,027773027454,MidWest Homes For Pets,dogCages,65.39
6024,Skudo Extra Small,027773018254,MidWest Homes For Pets,dogCages,51.29
6026,Skudo Travel Carrier 40lb,029695244360,MidWest Homes For Pets,dogCages,101.39
1647,Snappy Fit Stainless Steel Bowls 4c,027773007135,MidWest Homes For Pets,accessories,27.29
1648,Snappyfit Stainlesssteel Bwl 20oz,027773008590,MidWest Homes For Pets,accessories,16.39
9346,Milk-Bone Biscuits Small 24 oz,079100902026,Milk Bone,treats,9.89
9347,"Milk-Bone Flavor Snacks Dog Treats SM/MD, 60 oz",079100822393,Milk Bone,treats,16.39
9345,Milk-Bone Peanut Buttery Bites Peanut Butter & Bacon Dog Treat 4.5 oz,079100579648,Milk Bone,treats,7.69
4800,Milk-Bone Small Bones,797801040044,Milk-Bone,dogTreats,10.89
2817,Lamb Chop Large,784369483758,Multipet,toys,15.29
2205,Lambchop Cat Small,022517443651,Multipet,toys,6.59
2818,Lambchop Small,784369207750,Multipet,toys,7.69
2780,Mr. Bill Toy,84369167153,Multipet,toys,16.39
2814,Multipet Birthday Present,784369487091,Multipet,toys,9.89
2823,Multipet Cross-ropes Assort,784369434514,Multipet,toys,16.39
2813,Multipet Dazzle Duck,784369376739,Multipet,toys,16.39
2833,Multipet Duckworth Mini,784369377064,Multipet,toys,5.49
2680,Multipet Globken Mini Assorted,784369203257,Multipet,toys,7.69
7737,Multipet Lamb Chop Mini Color,784369573251,Multipet,toys,7.69
2825,Multipet Large Loofa Dog Floppy,784369275254,Multipet,toys,14.19
2824,Multipet Large Loofa Dog Troops,784369486216,Multipet,toys,13.09
7729,Multipet Loofa Dog,784369477115,Multipet,toys,6.59
2826,Multipet Loofa Dog Large,784369477184,Multipet,toys,11.99
2829,Multipet Loofa Dog Medium,784369477122,Multipet,toys,7.69
2830,Multipet Loofa Rope Body,784369479850,Multipet,toys,10.89
2834,Multipet Loofa Squeak Mat,784369479140,Multipet,toys,13.09
7728,Multipet Mini Highland Cow,784369442892,Multipet,toys,9.89
7727,Multipet Mini Monsters,,Multipet,toys,9.89
2692,Multipet Nosey Buddy Assorted,784369610949,Multipet,toys,5.49
2729,Multipet Small Loofadog,784369610352,Multipet,toys,5.49
2827,Multipet Wrinkleez Ass,784369430103,Multipet,toys,10.89
7734,Multtipet Lamb Chop Small,784369483710,Multipet,toys,7.69
2781,Woody Woodpecker Toy,784369372441,Multipet,toys,16.39
4290,N-Bone Frrt Chew Salmon,018214823384,N-Bone,smallanimal,6.59
4639,N-Bone Puppy Teething Ring,657546113031,N-Bone,dogTreats,4.39
4289,N-bone Frrt Chew Chick,018214832416,N-Bone,smallanimal,7.69
4655,N-bone Teething Plus Rings 3pk,657546912542,N-Bone,dogTreats,9.89
4649,N-bone Teething Rng 3pk,657546113055,N-Bone,dogTreats,8.79
4654,N-bone Teething Sticks,657546111150,N-Bone,dogTreats,8.79
2103,Nacho Duck Liver Cat Treats,850023409188,Nacho,catTreats,5.49
4408,Nation Busybody Blankie,097612790108,Nation,smallanimal,43.59
4406,Nation Cozy Cube,,Nation,smallanimal,31.69
4421,Nation External Ramp,097612780086,Nation,smallanimal,21.79
4412,Nation Hammock Hideaway,,Nation,smallanimal,25.09
4402,Nation Hide & Seek Tunnel,097612200294,Nation,smallanimal,20.79
4404,Nation Ramp Covers 3pk,030172902949,Nation,smallanimal,21.79
7643,Natuevet Skin & Coat Salmon 90 Chews,797801036924,Natur Vet,healthcare,19.69
7638,Natur Vet All In One 60 Chews,797801036917,Natur Vet,healthcare,21.79
7639,NaturVet Tear Stain 70 Chews,797801036931,Natur Vet,healthcare,25.09
7645,Naturvet Digestive Enzymes 70 Chews,797801036993,Natur Vet,healthcare,23.99
7629,Naturvet Glucosamine DS Plus 70 Chews,797801037266,Natur Vet,healthcare,25.09
7641,Naturvet Stool Eating Deterrent 70 Chews,797801036986,Natur Vet,healthcare,18.59
7642,Naturvet Urinary Care Cranberry Relief 60 Chews,797801036962,Natur Vet,healthcare,21.79
7644,Naturvet Vitapet Adult Vitamines 60 Chews,797801036870,Natur Vet,healthcare,16.39
1389,Evolutions Natruvet Advanced Allergy 90 chews,797801603461,NaturVet,healthcare,29.49
1390,Evolutions Natruvet Anchovy Allergy 90 Chews,797801603485,NaturVet,healthcare,21.79
1391,Evolutions Natruvet Probiotic,797801603522,NaturVet,healthcare,26.19
1397,Naturvet All in One,797801040044,NaturVet,healthcare,40.39
1396,Naturvet Aller 911 Powder,797801040051,NaturVet,healthcare,32.69
1416,Naturvet Aller-911 Allergy Chew,797801036900,NaturVet,healthcare,21.79
1424,Naturvet Aller-911 Anti Lick Spray,797801048071,NaturVet,healthcare,13.09
1423,Naturvet Aller-911 Hot Spot Foam,797801048040,NaturVet,healthcare,14.19
1413,Naturvet Allinone Daily Essentials,797801036917,NaturVet,healthcare,23.99
1408,Naturvet Anti-diarrhea 8oz,797801001656,NaturVet,healthcare,19.69
1399,Naturvet Arthrisoothe-gold 180 Chews,797801034920,NaturVet,healthcare,57.79
1422,Naturvet Bitter Yuck 16fl oz,797801090025,NaturVet,healthcare,15.29
1421,Naturvet Bitter Yuck 8oz,797801090001,NaturVet,healthcare,11.99
1438,Naturvet Calcium-phosphorus Powder 1lb,797801048200,NaturVet,healthcare,28.39
1447,Naturvet Cardiovascular Support,797801048439,NaturVet,healthcare,32.69
1442,Naturvet Coprophagia,797801036986,NaturVet,healthcare,17.49
1443,Naturvet Digestive Enzymes,797801036450,NaturVet,healthcare,23.99
1446,Naturvet Digestive Enzymes Powder 4oz,797801036603,NaturVet,healthcare,29.49
1313,Naturvet Ear Wash,797801038003,NaturVet,healthcare,13.09
1398,Naturvet Emotional Support Daily Aid 120 Chews,797801602396,NaturVet,healthcare,35.99
1971,Naturvet Hairball Aid Cat,797801036467,NaturVet,healthcare,14.19
1425,Naturvet Hemp Queit Moments Oil,797801059350,NaturVet,healthcare,18.59
1426,Naturvet Hemp Quiet Moments Chews,797801059312,NaturVet,healthcare,21.79
1969,Naturvet L-lysine Cat 60 Chews,797801037327,NaturVet,healthcare,11.99
1441,Naturvet No Scoot,797801036979,NaturVet,healthcare,11.99
1440,Naturvet No Toot,797801036726,NaturVet,healthcare,11.99
1844,Naturvet Off Limits Training Spray,013292820003,NaturVet,healthcare,28.39
1418,Naturvet Omega-gold,797801036924,NaturVet,healthcare,21.79
1420,Naturvet Pet Electrolyte,797801070027,NaturVet,healthcare,17.49
1841,Naturvet Potty Here,797801090117,NaturVet,healthcare,8.79
1444,Naturvet Probiotic & Enzymes 70 Chews,797801037020,NaturVet,healthcare,19.69
1445,Naturvet Probiotic & Enzymes Powder,797801048309,NaturVet,healthcare,32.69
1415,Naturvet Quiet Moments,797801036955,NaturVet,healthcare,17.49
1970,Naturvet Quiet Moments Cat 60 Chews,797801036405,NaturVet,healthcare,14.19
1419,Naturvet Salmon Oil,797801036108,NaturVet,healthcare,32.69
1439,Naturvet Stool Ease,797801036382,NaturVet,healthcare,21.79
1322,Naturvet Tear Stain Remover,797801038140,NaturVet,healthcare,8.79
1414,Naturvet Vitapet Puppy,797801036863,NaturVet,healthcare,16.39
1448,Naturvet Vitapet Puppy Daily Vita 60 chews,797801030205,NaturVet,healthcare,16.39
7786, Natural Balance Pet Foods Rewards Bite-Size Crunchy Biscuits Small Breed Dog Treats Duck,723633602082,Natural Balance,treats,7.69
7790, Natural Balance Pet Foods Rewards Bite-Size Crunchy Biscuits Small Breed Dog Treats Peanut Butter,723633014625,Natural Balance,treats,7.69
7792, Natural Balance Pet Foods Rewards Crunchy Biscuits Dog Treats Venison,723633606004,Natural Balance,treats,14.19
7789, Natural Balance Pet Foods Rewards Jumpin' Stix Soft & Meaty Dog Treats Venison,723633014083,Natural Balance,treats,21.79
6553,Natural Bal Duck 13.2oz,723633001540,Natural Balance,dogFood,4.19
6552,Natural Bal Plant 13oz,723633065559,Natural Balance,dogTreats,3.39
6554,Natural Bal Salmon 13oz,,Natural Balance,dogFood,3.79
6038,Natural Balance Chicken & Brown Rice 24lb,723633014489,Natural Balance,dogFood,62.19
6044,Natural Balance Duck 4lb,723633777384,Natural Balance,dogFood,22.89
6043,Natural Balance Duck Small Breed 4lb,723633777780,Natural Balance,dogFood,25.09
7788,Natural Balance Pet Foods Rewards Bite-Size Crunchy Biscuits Small Breed Dog Treats Salmon,723633605083,Natural Balance,treats,7.69
7787,Natural Balance Pet Foods Rewards Bite-Size Crunchy Biscuits Small Breed Dog Treats Venison,723633606080,Natural Balance,treats,7.69
7791,Natural Balance Pet Foods Rewards Crunchy Biscuits Dog Treats Salmon,723633615006,Natural Balance,treats,14.19
9176,Natural Balance Pet Foods Specialized Digestive & Immune Canned Dog 12.7oz,723633007092,Natural Balance,food,4.59
9227,Natural Balance Pet Foods Specialized Digestive & Immune Dry Dog Food Lamb & Oatmeal 22lb,723633007184,Natural Balance,food,71.99
9226,Natural Balance Pet Foods Specialized Digestive & Immune Dry Dog Food Lamb & Oatmeal 3.5lb,723633007177,Natural Balance,food,19.69
9177,Natural Balance Pet Foods Specialized Joint & Muscle Canned Dog 12.7oz,723633007085,Natural Balance,food,4.59
9224,"Natural Balance Pet Foods Specialized Joint & Muscle Dry Dog Food
Chicken & Oatmeal 3.5lb",723633007153,Natural Balance,food,19.69
9225,Natural Balance Pet Foods Specialized Joint & Muscle Dry Dog Food Chicken & Oatmeal 22lb,723633007160,Natural Balance,dogFood,71.99
9175,Natural Balance Pet Foods Specialized Sensitive Skin & Stomach Canned Dog Food 12.7oz,723633007078,Natural Balance,food,4.59
9228,Natural Balance Pet Foods Specialized Sensitive Skin & Stomach Dry Dog Food Salmon & Oatmeal 3.5 lb,723633007139,Natural Balance,food,19.69
9229,"Natural Balance Pet Foods Specialized Sensitive Skin & Stomach Dry Dog Food Salmon & Oatmeal, 22lb",723633007146,Natural Balance,food,71.99
9230,"Natural Balance Pet Foods Specialized Small Breed Digestive & Joint Dry Dog Food Chicken & Oatmeal, 3.5lb",723633007191,Natural Balance,food,19.69
6039,Natural Balance Plant 24lb,723633014496,Natural Balance,dogTreats,65.39
6042,Natural Balance Salmon 4lb,723633777483,Natural Balance,dogFood,22.89
6041,Natural Balance Salmon Small Breed 4lb,723633778053,Natural Balance,dogFood,20.79
6040,Natural Balance Venison 22lb,723633429856,Natural Balance,dogFood,69.79
4684,Rewards Crunch Bison Small Breed Duck 8oz,97612950175,Natural Balance,dogTreats,7.69
4685,Rewards Crunch Bison Small Breed Salmon 8oz,97612950151,Natural Balance,dogTreats,7.69
4689,Rewards Crunch Duck 14oz,723633014731,Natural Balance,dogTreats,14.19
4690,Rewards Crunch Venison 14oz,096316000490,Natural Balance,dogTreats,14.19
4688,Rewards Jumpin Stix Duck 4oz,723633014731,Natural Balance,dogTreats,10.89
4683,Rewards Jumpin Stix Venison 10oz,723633014083,Natural Balance,dogTreats,21.79
4801,Rewards Mini Salmon,723633852197,Natural Balance,dogTreats,6.59
2395,Naturally Fresh Clumping 14lb,750244220022,Naturally Fresh,accessories,27.29
2396,Naturally Fresh Herbal Attraction 14lb,050244220060,Naturally Fresh,accessories,30.59
9367,Naturally Fresh Herbal Attraction Clumping Cat Litter 14lb,750244220060,Naturally Fresh,accessories,30.59
2394,Naturally Fresh Pellets 10lb,750244240013,Naturally Fresh,accessories,11.99
2399,Naturallyfresh Multicat 26lb,750244230021,Naturally Fresh,accessories,46.89
2398,Naturallyfresh Quick Clump 26lb,750244230014,Naturally Fresh,accessories,43.59
2397,Naturallyfresh Ultra Odor 14 lb,750244220053,Naturally Fresh,accessories,30.59
7578,Nature Zone Bearded Dragon Calcium & Probiotics Supplement,783178547248,Nature Zone,reptiles,11.99
173,Nature Zone Bearded Dragon Color & Carotenoids Supplement,783178547514,Nature Zone,reptiles,7.69
170,"Nature Zone Bearded Dragon Probiotics & Prebiotics Supplement
",783178547613,Nature Zone,reptiles,9.89
172,Nature Zone Bearded Dragon Vitamins & Probiotics Supplement,783178547415,Nature Zone,reptiles,10.89
171,Nature Zone Bearded Elctro,8317854714,Nature Zone,reptiles,9.89
7581,Nature Zone Benson & Sons Snake Oil and Reptile Rub,783178591128,Nature Zone,reptiles,17.49
169,Nature Zone Coccidia Guard,8317859351,Nature Zone,reptiles,11.99
150,Nature Zone Mite Guard Parasite Preventative Liquid,8317859341,Nature Zone,reptiles,14.19
121,Nature Zone Natural Bites & Bits for Fruit-Eating Geckos,783178562418,Nature Zone,reptiles,10.89
122,Nature Zone Natural Bites & Bits for Juvenile Bearded Dragons,783178562265,Nature Zone,reptiles,10.89
174,Nature Zone Rot Guard for Enhancing Immune System in Herp,008317859331,Nature Zone,reptiles,9.89
136,Nature Zone Salad Dressing for Iguanas Wet Food,783178543714,Nature Zone,reptiles,14.19
135,Nature Zone Salad Dressing for Tortoises Wet Food,783178543615,Nature Zone,reptiles,13.09
509,Nature Zone Turtle Fungus Bath,783178592415,Nature Zone,reptiles,10.89
507,Nature Zone Turtle Shell Saver,783178592613,Nature Zone,reptiles,10.89
123,Nature Zone Water Bites For Feeder & Other Insects Concentrated Water Crystals .4oz,783178542137,Nature Zone,reptiles,3.29
7579,Nature Zone Worm Guard Control Internal Parasites,783178593214,Nature Zone,reptiles,11.99
1988,Nature's Miracle Advance No Spray,018065284044,Nature's Miracle,accessories,18.59
1366,Nature's Miracle Advanced Stain & Odor 32oz,018065969873,Nature's Miracle,accessories,18.59
2313,Nature's Miracle Advanced Stain & Odor Elim,018065969927,Nature's Miracle,accessories,18.59
2317,Nature's Miracle Cat Scratch Spray,018065284013,Nature's Miracle,accessories,13.09
1333,Nature's Miracle Citrus Skunk Shampoo,018065984821,Nature's Miracle,healthcare,13.09
1329,Nature's Miracle Freshing Spray,018065984685,Nature's Miracle,healthcare,16.39
1368,Nature's Miracle Hard Floor Cleaner,018065984814,Nature's Miracle,accessories,16.39
1331,Nature's Miracle Hypoallergenic,018065284112,Nature's Miracle,healthcare,13.09
1371,Nature's Miracle No Marking,018065284020,Nature's Miracle,accessories,16.39
1987,Nature's Miracle No More Spraying,018065284044,Nature's Miracle,accessories,18.59
1367,Nature's Miracle Oxy Set in Stain 24oz,018065981721,Nature's Miracle,accessories,17.49
2315,Nature's Miracle Oxy Setinstain Destroy,018065981707,Nature's Miracle,accessories,18.59
2318,Nature's Miracle Pet Block Spray,018065983756,Nature's Miracle,accessories,11.99
1332,Nature's Miracle Puppy Cotton Air,018065284143,Nature's Miracle,healthcare,13.09
1328,Nature's Miracle Skunk Citrus,018065984821,Nature's Miracle,healthcare,21.79
1327,Nature's Miracle Skunk Lavender,018065984227,Nature's Miracle,healthcare,20.79
1365,Nature's Miracle Skunk Remover 32oz,018065984203,Nature's Miracle,healthcare,19.69
1330,Nature's Miracle Stain & Oder Remover 24oz,018065969620,Nature's Miracle,healthcare,15.29
1370,Nature's Miracle Stain & Odor Remover Melon Burst 32oz,018065969668,Nature's Miracle,accessories,15.29
1964,Natures Micracle Catnip Train Spray,018065984982,Nature's Miracle,healthcare,16.39
891,Natures Miracle Bird Cage Cleaner,18065984692,Nature's Miracle,birdSupplies,14.19
1373,Natures Miracle Laundry Boost Odor Remover 32oz,018065984548,Nature's Miracle,accessories,15.29
1372,Natures Miracle Ultra Disinfectant 16oz,018065054500,Nature's Miracle,accessories,10.89
1839,Natures Mircale No Mark Spray,018065284020,Nature's Miracle,accessories,16.39
5116,Purewater Pebble Blue Lag 5lb,096316660441,Nature's Ocean,aquatics,6.59
5115,Purewater Pebble Neon Orange 5lb,015561238939,Nature's Ocean,aquatics,6.59
5108,Purewater Pebble Neon Pink,096316002593,Nature's Ocean,aquatics,6.59
5114,Purewater Pebble Neon Raibow,096316002593,Nature's Ocean,aquatics,5.49
5121,Purewater Pebbles Black Beaty 5lb,015561226004,Nature's Ocean,aquatics,5.49
5122,Purewater Pebbles Rainbow Gems 5lb,015561226028,Nature's Ocean,aquatics,6.59
7429,Natures Miracle Shampoo & Conditioner Lavender,018065284174,Natures Miracle,healthcare,13.09
7430,Natures Miracle Shampoo & Conditioner Pistachio,018065284129,Natures Miracle,healthcare,13.09
6410,Next Level Hi Pro 30 50lb,076484761034,Next Level,dogFood,67.59
4324,Nibbles Barnyard,077234541838,Nibbles,smallanimal,6.59
4355,Nibbles Barnyard Treats,644472016338,Nibbles,smallanimal,1.49
4245,Nibbles Critter Quencher 32oz,644472991475,Nibbles,smallanimal,8.79
4329,Nibbles Fabric Toy,048081411612,Nibbles,smallanimal,10.89
4360,Nibbles Grooming Kit,048081626368,Nibbles,healthcare,11.99
4319,Nibbles Pet Chew Calcium,030172902185,Nibbles,accessories,6.59
4317,Nibbles Small Pet Chew,030172023668,Nibbles,smallanimal,6.59
4323,Nibbles Tiki,048081211687,Nibbles,smallanimal,10.89
1932,"Mypet Universal Pet Gate 26""x26""",026107086259,North States,accessories,63.29
1934,Mypet Wide Wlkthrugate,026107054524,North States,accessories,158.09
7653,Nutr Vet Probiotic 60 Capsules,669125660195,Nutr Vet,healthcare,28.39
7652,Nutri Vet Hip & Joint 75 Chews,669125012710,Nutr Vet,healthcare,32.69
7651,Nutri Vet Allerg-Eze 60Chews,669125933411,Nutri Vet,healthcare,27.29
1411,"Nt Canine Hotspot,Wounds,Ears",728028098501,Nutri-Vet,healthcare,16.39
1965,Nutri-Vet Uri-ease Cat Paw Gel,669125998533,Nutri-Vet,healthcare,17.49
1983,Nutri-stat Highcalorie Supplement,030521067725,Nutri-Vet,healthcare,25.09
1449,Nutri-vet Asprin,69125024416,Nutri-Vet,healthcare,25.09
1481,Nutri-vet Bitter Bandage,669125804056,Nutri-Vet,healthcare,9.89
1484,Nutri-vet Liquid Bandage,669125999875,Nutri-Vet,healthcare,11.99
4712,Nutrichomps Braid Chicken 4 Count,015958989048,Nutri-Vet,dogTreats,9.89
4812,Nutrichomps Pork Knot,,Nutri-Vet,dogTreats,8.79
9179,Harvest Selects Northern Feast Wet Dog Food 13oz,073893020370,Nutrisource,dogFood,2.89
6511,NutriSource Adult Chicken & Rice Recipe Dog Food 12.3oz,073893021056,Nutrisource,dogFood,3.59
6275,NutriSource Adult Chicken & Rice Recipe Dog Food 12lb,073893260110,Nutrisource,dogFood,40.39
6276,NutriSource Adult Chicken & Rice Recipe Dog Food 26lb,073893260103,Nutrisource,dogFood,59.99
6274,NutriSource Adult Chicken & Rice Recipe Dog Food 4lb,073893260127,Nutrisource,dogFood,17.49
6279,NutriSource Adult Small Bites Chicken & Rice Recipe Dog Food 12lb,073893260158,Nutrisource,dogFood,40.39
6278,NutriSource Adult Small Bites Chicken & Rice Recipe Dog Food 4lb,073893260127,Nutrisource,dogFood,17.49
6509,NutriSource Beef & Rice Recipe Dog Food 12.3oz,073893021094,Nutrisource,dogFood,3.49
6287,NutriSource Beef & Rice Recipe Dog Food 12lb,073893268079,Nutrisource,dogFood,43.59
6288,NutriSource Beef & Rice Recipe Dog Food 26lb,073893268062,Nutrisource,dogFood,61.09
6286,NutriSource Beef & Rice Recipe Dog Food 4lb,073893268086,Nutrisource,dogFood,20.79
7404,NutriSource Big Bites Beef Recipe Dog Treats,073893800187,Nutrisource,dogTreats,14.19
4788,NutriSource Big Bites Chicken Recipe Dog Treats,73893800088,Nutrisource,dogTreats,13.09
4789,NutriSource Big Bites Grain Free Beef Recipe Dog Treats,097612325706,Nutrisource,dogTreats,14.19
6728,NutriSource Cat & Kitten 12lb,073893280095,Nutrisource,catFood,44.69
6727,NutriSource Cat & Kitten 4lb,073893280125,Nutrisource,catFood,17.49
6730,NutriSource Chicken & Rice Recipe Cat Food 12lb,073893280217,Nutrisource,catFood,43.59
6729,NutriSource Chicken & Rice Recipe Cat Food 4lb,073893280033,Nutrisource,catFood,18.59
6694,NutriSource Chicken & Rice Recipe Cat Food 5.5oz,073893020158,Nutrisource,catFood,1.99
6507,NutriSource Chicken & Rice Recipe Grain-Free 12.3oz,,Nutrisource,catFood,3.59
6508,"NutriSource Chicken, Lamb & Fish Recipe Dog Food 13oz",073893021070,Nutrisource,dogFood,3.59
6691,"NutriSource Chicken, Turkey & Lamb Recipe Cat Food 5.5oz",079441004410,Nutrisource,catFood,1.99
6309,NutriSource Choice Chicken & Barley Recipe Dog Food 30lb,073893210009,Nutrisource,dogFood,47.99
6308,NutriSource Choice Whitefish Meal & Rice Recipe Dog Food 30lb,073893250005,Nutrisource,dogFood,51.29
4799,NutriSource Chompy Chompers Beef & Boar Recipe Dog Treats,73893301028,Nutrisource,dogTreats,8.79
4794,NutriSource Chompy Chompers Rabbit & Venison Recipe Dog Treats,073893301004,Nutrisource,dogTreats,8.79
4792,NutriSource Chompy Chompers Salmon & Trout Recipe Dog Treats,073893301035,Nutrisource,dogTreats,8.79
4793,NutriSource Chompy Chompers Turkey & Duck Recipe Dog Treats,073893301011,Nutrisource,dogTreats,8.79
6732,NutriSource Classic Catch Recipe Cat Food 4lb,073893300175,Nutrisource,catFood,30.59
6690,NutriSource Classic Catch Recipe Cat Food 5.5oz,073893069126,Nutrisource,catFood,2.79
6516,NutriSource Come-Pooch-A Beef Bone Broth Recipe Dog Topper,073893905028,Nutrisource,dogFood,5.49
6515,NutriSource Come-Pooch-A Chicken Bone Broth Recipe Dog Topper,073893905004,Nutrisource,dogFood,5.49
6514,NutriSource Come-Pooch-A Turkey Bone Broth Recipe Dog Topper,073893905011,Nutrisource,dogFood,5.49
6692,NutriSource Country Select Recipe Cat Food 5.5oz,073893069126,Nutrisource,catFood,2.09
7405,NutriSource Element Series Crispy Crispers Chicken & Duck Recipe Dog Treats,073893301110,Nutrisource,dogTreats,7.69
4786,NutriSource Element Series Crispy Crispers Lamb & Beef Recipe Dog Treats,073893301103,Nutrisource,dogTreats,7.69
4785,NutriSource Element Series Crispy Crispers Turkey & Venison Recipe Dog Treats,073893301127,Nutrisource,dogTreats,7.69
6310,NutriSource Element Series Open Waters Recipe Dog Food 4lb,073893300106,Nutrisource,dogFood,22.89
6504,NutriSource Grain Free Chicken Recipe Dog Food 13oz,073893030003,Nutrisource,dogFood,4.09
6294,NutriSource Grain Free Lamb Meal & Peas Recipe Dog Food 12lb,073893291077,Nutrisource,dogFood,45.79
6295,NutriSource Grain Free Lamb Meal & Peas Recipe Dog Food 26lb,073893291107,Nutrisource,dogFood,70.89
6293,NutriSource Grain Free Lamb Meal & Peas Recipe Dog Food 4lb,073893291084,Nutrisource,dogFood,23.99
6506,NutriSource Grain Free Lamb Recipe Dog Food 12.3oz,073893021247,Nutrisource,dogFood,3.89
6304,NutriSource Grain Free Senior Dog Food 12lb,073893299578,Nutrisource,dogFood,41.49
6303,NutriSource Grain Free Senior Dog Food 4lb,073893299585,Nutrisource,dogFood,22.89
6306,NutriSource Grain Free Small & Medium Breed Puppy Dog Food 4lb,073893299783,Nutrisource,dogFood,22.89
6301,NutriSource Grain Free Weight Management Dog Food 12lb,073893299073,Nutrisource,dogFood,43.59
6302,NutriSource Grain Free Weight Management Dog Food 26lb,073893299059,Nutrisource,dogFood,71.99
6300,NutriSource Grain Free Weight Management Dog Food 4lb,073893299080,Nutrisource,dogFood,22.89
7402,NutriSource Grillin' Grillers Beef Recipe Dog Treats,073893801023,Nutrisource,dogTreats,8.79
7403,NutriSource Grillin' Grillers Chicken Recipe Dog Treats,073893801009,Nutrisource,dogTreats,8.79
4790,NutriSource Grillin' Grillers Turkey Recipe Dog Treats,073893801047,Nutrisource,dogTreats,8.79
4791,NutriSource Grillin' Grillers Whitefish Recipe Dog Treats,073893801061,Nutrisource,dogTreats,8.79
6502,NutriSource Heartland Select Grain Free Dog Food 13oz,073893030027,Nutrisource,dogFood,3.19
6500,NutriSource High Plains Select Grain Free Dog Food 13oz,073893021209,Nutrisource,dogFood,3.29
6510,NutriSource Lamb Meal & Rice Recipe Dog Food 12.3oz,073893021063,Nutrisource,dogFood,3.59
6290,NutriSource Lamb Meal & Rice Recipe Dog Food 12lb,073893266068,Nutrisource,dogFood,44.69
6291,NutriSource Lamb Meal & Rice Recipe Dog Food 26lb,073893266051,Nutrisource,dogFood,61.09
6289,NutriSource Lamb Meal & Rice Recipe Dog Food 4lb,073893266044,Nutrisource,dogFood,21.79
6277,NutriSource Large Breed Chicken & Rice Recipe Dog Food 26lb,073893261025,Nutrisource,dogFood,59.99
6305,NutriSource Large Breed Grain Free Lamb Meal & Peas Recipe Dog Food 26lb,073893292012,Nutrisource,dogFood,59.99
6292,NutriSource Large Breed Lamb Meal & Rice Recipe Dog Food 26lb,073893267027,Nutrisource,dogFood,62.19
6272,NutriSource Large Breed Puppy Chicken & Rice Recipe Dog Food 12lb,073893264040,Nutrisource,dogFood,42.59
6273,NutriSource Large Breed Puppy Chicken & Rice Recipe Dog Food 26lb,073893264101,Nutrisource,dogFood,64.39
6271,NutriSource Large Breed Puppy Chicken & Rice Recipe Dog Food 4lb,073893264064,Nutrisource,dogFood,17.49
7407,NutriSource Little Bites Beef Recipe Dog Treats,073893800170,Nutrisource,dogTreats,7.69
4781,NutriSource Little Bites Chicken Recipe Dog Treats,073893800040,Nutrisource,dogTreats,7.69
4783,NutriSource Little Bites Duck Recipe Dog Treats,073893800064,Nutrisource,dogTreats,7.69
4779,NutriSource Little Bites Grain Free Peanut Butter Recipe Dog Treats,097612320503,Nutrisource,dogTreats,7.69
4782,NutriSource Little Bites Grain Free Trout Recipe Dog Treats,15561221931,Nutrisource,dogTreats,7.69
7410,NutriSource Little Bites Peanut Butter Recipe Dog Treats,073893800149,Nutrisource,dogTreats,7.69
7408,NutriSource Little Bites Salmon Recipe Dog Treats,073893800071,Nutrisource,dogTreats,7.69
7409,NutriSource Little Bites Trout Recipe Dog Treats,073893800163,Nutrisource,dogTreats,7.69
7406,NutriSource Little Bites Turkey Recipe Dog Treats,073893800156,Nutrisource,dogTreats,7.69
4784,NutriSource Nutty Butter Bites Apple Recipe Dog Treats,073893800507,Nutrisource,dogTreats,8.79
6307,NutriSource Performance Chicken & Rice Recipe Dog Food 40lb,073893212300,Nutrisource,dogFood,74.19
6503,NutriSource Prairie Select Grain Free Dog Food 12.3oz,073893021216,Nutrisource,dogFood,3.79
6520,NutriSource PureVita Beef Entrée Grain Free Dog Food 12.5oz,077234521571,Nutrisource,dogFood,3.19
6518,NutriSource PureVita Beef Stew Grain Free Dog Food 12.5oz,073893962083,Nutrisource,dogFood,3.49
6517,NutriSource PureVita Chicken Stew Grain Free Dog Food 12.5oz,073893962052,Nutrisource,dogFood,3.49
6519,NutriSource PureVita Turkey Stew Grain Free Dog Food 12.5oz,073893962076,Nutrisource,dogFood,3.49
6505,NutriSource Seafood Select Grain Free Dog Food 12.3oz,073893021261,Nutrisource,dogFood,3.79
6299,NutriSource Seafood Select Grain Free Dog Food 15lb,645095007420,Nutrisource,dogFood,46.89
6530,NutriSource Seafood Select Grain Free Dog Food 26lb,073893021261,Nutrisource,dogFood,68.69
6298,NutriSource Seafood Select Grain Free Dog Food 4lb,073893021261,Nutrisource,dogFood,22.89
6284,NutriSource Senior Chicken & Rice Recipe Dog Food 12lb,073893265047,Nutrisource,dogFood,41.49
6285,NutriSource Senior Chicken & Rice Recipe Dog Food 26lb,073893265054,Nutrisource,dogFood,64.39
6283,NutriSource Senior Chicken & Rice Recipe Dog Food 4lb,073893265061,Nutrisource,dogFood,17.49
6731,NutriSource Senior/Weight Management Cat Food 4lb,073893280071,Nutrisource,catFood,18.59
6268,NutriSource Small & Medium Breed Puppy Chicken & Rice Recipe Dog Food 1.5lb,073893263050,Nutrisource,dogFood,4.39
6512,NutriSource Small & Medium Breed Puppy Chicken & Rice Recipe Dog Food 13oz,,Nutrisource,dogFood,2.69
6270,NutriSource Small & Medium Breed Puppy Chicken & Rice Recipe Dog Food 26lb,073893263104,Nutrisource,dogFood,62.19
6269,NutriSource Small & Medium Breed Puppy Chicken & Rice Recipe Dog Food 4lb,073893263067,Nutrisource,dogFood,22.89
6513,NutriSource Small & Medium Breed Puppy Chicken & Rice Recipe Dog Food 5.5oz,073893040040,Nutrisource,dogFood,1.99
6297,NutriSource Small Bites Seafood Select Grain Free Dog Food 15lb,073893430100,Nutrisource,dogFood,47.99
6296,NutriSource Small Bites Seafood Select Grain Free Dog Food 4lb,073893430148,Nutrisource,dogFood,23.99
4795,NutriSource Soft & Tender Bites Chicken Recipe Dog Treats,097612322279,Nutrisource,dogTreats,6.59
6693,NutriSource Turkey & Turkey Liver Select Recipe Cat Food 5.5oz,073893022077,Nutrisource,catFood,2.09
6281,NutriSource Weight Management Chicken & Chicken Meal Recipe Dog Food 12lb,073893212577,Nutrisource,dogFood,40.39
6282,NutriSource Weight Management Chicken & Chicken Meal Recipe Dog Food 26lb,073893212560,Nutrisource,dogFood,70.89
6280,NutriSource Weight Management Chicken & Chicken Meal Recipe Dog Food 4lb,,Nutrisource,dogFood,17.49
6501,NutriSource Woodlands Select Grain Free Dog Food 13oz,073893021223,Nutrisource,dogFood,3.19
9169,Nutrisource Chicken & Rice Puppy Can 12.3oz,073893040026,Nutrisource,food,3.39
9170,Nutrisource Chicken & Rice Senior Dog Can 12.3oz,073893041016,Nutrisource,food,3.49
9171,Nutrisource Grain Free Sea Select Dog Can 12.3oz,073893021261,Nutrisource,food,3.79
9178,Nutrisource Harvest Selects Field & Forest Wet Dog Food 13oz,073893020363,Nutrisource,food,2.89
6545,Nutro Cut Gravy Beef 3.5 oz,079105117838,Nutro,dogFood,2.39
6546,Nutro Cut Gravy Chicken 3.5 oz,079105117814,Nutro,dogFood,2.49
2314,Naturesmiracle No More Spraying,018065057815,Nylabone,accessories,16.39
2316,Naturesmiracle Stain & odor Remover,018065969743,Nylabone,accessories,16.39
2891,Nylabone Alt Elk Bone,018214808022,Nylabone,toys,21.79
2926,Nylabone Axis Bone Regular,018214850014,Nylabone,toys,13.09
4561,Nylabone Blue Wishbone,1556122620,Nylabone,toys,6.59
1936,Nylabone Cat Dental Kit,018214828198,Nylabone,healthcare,15.29
7702,Nylabone Cheese Bone Wolf,018214841043,Nylabone,toys,15.29
2919,Nylabone Cheese Bone Wolf,018214807995,Nylabone,toys,15.29
2923,Nylabone Chill & Chew Bone Regular,018214832430,Nylabone,toys,13.09
4582,Nylabone Dental Chew Petite,018214828006,Nylabone,toys,6.59
4581,Nylabone Dental Chew Regular,018214846802,Nylabone,toys,9.89
1494,Nylabone Dental Kit Peanut Butter,018214846048,Nylabone,healthcare,15.29
1493,Nylabone Dental Kit Ultra Clean,018214827924,Nylabone,healthcare,15.29
4580,Nylabone Dental Wolf,018214828006,Nylabone,toys,14.19
2929,Nylabone Donut Wolf,018214855552,Nylabone,toys,16.39
4569,Nylabone DuraChew Chicken Wolf,018214826491,Nylabone,toys,11.99
4572,Nylabone DuraChew Giant Bacon,018214816249,Nylabone,toys,16.39
4571,Nylabone DuraChew Petite,018214823384,Nylabone,toys,5.49
4575,Nylabone DuraChew Petite Bacon,018214823285,Nylabone,toys,5.49
4570,Nylabone DuraChew Regular,018214813682,Nylabone,toys,5.49
4574,Nylabone DuraChew Regular Bacon,018214823285,Nylabone,toys,7.69
4560,Nylabone DuraChew Wishbone Regular,018214853824,Nylabone,toys,9.89
4559,Nylabone DuraChew Wishbone Wolf,018214843832,Nylabone,toys,14.19
4573,Nylabone DuraChew Wolf Bacon,018214823285,Nylabone,toys,10.89
2915,Nylabone Durachew Bacon Wlf,018214823285,Nylabone,toys,21.79
7700,Nylabone Durachew Ring Large,018214823384,Nylabone,dogTreats,15.29
2892,Nylabone Durachew Ring Large,018214853060,Nylabone,toys,15.29
1498,Nylabone Finger Brushes,018214828044,Nylabone,healthcare,5.49
7801,Nylabone Flexi Chew Wolf,018214812807,Nylabone,toys,14.19
4576,Nylabone FlexiChew Giant,9761211060,Nylabone,toys,17.49
4579,Nylabone FlexiChew Petite,018214812784,Nylabone,toys,6.59
4578,Nylabone FlexiChew Regular,018214813682,Nylabone,toys,8.79
4583,Nylabone FlexiChew Triple Pack,018214832430,Nylabone,dogTreats,20.79
2912,Nylabone Freeze Bone Wolf,018214855729,Nylabone,toys,18.59
4585,Nylabone Healthy Edibles 8chews Bacon,018214838166,Nylabone,dogTreats,16.39
4594,Nylabone Healthy Edibles Beef 2pk Chew,,Nylabone,dogTreats,8.79
4593,Nylabone Healthy Edibles Beef 4pk,018214816317,Nylabone,dogTreats,8.79
4598,Nylabone Healthy Edibles Bison 2pk,018214834762,Nylabone,dogTreats,7.69
4601,Nylabone Healthy Edibles Chewy Bites Peanut Butter,018214845850,Nylabone,dogTreats,7.69
4597,Nylabone Healthy Edibles Chicken 3pk,018214813736,Nylabone,dogTreats,11.99
4588,Nylabone Healthy Edibles Large Bacon Chew,018214834670,Nylabone,dogTreats,13.09
4592,Nylabone Healthy Edibles Large Chicken Chew,018214813736,Nylabone,dogTreats,11.99
7393,Nylabone Healthy Edibles Meaty Center Beef 2pk,018214853831,Nylabone,food,8.79
4587,Nylabone Healthy Edibles Medium Bacn Chew,018214838494,Nylabone,dogTreats,6.59
4584,Nylabone Healthy Edibles Puppy Pack,018214841593,Nylabone,dogTreats,10.89
4591,Nylabone Healthy Edibles Roast Large Chew,018214816324,Nylabone,dogTreats,13.09
4590,Nylabone Healthy Edibles Roast Medium 2pk,018214816324,Nylabone,dogTreats,10.89
4589,Nylabone Healthy Edibles Roast Small 2pk,018214816300,Nylabone,dogTreats,9.89
4586,Nylabone Healthy Edibles Small Bacn Chew,018214837824,Nylabone,dogTreats,5.49
4600,Nylabone Healthy Edibles Treats Venison,018214838494,Nylabone,dogTreats,19.69
4599,Nylabone Healthy Edibles Variety 3pk,018214813682,Nylabone,dogTreats,9.89
4595,Nylabone Healthy Edibles Venison 2pk,018214838487,Nylabone,dogTreats,7.69
7703,Nylabone Lobster Regular,018214853046,Nylabone,toys,16.39
4577,Nylabone Nyla Stick Wolf,018214843832,Nylabone,toys,13.09
1428,Nylabone Oral Care Dental Spray,018214828075,Nylabone,healthcare,10.89
1427,Nylabone Oral Care Foaming Trtrem,018214828051,Nylabone,healthcare,15.29
2913,Nylabone Peanut Wolf,018214855187,Nylabone,toys,16.39
4566,Nylabone Pink Bone Extra Small,018214852667,Nylabone,toys,7.69
4565,Nylabone Pink DuraChew Souper,018214826491,Nylabone,toys,20.79
4562,Nylabone Pink Wish Bone,018214846970,Nylabone,toys,7.69
4567,Nylabone Popin Treat Chicken,018214855002,Nylabone,dogTreats,29.49
2927,Nylabone Power Chew Lobster Regular,,Nylabone,toys,16.39
2928,Nylabone Power Chew Pretzel Regular,018214850724,Nylabone,toys,13.09
4568,Nylabone Power Chew Twist Giant,018214855910,Nylabone,toys,15.29
2924,Nylabone Power Chew Twist Giant,018214855910,Nylabone,toys,18.59
7699,Nylabone Puppy Chew,018214823308,Nylabone,toys,10.89
2917,Nylabone Puppy Dental Dino,018214821458,Nylabone,toys,10.89
1495,Nylabone Puppy Dental Kit,018214832393,Nylabone,healthcare,15.29
2921,Nylabone Puppy Dinosaur,018214837053,Nylabone,toys,10.89
4564,Nylabone Puppy Keys Small,018214813842,Nylabone,dogTreats,16.39
2893,Nylabone Puppy Keys Small,018214832386,Nylabone,toys,15.29
4596,Nylabone Puppy Pacifier xs,018214820871,Nylabone,dogTreats,6.59
7701,Nylabone Puppy Tactile Stick,018214854579,Nylabone,toys,14.19
2930,Nylabone Puppy Teethe N Tug,018214837428,Nylabone,toys,15.29
2922,Nylabone Puppy Teething Rings,018214822943,Nylabone,toys,14.19
4563,Nylabone Puppy Treat Toy Combo,,Nylabone,dogTreats,13.09
2918,Nylabone Puppyx Bone Petite,018214837824,Nylabone,toys,14.19
2916,Nylabone Rhino Cone Wolf,018214846550,Nylabone,toys,16.39
1492,Nylabone Senior Dental Kit,018214827955,Nylabone,healthcare,17.49
2914,Nylabone Senior Fill & Treat,018214851660,Nylabone,dogTreats,15.29
2920,Nylabone Sneaky Snacker Wolf,018214853480,Nylabone,toys,17.49
2925,Nylabone Stick Wolf,018214816331,Nylabone,toys,13.09
1491,Nylabone Toothpaste Peanut Butter,018214828068,Nylabone,healthcare,9.89
1490,Nylabone Toothpaste Ultra Clean,018214827986,Nylabone,healthcare,9.89
4309,Wettail Drops,048054800641,Oasis,smallanimal,20.79
9407,Ocean Nutrition Shrimp Wafers Fish Food  0.53 oz,098731096003,Ocean Nutrition,aquatics,8.79
6967,Ocean Nutrition Shrimp Waffer .53oz,076484065255,Ocean Nutrition,aquatics,8.79
7280,Omega One Betta .28oz,035585800219,Omega One,aquatics,3.29
7001,Omega One Cichlid Pellets Super Colo 9oz,076484093234,Omega One,aquatics,14.19
7002,Omega One Cichlid Pellets Super Color 4.2oz,076484092701,Omega One,aquatics,9.89
9411,Omega One Super Color Cichlid Sinking Pellet Fish Food 9oz,698220854314,Omega One,aquatics,14.19
6758, Orijen Grain Free Fresh & Raw Dr Kitten Food 4lb,064992716646,Orijen,catFood,30.59
6759, Orijen Guardian 8 Grain Free Fresh or Raw Dr Cat Food 4lb,064992718527,Orijen,catFood,33.79
6760, Orijen Regional Red Grain & Poultry Free Fresh or Raw Dr Cat Food 4lb,064992202408,Orijen,dogFood,39.29
6761, Orijen Six Fish Grain Free & Chicken Free Fresh or Raw Dr Cat Food,064992203405,Orijen,catFood,33.79
9208,"Orijen AMAZING GRAINS Original Dry Dog Food Chicken, Turkey & Fish 4lb",,Orijen,food,30.59
6706,Orijen Cat Duck & Chicken 3oz,064992719388,Orijen,catFood,2.39
6705,Orijen Cat Original 3oz,064992719340,Orijen,catFood,2.39
6239,Orijen Fit & Trim 23.5lb,064992107253,Orijen,dogFood,91.59
6238,Orijen Fit & Trim 4.5lb,064992107451,Orijen,dogFood,35.99
6242,Orijen Large Breed Puppy 23.5lb,064992102258,Orijen,dogFood,88.29
6245,Orijen Original 13lb,064992103132,Orijen,dogFood,61.09
6246,Orijen Original 23.5lb,064992103255,Orijen,dogFood,87.19
6403,Orijen Original Bites 6oz,064992724184,Orijen,dogFood,19.69
6401,Orijen Original Freeze Dried 8oz,064992725983,Orijen,catTreats,26.19
9211,Orijen Original Grain Free Fresh or Raw Dry Dog Food 4.5lb,,Orijen,food,343.39
6248,Orijen Puppy,064992101459,Orijen,dogFood,33.79
6241,Orijen Regional Red 13lb,064992105136,Orijen,dogFood,70.89
6240,Orijen Regional Red 4.5lb,064992105457,Orijen,dogFood,35.99
9207,"Orijen Regional Red Grain & Poultry Free Fresh or Raw Dry Dog Food Beef, Boar, Lamb, Pork & Fish, 23.5 lb",,Orijen,food,111.19
6243,Orijen Six Fish 13lb,064992106133,Orijen,dogFood,67.59
6244,Orijen Six Fish 23.5lb,064992106256,Orijen,dogFood,105.79
9210,Orijen Six Fish Grain Free & Chicken Free Fresh or Raw Dry Dog Food 4.5lb,,Orijen,food,35.99
6247,Orijen Small Breed 4lb,064992581404,Orijen,dogFood,29.49
6402,Orijen Tundra Freeze Dried 8oz,064992726003,Orijen,catTreats,26.19
6757,Orijen Wilderness Reserve Dr Kitten Food 3.5lb, 064992726386,Orijen,catFood,30.59
1645,Funfeeder Notch Blue Medium,700603678308,Outward Hound,accessories,11.99
1603,Funfeeder Slo Bowl Purple,700603510059,Outward Hound,accessories,18.59
1644,Funfeeder Wave Mint Small,700603678292,Outward Hound,accessories,11.99
1597,Outward Hound Funfeederslobwl Medium,700603510066,Outward Hound,accessories,23.99
2757,Outward Hound Stufffree Fox,700603701778,Outward Hound,toys,11.99
1598,Outwardhound Ffeedslbwl or Medium,700603510042,Outward Hound,accessories,18.59
1781,Red Cross Extra Large Life Jacket,030172085284,Outward Hound,accessories,22.89
4114,Oxbow Adult Guinea Pig 10lb,744845402918,Oxbow,smallanimal,27.29
4113,Oxbow Adult Guinea Pig 5lb,744845402888,Oxbow,smallanimal,16.39
4088,Oxbow Adult Rat 3lb,744845404011,Oxbow,smallanimal,16.39
4237,Oxbow Alfalfa Cubes,744845402154,Oxbow,smallanimal,8.79
4033,Oxbow Alfalfa Hay 15oz,744845402154,Oxbow,smallanimal,7.69
4039,Oxbow Alfalfa Hay 40oz,744845967707,Oxbow,smallanimal,15.29
4384,Oxbow Applestick Bouqet,744845966816,Oxbow,smallanimal,6.59
4386,Oxbow Applestick Bundle,744845963167,Oxbow,smallanimal,6.59
4367,Oxbow Applestick Hay Feeder,744845963181,Oxbow,smallanimal,18.59
4038,Oxbow Blend Hay 15oz,744845969831,Oxbow,smallanimal,7.69
4036,Oxbow Botanical Hay 15oz,744845405001,Oxbow,smallanimal,7.69
4085,Oxbow Chinchilla 3lb,744845302102,Oxbow,smallanimal,14.19
4368,Oxbow Color Play Dangly,744845963211,Oxbow,smallanimal,5.49
4186,Oxbow Corner Litter Pan,744845966434,Oxbow,smallanimal,19.69
4357,Oxbow Cozy Cave,744845965451,Oxbow,smallanimal,18.59
4372,Oxbow Crazy Hay Ball,744845963273,Oxbow,smallanimal,5.49
4303,Oxbow Critical Care Carnivore,744845963129,Oxbow,smallanimal,15.29
4353,Oxbow Critical Care Herb 36g,048081605059,Oxbow,smallanimal,5.49
4305,Oxbow Critical Care Herbal Antibacterial,744845701073,Oxbow,smallanimal,14.19
4304,Oxbow Critical Care Omnivore,744845965550,Oxbow,smallanimal,15.29
4299,Oxbow Crunch & Chewy Chicken,744845968377,Oxbow,smallanimal,9.89
4246,Oxbow Dripless Water Bottle 15oz,744845963785,Oxbow,smallanimal,20.79
4211,Oxbow Ecostraw 20lb,744845402727,Oxbow,smallanimal,31.69
4163,Oxbow Enriched Life Run Around Ball,744845963365,Oxbow,smallanimal,17.49
4395,Oxbow Extra Large Play Yard Cover,744845963518,Oxbow,smallanimal,27.29
4082,Oxbow Ferret Food 4lb,744845968339,Oxbow,smallanimal,30.59
4110,Oxbow Garden Young Guinea Pig 4lb,744845402819,Oxbow,smallanimal,15.29
4115,Oxbow Garden Young Rabbit 4lb,744845402451,Oxbow,smallanimal,14.19
4030,Oxbow Harvest Stacks Weight 35oz,744845302102,Oxbow,smallanimal,17.49
4043,Oxbow Hay Blend 40oz,744845810065,Oxbow,smallanimal,15.29
4044,Oxbow Hay Blend 90oz,744845810072,Oxbow,smallanimal,27.29
4365,Oxbow Hidebxhanger,744845302096,Oxbow,smallanimal,10.89
4394,Oxbow Large Play Yard Cover,744845965420,Oxbow,smallanimal,23.99
4306,Oxbow Lava Ledge,744845965291,Oxbow,smallanimal,11.99
4366,Oxbow Loco Ball,744845963273,Oxbow,smallanimal,6.59
4087,Oxbow Mouse & Young Rat 2.5 lb,744845404042,Oxbow,smallanimal,14.19
4086,Oxbow Mouse & Young Rat Garden Select,744845963631,Oxbow,smallanimal,10.89
4301,Oxbow Natural Science Urinary Support 4.2oz,744845710907,Oxbow,smallanimal,10.89
4302,Oxbow Natural Science Vital C 4.2 oz,744845711034,Oxbow,smallanimal,10.89
4035,Oxbow Oat Hay 15oz,744845402703,Oxbow,smallanimal,7.69
4034,Oxbow Orchard Grass Hay 15oz,744845402956,Oxbow,smallanimal,7.69
4040,Oxbow Orchard Grass Hay 40oz,744845402963,Oxbow,smallanimal,15.29
7834,Oxbow Organic Meadow Hay 15oz,744845710402,Oxbow,smallanimal,7.69
4373,Oxbow Ox Blocks,744845963143,Oxbow,smallanimal,8.79
4202,Oxbow Poof Bathing Sand,744845402789,Oxbow,smallanimal,14.19
4049,Oxbow Purcmfrt 36l Oxblend,744845110028,Oxbow,smallanimal,14.19
4048,Oxbow Purcmfrt 36l White,744845105024,Oxbow,smallanimal,13.09
4047,Oxbow Purcmfrt 72l Natural,744845106021,Oxbow,smallanimal,22.89
4046,Oxbow Purcmfrt 72l Oxbw Blend,744845111025,Oxbow,smallanimal,25.09
4045,Oxbow Purcmfrt 72l White,744845111025,Oxbow,smallanimal,26.19
4209,Oxbow Purecomfort 178l,744845112022,Oxbow,smallanimal,65.39
4374,Oxbow Pyramid Treat Hanger,744845960227,Oxbow,smallanimal,8.79
4187,Oxbow Rectangle Litter Pan,744845966427,Oxbow,smallanimal,20.79
4377,Oxbow Roll Arounds,744845963365,Oxbow,smallanimal,7.69
4165,"Oxbow Run & Hide 10""",744845967806,Oxbow,smallanimal,20.79
4268,Oxbow Sim Rwds Carrot & Dill,744845960173,Oxbow,smallanimal,5.49
4270,Oxbow Sim Rwds Cranberry,030172902109,Oxbow,smallanimal,5.49
4271,Oxbow Sim Rwds Timothy Treats,744845966823,Oxbow,smallanimal,6.59
4269,Oxbow Simple Rewards Bell Pepper,744845960180,Oxbow,smallanimal,5.49
4391,Oxbow Small Hidenseek Mat,744845965475,Oxbow,smallanimal,14.19
4236,Oxbow Timblend Cubes,744845966731,Oxbow,smallanimal,8.79
4389,Oxbow Timmy Pops,744845963129,Oxbow,smallanimal,5.49
4388,Oxbow Timothy Apple Slice,744845960234,Oxbow,smallanimal,6.59
4385,Oxbow Timothy Apples & Sticks,744845963150,Oxbow,smallanimal,6.59
4362,Oxbow Timothy Carrot,744845403182,Oxbow,smallanimal,7.69
4390,Oxbow Timothy Carrot Lollipop,744845965321,Oxbow,smallanimal,6.59
4369,Oxbow Timothy Club,744845810072,Oxbow,smallanimal,6.59
4138,Oxbow Timothy Club Bungalow Large,744845403137,Oxbow,smallanimal,33.79
4139,Oxbow Timothy Club Bungalow Medium,744845403120,Oxbow,smallanimal,26.19
4140,Oxbow Timothy Club Tunnel,744845403113,Oxbow,smallanimal,17.49
4169,Oxbow Timothy Hut Medium,744845967912,Oxbow,smallanimal,35.99
4358,Oxbow Timothy Mat Large,744845403168,Oxbow,smallanimal,10.89
4359,Oxbow Timothy Mat Medium,744845403175,Oxbow,smallanimal,6.59
4383,Oxbow Timothy Orange Slice,744845965284,Oxbow,smallanimal,6.59
4381,Oxbow Timothy Popsicle,744845402253,Oxbow,smallanimal,5.49
4382,Oxbow Timothy Star Dish,744845966809,Oxbow,smallanimal,5.49
4363,Oxbow Timothy Twists,744845403199,Oxbow,smallanimal,5.49
4387,Oxbow Timothy Waffle,744845966847,Oxbow,smallanimal,6.59
4376,Oxbow Tumble Ntoss,744845968353,Oxbow,smallanimal,7.69
4037,Oxbow Western Timhay 15oz,744845402253,Oxbow,smallanimal,7.69
4041,Oxbow Western Timhay 40oz,744845402758,Oxbow,smallanimal,15.29
4042,Oxbow Western Timhay 90oz,744845402291,Oxbow,smallanimal,27.29
4375,Oxbow Willow Play Cube,744845965413,Oxbow,smallanimal,6.59
4112,Oxbow Young Guinea Pig 10lb,744845402802,Oxbow,smallanimal,27.29
4127,Oxbow Young Guinea Pig 25lb,744845963617,Oxbow,smallanimal,52.39
4111,Oxbow Young Guinea Pig 5lb,744845402901,Oxbow,smallanimal,15.29
4117,Oxbow Young Rabbit 10lb,744845402550,Oxbow,smallanimal,27.29
4116,Oxbow Young Rabbit 5lb,744845402895,Oxbow,smallanimal,14.19
4050,Oxbw Purcmfrt 28l Natural,744845107028,Oxbow,smallanimal,25.09
702,Galap Mossy Dome Hide Small,756144053668,Pangea,reptiles,22.89
699,Galapagos Flexible Bridge 2x3,59834053088,Pangea,leashesAndCollars,18.59
700,Galapagos Flexible Bridge 3x3,759834053095,Pangea,leashesAndCollars,20.79
713,Galapagos Hermit Crab Sub,759834050827,Pangea,reptiles,16.39
701,Galapagos Mossy Corner Hide,759834053705,Pangea,reptiles,28.39
703,Galapagos Mossy Dome Hide Large,759834053682,Pangea,reptiles,27.29
704,Galapagos Mossy Mushroom,759834552710,Pangea,reptiles,20.79
568,Pangea Brown Reptile Vine,850005832324,Pangea,reptiles,17.49
197,Pangea Ecodish Gray Marble,5000583283,Pangea,reptiles,11.99
196,Pangea Ecodish Mossy Pine,5000583287,Pangea,reptiles,11.99
198,Pangea Extra Small Micro Dish,5003967285,Pangea,reptiles,10.89
215,Pangea Gecko Diet Insect,5473200438,Pangea,reptiles,14.19
214,Pangea Gecko Diet Watermelon,5473200425,Pangea,reptiles,14.19
695,Pangea Gecko Feeding Ledge,854732004504,Pangea,reptiles,27.29
570,Pangea Green Repltile Vine,850005832317,Pangea,reptiles,17.49
564,Pangea Hanging Caladium Bush Large,850005832225,Pangea,accessories,14.19
563,Pangea Hanging Orchid Purple,50005832904,Pangea,accessories,13.09
195,Pangea Humitidy Hide Sponge,5000583229,Pangea,reptiles,6.59
199,Pangea L Micro Dish,5003967289,Pangea,reptiles,18.59
643,Pangea Medium Humid Hide,50005832560,Pangea,reptiles,14.19
644,Pangea Small Humid Hide,768303705557,Pangea,reptiles,9.89
3472,Paw Patrol Small Harness,030172079986,Paw Patrol,leashesAndCollars,25.09
9354,600 Internal Filter - 175 gph - Up to 50 Gallons,030172024337,Penn Plax,aquatics,43.59
9335,Action-Air™ Giant Clam - Medium,030172010514,Penn Plax,aquatics,15.29
9337,Action-Air™ Skeleton at Wheel - Medium,030172010750,Penn Plax,aquatics,19.69
9336,Action-Air™ Treasure Diver - Medium,030172010651,Penn Plax,aquatics,22.89
9287,Betta World LED Clip On Aquarium Light,030172071430,Penn Plax,aquatics,27.29
9348,Cascade Under Water LED Light White,030172094941,Penn Plax,aquatics,16.39
9364,Cascade™ 325 Corner Filter Replacement Bag 2-Pack - Fits CIF20 Filter,030172072581,Penn Plax,aquatics,4.39
9365,Cascade™ 455 Corner Filter Replacement Bag - 2-Pack - Fits CIF21 Filter,030172072598,Penn Plax,aquatics,5.49
9366,Cascade™ 610 Corner Filter Replacement Bag - 2-Pack - Fits CIF22 Filter,030172072604,Penn Plax,aquatics,6.59
9329,Cascade™ Air Pod AC/DC Aquarium Pump - Up to 55 Gallons,030172047541,Penn Plax,aquatics,91.59
9341,"Cascade™ Aqua-Mist™ Air Stone Bar - 4"" L",030172333040,Penn Plax,aquatics,3.29
9309,Cascade™ Glass Tank Kit with LED Light - 3.2 Gallons,030172099298,Penn Plax,aquatics,76.29
9328,Cascade™ Lok-Tite® 2-Gang Valve,030172191206,Penn Plax,aquatics,8.79
9323,Cascade™ Therma-Temp™ Floating Thermometer,030172371035,Penn Plax,aquatics,5.49
9322,Cascade™ Therma-Temp™ Floating Thermometer,030172371011,Penn Plax,aquatics,5.49
9307,NANO FILTER & AIR PUMP USB POWER ,030172106200,Penn Plax,aquatics,20.79
7819,Penn Plax Betta Starter  Kit,030172102745,Penn Plax,aquatics,28.39
7675,Penn Plax Crincle Ball,030172034961,Penn Plax,toys,2.19
7455,"Penn Plax Hanging Vine 12"" Green Orange",030172094774,Penn Plax,reptiles,10.89
7458,"Penn Plax Hanging Vine 24"" Green Orange",030172087523,Penn Plax,reptiles,14.19
7457,Penn Plax Hanging Vine Green,030172087493,Penn Plax,reptiles,11.99
7456,"Penn Plax Hanging Vine Red 24""",030172094781,Penn Plax,reptiles,14.19
7674,Penn Plax Mouse Balls,030172830082,Penn Plax,toys,4.39
7673,Penn Plax Plastic Balls,030172831041,Penn Plax,toys,2.19
7672,Penn Plax Ringer Balls,030172831096,Penn Plax,toys,4.39
9274,"Tide & Treasure™ Glow in the Dark Betta Plant - 4""",030172089046,Penn Plax,aquatics,4.39
9273,"Tide & Treasure™ Moneywort - Green - 3.5""",030172069048,Penn Plax,aquatics,3.29
9349,Under Gravel Filter 10 Gallon,030172390807,Penn Plax,aquatics,17.49
5562,Undergravel Filter 20-15g,030172390814,Penn Plax,aquatics,19.69
5563,Undergravel Filter 29/20g,030172390821,Penn Plax,aquatics,20.79
5564,Undergravel Filter 40/55g,030172390845,Penn Plax,aquatics,31.69
9330,shorefins™ Air-Tech 2K1 - For Aquariums up to 10 Gallons,030172290480,Penn Plax,aquatics,19.69
9331,shorefins™ Air-Tech 2K4 - For Aquariums up to 55 Gallons,030172290510,Penn Plax,aquatics,38.19
9310,shorefins™ Betta Tank Kit with LED Light & Internal Filter - 1.5 Gallons,030172097690,Penn Plax,aquatics,65.39
9289,shorefins™ Betta World Aquatic Glass Crystals - Blue - 12.5 Oz,030172093036,Penn Plax,aquatics,10.89
9290,shorefins™ Betta World Aquatic Glass Crystals - White & Red - 12.5 Oz,030172093043,Penn Plax,aquatics,8.79
9288,shorefins™ Betta World Aquatic Glass Crystals - White - 12.5 Oz,030172093029,Penn Plax,aquatics,8.79
9275,shorefins™ Betta World Decorative Sea Accents - Assorted,030172093180,Penn Plax,aquatics,8.79
9332,shorefins™ Bubble Bug Air Pump - Up to 10 Gallons,030172087776,Penn Plax,aquatics,18.59
9342,"shorefins™ Bubble Wall UE Filter Replacement - 7""",030172335075,Penn Plax,aquatics,6.59
9333,shorefins™ Decorative Aquarium Filter with Air Pump,030172105791,Penn Plax,aquatics,32.69
9320,shorefins™ Plant-Air Tubing,030172277016,Penn Plax,aquatics,9.89
9394,shorefins™ Pro Balance™ Vacation Feeder - 3-Day - Star Shape - 4-Pack,030172005381,Penn Plax,aquatics,4.39
9390,shorefins™ Pro Balance™ Vacation Feeder - 7-Day - Betta Fish Shape - 6-Pack,030172085932,Penn Plax,aquatics,4.39
9395,shorefins™ Pro Balance™ Vacation Feeder - 7-Day - Crab Shape - 1-Pack,030172005404,Penn Plax,aquatics,4.39
9396,shorefins™ Pro Balance™ Vacation-Feeder - 10-Day - Squid Shape 1-Pack,030172085963,Penn Plax,aquatics,6.59
9397,shorefins™ Pro Balance™ Vacation-Feeder - 14-Day - Fish Shape - 2-Pack,030172085987,Penn Plax,aquatics,5.49
9393,shorefins™ Pro Balance™ Vacation-Feeder - 3-Day - Shell Shape - 4-Pack,030172019630,Penn Plax,aquatics,4.39
9339,shorefins™ Super-Flex Airline Tubing - Blue - 8 Feet,030172105340,Penn Plax,aquatics,4.39
9340,shorefins™ Super-Flex Airline Tubing - Pink - 8 Feet,030172105333,Penn Plax,aquatics,4.39
9319,"shorefins™ The Wizard™ Algae Scrubber Pad 3"" x 4""",,Penn Plax,aquatics,5.49
5254, Fan Palm Red,030172069062,Penn-Plax,aquatics,3.29
5228, Moneywart / Green,030172093081,Penn-Plax,aquatics,3.29
5815,.5 Dory Betta Tank,030172094026,Penn-Plax,aquatics,18.59
5808,.5g Dory Betta Tank,030172015373,Penn-Plax,aquatics,18.59
5805,.5g Spongebob Betta Tank,030172095016,Penn-Plax,aquatics,17.49
5809,.7g Dory Betta Tank,030172094057,Penn-Plax,aquatics,21.79
5817,1-3 Betta Tank Kit,030172077050,Penn-Plax,aquatics,32.69
5807,1.5g Sponge Bob Fish Tank,030172065804,Penn-Plax,aquatics,35.99
5207,"12"" Rock Plant Green",030172095061,Penn-Plax,aquatics,7.69
5410,1pk Natural Tank Decor,301720656448,Penn-Plax,aquatics,22.89
5409,2pk Natural 10 Gal Tank Decor,030172099984,Penn-Plax,aquatics,65.39
5211,"6"" Rock Plant Green",030172095023,Penn-Plax,accessories,5.49
5208,"6"" Rockplant Green",030172095023,Penn-Plax,aquatics,5.49
5210,"8"" Rockplant Color",030172095054,Penn-Plax,aquatics,5.49
5067,Act-air Action Skeleton,030172010859,Penn-Plax,aquatics,20.79
5075,Act-air Action Split Shipwreck,030172010552,Penn-Plax,aquatics,27.29
5068,Act-air Diver W Hose,030172010507,Penn-Plax,aquatics,13.09
5077,Act-air Half Shipwreck,030172010569,Penn-Plax,aquatics,15.29
5071,Act-air Rice Mill,030172010491,Penn-Plax,aquatics,14.19
5076,Act-air Rocking Shipwreck,030172010903,Penn-Plax,aquatics,17.49
5069,Act-air Sea Dog,030172010828,Penn-Plax,aquatics,18.59
5066,Act-air Skele on Wheel,030172104909,Penn-Plax,aquatics,19.69
5072,Act-air Treasure Chest,030172010644,Penn-Plax,aquatics,11.99
5078,Act-air Tropical Clam,030172010613,Penn-Plax,aquatics,13.09
5079,Act-air Tropical Clam,030172010613,Penn-Plax,aquatics,16.39
5009,Aerating Lighthouse,030172088841,Penn-Plax,aquatics,18.59
5034,Airpod,030172047190,Penn-Plax,aquatics,91.59
5085,Airpod 20gal,030172047206,Penn-Plax,aquatics,20.79
5084,Airpod 30gal,030172047213,Penn-Plax,aquatics,27.29
5083,Airpod 75g,030172047237,Penn-Plax,aquatics,41.49
5086,Airtech 2k4,030172047220,Penn-Plax,aquatics,38.19
4311,Alfalfa & Calcium Block,030172105302,Penn-Plax,smallanimal,3.29
5355,Algae Boat Wheel,030172106057,Penn-Plax,aquatics,18.59
5430,Algea Ship,030172106040,Penn-Plax,aquatics,31.69
5429,Algea Vase,030172106064,Penn-Plax,aquatics,16.39
5466,Anchor W Plant Small,030172014475,Penn-Plax,aquatics,13.09
5467,Anchor With Plant Medium,030172014482,Penn-Plax,aquatics,18.59
5288,Aqua Floras Living Large Log,030172105463,Penn-Plax,aquatics,18.59
5287,Aqua Floras Moss Patch,030172050299,Penn-Plax,aquatics,13.09
5291,Aqua Floras Red Rock,030172050282,Penn-Plax,aquatics,37.09
5286,Aqua Floras Sponge Bob,030172102721,Penn-Plax,aquatics,30.59
5407,Aqua Marine Item- Assorted,030172070464,Penn-Plax,aquatics,5.49
5155,"Aqua Plant 16"" Green 3pk",030172088001,Penn-Plax,aquatics,14.19
5151,"Aqua Plant 2"" 6pk Natural Betta Plant",030172099717,Penn-Plax,aquatics,6.59
5154,"Aqua Plant 24"" Color 2pk",030172088032,Penn-Plax,aquatics,11.99
5156,"Aqua Plant 24"" Green 2pk",030172088025,Penn-Plax,aquatics,11.99
5150,"Aqua Plant 4"" Plant Green",030172071447,Penn-Plax,aquatics,6.59
5149,"Aqua Plant 4"" Plant Various",030172071454,Penn-Plax,aquatics,7.69
5152,"Aqua Plant 8"" Glow Plant 6pc Pack",030172050152,Penn-Plax,aquatics,10.89
5158,"Aqua plant 12"" Plants Green",030172095061,Penn-Plax,aquatics,16.39
5204,"Aqua plant 12"" Rock Plant Color",030172095078,Penn-Plax,aquatics,6.59
5138,Aqua plant 1large 2 medium  Assorted,030172013379,Penn-Plax,aquatics,9.89
5202,"Aqua plant 6"" Rock Plant Green",030172095023,Penn-Plax,aquatics,5.49
5205,"Aqua plant 8"" Rock plant Color",030172095054,Penn-Plax,aquatics,5.49
5157,Aqua plant 8' Plant Green,030172055478,Penn-Plax,aquatics,10.89
5284,Aquafloras Bloom Flower,030172105173,Penn-Plax,aquatics,19.69
5285,Aquafloras Mushroom Patch,030172103629,Penn-Plax,aquatics,19.69
5290,Aquafloras Rock Range,030172050275,Penn-Plax,aquatics,23.99
5289,Aquafloras Tree Stump,030172050268,Penn-Plax,aquatics,30.59
5061,"Aquamist 1 3/16""",030172332074,Penn-Plax,aquatics,2.19
5052,"Aquamist 12""",030172333125,Penn-Plax,aquatics,7.69
5060,"Aquamist 7/16""",030172332067,Penn-Plax,aquatics,2.19
5136,"Aquaplants 12"" Various 6pk",030172071492,Penn-Plax,aquatics,16.39
5137,"Aquaplants 8"" Various 6pk",030172071478,Penn-Plax,aquatics,9.89
5255,"Aquaplnt 4"" Green Plant",030172093081,Penn-Plax,aquatics,3.29
5153,"Aquaplt 16"" Color 3pk",030172088018,Penn-Plax,aquatics,14.19
5282,Aquascapes Glow Bunch,030172101038,Penn-Plax,aquatics,4.39
5283,Aquascapes Glow Bunch Medium Green/Pink,030172101045,Penn-Plax,aquatics,4.39
5281,Aquascapes Large Red Bunch,030172098819,Penn-Plax,aquatics,4.39
5275,Aquascapes Medium Green/Pink Bunch,030172062308,Penn-Plax,aquatics,4.39
5276,Aquascapes Medium Green/Purple Bunch,030172104633,Penn-Plax,aquatics,4.39
5280,Aquascapes Medium Ostrich Fern Bunch,030172080111,Penn-Plax,aquatics,4.39
5279,Aquascapes Medium Pennywort Bunch,030172080128,Penn-Plax,aquatics,4.39
5130,Aquascapes Midnight River,030172050299,Penn-Plax,aquatics,34.89
5277,Aquascapes Small Purpl Bunch,03017209876,Penn-Plax,aquatics,4.39
5278,Aquascapes Small Yell Bunch,030172098758,Penn-Plax,aquatics,3.29
5423,Assrt Tiki Theme,030172000461,Penn-Plax,aquatics,7.69
5812,Baby Shark Big Show Tank,030172091742,Penn-Plax,aquatics,31.69
5382,Barbie Mermaid Medium,030172115479,Penn-Plax,aquatics,14.19
5381,Barbies Mermaid Medium,030172115486,Penn-Plax,aquatics,14.19
490,Basking Platform Filter,030172060779,Penn-Plax,reptiles,87.19
4370,Bed Fluff,030172041594,Penn-Plax,smallanimal,4.39
1624,Bellabown Xsmall Fish Purple,842982077515,Penn-Plax,accessories,6.59
5816,Betta Bow Front Double Tank Kit,030172019524,Penn-Plax,aquatics,15.29
5336,Bikini Bottom Homes,030172084683,Penn-Plax,aquatics,9.89
5324,Black Pearl Ship Medium,030172099854,Penn-Plax,aquatics,15.29
5431,Bonsai Tree Small,030172072062,Penn-Plax,aquatics,16.39
5439,Bonsai Tree on Rock,030172072048,Penn-Plax,aquatics,41.49
5440,Bonsai Tree on Rock,030172072055,Penn-Plax,accessories,34.89
5449,Brooklyn Bridge Medium,030172062445,Penn-Plax,aquatics,53.49
5049,Bubble-shell,030172332098,Penn-Plax,aquatics,7.69
798,Bug Blaster,030172004902,Penn-Plax,accessories,41.49
5421,Cambodia Rock Faces,030172062384,Penn-Plax,aquatics,25.09
5442,Car Wreck Small,030172014512,Penn-Plax,aquatics,17.49
5443,Carwreck Medium,030172014529,Penn-Plax,aquatics,29.49
5455,Castle Mini Blue,030172027390,Penn-Plax,aquatics,9.89
5457,Castle Mini Red,030172027475,Penn-Plax,aquatics,9.89
5451,Castle Super Sec A,030172027345,Penn-Plax,aquatics,65.39
5450,Castle Super Section B,030172027352,Penn-Plax,aquatics,76.29
1697,"Cat/Reptile 5.25"" Bowl",030172071966,Penn-Plax,accessories,6.59
2289,Catlife Activity & Scratch Post,030172067334,Penn-Plax,accessories,49.09
1993,Catlife Catch & Scratch Large,030172088841,Penn-Plax,accessories,14.19
1992,Catlife Catch & Scratch Small,030172078439,Penn-Plax,accessories,10.89
2295,Catlife Jester Wand,030172041495,Penn-Plax,accessories,6.59
2282,Catlife Jungle Slope Activity Cen,030172071980,Penn-Plax,accessories,63.29
2291,Catlife Purple Activiy & Scratch,030172067327,Penn-Plax,accessories,37.09
2294,Catlife Silvervine Cat Wand,030172102875,Penn-Plax,accessories,7.69
2293,Catlife Tickle Stick Wand,030172041518,Penn-Plax,accessories,6.59
2292,Catlife Wiggle Wand,030172041501,Penn-Plax,accessories,5.49
2290,Catlife Y Shaped Siscal Post,030172071621,Penn-Plax,accessories,32.69
5062,Check Valve,030172273018,Penn-Plax,aquatics,4.39
5372,Chum Bucket,030172084706,Penn-Plax,aquatics,11.99
5367,Clamshell Assst,030172072109,Penn-Plax,aquatics,14.19
5323,Clown Fish,030172080579,Penn-Plax,aquatics,6.59
1586,Comfy Groom,030172084430,Penn-Plax,accessories,18.59
5346,Crocodile Skull,030172077395,Penn-Plax,aquatics,27.29
5399,Crystal Cluster Amethyst Purple,030172099076,Penn-Plax,aquatics,16.39
5370,Crystal Cluster Blue,030172100338,Penn-Plax,aquatics,19.69
5371,Crystal Cluster Pink,030172099076,Penn-Plax,aquatics,16.39
5400,Crystal Cluster Sapphire Blue,030172099069,Penn-Plax,aquatics,16.39
5404,Deco Coral Blue,030172034633,Penn-Plax,aquatics,7.69
5446,Deco Kit 3pcs,030172083471,Penn-Plax,aquatics,98.09
5321,Destiny in Water Small,030172094118,Penn-Plax,aquatics,9.89
5360,Dilophosaurus Medium,030172103858,Penn-Plax,aquatics,16.39
1616,Dinner Mat,030172081446,Penn-Plax,accessories,14.19
878,Donut Chew 2pk,030172105456,Penn-Plax,birdSupplies,7.69
1628,Dry Ears Bowl,076484884702,Penn-Plax,accessories,14.19
1876,Drytech 100 Pack Pads,030172041150,Penn-Plax,accessories,55.59
1837,Drytech Puppy Pad 14pk,030172029899,Penn-Plax,accessories,9.89
1838,Drytech Puppy Pad 30pk,030172029905,Penn-Plax,accessories,19.69
1836,Drytech Puppy Pad 7pk,030172029882,Penn-Plax,accessories,5.49
852,E-z Feed 2oz,030172902666,Penn-Plax,birdSupplies,2.19
853,E-z Feed 4oz,030172104565,Penn-Plax,birdSupplies,2.19
851,E-z Feed 6oz,030172098109,Penn-Plax,birdSupplies,3.29
5028,Emergency Air,030172290442,Penn-Plax,aquatics,29.49
5452,Enchanted Castle Large,030172027383,Penn-Plax,aquatics,37.09
5454,Enchanted Castle Medium,030172027376,Penn-Plax,aquatics,25.09
5461,Enchanted Castle Small,030172027369,Penn-Plax,aquatics,14.19
6192,"Exercise Pen 30""",045663974404,Penn-Plax,dogCages,98.09
645,Extra Large Humid Hide,030172102912,Penn-Plax,reptiles,35.99
5416,Extra Large Red Rock,030172052842,Penn-Plax,aquatics,54.49
5417,Extra Large Red Trunk,030172052873,Penn-Plax,aquatics,76.29
1204,Ezfill Feeder Bird,030172902284,Penn-Plax,birdSupplies,4.39
1637,Faucet Waterer,076711008406,Penn-Plax,accessories,10.89
4225,Feeding Dish Large,030172071973,Penn-Plax,smallanimal,3.29
4224,Feeding Dish Small,030172071966,Penn-Plax,smallanimal,3.29
5389,Fighter Jet Wreck Scape,030172083518,Penn-Plax,aquatics,59.99
4999,Filter-a-brush,030172252013,Penn-Plax,aquatics,6.59
4995,Filter-a-brush Kit,030172252020,Penn-Plax,aquatics,8.79
5522,Filter-a-carb Fc2,030172082245,Penn-Plax,aquatics,5.49
5521,Filter-a-carb Fc3,030172082245,Penn-Plax,aquatics,7.69
5523,Filter-a-carb Fc4,030172082245,Penn-Plax,aquatics,4.39
879,Finch Fries,030172095771,Penn-Plax,birdSupplies,4.39
1201,Finch Tiki Hut,030172063558,Penn-Plax,birdSupplies,9.89
1202,Finch Twig Nest,030172082030,Penn-Plax,birdSupplies,6.59
5307,Flaming Skull Blue 31/2,030172082146,Penn-Plax,aquatics,10.89
5308,Flaming Skull Red,030172003462,Penn-Plax,aquatics,10.89
489,Floating Turtle Pier Large,030172065224,Penn-Plax,reptiles,43.59
488,Floating Turtle Pier Medium,030172060885,Penn-Plax,reptiles,35.99
487,Floating Turtle Pier Small,030172061059,Penn-Plax,reptiles,29.49
5257,Foregrounder Cabomba Greenward,030172055102,Penn-Plax,aquatics,3.29
5253,Foregrounder Fan Brush Orange,030172069079,Penn-Plax,aquatics,3.29
4331,Friend Fries,030172097423,Penn-Plax,smallanimal,5.49
5368,Frozen Anna Medium,030172092084,Penn-Plax,aquatics,15.29
5264,Frozen Anna Mini,030172092107,Penn-Plax,aquatics,9.89
5810,Frozen Betta Tank,030172091742,Penn-Plax,aquatics,21.79
5369,Frozen Elsa,030172092091,Penn-Plax,aquatics,17.49
5261,Frozen Ice Castle/Mini,030172090103,Penn-Plax,aquatics,7.69
5262,Frozen Mini Elsa,030172092114,Penn-Plax,aquatics,9.89
5265,Frozen Olaf Slide Mini,030172090097,Penn-Plax,aquatics,7.69
5337,Gary Large,030172068966,Penn-Plax,aquatics,14.19
106,Gourmet Iguana Food,030172011948,Penn-Plax,reptiles,21.79
5341,Granite Stone Hideaway 2pk,030172101502,Penn-Plax,aquatics,51.29
5394,Grass Hideaway,030172078606,Penn-Plax,aquatics,9.89
5447,Gray Striped Rock 3pc Kit,030172098901,Penn-Plax,aquatics,49.09
5433,Green Leaf Dirtfwood,030172098154,Penn-Plax,aquatics,10.89
5441,Green Leaf Driftwood,030172098178,Penn-Plax,aquatics,21.79
5432,Green/Red Leaf Driftwood,030172098161,Penn-Plax,aquatics,10.89
5436,Grey Rock Scape,030172088124,Penn-Plax,aquatics,30.59
4371,Hamsteroids,030172041600,Penn-Plax,smallanimal,5.49
5322,Hank on Sand Medium,030172094446,Penn-Plax,aquatics,14.19
1690,Heavy Weight 11.5oz Bowl,030172071980,Penn-Plax,accessories,5.49
717,Hermit Beach,030172064944,Penn-Plax,reptiles,9.89
5398,Hindu Palace,015561147644,Penn-Plax,aquatics,54.49
2099,Home Grown Greens Patch,030172093272,Penn-Plax,catTreats,6.59
1626,I Love Cats Fish,030172044045,Penn-Plax,accessories,8.79
5314,Jammin Jam,030172040511,Penn-Plax,aquatics,7.69
5327,Jaws Boat Attack Small,030172103285,Penn-Plax,aquatics,14.19
5328,Jaws Swim-thru Small,030172103292,Penn-Plax,aquatics,13.09
5326,Jaws W Bair Tank Medium,030172103889,Penn-Plax,aquatics,21.79
5206,Jungle Pods Large Style 6,030172059414,Penn-Plax,aquatics,11.99
5212,Junglepd Small Style 2,030172059315,Penn-Plax,aquatics,11.99
5271,Jurassic Park Gates,030172104831,Penn-Plax,aquatics,5.49
5358,Jurassic Pork Gates Small,030172103322,Penn-Plax,aquatics,13.09
4346,Kapok Pod,030172104640,Penn-Plax,smallanimal,5.49
5377,Kev & Stuart Surf Small,030172104282,Penn-Plax,aquatics,16.39
5339,Krusty Krab,030172059261,Penn-Plax,aquatics,16.39
483,"Lagoon 11"" Oval",030172031816,Penn-Plax,aquatics,20.79
484,Lagoon Kidney,030172031823,Penn-Plax,aquatics,14.19
1614,Large Food Scoop,030172105395,Penn-Plax,accessories,5.49
5090,Led Air Stone,030172085758,Penn-Plax,aquatics,11.99
5014,Led Lighthouse,030172088858,Penn-Plax,aquatics,26.19
5274,Little Meremaid 5pk,030172082740,Penn-Plax,aquatics,31.69
19,Lizard Ladder,030172064937,Penn-Plax,reptiles,8.79
14,Lizard Lounger ,030172086809,Penn-Plax,reptiles,25.09
15,Lizard Lounger Bridge,030172087462,Penn-Plax,reptiles,43.59
18,Lizard Lounger Hanging Hideout,030172096631,Penn-Plax,reptiles,25.09
17,Lizard Lounger Sun-lover,030172087011,Penn-Plax,reptiles,21.79
16,Lizard Lounger Vine Backdrop,030172087431,Penn-Plax,reptiles,28.39
4242,Lock Crock 10oz,030172010767,Penn-Plax,aquatics,10.89
4241,Lock Crock 20oz,030172010774,Penn-Plax,aquatics,11.99
5030,Lok-Tite 4gang Valve,030172191404,Penn-Plax,aquatics,13.09
5024,Lok-tite 3gang Valve,030172191305,Penn-Plax,aquatics,9.89
5070,Loop Act-air Barrel of Jewls,030172010811,Penn-Plax,aquatics,16.39
5448,Madison Bridge,030172062421,Penn-Plax,aquatics,39.29
5026,Mag-float Glass Clean Medium,790950001256,Penn-Plax,aquatics,43.59
5033,Mag-scrape Scraper Blades,030172032127,Penn-Plax,aquatics,21.79
5459,Magical Castle Medium,030172027376,Penn-Plax,aquatics,18.59
5458,Magical Castle Small,030172027277,Penn-Plax,aquatics,15.29
5365,Medium Afr Shade Leaf Log,030172045776,Penn-Plax,aquatics,16.39
5312,Medium Lighthouse,030172078026,Penn-Plax,aquatics,14.19
4422,Medium Oval Basket Nest,030172082023,Penn-Plax,smallanimal,10.89
5329,Medium Rubble on Float,030172080029,Penn-Plax,aquatics,16.39
5331,Medium Sea Patrol Chase,030172080012,Penn-Plax,aquatics,17.49
5332,Medium Sea Patrol Skye,030172080005,Penn-Plax,aquatics,16.39
5406,Mermaid,030172072284,Penn-Plax,aquatics,9.89
5267,Mickey Merminnie Mini,030172098970,Penn-Plax,aquatics,7.69
5735,Micra Plus Pump,030172047671,Penn-Plax,aquatics,43.59
5460,Mini Castle,030172027482,Penn-Plax,aquatics,9.89
5363,Mini Coral,030172099137,Penn-Plax,aquatics,3.29
5263,Mini Replica Fish,030172021725,Penn-Plax,aquatics,5.49
5469,Mini Ship,030172048272,Penn-Plax,aquatics,10.89
5272,Mini Treasure Chest,030172021718,Penn-Plax,aquatics,5.49
5468,Mini Undersea Mini Cannon,030172045783,Penn-Plax,aquatics,4.39
5470,Mini Undersea Treasure Chest,030172056796,Penn-Plax,aquatics,4.39
5376,Minions Beacg Buddies Small,030172104299,Penn-Plax,aquatics,16.39
5298,Mopani Wd Medium,030172104657,Penn-Plax,aquatics,16.39
5295,Mopani Wd Small,030172009983,Penn-Plax,aquatics,18.59
5435,Mossy Rock Scape,030172088131,Penn-Plax,aquatics,31.69
5437,Mossy Rock Scape 2,030172088148,Penn-Plax,aquatics,29.49
4354,Mystery Mineral Black,030172064760,Penn-Plax,smallanimal,3.29
5082,Nano Air Pump,030172084256,Penn-Plax,aquatics,10.89
5297,Natural Driftwood Large,030172012938,Penn-Plax,aquatics,18.59
5296,Natural Driftwood Medium,030172104633,Penn-Plax,aquatics,10.89
5294,Natural Driftwood Small,030172104626,Penn-Plax,aquatics,8.79
2685,NatureFlex Brontosaurus,030172713088,Penn-Plax,toys,6.59
2684,"NatureFlex Tinytots T-rex 4.5""",030172713081,Penn-Plax,toys,6.59
2686,NatureFlex Triceratops,030172713095,Penn-Plax,toys,6.59
5317,Nemo,030172078828,Penn-Plax,aquatics,9.89
5318,Nemo & Marlin,030172078873,Penn-Plax,aquatics,11.99
4336,Nibbles Small Pet Chew,030172023668,Penn-Plax,smallanimal,5.49
4337,Nibbles Small Pet Chew,030172023668,Penn-Plax,smallanimal,4.39
4322,Nibbles Small Pet Chew,030172023668,Penn-Plax,smallanimal,6.59
4318,Nibbles Small Pet Chew,030172023668,Penn-Plax,smallanimal,6.59
4326,Nibbles Small Pet Chew,030172023668,Penn-Plax,smallanimal,6.59
4340,Nibbles Small Pet Chew,030172023668,Penn-Plax,smallanimal,3.29
5380,Night Shifter Hot Wheel Small Blue,030172105197,Penn-Plax,aquatics,6.59
5498,Nitrate Remover Pad,030172082269,Penn-Plax,aquatics,9.89
1209,Oval Basket Nest Large,030172082030,Penn-Plax,birdSupplies,16.39
1208,Oval Basket Nest Medium,030172082023,Penn-Plax,birdSupplies,14.19
5772,Ovation-1000 Filter,030172047398,Penn-Plax,aquatics,8.79
5771,Ovation-380 Filter,030172047381,Penn-Plax,aquatics,7.69
1190,Parrot Starter Kit,030172102745,Penn-Plax,birdSupplies,163.49
5334,Patrick in Canoe,030172077654,Penn-Plax,aquatics,8.79
5335,Patrick on Louge Chair,030172902017,Penn-Plax,aquatics,15.29
5364,Peace & Love Kit,030172105401,Penn-Plax,aquatics,15.29
7074,Penn Plax 100w Heater,030172034695,Penn-Plax,aquatics,25.09
7079,Penn Plax 10w Mini Heater,030172094835,Penn-Plax,aquatics,21.79
7078,Penn Plax 25w Mini Heater,030172094842,Penn-Plax,aquatics,18.59
7194,Penn Plax Auto Feeder,030172104565,Penn-Plax,aquatics,23.99
7250,Penn Plax Betta Cave,030172105685,Penn-Plax,aquatics,10.89
7254,Penn Plax Betta Leaf,030172105432,Penn-Plax,aquatics,7.69
954,Penn Plax Calcium Perch Medium & Large,030172012969,Penn-Plax,birdSupplies,19.69
7277,Penn Plax Crystals White/Red,030172093043,Penn-Plax,aquatics,8.79
7255,Penn Plax Dazzle Stone Blue,030172010354,Penn-Plax,aquatics,4.39
7256,Penn Plax Dazzle Stone Multi,030172010392,Penn-Plax,aquatics,4.39
7035,Penn Plax Divider 10gallon,030172014109,Penn-Plax,aquatics,18.59
7034,Penn Plax Divider 15-20,030172014116,Penn-Plax,aquatics,11.99
7033,Penn Plax Divider 20 Gallon,030172014161,Penn-Plax,aquatics,23.99
7032,Penn Plax Divider 29-55,030172014277,Penn-Plax,aquatics,28.39
7177,Penn Plax Feeder 10 Day,030172085963,Penn-Plax,aquatics,6.59
7176,Penn Plax Feeder 14 Day,030172085987,Penn-Plax,aquatics,5.49
7179,Penn Plax Feeder 3 Day,030172005404,Penn-Plax,aquatics,4.39
7187,Penn Plax Feeder 7 Day,,Penn-Plax,aquatics,4.39
7178,Penn Plax Feeder 7 Day,030172062810,Penn-Plax,aquatics,4.39
1923,"Penn Plax Felt Steps Dark Grey 13""h",030172102301,Penn-Plax,accessories,86.19
7051,Penn Plax Gravel Vac 10,030172005619,Penn-Plax,aquatics,19.69
7052,Penn Plax Gravel Vac 16,030172001406,Penn-Plax,aquatics,35.99
7053,Penn Plax Gravel Vac 24,030172001420,Penn-Plax,aquatics,43.59
7049,Penn Plax Gravel Vac 5,030172005572,Penn-Plax,aquatics,17.49
7050,Penn Plax Gravel Vac 9,030172005596,Penn-Plax,aquatics,19.69
7275,Penn Plax Light,030172057359,Penn-Plax,aquatics,27.29
1593,Penn Plax Paw Cleaner,030172101380,Penn-Plax,accessories,23.99
7248,Penn Plax Pink/White Small Plant,030172093104,Penn-Plax,aquatics,3.29
7045,Penn Plax Quick Net 10 in,030172230103,Penn-Plax,aquatics,10.89
7048,Penn Plax Quick Net 2 in,030172230028,Penn-Plax,aquatics,3.29
7047,Penn Plax Quick Net 3 in,030172230035,Penn-Plax,aquatics,3.29
7046,Penn Plax Quick Net 4 in,030172230042,Penn-Plax,aquatics,3.29
7041,Penn Plax Quick Net 5 in,030172230059,Penn-Plax,aquatics,4.39
7042,Penn Plax Quick Net 5l in,030172230509,Penn-Plax,aquatics,5.49
7043,Penn Plax Quick Net 6 in,030172230066,Penn-Plax,aquatics,5.49
7044,Penn Plax Quick Net 8 in,030172230080,Penn-Plax,aquatics,7.69
7303,Penn Plax Small World Filter,030172390067,Penn-Plax,aquatics,11.99
7304,Penn Plax Small World Kit,030172015373,Penn-Plax,aquatics,32.69
7253,Penn Plax crystals,030172093043,Penn-Plax,aquatics,8.79
1641,Penn-Plax Clear Springs Pet Fountain,030172065965,Penn-Plax,accessories,58.89
4994,Penn-plax Wizard Value Pack,030172093104,Penn-Plax,aquatics,15.29
4227,Pennplax Hydrator 1l,030172058714,Penn-Plax,smallanimal,13.09
4228,Pennplax Hydrator 237ml,030172058707,Penn-Plax,smallanimal,7.69
1004,Pennplax Jingle Bird Wmirror/Perch,030172013447,Penn-Plax,birdSupplies,7.69
1554,Pennplax Nail Grinder,030172101397,Penn-Plax,accessories,38.19
1213,Penplax Bird Bath,030172080616,Penn-Plax,birdSupplies,11.99
5832,Pet Rainydays Large,030172069925,Penn-Plax,accessories,21.79
4248,Pet Water Bottle 32oz,030172041716,Penn-Plax,aquatics,9.89
1739,Petcrestspiralstake,026716800000,Penn-Plax,aquatics,11.99
5833,Petrainy Daysxlg,030172069932,Penn-Plax,accessories,30.59
4247,Petwtrbttl 16oz,030172041709,Penn-Plax,smallanimal,7.69
1031,Pine Swing Large,030172021374,Penn-Plax,birdSupplies,6.59
1030,Pine Swing Medium,030172021374,Penn-Plax,birdSupplies,5.49
5395,Pipe Hideaway Large,030172064432,Penn-Plax,aquatics,10.89
5353,Pirate Wave Runner,030172062360,Penn-Plax,aquatics,74.19
2334,Pixi Flowfoun Filter 3x,030172437216,Penn-Plax,accessories,9.89
5899,Plaid Sweater Red Medium,030172101397,Penn-Plax,accessories,25.09
5305,Plant Decor Kit 2md 4xs color,030172101779,Penn-Plax,aquatics,16.39
5306,Plant Decor Kit 2md 4xs green,030172101762,Penn-Plax,accessories,16.39
1022,"Playful Forage & Engage ""raincatcher""",030172082894,Penn-Plax,birdSupplies,7.69
5299,Pleco Cave,030172065941,Penn-Plax,aquatics,21.79
5774,Podmaster Pond Filter,030172047756,Penn-Plax,aquatics,18.59
5405,Poised Mermaid,030172098987,Penn-Plax,aquatics,5.49
5499,Polyfiber Pad,030172082283,Penn-Plax,aquatics,8.79
5497,Polyfiber Plus Pad,030172082290,Penn-Plax,aquatics,9.89
6016,Pop Up Playpen,791611020807,Penn-Plax,dogCages,217.99
5544,Pro-CarbZ 34 oz,030172015502,Penn-Plax,aquatics,21.79
5542,Pro-carb 17 oz Active Crbn,030172015410,Penn-Plax,aquatics,18.59
5543,Pro-carb 28oz Active Crbn,030172015427,Penn-Plax,aquatics,29.49
5545,Pro-z 44oz,030172015465,Penn-Plax,aquatics,18.59
5424,Rainbow Rock Small,030172056055,Penn-Plax,aquatics,9.89
5851,Rainy Days Small,030172069918,Penn-Plax,aquatics,18.59
4396,Ramp Covers 3pk,030172902949,Penn-Plax,smallanimal,22.89
5408,Red Rock Tank Decor,030172017797,Penn-Plax,aquatics,38.19
669,Redline Science Incubator,680660859776,Penn-Plax,reptiles,10.89
5345,Rhino Skull Resin,030172077418,Penn-Plax,aquatics,16.39
5419,Rialto Bridge Medium,030172062476,Penn-Plax,aquatics,46.89
5418,Rialto Bridge Small,030172062469,Penn-Plax,aquatics,21.79
5434,Rock & Branch Scape,030172088117,Penn-Plax,aquatics,32.69
5411,Rock Cave Mountain,030172064425,Penn-Plax,aquatics,31.69
5425,Rock Stack,030172062308,Penn-Plax,aquatics,10.89
5378,Rodger Dodger Hot Wheel Small Red,030172105180,Penn-Plax,aquatics,6.59
5342,"Roundstone Hideaway Large 4""",030172078552,Penn-Plax,aquatics,21.79
5402,Sea Anemone Blue Medium,030172102462,Penn-Plax,aquatics,15.29
5401,Sea Anemone Pink Medium,030172102479,Penn-Plax,aquatics,15.29
5269,Seasme Cookie Monster,030172096761,Penn-Plax,aquatics,7.69
5273,Seasme Street Big Bird,030172096754,Penn-Plax,toys,5.49
5266,Sesame Oscar the Grouch,030172099670,Penn-Plax,aquatics,5.49
5344,Shark Jaw,030172083754,Penn-Plax,aquatics,41.49
5352,Shipwreck Bow Large,030172014581,Penn-Plax,aquatics,107.99
5462,Shipwreck Bow Small,030172014543,Penn-Plax,aquatics,18.59
5351,Shipwreck Stern Large,030172014598,Penn-Plax,aquatics,87.19
5445,Shipwreck Stern Medium,030172014574,Penn-Plax,aquatics,38.19
5027,Silent Air B11,030172290459,Penn-Plax,aquatics,34.89
5146,Sinkers Ambulia Green Giant,030172055669,Penn-Plax,aquatics,14.19
5143,Sinkers Blom Ludwig Green Super,030172091032,Penn-Plax,aquatics,10.89
5144,Sinkers Bloom Ludwig Red Super,030172055614,Penn-Plax,aquatics,10.89
5145,Sinkers Bloom Ludwigia Red Giant,030172055652,Penn-Plax,aquatics,13.09
5142,Sinkers Floral spike Extra Large,030172055553,Penn-Plax,aquatics,9.89
5229,Sinkers Red Water Hyacinth Bottom,030172050589,Penn-Plax,aquatics,5.49
5140,Sinkers Water Lily Red Medium,030172055485,Penn-Plax,aquatics,6.59
5141,Sinkers Water Lily White Large,030172055492,Penn-Plax,aquatics,8.79
5139,Sinkers Water Lily White Medium,030172055492,Penn-Plax,aquatics,5.49
5383,Sitting Unicorn,030172083761,Penn-Plax,aquatics,11.99
5310,Skeleton Escape,030172104909,Penn-Plax,aquatics,9.89
5349,Skull Gazer Small Assorted,030172080982,Penn-Plax,aquatics,7.69
1725,Small Blue Double Diner Trvl,030172041808,Penn-Plax,accessories,14.19
1615,Small Dinner Mat,079441008005,Penn-Plax,accessories,10.89
1613,Small Food Scoop,030172105388,Penn-Plax,accessories,4.39
1646,Small Kennel Cup,030172041723,Penn-Plax,accessories,10.89
4423,Small Oval Basket Nest,030172082016,Penn-Plax,smallanimal,7.69
5356,Small Plane Wreck,015561147330,Penn-Plax,aquatics,8.79
5415,Small Rdck Cave,030172064401,Penn-Plax,aquatics,21.79
5463,Small Split Shipwreck,030172056802,Penn-Plax,aquatics,17.49
1619,Small Tan Bone Place Mat,030172041815,Penn-Plax,accessories,11.99
790,Small World .6gal,030172091254,Penn-Plax,reptiles,7.69
789,Small World Habitat 1g,030172091032,Penn-Plax,reptiles,11.99
788,Small World Habitat 2.2 Gal,030172090561,Penn-Plax,reptiles,18.59
784,Small World Habitat 2.3 Gal,030172090318,Penn-Plax,reptiles,25.09
787,Small World Habitat 4gal,030172091032,Penn-Plax,reptiles,27.29
5373,Spngeb Pinapple Home,030172045790,Penn-Plax,aquatics,16.39
5806,Sponge Bob Betta Tank,030172092039,Penn-Plax,aquatics,25.09
5338,Spongebob Large,030172075940,Penn-Plax,aquatics,22.89
5333,Spongebob Snow Board,030172077647,Penn-Plax,aquatics,11.99
5340,Squidwards Easter Island Home,030172902055,Penn-Plax,aquatics,16.39
5343,Stone Hideaway Small 2in,030172078545,Penn-Plax,aquatics,7.69
5474,Striped Pirate Ship Medium,030172062346,Penn-Plax,aquatics,70.89
5465,Striped Pirate Ship Small,030172062865,Penn-Plax,aquatics,21.79
5384,Stump Ornatment Large,030172045783,Penn-Plax,aquatics,21.79
679,Suculate Garden,850005832522,Penn-Plax,aquatics,17.49
5357,Sunken Army Truck,015561147347,Penn-Plax,aquatics,8.79
5438,Sunken Battleship Medium,030172048302,Penn-Plax,aquatics,22.89
5444,Sunken Shipwreck Front Medium,030172014567,Penn-Plax,aquatics,43.59
5473,Sunken Treasure Ship Medium,030172048289,Penn-Plax,aquatics,38.19
5464,Sunken Treasure Ship Small,030172048272,Penn-Plax,aquatics,13.09
1393,Supergrow 100,030172041006,Penn-Plax,healthcare,20.79
5311,Swimming Sea Turtle Small,030172078439,Penn-Plax,reptiles,7.69
5390,Tan Plane Coral Scape,030172034633,Penn-Plax,aquatics,50.19
5081,The Bubbler Bottm Filter,030172391118,Penn-Plax,aquatics,6.59
5422,Tikiw/ Surfboard,030172063558,Penn-Plax,aquatics,16.39
1240,Timmy Holedigger 4oz,653373000643,Penn-Plax,accessories,21.79
1630,Travel Trainer,769397145045,Penn-Plax,accessories,22.89
5475,Treasure Chest Extra Large,030172019425,Penn-Plax,aquatics,91.59
5476,Treasure Chest Large,030172019418,Penn-Plax,aquatics,43.59
5471,Treasure Chest Small,030172019401,Penn-Plax,aquatics,16.39
5359,Trex Jurrasic Small,030172103315,Penn-Plax,aquatics,14.19
5420,Troll Bridge,030172062438,Penn-Plax,aquatics,65.39
5354,Tufa Stone Medium,030172054839,Penn-Plax,aquatics,14.19
5379,Twin Mill Hot Wheel Small Green,030172105203,Penn-Plax,aquatics,7.69
2287,Uc Combo 1 Story,030172080111,Penn-Plax,healthcare,33.79
5513,Undergravel Upgrade Kit,030172399190,Penn-Plax,aquatics,9.89
5561,Undergrvel Filter 10g,030172001901,Penn-Plax,aquatics,14.19
5361,Velociraptors Small,030172103841,Penn-Plax,aquatics,14.19
5315,Weird Waters Sign,030172045530,Penn-Plax,aquatics,5.49
5006,Wizard Algae Scrubber Pad,030172092060,Penn-Plax,aquatics,17.49
5385,Wood Decor,030172104664,Penn-Plax,aquatics,21.79
5309,Zombie Fish,030172089237,Penn-Plax,aquatics,10.89
4397,Zzzz Hammock,030172041730,Penn-Plax,smallanimal,11.99
7518,Corner Lizard Lounger Climbing & Resting Mat,030172086816,Pennplax,reptiles,32.69
7519,Reptology™ Lizard-Lounger™ Coconut Climber,030172096617,Pennplax,reptiles,28.39
1363,Perfect Coat Unscented Shamp,026851872115,Perfect Coat,healthcare,10.89
5608,Perfecto 20x18 Glass Top,030172035784,Perfecto,aquatics,34.89
5607,"Perfecto 30,34h,&45h",030172035791,Perfecto,aquatics,44.69
7692,Pet Ag Kmr Kitten Replacer Milk 6oz Powder,020279995081,Pet Ag,healthcare,23.99
7650,Pet Armor Antihistamine 25mg 100 Tablets,073091026952,Pet Armor,healthcare,11.99
2283,Chicken Roller Cat Toy,034202499959,Pet Elite,accessories,31.69
7648,Pet Honesty 10 in 1 Multivitamin 12oz,850038728847,Pet Honesty,healthcare,37.09
1465,Pet Honesty Allergy Skin Health,850005524168,Pet Honesty,healthcare,41.49
1466,Pet Honesty Allergy Support Peanut Butter 90 Chews,850005524434,Pet Honesty,healthcare,41.49
1972,Pet Honesty Digestive Probiotics Cat,850005524540,Pet Honesty,healthcare,35.99
1469,Pet Honesty Hemp Calming,850005524021,Pet Honesty,healthcare,41.49
1470,Pet Honesty Hemp Calming Max 90 Chews,850005524489,Pet Honesty,healthcare,44.69
1468,Pet Honesty Hip+joint Health 90 Chews,850005524076,Pet Honesty,healthcare,41.49
1467,Pet Honesty Hip+joint Health Max 90 Chews,850005524878,Pet Honesty,healthcare,58.89
1471,Pet Honesty Multivitamin 10in1 90 Chews,850005524069,Pet Honesty,healthcare,38.19
7696,Pet Honesty Multivitamine cat 30 Chews,850038728533,Pet Honesty,healthcare,20.79
7647,Pet Honesty Probiotics 90 Chews,850005524410,Pet Honesty,healthcare,40.39
7509,Pet House Fresh Citrus Freshening Room Spray,736902409442,Pet House,accessories,10.89
7507,Pet House Hot Cocoa Mini Candle,794604435862,Pet House,accessories,4.39
7506,Pet House Lavender Green Tea Car Freshener,731236221494,Pet House,accessories,3.29
7508,Pet House Lavender Green Tea Freshening Room Spray,736902409626,Pet House,accessories,10.89
7541,Capstar Cat 2-25lb,073091033394,Pet Iq,healthcare,64.89
7540,Capstar over 2 to 25lb 6 Tablets,073091033370,Pet Iq,healthcare,65.39
7539,Capstar over 25lb 6 tablets,073091033387,Pet Iq,healthcare,64.89
1688,Pet Mate Double Cup Large,029695231759,Pet Mate,accessories,5.49
1340,Fresh N Clean Creme Rinse,071860225865,PetAg,accessories,15.29
1338,Fresh N Clean Oat Baking Soda Conditioner,071860224721,PetAg,healthcare,15.29
1339,Fresh N clean Scented Shampoo,071860225841,PetAg,healthcare,15.29
1230,Freshnclean Cologne Spray Bbypwd,071860216023,PetAg,healthcare,18.59
1231,Freshnclean Cologne Spray Floral 12,071860215712,PetAg,healthcare,18.59
1974,Pet Ag Kmr Kitten replacer Milk Powder 12oz,020279995111,PetAg,healthcare,35.99
1976,PetAg KMR Goat's Milk Ready to Use 11oz,020279994824,PetAg,healthcare,14.19
1975,PetAg KMR Ready to Use,020279995098,PetAg,healthcare,10.89
1394,Petag Dyne 16 oz,020279205104,PetAg,healthcare,22.89
1395,Petag Dyne 32oz,020279205135,PetAg,healthcare,38.19
1454,Petag Esbilac 2nd Step Powder Milk,020279997016,PetAg,accessories,27.29
1456,Petag Esbilac Milk,020279998129,PetAg,accessories,8.79
1455,Petag Esbilac Milk Powder,020279995005,PetAg,accessories,29.49
1453,Petag Goats Milk Esbilac Milk,020279994817,PetAg,accessories,11.99
1973,Petag Kmr 2nd Step Kitten Replacer Powder 14oz,020279997047,PetAg,healthcare,21.79
1458,Petag Nurser Bottle 2oz,020279998013,PetAg,accessories,3.29
1457,Petag Nurser Bottle 4oz,020279998044,PetAg,accessories,6.59
1488,Petag Nursing Kit,020279998006,PetAg,healthcare,7.69
1724,Pm Easy Reach Dinner Extra Large,029695234798,PetAg,accessories,54.49
6187,"PetCrest 24"" Double Door",784099025105,PetCrest,dogCages,68.69
6188,"PetCrest 30"" Double Door",784099025112,PetCrest,dogCages,87.19
6189,"PetCrest 36"" Double Door",784099025129,PetCrest,dogCages,141.69
6186,"PetCrest 42"" Double Door",784099025136,PetCrest,dogCages,148.29
6180,"PetCrest 42"" Single Door",784099025044,PetCrest,dogCages,141.69
6190,"PetCrest 48"" Double Door",784099025143,PetCrest,dogCages,185.29
6181,"PetCrest 48"" Single Door",784099025051,PetCrest,dogCages,163.49
6193,"PetCrest Exercise Pen 36""",784099025327,PetCrest,dogCages,98.09
1272,Petcrest Brighten,784099029141,PetCrest,accessories,15.29
1590,Petcrest Bristle Brush,784099025969,PetCrest,healthcare,9.89
1905,Petcrest Brown Round Bed 25in,784099025457,PetCrest,beds,42.59
1591,Petcrest Combo Brush,784099025945,PetCrest,healthcare,11.99
1892,Petcrest Fleece Bed White Extra Large,026716007508,PetCrest,beds,59.99
1881,Petcrest Fleece Bolsterbed Small,026716007201,PetCrest,beds,27.29
1908,Petcrest Grey Pillow Bed,784099025426,PetCrest,beds,41.49
1907,Petcrest Grey Roud Bed 25in,784099025440,PetCrest,beds,40.39
1273,Petcrest Lucky Puppy,784099029103,PetCrest,accessories,13.09
1580,Petcrest Nail Trimmer,784099025938,PetCrest,healthcare,9.89
1592,Petcrest Pin Brush,784099025983,PetCrest,healthcare,10.89
1819,Petcrest Poop Bags,784099025655,PetCrest,accessories,3.29
2281,Petcrest Scratch Ramp,784099026720,PetCrest,accessories,35.99
2284,Petcrest Scratching Post,784099026713,PetCrest,accessories,31.69
187,Petcrest Screen Clips 5-25g,002671680592,PetCrest,reptiles,4.39
1581,Petcrest Self Cleaning Slicker Brush,784099026010,PetCrest,healthcare,19.69
1271,Petcrest Shed Control,784099029127,PetCrest,healthcare,15.29
1588,Petcrest Shedding Blade,784099026072,PetCrest,accessories,11.99
1589,Petcrest Shedding Comb,784099026126,PetCrest,healthcare,11.99
1584,Petcrest Shedding Rake,784099026058,PetCrest,healthcare,14.19
1582,Petcrest Slicker Brush Large,784099026041,PetCrest,healthcare,13.09
1583,Petcrest Slicker Brush Small,84099026034,PetCrest,healthcare,10.89
1746,Petcrest Tie Out Cable Small 10ft,026716915100,PetCrest,accessories,10.89
1734,Petcrest Tie Out Stake,026716899998,PetCrest,accessories,23.99
1270,Petcrest Two in One,784099029172,PetCrest,accessories,15.29
1924,Petpals Charcoal 4 Level Pet Stairs,818483019200,PetPals,accessories,95.99
1925,Petpals Zoso 4 Level Pet Stairs,818483018388,PetPals,accessories,108.99
1804,Carelift Rear Support Harness L,891293000828,PetSafe,accessories,50.19
1803,Carelift Rear Support Harness M,891293000811,PetSafe,accessories,45.79
2094,Comfort Walk Large Red,,PetSafe,leashesAndCollars,21.79
2096,Comfort Walk Medium Black,048081628096,PetSafe,leashesAndCollars,21.79
2095,Comfort Walk Medium Blue,048081628096,PetSafe,leashesAndCollars,20.79
2097,Comfort Walk Medium Purple,048081628096,PetSafe,leashesAndCollars,21.79
2092,Comfort Walk Small Black,,PetSafe,leashesAndCollars,21.79
2091,Comfort Walk Small Blue,842982071353,PetSafe,leashesAndCollars,21.79
2093,Comfort Walk Small Purple,,PetSafe,leashesAndCollars,21.79
2090,Comfort Walk Small Red,,PetSafe,leashesAndCollars,20.79
1926,Cozyup Folding Pet Steps,891293000279,PetSafe,accessories,79.59
1929,Petsafe Alumminum Door Extra Large,729849108622,PetSafe,accessories,185.29
2373,Petsafe Crystal Litter 8lb,729849178656,PetSafe,accessories,30.59
1928,Petsafe Plastic Pet Door Large,729849109605,PetSafe,accessories,108.99
1927,Petsafe Plastic Pet Door Small,729849109582,PetSafe,accessories,49.09
2331,Petsafe Scoopfree Crystal Tray,729849142299,PetSafe,accessories,38.19
2332,Petsafe Selfcleaning Litter Box,729849168053,PetSafe,accessories,261.59
4916,Pet House Autumn Harvest Candle,612520695248,Pethouse,Accessories,25.09
4924,Pet House Bamboo Watermint Candle,029695244780,Pethouse,accessories,21.79
4908,Pet House Citrus Car Freshener,731236221487,Pethouse,accessories,4.39
4918,Pet House Citrus Spray,039079058834,Pethouse,accessories,10.89
4921,Pet House Fresh Citrus Candle ,881314673148,Pethouse,accessories,25.09
4911,Pet House Fresh Citrus Wax Melt,736902409336,Pethouse,accessories,8.79
4923,Pet House Freshening Reed Diffuser Fresh Citrus,745860397135,Pethouse,accessories,25.09
4922,Pet House Freshening Reed Diffuser Sunwashed Cotton,745860397142,Pethouse,accessories,25.09
4929,Pet House Furever Loved Memorial,,Pethouse,accessories,25.09
4905,Pet House Lavender Car,039079058834,Pethouse,accessories,3.29
4912,Pet House Lavender Green Tea Mini Candle,731236221456,Pethouse,Accessories,4.39
4910,Pet House Lavender Green Tea Wax,736902409374,Pethouse,accessories,8.79
4919,Pet House Lavender Spray,039079058834,Pethouse,accessories,10.89
4914,Pet House Lilac Garden Candle,731236221555,Pethouse,accessories,25.09
4920,Pet House Mango Peach,,Pethouse,accessories,25.09
4915,Pet House Orange Spice Candle,745860395513,Pethouse,accessories,22.89
4928,Pet House Pear Orchid,,Pethouse,accessories,25.09
4917,Pet House Silver Birch Candle,794969447425,Pethouse,accessories,25.09
4925,Pet House Sugar Cookies Candle,612520695019,Pethouse,accessories,22.89
4930,Pet House Sunwashed Cotton Candle,881314673193,Pethouse,Accessories,25.09
4913,Pet House Sweet Cranberries Mini Candle,736902408834,Pethouse,Accessories,4.39
4927,Pet House Vanilla Sandalwood Candle,612520694883,Pethouse,Accessories,21.79
4907,Pet House Vanilla Sandalwood Car Freshener,794604435510,Pethouse,Accessories,4.39
4909,Pet House Vanilla Sandalwood Wax Melt,612520694869,Pethouse,Accessories,8.79
4895,Pet House Wax Warmer,794604435527,Pethouse,accessories,25.09
4926,Pet House Winter Fig Candle,794969446824,Pethouse,accessories,22.89
2324,Petlinks Litter Mat,786306495077,Petlinks,accessories,28.39
6011,Barn Home 25-50lb,029695251139,Petmate,dogCages,130.79
6012,Barn Home 50-90lb,029695251146,Petmate,dogCages,141.69
6010,Barn Home Extra Small,029695251184,Petmate,dogCages,98.09
9259,Barnhome  Small,029695251122,Petmate,dogCages,98.09
6017,Collapsible Crate,076484889516,Petmate,dogCages,126.49
6013,Indigo 50-90lb House,029695254154,Petmate,dogCages,261.59
1651,Petmate 1 Cup Bowl,029695230776,Petmate,accessories,3.29
2320,Petmate 15 Medium Litter Liner,029695290077,Petmate,accessories,8.79
1652,Petmate 2 Cup Bowl,029695291555,Petmate,accessories,3.29
1639,Petmate 3count Charcoal Water Filter,029695248498,Petmate,accessories,14.19
1674,Petmate 4gal Water Replenisher,029695244988,Petmate,accessories,57.79
1650,Petmate 7 Cup Bowl,029695230806,Petmate,accessories,5.49
2309,Petmate 8 Jumbo Liners,723503504157,Petmate,accessories,7.69
1700,Petmate Cafe Feeder 12lb,029695246159,Petmate,accessories,32.69
1701,Petmate Cafe Feeder 3lb,029695246258,Petmate,accessories,20.79
1699,Petmate Cafe Water 1.5 g,029695244056,Petmate,accessories,20.79
1682,Petmate Cafe Watr .25g,29695244360,Petmate,accessories,13.09
1832,Petmate Clean Resonse Rake & Pan,029695711077,Petmate,healthcare,32.69
1689,Petmate Double Cup Small,029695231742,Petmate,accessories,3.29
2310,Petmate Hiback Drwstin Liner 8,029695290411,Petmate,accessories,15.29
2311,Petmate Hibck Drwstin 12 Liner Large,029695290404,Petmate,accessories,13.09
2405,Petmate Hooded Litter Pan Jumbo,029695420917,Petmate,dogCages,50.19
2406,Petmate Hooded Litter Pan Large,029695421761,Petmate,dogCages,32.69
9260,"Petmate Indigo Dog House Taupe/Black, LG",029695259463,Petmate,dogCages,261.59
2407,Petmate Jumbo Basic Hooded,029695420917,Petmate,dogCages,43.59
2364,Petmate Jumbo Basic Open Litter Box,029695221842,Petmate,accessories,15.29
2319,Petmate Jumbo Liner 8,029695292484,Petmate,accessories,9.89
2338,Petmate Jumbo Litter Scoop,029695291128,Petmate,accessories,3.29
1730,Petmate Kennel Cup Double,029695231742,Petmate,accessories,9.89
1731,Petmate Kkennel Cup Single,029695291562,Petmate,accessories,10.89
2363,Petmate Large Basic Open Litter Box,029695221835,Petmate,accessories,10.89
2337,Petmate Large Litter Scoop,029695291111,Petmate,accessories,3.29
2362,Petmate Medium Basic Open Litter Box,029695221828,Petmate,accessories,7.69
9262,Petmate Pup Top Food Can Topper,029695268045,Petmate,accessories,3.29
1675,Petmate Replendish 2.5 Gal Water,029695244780,Petmate,accessories,54.49
1676,Petmate Replendish 4gal Water Grey,029695245381,Petmate,accessories,65.39
2348,Petmate Scoop & Stand,29695265013,Petmate,accessories,14.19
2361,Petmate Small Basic Open Litter Box,029695221811,Petmate,accessories,7.69
2409,Petmate Top Entry Litter Box,029695220623,Petmate,dogCages,47.99
1726,Petmate Travel Bowl Duo,029695235924,Petmate,accessories,25.09
7685,Petsafe Come With Me kitty Harness and Leash Red Small,759023076102,Petmate,leashesAndCollars,20.79
1679,Replendish0.5g.wtrw/Microban,029695245404,Petmate,accessories,21.79
1680,Replendish0.5gwtrw/Micro Grey,029695244865,Petmate,accessories,21.79
1705,Replendish2lbfdrw/Micrban,029695245398,Petmate,accessories,21.79
1704,Replendish5lbfdrw/Microban,029695244957,Petmate,accessories,35.99
6022,"Vari-Kennel-Kennel-Kennel-Kennel Kennel 19""",029695218590,Petmate,dogCages,38.19
6021,"Vari-Kennel-Kennel-Kennel-Kennel Kennel 24""",029695218637,Petmate,dogCages,65.39
6023,"Vari-Kennel-Kennel-Kennel-Kennel Kennel 28""",029695219474,Petmate,dogCages,108.99
6019,"Vari-Kennel-Kennel-Kennel-Kennel Kennel 32""",029695244780,Petmate,dogCages,163.49
6020,"Vari-Kennel-Kennel-Kennel-Kennel Kennel 36""",029695219498,Petmate,dogCages,174.39
6014,"Vari-Kennel-Kennel-Kennel-Kennel Kennel 40""",029695219504,Petmate,dogCages,217.99
6015,Vari-Kennel-Kennel-Kennel-Kennel Kennel Giant,029695217005,Petmate,dogCages,457.79
2609,LSU Hotdog Toy,849790119376,Pets First,toys,15.29
5858,LSU Mesh Jersey Large,,Pets First,accessories,31.69
5859,LSU Mesh Jersey Medium,,Pets First,accessories,31.69
5862,LSU Stripe Tee Large,076484513022,Pets First,dogTreats,20.79
5861,LSU Stripe Tee Medium,076484513046,Pets First,dogTreats,20.79
5860,LSU Stripe Tee Small,,Pets First,dogTreats,20.79
5857,LSU Teeshirt Small,849790155343,Pets First,accessories,21.79
2603,Large LSU Collar,849790155329,Pets First,leashesAndCollars,17.49
2606,Large LSU Leash,849790158887,Pets First,leashesAndCollars,19.69
2597,Large New Orleans Saints Saints Collar,849790152274,Pets First,leashesAndCollars,17.49
2600,Large New Orleans Saints Saints Leash,849790159266,Pets First,leashesAndCollars,18.59
2602,Medium LSU Collar,849790155336,Pets First,leashesAndCollars,17.49
2605,Medium LSU Leash,849790151666,Pets First,leashesAndCollars,19.69
2596,Medium New Orleans Saints Saints Collar,849790155817,Pets First,leashesAndCollars,17.49
2599,Medium New Orleans Saints Saints Leash,849790159273,Pets First,leashesAndCollars,18.59
5856,New Orleans Saints Hoodie Tee Large,849790159266,Pets First,accessories,25.09
5855,New Orleans Saints Hoodie Tee Medium,,Pets First,accessories,25.09
5854,New Orleans Saints Hoodie Tee Small,,Pets First,accessories,25.09
5852,New Orleans Saints Mesh Jersey Extra Large,,Pets First,accessories,37.09
5863,New Orleans Saints Mesh Jersey Extra Small,,Pets First,accessories,33.79
5864,New Orleans Saints Mesh Jersey Small,,Pets First,accessories,33.79
5853,New Orleans Saints Onesie Large,849790159266,Pets First,accessories,27.29
2608,New Orleans Saints Saints Bottle Toy,849790120303,Pets First,toys,15.29
2607,New Orleans Saints Saints Burger Toy,849790120723,Pets First,toys,15.29
2601,Small LSU Collar,849790155343,Pets First,leashesAndCollars,17.49
2604,Small LSU Leash,849790158894,Pets First,leashesAndCollars,19.69
2595,Small New Orleans Saints Saints Collar,849790039940,Pets First,leashesAndCollars,11.99
2598,Small New Orleans Saints Saints Leash,849790045798,Pets First,leashesAndCollars,16.39
7688,Petsafe Come With Me Kitty Black Medium,759023085364,Petsafe,leashesAndCollars,21.79
7983,Petsafe Come With Me Kitty Harness And Leash Black Large,10BE008428,Petsafe,accessories,20.79
7982,Petsafe Come With Me Kitty Harness And Leash Blue Large,759023076157,Petsafe,accessories,20.79
7684,Petsafe Come With Me Kitty Harness And Leash Blue Small,759023076133,Petsafe,leashesAndCollars,21.79
7686,Petsafe Come With Me kitty Harness and Leash Black Small,759023085357,Petsafe,leashesAndCollars,21.79
7687,Petsafe Come With Me kitty Harness and Leash Purple Medium,759023076171,Petsafe,leashesAndCollars,21.79
1388,Pierce's Nu-stock,856162000019,Pierce's,healthcare,38.19
1068,"Playfuls ""wailua Falls Mobile""",048081602393,Playfuls,birdSupplies,9.89
1074,Playfuls Accordian Crinkle,048081625170,Playfuls,birdSupplies,8.79
4361,Playfuls Alfalfa Carrot Crunch,048081110706,Playfuls,smallanimal,6.59
1111,Playfuls Banquet,048081624753,Playfuls,birdSupplies,25.09
1078,Playfuls Barn Dance,048081626757,Playfuls,birdSupplies,10.89
1077,Playfuls Buffet,048081609354,Playfuls,birdSupplies,9.89
1071,Playfuls Club,048081626061,Playfuls,birdSupplies,17.49
1105,Playfuls Dagwood,048081626078,Playfuls,birdSupplies,43.59
1106,Playfuls Explosion,048081623763,Playfuls,birdSupplies,38.19
4378,Playfuls Festival Chews,048081110775,Playfuls,smallanimal,6.59
1081,Playfuls Fireball,048081625033,Playfuls,birdSupplies,9.89
1090,Playfuls Flower,048081623480,Playfuls,birdSupplies,7.69
4379,Playfuls Flower Chew Sticks,048081110768,Playfuls,smallanimal,5.49
1121,Playfuls Fluff & Stuff,048081624722,Playfuls,birdSupplies,54.49
1024,"Playfuls Forage & Engage ""fireball""",048081625033,Playfuls,birdSupplies,9.89
1082,Playfuls Helicopter,048081623473,Playfuls,birdSupplies,7.69
1084,Playfuls Jellyfish,048081626719,Playfuls,birdSupplies,18.59
1102,Playfuls Krusty Crown,048081624630,Playfuls,birdSupplies,10.89
1098,Playfuls Maitai,048081621844,Playfuls,birdSupplies,13.09
1091,Playfuls Mojioto,048081625040,Playfuls,birdSupplies,8.79
1086,Playfuls Octopus,048081625644,Playfuls,birdSupplies,30.59
1069,Playfuls Over the Rainbow,048081626368,Playfuls,birdSupplies,8.79
1020,"Playfuls Phys & Mental ""sassy""",048081609514,Playfuls,birdSupplies,7.69
1021,"Playfuls Phys & Mental""Tug of War""",048081626153,Playfuls,birdSupplies,7.69
1063,"Playfuls Preen & Pacify ""mineral",48081624784,Playfuls,birdSupplies,21.79
1060,"Playfuls Preen & Pacify ""shell & Sticks""",048081625057,Playfuls,birdSupplies,5.49
1023,"Playfuls Preen & Pacify""straw Stacker""",048081626344,Playfuls,birdSupplies,9.89
1083,Playfuls Preening Wheel,048081602485,Playfuls,birdSupplies,11.99
4310,Playfuls Say Cheese,048081111123,Playfuls,smallanimal,5.49
1119,Playfuls Slice of Life,048081609583,Playfuls,birdSupplies,19.69
1058,"Playfuls Sound & Move ""blockrock""",048081602409,Playfuls,birdSupplies,16.39
1057,"Playfuls Sound & Move ""monsoon""",048081621561,Playfuls,birdSupplies,16.39
1065,"Playfuls Sound & Move ""rope & Shell Things""",048081626030,Playfuls,birdSupplies,11.99
1062,"Playfuls Sound & Move""dollar""",048081625071,Playfuls,birdSupplies,8.79
1055,"Playfuls Sound & Move""partytime""",048081625071,Playfuls,birdSupplies,9.89
1066,"Playfuls Sound & Move""spindles & Spokes",048081624838,Playfuls,birdSupplies,7.69
1056,"Playfuls Sound & Move""summer Breeze""",048081621608,Playfuls,birdSupplies,13.09
1104,Playfuls Though Puff,048081623756,Playfuls,birdSupplies,28.39
1113,Playfuls Tower,048081609606,Playfuls,birdSupplies,22.89
1076,Playfuls Volcano Flower,048081602379,Playfuls,birdSupplies,8.79
1122,Playfuls Voracious,048081624708,Playfuls,birdSupplies,41.49
1115,Playfuls Wizard,048081609620,Playfuls,birdSupplies,30.59
5769,Pondmaster 1000 Filter,,Pondmaster,aquatics,65.39
5768,Pondmaster 1250 System,,Pondmaster,aquatics,207.09
5767,Pondmaster 1700 System,797801036108,Pondmaster,aquatics,217.99
5239,PraziGuard for Dogs 6tabs,030172902642,Praziguard,accessories,20.79
4062,Pretty Pets Glider Food,716432850068,Pretty Pets,smallanimal,11.99
4063,Pretty Pets Hedgehog Food 3lb,716432830008,Pretty Pets,smallanimal,18.59
8024,Sugar Glider Dry Food 12oz,716432850068,Pretty Pets,smallanimal,11.99
1193,Assorted Keet Cage,048081980101,Prevue,birdSupplies,63.29
1189,Assorted Keet House Cage,048081416143,Prevue,birdSupplies,59.99
1186,Assorted Medium & Small Cage,048081316146,Prevue,birdSupplies,50.19
5374,Baby Shark & fam,048081626344,Prevue,accessories,9.89
5319,Bailey In Water Small,048081623992,Prevue,aquatics,8.79
998,Birdie Basics 2-sided Mirror,048081604212,Prevue,birdSupplies,4.39
997,Birdie Basics 2-sided Mirror W Bell,048081604229,Prevue,birdSupplies,5.49
1014,Birdie Basics Lantern Mirror,048081604205,Prevue,birdSupplies,4.39
972,Birdie Basics Perch Medium 3/4x15,048081003763,Prevue,birdSupplies,5.49
970,Birdie Basics Perch Sm7/16x10,048081003701,Prevue,birdSupplies,3.29
971,Birdie Basics Perch Small -Medium 7/16x16,048081003732,Prevue,birdSupplies,4.39
978,Carpenter Creations 11-rung Ladder,048081011386,Prevue,birdSupplies,15.29
974,Carpenter Creations 15-rung Ladder,048081011393,Prevue,birdSupplies,20.79
975,Carpenter Creations 6 Rung Ladder,048081011355,Prevue,birdSupplies,7.69
976,Carpenter Creations 7-rung Ladder,048081011362,Prevue,birdSupplies,8.79
977,Carpenter Creations 9 Rung Ladder,048081011379,Prevue,birdSupplies,10.89
973,Carpenter Creations Bendable Ladder,048081711408,Prevue,birdSupplies,18.59
5456,Castle Mini Blue,048081626078,Prevue,accessories,11.99
5348,Dragon Skull Gazer Large,048081604229,Prevue,accessories,23.99
7493,"E Z Roller 11""",048081900147,Prevue,smallanimal,32.69
4356,Grassy Nibbler Carrot,048081010822,Prevue,smallanimal,5.49
4364,Grassy Nibbler Squash,048081010808,Prevue,accessories,3.29
964,"Naturals 9"" Java Wood Perch",048081010402,Prevue,birdSupplies,11.99
965,"Naturals 9""coffee Wood Y-branch",048081010501,Prevue,birdSupplies,14.19
1215,Naturals Cocobed Fibers 2.5lbs,048081001080,Prevue,birdSupplies,32.69
5366,Naturals Log Medium,030172902741,Prevue,aquatics,34.89
4380,Naturals Very Peary Chew,048081110782,Prevue,smallanimal,6.59
4328,Nibbles Barnyard,048081111659,Prevue,accessories,10.89
4325,Nibbles Barnyard,048081111659,Prevue,accessories,9.89
4321,Nibbles Pet Chew Calcium,048081132043,Prevue,accessories,5.49
4341,Nibbles Small Pet Chew,048081132067,Prevue,smallanimal,4.39
955,"Pacific Perch 6"" Cosmic Crunch",048081010204,Prevue,birdSupplies,8.79
991,"Pacific Perch 7"" Beach Branch",048081010105,Prevue,birdSupplies,13.09
992,"Pacific Perch 9"" Beach Branch",048081010112,Prevue,birdSupplies,16.39
956,"Pacific Perch 9"" Cosmic Crunch",048081010228,Prevue,birdSupplies,11.99
948,"Pacific Perch Beach Walk Small 4""",048081011112,Prevue,birdSupplies,9.89
949,"Pacific Perch Beach Walk Small 5""",048081001005,Prevue,birdSupplies,10.89
969,Perch Birdie Basics Y-shaped,048081003305,Prevue,birdSupplies,4.39
1101,Playfuls Club,04808162606,Prevue,toys,18.59
1192,Prevue 18x18,048081018187,Prevue,birdSupplies,107.99
1182,Prevue Econo Keet Cage,048081220061,Prevue,birdSupplies,33.79
1191,Prevue Flight Cage,048081000618,Prevue,birdSupplies,50.19
1093,Prevue Hendrix Bodacious Bites,048081619247,Prevue,birdSupplies,22.89
1112,Prevue Hendrix Bodacious Bites Large,048081609446,Prevue,birdSupplies,43.59
4182,Prevue Hendrix Cage Platform,048081816165,Prevue,smallanimal,9.89
867,Prevue Hendrix Cage Saver,48081001097,Prevue,birdSupplies,4.39
1075,Prevue Hendrix Coconut Fiber Bundles,048081620915,Prevue,birdSupplies,6.59
4188,Prevue Hendrix Corner Litter Pan,079441004687,Prevue,smallanimal,13.09
1041,Prevue Hendrix Cozy Corner Large,048081311622,Prevue,birdSupplies,6.59
1038,Prevue Hendrix Cozy Corner Medium,048081411612,Prevue,birdSupplies,5.49
4170,Prevue Hendrix Fiesta Hideaway/Small,030172095771,Prevue,smallanimal,14.19
1089,Prevue Hendrix Finch Tiki Hut,048081011560,Prevue,accessories,10.89
1053,Prevue Hendrix Forage & Engage,048081033012,Prevue,birdSupplies,11.99
4173,Prevue Hendrix Grass Tunnel,048081010983,Prevue,smallanimal,26.19
876,Prevue Hendrix Medium Seed Catcher,48081008218,Prevue,birdSupplies,9.89
1088,Prevue Hendrix Natural Doublecoconut W Ladder,048081628188,Prevue,birdSupplies,25.09
1085,Prevue Hendrix Naturals Cocohideaway W Shells,048081628027,Prevue,birdSupplies,16.39
1079,Prevue Hendrix Naturals Crown,048081625576,Prevue,birdSupplies,7.69
1048,Prevue Hendrix Naturals Rope Ladder,048081628065,Prevue,toys,9.89
4145,Prevue Hendrix Natures Hideaway,,Prevue,smallanimal,18.59
4158,Prevue Hendrix Natures Hideaway Large,048081001097,Prevue,smallanimal,32.69
1212,Prevue Hendrix Nesting Box,048081111024,Prevue,birdSupplies,16.39
4179,Prevue Hendrix Pet Playpen,048081400906,Prevue,smallanimal,21.79
4200,Prevue Hendrix Playpen Cover Mat,048081400968,Prevue,smallanimal,25.09
4146,Prevue Hendrix Saguaro Hideaway Medium,048081110331,Prevue,smallanimal,14.19
4147,Prevue Hendrix Saguaro Hideaway Small,048081110324,Prevue,smallanimal,11.99
4172,Prevue Hendrix Small Grass Ball,048081010938,Prevue,smallanimal,5.49
4171,Prevue Hendrix Small Grass Tunnel,048081010921,Prevue,smallanimal,8.79
875,Prevue Hendrix Small Seed Catcher,048081008201,Prevue,birdSupplies,7.69
1043,Prevue Hendrix Snuggle Hut Medium,048081011645,Prevue,birdSupplies,11.99
1042,Prevue Hendrix Snuggle Huts Small,048081111635,Prevue,birdSupplies,9.89
1033,Prevue Hendrix Snuggle Sack Extra Large,048081111659,Prevue,birdSupplies,18.59
1032,Prevue Hendrix Snuggle Sack Medium,048081211687,Prevue,birdSupplies,9.89
1034,Prevue Hendrix Snuggle Sack Small,048081111673,Prevue,birdSupplies,7.69
1773,Prevue Hendrix Tie Out Trolley Set Heavy Duty,048081021248,Prevue,accessories,22.89
1760,Prevue Hendrix Tieout Chain 10' Medium Duty,048081021132,Prevue,accessories,10.89
1763,Prevue Hendrix Tieout Chain 15' Heavy Duty,048081021163,Prevue,accessories,17.49
1761,Prevue Hendrix Tieout Chain 15' Medium Duty,048081021149,Prevue,accessories,10.89
1759,Prevue Hendrix Tieout Chain 20' Heavy Duty,048081021170,Prevue,accessories,19.69
1762,Prevue Hendrix Tieout Chain 30' Heavy Duty,048081021262,Prevue,accessories,27.29
1741,"Prevue Hendrix Tieout Spiralstake 18""",048081021118,Prevue,accessories,7.69
1740,"Prevue Hendrix Tieout Spiralstake 24""",048081021125,Prevue,accessories,8.79
1045,Prevue Hendrix Wonder Walk Medium,048081628096,Prevue,birdSupplies,20.79
1054,Prevue Hendrix Wood Corner Shelf,048081033005,Prevue,birdSupplies,10.89
1195,Prevue House Style Tiel Cage,048081416150,Prevue,birdSupplies,130.79
1183,Prevue Keet Cage,048081220061,Prevue,birdSupplies,27.29
1194,Prevue Keet Cage,048081210086,Prevue,smallanimal,43.59
1187,Prevue Keet/Tiel Cage,048081816165,Prevue,birdSupplies,59.99
1188,Prevue Large Cage,048081252512,Prevue,birdSupplies,87.19
1197,Prevue Large Cage,048081500415,Prevue,smallanimal,163.49
4164,"Prevue Quiet Wheel 9 1/2""",618940313007,Prevue,smallanimal,43.59
2285,Prevue Scartching Post Grey,048081071519,Prevue,accessories,27.29
7494,Queit Roller,048081900185,Prevue,smallanimal,43.59
5426,Rock Stack,048081620915,Prevue,accessories,8.79
4392,Sleep Sack,048081990011,Prevue,accessories,13.09
6018,Spree Carrier Blue 19 in,027773019565,Prevue,dogCages,27.29
1196,Tall Flight Cage,048081426241,Prevue,birdSupplies,130.79
966,"Wacky Wood 14""",048081623954,Prevue,birdSupplies,13.09
967,"Wacky Wood 24""",048081623961,Prevue,birdSupplies,19.69
968,"Wacky Wood 36""",048081623992,Prevue,birdSupplies,23.99
1016,Wacky Wood Large Swing,048081626818,Prevue,birdSupplies,25.09
6913,Primal Beef Bone 6pk,895135000175,Primal,dogFood,21.79
6914,Primal Beef Bone Large,850334004522,Primal,dogFood,10.89
6915,Primal Beef Bone Medium,850334004515,Primal,dogFood,6.59
6916,Primal Beef Bone Small,850334004508,Primal,dogFood,4.39
6909,Primal Broth Beef,854496006325,Primal,dogFood,13.09
6911,Primal Broth Chicken,857496004032,Primal,dogFood,13.09
6910,Primal Broth Pork,076484114441,Primal,dogFood,13.09
6912,Primal Broth Turkey,854496006356,Primal,dogFood,13.09
6416,Primal Freeze Dried Beef 14oz,895135000809,Primal,dogTreats,35.99
6417,Primal Freeze Dried Beef 5.5oz,850334004317,Primal,dogTreats,15.29
6413,Primal Freeze Dried Lamb 14oz,895135000991,Primal,dogTreats,40.39
6411,Primal Freeze Dried Nuggets 14oz,895135000823,Primal,dogTreats,39.29
6412,Primal Freeze Dried Pork 14oz,895135000595,Primal,dogTreats,35.99
6414,Primal Freeze Dried Turkey & Sardine 14oz,895135000984,Primal,dogTreats,35.99
6415,Primal Freeze Dried Turkey & Sardine 5.5oz,,Primal,dogTreats,15.29
6892,Primal Frozen Beef Nuggets 3lb,850334004003,Primal,dogFood,25.09
6896,Primal Frozen Nuggets Chicken 3lb,850334004072,Primal,dogFood,25.09
6898,Primal Frozen Nuggets Lamb 3lb,850334004034,Primal,dogFood,23.99
6894,Primal Frozen Nuggets Pork 3lb,850334004263,Primal,dogFood,25.09
6895,"Primal Frozen Nuggets Turkey, Sardine 3lb",850334004379,Primal,dogFood,25.09
6897,Primal Frozen Nuggets Venison 3lb,850334004089,Primal,dogFood,42.59
6904,Primal Frozen Pronto Beef 3/4lb,850334004423,Primal,dogFood,6.59
6901,Primal Frozen Pronto Beef 4lb,850334004423,Primal,dogFood,31.69
6905,Primal Frozen Pronto Chicken 3/4lb,850334004430,Primal,dogFood,6.59
6899,Primal Frozen Pronto Chicken 4lb,850334004430,Primal,dogFood,38.19
6900,Primal Frozen Pronto Lamb 4lb,850334004454,Primal,dogFood,38.19
6902,"Primal Frozen Pronto Turkey, Sardine 4lb",850334004461,Primal,dogFood,33.79
6903,Primal Frozen Puppy Pronto 4lb,850016300973,Primal,dogFood,38.19
6893,Primal Frozen Rabbit Nuggets 3lb,850334004065,Primal,dogFood,51.29
6906,Primal Goat Milk 16oz,850334004645,Primal,dogFood,10.89
6907,Primal Goat Milk 32oz,850016300454,Primal,dogFood,17.49
6908,Primal Goat Milk Cranberry 32oz,850334004638,Primal,dogFood,17.49
6406,Primal Kibble in the Raw Beef 1.5lb,810076942988,Primal,dogFood,31.69
6407,Primal Kibble in the Raw Chicken 1.5lb,810076942995,Primal,dogFood,31.69
6408,Primal Kibble in the Raw Chicken 9lb,810076942940,Primal,dogFood,108.99
6409,Primal Kibble in the Raw Fish 1.5lb,810076943008,Primal,dogFood,33.79
6404,Primal Kibble in the Raw Puppy 1.5lb,810076943015,Primal,dogFood,31.69
6405,Primal Kibble in the Raw Puppy 9lb,810076942964,Primal,dogFood,108.99
6638,Pro Plan 7+ Beef & Rice 13oz,038100026859,Pro Plan,dogFood,3.19
6636,Pro Plan Beef & Rice 13oz,038100026736,Pro Plan,dogFood,2.99
6640,Pro Plan Beef & Salmon 13oz,038100181633,Pro Plan,dogFood,2.99
6643,Pro Plan Beef & Vegetable 13oz,038100108005,Pro Plan,dogFood,2.99
6628,Pro Plan Beef 5.5oz,038100143655,Pro Plan,dogFood,1.99
6363,Pro Plan Beef Shredded 15lb,038100101334,Pro Plan,dogFood,43.59
6364,Pro Plan Beef Shredded 35lb,038100130518,Pro Plan,dogFood,85.09
6362,Pro Plan Beef Shredded 5lb,038100101310,Pro Plan,dogFood,21.79
6668,Pro Plan Cat Chicken & Rice 16lb,038100131546,Pro Plan,catFood,56.69
6696,Pro Plan Cat Chicken 3oz,038100026965,Pro Plan,catFood,1.89
6700,Pro Plan Cat Salmon & Shrimp 3oz,070230127334,Pro Plan,catFood,1.89
6698,Pro Plan Cat Salmon 3oz,038100026972,Pro Plan,catFood,1.89
6699,Pro Plan Cat Tun & Shrimp 3oz,038100170316,Pro Plan,catFood,1.79
6697,Pro Plan Cat Tuna 3oz,038100111975,Pro Plan,catFood,1.89
6701,Pro Plan Cat Urin Beef 3oz,038100173409,Pro Plan,catFood,2.09
6704,Pro Plan Cat Urin Chicken 3oz,038100027030,Pro Plan,catFood,2.19
6702,Pro Plan Cat Urin Salmon 3oz,038100175755,Pro Plan,catFood,2.09
6637,Pro Plan Chicken & Carrot 13oz,038100153364,Pro Plan,dogFood,2.99
6634,Pro Plan Chicken & Rice 13oz,038100026743,Pro Plan,dogFood,2.99
9269,Pro Plan Chicken & Rice Small Breed Puppy 18 lb,038100132673,Pro Plan,food,53.49
9268,Pro Plan Chicken & Rice Small Breed Puppy 6 lb,038100113689,Pro Plan,food,21.79
9267,Pro Plan Chicken & Rice Toy Breed Dog 5 lb,038100135438,Pro Plan,food,29.49
6644,Pro Plan Chicken & Vegetable 13oz,038100107978,Pro Plan,dogFood,2.99
6360,Pro Plan Chicken 30/20 18lb,076484670701,Pro Plan,dogFood,53.49
6361,Pro Plan Chicken 30/20 37.5lb,076484670732,Pro Plan,dogFood,81.79
6365,Pro Plan Chicken Shredded 15lb,038100101679,Pro Plan,dogFood,42.59
6366,Pro Plan Chicken Shredded 35lb,038100130594,Pro Plan,dogFood,85.09
6359,Pro Plan Chicken Shredded 6lb,038100130549,Pro Plan,dogFood,26.19
9264,Pro Plan Complete Essentials Shredded Blend Salmon & Rice Dog 5 lb,038100160515,Pro Plan,food,20.79
6695,Pro Plan Kitten Chicken 3oz,038100026903,Pro Plan,catFood,2.09
6641,Pro Plan Lamb & Vegetable 13oz,038100026750,Pro Plan,dogFood,2.99
6387,Pro Plan Lamb Puppy 34lb,038100132741,Pro Plan,dogFood,81.79
6385,Pro Plan Lamb Puppy 6lb,038100113672,Pro Plan,dogFood,22.89
6368,Pro Plan Lamb Shredded 15lb,038100101389,Pro Plan,dogFood,43.59
6369,Pro Plan Lamb Shredded 35lb,038100130631,Pro Plan,dogFood,81.79
6367,Pro Plan Lamb Shredded 5lb,038100101365,Pro Plan,dogFood,20.79
6633,Pro Plan Large Breed 13oz,038100026781,Pro Plan,dogFood,3.19
6375,Pro Plan Large Breed 18lb,038100132529,Pro Plan,dogFood,54.49
6376,Pro Plan Large Breed 34lb,038100132536,Pro Plan,dogFood,83.99
6632,Pro Plan Large Breed Beef 13oz,038100026774,Pro Plan,dogFood,3.19
6377,Pro Plan Large Breed Puppy 18lb,038100132642,Pro Plan,dogFood,52.39
6378,Pro Plan Large Breed Puppy 34lb,038100132635,Pro Plan,dogFood,86.19
6527,Pro Plan Large Breed Salmon 34lb,038100100993,Pro Plan,dogFood,108.99
6666,Pro Plan Live Clear 5.5lb,037424191366,Pro Plan,dogFood,45.79
9272,Pro Plan Live Clear Allergen Reducing Turkey & Rice Indoor Cat  5.5 lb,038100191366,Pro Plan,food,45.79
6630,Pro Plan Puppy 13oz,038100026712,Pro Plan,dogFood,2.99
6383,Pro Plan Puppy 18lb,038100132673,Pro Plan,dogFood,53.49
6384,Pro Plan Puppy 34lb,038100132703,Pro Plan,dogFood,89.39
6629,Pro Plan Puppy 5.5oz,038100139412,Pro Plan,dogFood,2.09
6382,Pro Plan Puppy 6lb,038100113627,Pro Plan,dogFood,22.89
6631,Pro Plan Puppy Turkey 13oz,038100181787,Pro Plan,dogFood,2.99
6635,Pro Plan Sensitive 13oz,038100196156,Pro Plan,dogFood,3.59
6353,Pro Plan Sensitive Lamb 24lb,038100175670,Pro Plan,dogFood,89.39
6352,Pro Plan Sensitive Lamb 4lb,076484067563,Pro Plan,dogFood,28.39
6526,Pro Plan Sensitive Large Breed Puppy Salmon 24lb,038100190550,Pro Plan,dogFood,83.99
6347,Pro Plan Sensitive Puppy Salmon 15lb,038100187642,Pro Plan,dogFood,54.49
6350,Pro Plan Sensitive Salmon 16lb,038100175458,Pro Plan,dogFood,54.49
6351,Pro Plan Sensitive Salmon 30lb,038100175526,Pro Plan,dogFood,89.39
6349,Pro Plan Sensitive Salmon 4lb,038100100757,Pro Plan,dogFood,28.39
9263,Pro Plan Sensitive Skin & Stomach Lamb & Oatmeal Dog  4 lb,038100175649,Pro Plan,food,28.39
6348,Pro Plan Sensitive Small Breed Salmon 15lb,038100177032,Pro Plan,dogFood,54.49
6528,Pro Plan Sensitive Turkey 16lb,038100189745,Pro Plan,dogFood,53.49
6380,Pro Plan Shredded Puppy 18lb,038100142887,Pro Plan,dogFood,53.49
6381,Pro Plan Shredded Puppy 34lb,038100142894,Pro Plan,dogFood,89.39
6379,Pro Plan Shredded Puppy 6lb,038100142900,Pro Plan,dogFood,22.89
6529,Pro Plan Shredded Salmon 15lb,038100101297,Pro Plan,dogFood,42.59
6373,Pro Plan Small Breed 18lb,038100131928,Pro Plan,dogFood,54.49
6372,Pro Plan Small Breed Chicken 6lb,038100131904,Pro Plan,dogFood,28.39
6371,Pro Plan Small Breed Chicken Shredded 18lb,038100160508,Pro Plan,dogFood,53.49
6370,Pro Plan Small Breed Chicken Shredded 6lb,038100160478,Pro Plan,dogFood,29.49
6343,Pro Plan Small Breed Sensitive Salmon 4lb,038100100801,Pro Plan,dogFood,28.39
9266,Pro Plan Specialized Beef & Rice Small Breed Dog 18 lb,038100190697,Pro Plan,food,53.49
6374,Pro Plan Toy 5lb,038100135438,Pro Plan,dogFood,29.49
6388,Pro Plan Toy Puppy 5lb,038100135407,Pro Plan,dogFood,28.39
6639,Pro Plan Turkey & Sweet Potato 13oz,038100153388,Pro Plan,dogFood,2.99
6642,Pro Plan Turkey & Vegetable 13oz,038100026767,Pro Plan,dogFood,2.99
6354,Pro Plan Weight Management  Shredded 6lb,038100140272,Pro Plan,dogFood,29.49
6357,Pro Plan Weight Management 18lb,038100131867,Pro Plan,dogFood,54.49
6358,Pro Plan Weight Management 34lb,038100131874,Pro Plan,dogFood,83.99
6355,Pro Plan Weight Management Shredded 18lb,038100140241,Pro Plan,dogFood,53.49
6356,Pro Plan Weight Management Shredded 34lb,038100140265,Pro Plan,dogFood,86.19
9241,Pro Plan Weight Management Turkey & Rice Morsels in Gravy Dog 13oz,038100026873,Pro Plan,food,3.09
9265,Pro Plan Complete Essentials Shredded Blend Salmon & Rice Dog 33 lb,038100160546,Pro P{lan,food,81.79
1235,Aromacare Calmin Lavender,042955009554,Professional Pet Products,accessories,11.99
1236,Aromacare Chamomile,042955009752,Professional Pet Products,accessories,11.99
6937,Puppy Cup Bacon 13oz,860008024114,Puppy-peroni,accessories,13.09
4674,Puppy-peroni,079100510214,Puppy-peroni,dogTreats,7.69
6314,Pure Vita Chicken & Brown Rice 5lb,073893170020,Pure Vita,dogFood,18.59
6320,Pure Vita Grain Free Beef 25lb,073893181002,Pure Vita,dogFood,86.19
6319,Pure Vita Grain Free Frozen Beef 4lb,073893181118,Pure Vita,dogFood,25.09
6312,Pure Vita Grain Free Frozen Salmon & Pea 12lb,073893177036,Pure Vita,dogFood,52.39
6311,Pure Vita Grain Free Frozen Salmon & Pea 5lb,073893177029,Pure Vita,dogFood,23.99
6313,Pure Vita Grain Free Salmon & Pea 25lb,073893177005,Pure Vita,dogFood,76.29
6318,Pure Vita Grain Free Turkey 25lb,073893173045,Pure Vita,dogFood,71.99
6315,Pure Vita Small Bite Grain Free Turkey 4lb,073893175117,Pure Vita,dogFood,23.99
6317,Pure Vita Turkey Grain Free 12lb,073893175032,Pure Vita,dogFood,47.99
6316,Pure Vita Turkey Grain Free 4lb,073893173045,Pure Vita,dogFood,20.79
8003,Pure Water Gravel White 5lb,029904700151,Pure Water Pebbles,aquatics,6.59
7999,Pure Water Pebbles Aquarium Gravel Orange 5lb,029904702759,Pure Water Pebbles,aquatics,6.59
7994,Pure Water Pebbles Aquarium Gravel Pink 5lb,029904702858,Pure Water Pebbles,aquatics,6.59
8007,Pure Water Pebbles Premium Fresh Water Coated Aquarium Gravel Blue Lagoon 5lb,,Pure Water Pebbles,aquatics,6.59
5135,Purewatr Pebbles Liberty 25 lb,015561226103,Pure Water Pebbles,aquatics,26.19
2108,Purebites Cat Freeze Shrimp,878968002868,PureBites,catTreats,9.89
2107,Purebites Cat Freeze Tuna,878968001397,PureBites,catTreats,9.89
4707,Beggin Bacon & Cheese,,Purina,dogTreats,6.59
4675,Beggin Strips,038100533036,Purina,dogTreats,6.59
6675,Cat Chow 15lb,017800184953,Purina,catFood,33.79
6664,Cat Chow 3.15lb,017800150149,Purina,catFood,9.89
6674,Cat Chow Indoor 15lb,017800184991,Purina,catFood,31.69
6663,Cat Chow Indoor 3.15lb,017800150187,Purina,catFood,9.89
6673,Kitten Chow 14lb,017800106252,Purina,catFood,32.69
6665,Kitten Chow 3.15lb,017800150200,Purina,catFood,9.89
6703,Pro Plan Cat Urinary Tract Health Turkey 3oz,038100173379,Purina,catFood,2.09
6386,Pro Plan Lamb Puppy 18lb,038100132765,Purina,dogFood,52.39
2354,Tidycat Breeze Litter Box,070230127334,Purina,accessories,80.69
2355,Tidycat Breeze Litter Pellets,070230127211,Purina,accessories,19.69
2353,Tidycat Breeze Pads,070230158376,Purina,accessories,27.29
2368,Tidycats 24/7 Preformance Lit 20,070230107206,Purina,accessories,10.89
2389,Tidycats Tidy Feet Litter,070230100412,Purina,accessories,28.39
7039,Python Squeeze,094036013196,Python,accessories,21.79
1888,"Quiet Time Bed Blue 36""",027773007289,Quiet Time,beds,59.99
1887,"Quiet Time Bed Pink 30""",027773007197,Quiet Time,beds,43.59
1886,"Quiet Time Bed Pink 36""",027773007203,Quiet Time,beds,59.99
1885,Quiet Time Bolster Bed Small Grey,027773027850,Quiet Time,beds,26.19
1883,Quiet Time Bolster Bed Small White,027773004875,Quiet Time,beds,18.59
1889,Quiet Time Bolsterd Bed Medium White,027773004882,Quiet Time,beds,38.19
1893,Quiet Time Extra Large Black Bed,027773005377,Quiet Time,beds,75.29
1891,Quiet Time Extra Large Brown Bed,027773005117,Quiet Time,beds,75.29
1890,Quiet Time Large Brown Bed,027773005100,Quiet Time,beds,56.69
1894,Quiet Time Large White Bed,027773004905,Quiet Time,beds,58.89
1877,"Quiet Time Pet Bed Blue 18""",027773008293,Quiet Time,beds,22.89
1878,"Quiet Time Pet Bed Pink 18""",027773008279,Quiet Time,beds,21.79
1879,"Quiet Time Reverseible Bed 18""",027773009450,Quiet Time,beds,17.49
1884,"Quiet Time Reversible Bed 24""",027773009474,Quiet Time,beds,28.39
1898,Quiettime Black Extra Small Bed,027773005322,Quiet Time,beds,23.99
1904,Quiettime Black Large Bed,027773005360,Quiet Time,beds,56.69
1903,Quiettime Black Medium Bed,027773005346,Quiet Time,beds,44.69
1897,Quiettime Black Toy Bed,027773008262,Quiet Time,beds,20.79
1882,Quiettime Bolser Bed Extra Small,027773027843,Quiet Time,beds,19.69
1900,Quiettime Brown Extra Small Bed,027773005063,Quiet Time,beds,23.99
1902,Quiettime Brown Medium Bed,027773005087,Quiet Time,beds,44.69
1901,Quiettime Brown Small Bed,027773005070,Quiet Time,beds,31.69
1899,Quiettime Brown Toy Bed,027773008255,Quiet Time,beds,20.79
1917,Quiettime Cuddle Bed Blue Medium,027773019152,Quiet Time,beds,46.89
1919,Quiettime Cuddle Bed Blue Small,027773019145,Quiet Time,beds,38.19
1918,Quiettime Cuddle Bed Grey Medium,027773019176,Quiet Time,beds,54.49
1920,Quiettime Cuddle Bed Grey Small,027773019169,Quiet Time,beds,43.59
1895,Quiettime Extra Large White Bed,027773004912,Quiet Time,beds,67.59
1880,"Quiettime Reverseible Bed 22""",027773009467,Quiet Time,beds,22.89
1142,Quiko Classic Egg Food,087535360687,Quiko,birdSupplies,14.19
1141,Quiko Red Egg Food,87535360694,Quiko,birdSupplies,14.19
1387,Ranch Remedy Topical First Aid,860002290423,Ranch Remedy,healthcare,32.69
2735,"Rascal6.5"" Purple Rhino",076484830860,Rascals,toys,11.99
2707,"Rascals 13"" Pig",076484830907,Rascals,toys,21.79
2699,"Rascals 15"" Rooster",076484830532,Rascals,toys,14.19
2679,"Rascals 2.5"" Ball",076484830341,Rascals,toys,10.89
2704,"Rascals 2.75"" Pig",076484830105,Rascals,toys,5.49
2706,"Rascals 3"" Ball",076484825149,Rascals,toys,5.49
2687,"Rascals 3"" Crab",076484830693,Rascals,toys,6.59
2672,"Rascals 3"" Frog",076484830150,Rascals,toys,5.49
2675,"Rascals 3"" Hamburger",076484830228,Rascals,toys,8.79
2724,"Rascals 3"" Hdghog",076484830280,Rascals,toys,8.79
2673,"Rascals 3"" Soccer Ball",076484831676,Rascals,toys,6.59
2701,"Rascals 3.5"" Fish",076484830426,Rascals,toys,6.59
2711,"Rascals 4"" Basketball",076484830341,Rascals,toys,5.49
2678,"Rascals 4"" Football",076484827709,Rascals,toys,5.49
2671,"Rascals 4"" Porkchop",076484093913,Rascals,toys,4.39
2668,"Rascals 5"" Bone",076484837302,Rascals,toys,6.59
2737,"Rascals 5"" Foot",076484827709,Rascals,toys,5.49
2681,"Rascals 5.5"" Frkfurtr",076484093906,Rascals,toys,4.39
2677,"Rascals 5.5"" Sball Db",076484830662,Rascals,toys,7.69
2674,"Rascals 6"" Monkey",076484837111,Rascals,toys,8.79
2682,"Rascals 6.25"" Pig",076484830518,Rascals,toys,10.89
2670,"Rascals 6.5"" Paper",076484093920,Rascals,toys,5.49
2739,"Rascals 6.5"" Toy Grunt Elephant",076484830891,Rascals,toys,16.39
2733,"Rascals 7"" Grunt Gator",076484830846,Rascals,toys,10.89
2669,Rascals Jumbo Burger,076484093999,Rascals,toys,7.69
2710,Rascals Latex Cow,076484830358,Rascals,toys,5.49
2667,Rascals Sheep Toy,076484837029,Rascals,toys,16.39
12,4 Pound Land Recipe,785184120071,RedBarn,dogFood,18.19
6523,Red Barn Beef Stew 12oz,,RedBarn,dogFood,4.09
6525,Red Barn Chicken Stew 12oz,785184105160,RedBarn,dogFood,4.09
6522,Red Barn Lamb Stew 12oz,785184105160,RedBarn,dogFood,4.09
6524,Red Barn Turkey Stew 12oz,785184105092,RedBarn,dogFood,4.09
6521,Red Barn White Fish Stew 12oz,785184105177,RedBarn,dogFood,4.09
6258,RedBarn Land Grain Free 22lb,785184120125,RedBarn,dogTreats,70.89
6257,RedBarn Land Grain Free 4lb,785184120040,RedBarn,dogTreats,26.19
6255,RedBarn Land Whole Grain 4lb,785184120071,RedBarn,dogTreats,20.79
6256,RedBarn Land With Whole Grain Grain 22lb,785184120156,RedBarn,dogTreats,70.89
6263,RedBarn Large Breed Grain Free 15lb,785184125038,RedBarn,dogTreats,52.39
6267,RedBarn Large Breed Grain Free Frozen 22lb,785184125045,RedBarn,dogTreats,85.09
6249,RedBarn Large Breed Puppy Grain Free 22lb,785184125007,RedBarn,dogTreats,68.69
6265,RedBarn Large Breed With Grain 15lb,785184125090,RedBarn,dogTreats,50.19
6266,RedBarn Large Breed With Grain 22lb,785184126004,RedBarn,dogTreats,85.09
6260,RedBarn Ocean Grain Free  22lb,785184120149,RedBarn,dogTreats,66.49
6259,RedBarn Ocean Whole Grain 4lb,785184120095,RedBarn,dogTreats,21.79
6261,RedBarn Ocean With Whole Grain 22lb,785184120170,RedBarn,dogTreats,73.09
6264,RedBarn Puppy Grain Free 4lb,785184125014,RedBarn,dogTreats,26.19
6254,RedBarn Puppy With Grain 22lb,785184125076,RedBarn,dogTreats,67.59
6262,RedBarn Puppy With Grain 4lb,785184125014,RedBarn,dogTreats,21.79
6253,RedBarn Sky Grain Free 22lb,785184120132,RedBarn,dogTreats,59.99
6252,RedBarn Sky Grain Free 4lb,785184120057,RedBarn,dogTreats,21.79
6251,RedBarn Sky With Grain 22lb,785184120163,RedBarn,dogTreats,46.89
6250,RedBarn Sky With Grain 4lb,785184120088,RedBarn,dogTreats,19.69
4466,Redbarn 12in Bully Stick,785184000403,RedBarn,dogTreats,18.59
4496,Redbarn 5in Bully Braid,009119771013,RedBarn,dogTreats,9.89
4474,Redbarn 5in Bully Stick,768303704239,RedBarn,dogTreats,6.59
4497,Redbarn 7in Bully Braid Odor Free,785184000427,RedBarn,dogTreats,16.39
4495,Redbarn 7in Bully Stick,009119771301,RedBarn,dogTreats,8.79
4494,Redbarn 7in Bully Stick Odor Free,785184000380,RedBarn,dogTreats,10.89
4465,Redbarn 9in Bully Stick,785184209004,RedBarn,dogTreats,10.89
4430,Redbarn Bargain Bag,785184300015,RedBarn,dogTreats,28.39
4463,Redbarn Bully Barbell,785184250129,RedBarn,dogTreats,7.69
4470,Redbarn Bully Ring,097612400724,RedBarn,dogTreats,19.69
4428,Redbarn Bully Slices Bbq,785184002506,RedBarn,dogTreats,17.49
4425,Redbarn Bully Slices Frnch Toast,785184255162,RedBarn,dogTreats,17.49
4427,Redbarn Bully Slices Original,785184255001,RedBarn,dogTreats,17.49
4426,Redbarn Bully Slices Peanut Butter Flavor,785184255148,RedBarn,dogTreats,16.39
4424,Redbarn Bully Slices Vanilla,785184255155,RedBarn,dogTreats,17.49
4433,Redbarn Chewabulls Brush Medium,785184262504,RedBarn,dogTreats,15.29
4434,Redbarn Chewabulls Brush Small,785184011393,RedBarn,dogTreats,18.59
4435,Redbarn Chewabulls Hydrant Medium,785184011317,RedBarn,dogTreats,18.59
4436,Redbarn Chewabulls Hydrant Small,785184011300,RedBarn,dogTreats,18.59
4431,Redbarn Choppers,015561225632,RedBarn,dogTreats,17.49
4471,Redbarn Collagen Ring,785184262061,RedBarn,dogTreats,6.59
4429,Redbarn Collagen Slices Original,785184926499,RedBarn,dogTreats,25.09
4526,Redbarn Collagen Slims,785184926536,RedBarn,dogTreats,31.69
4527,Redbarn Collagen Sticks,785184926208,RedBarn,dogTreats,18.59
4453,Redbarn Duo Large Fill Bone Pbj,096316700574,RedBarn,dogTreats,11.99
4511,Redbarn Extra Large Collagen Stick,785184926215,RedBarn,dogTreats,14.19
4506,Redbarn Extra Large Ham Bone,785184404003,RedBarn,dogTreats,6.59
4457,Redbarn Fill Hoof Beef,785184506431,RedBarn,dogTreats,5.49
4458,Redbarn Fill Hoof Peanut Butter,785184506455,RedBarn,dogTreats,6.59
4455,Redbarn Filled Hoof Chee & Bacon,785184506448,RedBarn,dogTreats,6.59
4460,Redbarn Fillmunch Retrieve Chicken,785184602034,RedBarn,dogTreats,5.49
4459,Redbarn Fillmunch Retrieve Peanut Butter,785184403037,RedBarn,dogTreats,5.49
4461,Redbarn Fillrolled Rawhide Peanut Butter,785184601037,RedBarn,dogTreats,5.49
4484,Redbarn Glaze Beef Cheek Roll,785184250631,RedBarn,dogTreats,15.29
4485,Redbarn Glaze Cheek Roll Beef Peanut Butter,785184250631,RedBarn,dogTreats,14.19
4508,Redbarn Knee Caps,785184450055,RedBarn,dogTreats,5.49
4469,Redbarn Large 1/2 Deer Antler,097612400656,RedBarn,dogTreats,14.19
4487,Redbarn Large Beef Tendon,785184309001,RedBarn,dogTreats,7.69
4464,Redbarn Large Blywrp Collagen Stick,785184262016,RedBarn,dogTreats,9.89
4488,Redbarn Large Collagen Stick,785184262016,RedBarn,dogTreats,7.69
4490,Redbarn Large Collwrap Esophgus,785184262313,RedBarn,dogTreats,8.79
4452,Redbarn Large Fill Bn Peanut Butter,785184406038,RedBarn,dogTreats,11.99
4444,Redbarn Large Fill Bone Bbq,784369933574,RedBarn,dogTreats,14.19
4443,Redbarn Large Fill Bone Beef,785184406007,RedBarn,dogTreats,11.99
4454,Redbarn Large Fill Bone Lamb,785184404003,RedBarn,dogTreats,11.99
4509,Redbarn Large Meaty Bone,785184426005,RedBarn,dogTreats,7.69
4510,Redbarn Meaty Knuckle Bone,785184420010,RedBarn,dogTreats,9.89
4473,Redbarn Medium Beef Jerky,785184306000,RedBarn,dogTreats,1.49
4492,Redbarn Medium Blly Wrap Collagen,785184262337,RedBarn,dogTreats,5.49
4472,Redbarn Medium Pork Pizzle Braid,785184504475,RedBarn,dogTreats,4.39
4507,Redbarn Pig Snout,785184504499,RedBarn,dogTreats,4.39
4432,Redbarn Porky Slices,785184505014,RedBarn,dogTreats,32.69
4489,Redbarn Puff Collagen Braid,785184262054,RedBarn,dogTreats,5.49
4491,Redbarn Puffed Collagen Spring,785184262085,RedBarn,dogTreats,5.49
4462,Redbarn Roofle Maple,785184608050,RedBarn,dogTreats,3.29
4450,Redbarn Small Bn Chicken,785184403044,RedBarn,dogTreats,7.69
4493,Redbarn Small Collagen Stick,,RedBarn,dogTreats,4.39
4447,Redbarn Small Fill Bone Bbq,,RedBarn,dogTreats,8.79
4449,Redbarn Small Fill Bone Beef,785184403006,RedBarn,dogTreats,7.69
4446,Redbarn Small Fill Bone Chee & Bacon,785184403044,RedBarn,dogTreats,7.69
4448,Redbarn Small Fill Bone Peanut Butter,785184403037,RedBarn,dogTreats,7.69
4451,Redbarn Small White Bn,785184433003,RedBarn,dogTreats,5.49
4467,Redbarn Small/Medium 1/2 Elk Antler,785184200094,RedBarn,dogTreats,11.99
4468,Redbarn Small/Medium Deer Antler,097612400809,RedBarn,dogTreats,13.09
4486,Redbarn Smmd Beef Cheek Rl Chicken,,RedBarn,dogTreats,9.89
7829,"Nothin' to Hide 5"" Small Roll Peanut Butter 2pk",810002631672,Redbarn,treats,9.89
7827,Redbarn Beef Cheek Roll Chicken & Carrot,785184255490,Redbarn,treats,9.89
7824,Redbarn Filled Hoof Cheese & Bcon,785184506448,Redbarn,treats,6.59
7828,Redbarn Large Beef Cheek Roll Chicken & Carrot ,785184255506,Redbarn,treats,15.29
7822,Redbarn Large Bully Wrapped Collagen Stick,785184262344,Redbarn,dogTreats,9.89
7825,Redbarn Large Filled Bone Cheese & Bacon,785184406045,Redbarn,treats,11.99
7826,Redbarn Medium Collagen Wrapped Esophagus,785184262504,Redbarn,treats,5.49
7823,Redbarn Small Fill Bone Chicken,785184403068,Redbarn,treats,7.69
112,Rep-Cal Research Labs Growth Formula Juvenile Bearded Dragon Dry Food 6oz,788286008124,Rep-Cal,reptiles,8.79
104,Rep-Cal Research Labs Growth Formula Juvenile Iguana Dry Food 6oz,788286004010,Rep-Cal,reptiles,8.79
105,Rep-Cal Research Labs Maintenance Formula Adult Iguana Dry Food 2lb,788286004058,Rep-Cal,reptiles,22.89
7589, Rep-Cal Research Labs Maintenance Formula Adult Bearded Dragon Dry Food 4oz,788286008148,Rep-cal,reptiles,7.69
1702,Replendish 1g.wtrw/Microban,029695244940,Replendish,accessories,32.69
1703,Replendish 1gwtrwmicro Grey,029695244926,Replendish,accessories,32.69
1681,Replendish Steel Small Water 1g,029695243455,Replendish,accessories,43.59
7383,"ReptiFauna Assorted Cryptanthus - Tropical 2"" Pot",,ReptiFauna,reptiles,5.49
7385,"ReptiFauna Hope Peperomia - Tropical 2"" Pot",738933103015,ReptiFauna,reptiles,7.69
7384,"ReptiFauna Pink Fittonia - Tropical 2"" Pot",073893002314,ReptiFauna,reptiles,7.69
396,Reptile System T5 Zone 1 24w 2.4%,3443981170039,Reptile Systems,reptiles,43.59
386,"Reptile System T5 Zone 1 Unit 24w 23""",3443981210230,Reptile Systems,reptiles,108.99
394,"Reptile System T5 Zone 2 24w 6""",3443981170039,Reptile Systems,reptiles,43.59
390,Reptile System T5 Zone 3 12% 39w,3443981170077,Reptile Systems,reptiles,40.39
393,Reptile System T5 Zone 3 24w 12%,3443981170060,Reptile Systems,reptiles,38.19
384,"Reptile System T5 Zone 3 Unit 39w 35""",3443981210285,Reptile Systems,reptiles,108.99
571,Reptile Climber Vines with Leaves 5',030172060274,Reptology,reptiles,33.79
545,Repto Green Hanging Vines 12',030172087493,Reptology,reptiles,7.69
544,Repto Green Hanging Vines 24',030172087523,Reptology,reptiles,16.39
541,"Repto Orange Hanging Vines 12""",030172087509,Reptology,reptiles,10.89
543,Repto Pink Hanging Vines 12',030172087516,Reptology,reptiles,9.89
542,"Repto Pink Hanging Vines 24""",030172094781,Reptology,reptiles,28.39
495,Repto Treat Turtle,46798162537,Reptology,reptiles,6.59
655,Reptology Basking Arch,030172102141,Reptology,reptiles,34.89
520,Reptology Biothane Sponge 70 Replace,30172060830,Reptology,reptiles,9.89
518,Reptology Carbon Cartridge 175,0172060861,Reptology,reptiles,9.89
537,Reptology Climber Vines W Leaves,030172060267,Reptology,reptiles,18.59
615,Reptology Combo Meters,030172060335,Reptology,reptiles,14.19
627,Reptology Crocodile Skill,030172077395,Reptology,reptiles,27.29
609,Reptology Digtial Thermo,030172060366,Reptology,reptiles,3.29
472,Reptology Feeder Dish Large,030172071973,Reptology,reptiles,17.49
471,Reptology Feeder Dish Small,030172071966,Reptology,reptiles,9.89
521,Reptology Filter Cartridge 70,030172060847,Reptology,reptiles,6.59
642,Reptology Granite Stone Hideaway Extra Large,30172079887,Reptology,reptiles,32.69
641,Reptology Granite Stone Hideaway Large,30172079887,Reptology,reptiles,25.09
675,Reptology Lava Rock Plant,30172098192,Reptology,reptiles,15.29
624,Reptology Ledge and Cave Hideout,030172041693,Reptology,reptiles,26.19
657,Reptology Ledge and Cave Hideout Extra Large,30172101786,Reptology,reptiles,70.89
625,Reptology Ledge and Cave Hideout Small,30172041686,Reptology,reptiles,21.79
540,"Reptology Orange Hanging Vines 24""",030172087509,Reptology,reptiles,14.19
656,Reptology Rock Scape,030172101922,Reptology,reptiles,50.19
184,Reptology Substrate Scoop,003017210538,Reptology,reptiles,5.49
614,Reptology Thermo,030172060359,Reptology,reptiles,5.49
526,Reptology Turtle Platform,030172077340,Reptology,reptiles,31.69
1721,Retro Extra Small Pink Bowl,842982071308,Retro,accessories,6.59
1715,Retro Large Blue Bowl,842982071377,Retro,accessories,16.39
1722,Retro Large Pink Bowl,842982071339,Retro,accessories,16.39
1714,Retro Medium Blue Bowl,842982071360,Retro,accessories,10.89
1713,Retro Small Blue Bowl,842982071353,Retro,accessories,7.69
4099,Round Lake Farm Adult Guinea Pig 4lb,,Round Lake Farm,smallanimal,17.49
4098,Round Lake Farm Young Guinea Pig 4lb,,Round Lake Farm,smallanimal,17.49
4123,Round Lake Farm Young Rabbit 4lb,,Round Lake Farm,smallanimal,16.39
4032,Round Lake Timothy Hay 18oz,850032686099,Round Lake Farm,smallanimal,9.89
4031,Round Lake Timothy Hay 48 oz,97612009361,Round Lake Farm,smallanimal,19.69
4022,Round Lake Timothy Hay 90oz,850032686174,Round Lake Farm,smallanimal,31.69
6556,Royal Canin 5.2oz,030111420152,Royal Canin,dogFood,3.59
6558,Royal Canin Adult 13.5oz,030111420657,Royal Canin,dogFood,5.29
9234,Royal Canin Breed Health Nutrition German Shepherd Adult 30lb,030111520807,Royal Canin,food,110.09
9235,Royal Canin Breed Health Nutrition Labrador Retriever Adult Dry Dog Food 30 lb,030111416735,Royal Canin,food,110.09
6009,Royal Canin Chihuahua 10lb,030111511812,Royal Canin,dogFood,74.19
6852,Royal Canin Kitten 3oz,030111410184,Royal Canin,catFood,3.09
6853,Royal Canin Mother & Babycat 3oz,030111442192,Royal Canin,catFood,3.09
6854,Royal Canin Mother & Babycat 5.1oz,030111425256,Royal Canin,catFood,4.19
6006,Royal Canin Poodle,030111450913,Royal Canin,dogFood,74.19
6557,Royal Canin Puppy 13.5oz,030111420558,Royal Canin,dogFood,5.39
9236,Royal Canin Size Health Nutrition Small Adult Dry Dog Food 14 lb,030111512512,Royal Canin,food,71.99
6005,Royal Canin Small Adult Adult Adult Adult 14lb,030111512512,Royal Canin,dogFood,71.99
6004,Royal Canin Small Adult Adult Adult Adult 4lb,030111125552,Royal Canin,dogFood,37.09
6555,Royal Canin Starter Mother & Babydog 5.1oz,030111425256,Royal Canin,dogFood,4.09
6007,Royal Canin Yorkshire Terrier 10lb,030111451415,Royal Canin,dogFood,74.19
6008,Royal Canin Yorkshire Terrier 2.5lb,030111451422,Royal Canin,dogFood,33.79
2812,Multipet Swinging Safari,784369223705,Safari,toys,17.49
1532,Safari Bristle Brush Large,076484512971,Safari,healthcare,9.89
1939,Safari Cat Bristle Brush,076484513695,Safari,healthcare,10.89
1937,Safari Cat Nail Trimmer,076484611407,Safari,healthcare,10.89
1950,Safari Cat Shedding Blade,076484513022,Safari,accessories,14.19
1946,Safari Cat Soft Slicker,076484510687,Safari,healthcare,14.19
1941,Safari Cat Soft Tip Massager Brush,076484512056,Safari,healthcare,10.19
1542,Safari Comb Large,076484005565,Safari,healthcare,13.09
1543,Safari Comb Small,076484005589,Safari,healthcare,13.09
1531,Safari Combo Brush Large,076484512995,Safari,healthcare,18.59
1530,Safari Combo Brush Small & Medium,076484512988,Safari,healthcare,18.29
1545,Safari Comfort Grip Curry Brush,076484004216,Safari,healthcare,9.89
1523,Safari Curved Firm Slicker Large,076484946608,Safari,healthcare,18.69
1524,Safari Curved Firm Slicker Small,076484946202,Safari,healthcare,9.89
1516,Safari De-matting Comb,076484513046,Safari,healthcare,16.39
1511,Safari Double Row Rake,076484612206,Safari,healthcare,17.49
1510,Safari Double Row Rake Rotating Pins,076484961922,Safari,healthcare,21.79
1546,Safari Double Sided Flea Comb,076484617027,Safari,healthcare,3.29
1940,Safari Flea Comb,076484510267,Safari,healthcare,9.89
1548,Safari Flea Comb Long Hair,076484577178,Safari,healthcare,7.69
1547,Safari Flea Comb Short/Medium Hair,076484577833,Safari,healthcare,7.69
1521,Safari Flexible Slicker Medium,076484424403,Safari,healthcare,28.39
1522,Safari Flexible Slicker Small,076484425004,Safari,healthcare,21.79
1526,Safari Long Hair Slicker Large,076484468148,Safari,healthcare,24.79
1525,Safari Long Hair Slicker Medium,076484467097,Safari,healthcare,21.79
1513,Safari Massage Brush,076484043031,Safari,healthcare,12.69
1509,Safari Mat Remover,076484444913,Safari,accessories,21.79
1585,Safari Nail File,076484611209,Safari,healthcare,9.79
1559,Safari Nail Trimmer Large,076484510663,Safari,healthcare,11.99
1552,Safari Nail Trimmer Large Dog,076484510663,Safari,healthcare,19.69
1567,Safari Nail Trimmer Medium,076484611308,Safari,healthcare,13.09
1551,Safari Nail Trimmer Small Dogs,076484510694,Safari,healthcare,15.29
1515,Safari Nylon Coated Tip Dog Brush,076484042225,Safari,healthcare,16.39
1539,Safari Safety Scissors,076484612107,Safari,accessories,20.79
1948,Safari Self Cleaning Slicker Cat,076484860027,Safari,healthcare,19.69
1527,Safari Self Cleaning Slicker Large,076484741043,Safari,healthcare,23.99
1528,Safari Self Cleaning Slicker Medium,076484860010,Safari,healthcare,20.79
1529,Safari Self Cleaning Slicker Small,076484860003,Safari,healthcare,19.69
1537,Safari Shed Magic Cat,076484961281,Safari,accessories,25.09
1535,Safari Shed Magic Large,076484632273,Safari,accessories,31.69
1538,Safari Shed Magic Long Hair Medium,076484961267,Safari,accessories,20.79
1536,Safari Shed Magic Medium,076484632266,Safari,accessories,20.79
1517,Safari Shedding Blade cat,076484510632,Safari,accessories,15.29
1577,Safari Shedding Comb Cat,076484005633,Safari,healthcare,13.09
1540,Safari Shedding Comb Long Hair,076484005657,Safari,healthcare,14.19
1541,Safari Shedding Comb Short Hair,076484005640,Safari,healthcare,15.29
1512,Safari Single Row Rake,076484612305,Safari,healthcare,15.09
1518,Safari Soft Slicker Large,076484004063,Safari,healthcare,14.19
1520,Safari Soft Slicker Medium,076484004049,Safari,healthcare,13.09
1519,Safari Soft Slicker Small,076484004025,Safari,healthcare,11.99
1544,Safari Soft Tip Curry Brush,076484943201,Safari,healthcare,7.69
1553,Safari Styptic Powder,76484513190,Safari,accessories,13.09
1533,Safari Wire Pin Brush Large,076484512940,Safari,healthcare,16.39
1534,Safari Wire Pin Brush Small & Medium,076484512926,Safari,healthcare,13.49
1949,Safari the Complete Cat Brush,076484004223,Safari,healthcare,11.99
1514,Safari the Complete Dog Brush,076484042218,Safari,healthcare,17.49
1161,Safflower Gold Conure & Cockatiel,046706301201,Safflower Gold,birdSupplies,17.49
1222,Safflower Gold Conure & Cockatiel 25lbs,046706251254,Safflower Gold,birdSupplies,91.59
1223,Safflower Gold Parrot 25lbs,046706251315,Safflower Gold,birdSupplies,108.99
1153,Safflowergold Parrot,046706301218,Safflower Gold,birdSupplies,19.69
1234,Salon Scents Blueberry Pie 8oz,745858525335,Salon Scents,accessories,21.79
1233,Salon Scents Citrus & Pomegranate 8oz,745855817013,Salon Scents,accessories,21.79
6923,San Franci Beef Heart 3.5 oz,000945540852,San Francisco Bay Brand,dogFood,8.79
6922,San Franci Cichlid Delight 3.5 oz,000945880453,San Francisco Bay Brand,aquatics,9.89
7793, Savory Prime Beggar Bone 5 in 1 Kabobs Dog Treats,810359003658,Savory Prime,treats,5.49
4687,Beggar Bones 3 in 1 Twists,810359004433,Savory Prime,dogTreats,16.39
4691,Beggar Bones Mini 3 in 1,810359003566,Savory Prime,dogTreats,8.79
4686,Beggar Bones Mix Large 1pk,810359003597,Savory Prime,dogTreats,9.89
4682,Beggar Bones Pork Skin Twist 11pk,810359003542,Savory Prime,dogTreats,14.19
4651,Savory Prime Grillers,810359005737,Savory Prime,dogTreats,8.79
6777,Hill's Science Diet Adult 11+ Chicken Recipe Cat Food 15lb,052742146409,Science Diet,catFood,65.39
6768,Hill's Science Diet Adult 11+ Chicken Recipe Cat Food 3.5lb,052742146201,Science Diet,catFood,25.09
6792,Hill's Science Diet Adult 11+ Chicken Recipe Cat Food 7lb,052742146300,Science Diet,catFood,40.39
5926,"Hill's Science Diet Adult 11+ Small & Mini Chicken Meal, Barley & Rice Recipe 15.5lb",052742253404,Science Diet,dogFood,55.59
5925,"Hill's Science Diet Adult 11+ Small & Mini Chicken Meal, Barley & Rice Recipe 4.5lb",052742253305,Science Diet,dogFood,23.99
5931,"Hill's Science Diet Adult 6+ Large Breed Chicken Meal, Barley & Rice Recipe 15lb",052742020471,Science Diet,dogFood,49.09
5932,"Hill's Science Diet Adult 6+ Large Breed Chicken Meal, Barley & Rice Recipe 33lb",052742204406,Science Diet,dogFood,83.99
6585,Hill's Science Diet Adult 7+ Beef & Barley Entrée 13oz,052742705606,Science Diet,dogFood,3.99
6568,Hill's Science Diet Adult 7+ Beef & Barley Entrée 5.8oz,052742496801,Science Diet,dogFood,2.79
6586,Hill's Science Diet Adult 7+ Chicken & Barley Entrée 13oz,052742705507,Science Diet,dogFood,3.99
5963,"Hill's Science Diet Adult 7+ Chicken Meal, Barley & Rice Recipe 15lb",052742020495,Science Diet,dogFood,55.59
6088,"Hill's Science Diet Adult 7+ Chicken Meal, Barley & Rice Recipe 33lb",052742204208,Science Diet,dogFood,83.99
5962,"Hill's Science Diet Adult 7+ Chicken Meal, Barley & Rice Recipe 5lb",052742670201,Science Diet,dogFood,21.79
6794,Hill's Science Diet Adult 7+ Chicken Recipe Cat Food 16lb,052742006451,Science Diet,catFood,65.39
6767,Hill's Science Diet Adult 7+ Chicken Recipe Cat Food 4lb,052742710402,Science Diet,catFood,25.09
6793,Hill's Science Diet Adult 7+ Chicken Recipe Cat Food 7lb,052742204802,Science Diet,catFood,40.39
6803,Hill's Science Diet Adult 7+ Hairball Control Chicken Recipe Cat Food 15.5lb,052742887708,Science Diet,catFood,65.39
6797,Hill's Science Diet Adult 7+ Hairball Control Chicken Recipe Cat Food 3.5lb,052742753300,Science Diet,catFood,27.29
6783,Hill's Science Diet Adult 7+ Hairball Control Chicken Recipe Cat Food 3.5lb,052742753300,Science Diet,dogFood,27.29
6798,Hill's Science Diet Adult 7+ Hairball Control Chicken Recipe Cat Food 7lb,052742888309,Science Diet,catFood,42.59
6787,Hill's Science Diet Adult 7+ Hairball Control Chicken Recipe Cat Food 7lb,052742888309,Science Diet,catFood,42.59
6577,Hill's Science Diet Adult 7+ Healthy Cuisine Roasted Beef Carrots & Spinach Stew 12.5oz,052742007274,Science Diet,dogFood,4.39
6575,Hill's Science Diet Adult 7+ Healthy Cuisine Roasted Chicken Carrots & Spinach Stew 12.5oz,052742007212,Science Diet,dogFood,4.39
6804,Hill's Science Diet Adult 7+ Indoor Chicken Recipe Cat Food 15.5lb,052742887401,Science Diet,catFood,62.19
6795,Hill's Science Diet Adult 7+ Indoor Chicken Recipe Cat Food 3.5lb,052742644608,Science Diet,catFood,23.99
6796,Hill's Science Diet Adult 7+ Indoor Chicken Recipe Cat Food 7lb,052742888002,Science Diet,catFood,40.39
6850,Hill's Science Diet Adult 7+ Indoor Savory Stew Salmon & Vegetables 2.8oz,052742075815,Science Diet,catFood,2.19
9232,"Hill's Science Diet Adult 7+ Perfect Digestion Chicken Dry Dog Food, 3.5lb",052742041346,Science Diet,food,25.09
6573,Hill's Science Diet Adult 7+ Savory Stew Beef & Vegetables 12.8oz,052742705606,Science Diet,dogFood,3.99
6572,Hill's Science Diet Adult 7+ Savory Stew Chicken & Vegetables 12.8oz,052742143309,Science Diet,dogFood,3.99
6563,Hill's Science Diet Adult 7+ Savory Stew Chicken & Vegetables 3.5oz,052742018188,Science Diet,dogFood,3.09
6851,Hill's Science Diet Adult 7+ Savory Stew Salmon & Vegetables 2.8oz,,Science Diet,catFood,2.19
6583,Hill's Science Diet Adult 7+ Senior Vitality Savory Stew Chicken & Vegetables 12.5oz,052742011899,Science Diet,dogFood,4.39
5965,Hill's Science Diet Adult 7+ Senior Vitality Small & Mini Chicken Recipe 12.5lb,052742012049,Science Diet,dogFood,55.59
5964,Hill's Science Diet Adult 7+ Senior Vitality Small & Mini Chicken Recipe 3.5lb,052742012032,Science Diet,dogFood,25.09
6679,Hill's Science Diet Adult 7+ Small & Mini Chicken Entrée 5.8oz,052742496900,Science Diet,dogFood,2.79
6086,"Hill's Science Diet Adult 7+ Small & Mini Chicken Meal, Barley & Rice Recipe 15.5lb",052742909905,Science Diet,dogFood,55.59
5924,"Hill's Science Diet Adult 7+ Small & Mini Chicken Meal, Barley & Rice Recipe 4.5lb",052742909806,Science Diet,dogFood,23.99
5960,"Hill's Science Diet Adult 7+ Small Bites Chicken Meal, Barley & Rice Recipe 15lb",052742020426,Science Diet,dogFood,55.59
5961,"Hill's Science Diet Adult 7+ Small Bites Chicken Meal, Barley & Rice Recipe 33lb",052742204307,Science Diet,dogFood,83.99
5959,"Hill's Science Diet Adult 7+ Small Bites Chicken Meal, Barley & Rice Recipe 5lb",052742815909,Science Diet,dogFood,21.79
6584,Hill's Science Diet Adult 7+ Turkey & Barley Entrée 13oz,052742705705,Science Diet,dogFood,3.99
6592,Hill's Science Diet Adult Beef & Barley Entrée 13oz,052742703909,Science Diet,dogFood,3.99
6566,Hill's Science Diet Adult Beef & Barley Entrée 5.8oz,052742496603,Science Diet,dogFood,2.79
6593,Hill's Science Diet Adult Chicken & Barley Entrée 13oz,052742703701,Science Diet,dogFood,3.99
6565,Hill's Science Diet Adult Chicken & Barley Entrée 5.8oz,052742496702,Science Diet,dogFood,2.79
5942,Hill's Science Diet Adult Chicken & Barley Recipe 15lb,052742020419,Science Diet,dogFood,49.09
5943,Hill's Science Diet Adult Chicken & Barley Recipe 35lb,052742016016,Science Diet,dogFood,83.99
5941,Hill's Science Diet Adult Chicken & Barley Recipe 5lb,052742817804,Science Diet,dogFood,21.79
6591,Hill's Science Diet Adult Chicken & Beef Entrée 13oz,052742704005,Science Diet,dogFood,3.99
6715,Hill's Science Diet Adult Chicken & Rice Entrée 5.5oz,052742453408,Science Diet,catFood,2.79
6774,Hill's Science Diet Adult Chicken Recipe Cat Food 16lb,052742006437,Science Diet,catFood,64.39
6769,Hill's Science Diet Adult Chicken Recipe Cat Food 4lb,052742679709,Science Diet,catFood,23.99
6770,Hill's Science Diet Adult Chicken Recipe Cat Food 7lb,052742204505,Science Diet,catFood,40.39
6789,Hill's Science Diet Adult Hairball Control Chicken Recipe Cat Food 15.5lb,052742887500,Science Diet,catFood,64.39
6780,Hill's Science Diet Adult Hairball Control Chicken Recipe Cat Food 3.5lb,052742715605,Science Diet,catFood,27.29
6781,Hill's Science Diet Adult Hairball Control Chicken Recipe Cat Food 7lb,052742888101,Science Diet,catFood,42.59
6802,Hill's Science Diet Adult Hairball Control Light Chicken Recipe Cat Food 15.5lb,052742887609,Science Diet,catFood,65.39
6799,Hill's Science Diet Adult Hairball Control Light Chicken Recipe Cat Food 7lb,052742888200,Science Diet,catFood,42.59
6713,Hill's Science Diet Adult Hairball Control Savory Chicken Entrée 2.9oz,052742012490,Science Diet,catFood,2.19
6576,Hill's Science Diet Adult Healthy Cuisine Roasted Beef Carrots & Spinach Stew 12.5oz,052742007250,Science Diet,dogFood,4.39
6574,Hill's Science Diet Adult Healthy Cuisine Roasted Chicken Carrots & Spinach Stew 12.5oz,052742007236,Science Diet,dogFood,4.39
6721,Hill's Science Diet Adult Healthy Cuisine Roasted Tuna & Carrot Medley 2.9oz,052742007090,Science Diet,catFood,2.19
5973,"Hill's Science Diet Adult Healthy Mobility Small Bites Chicken Meal, Oat & Brown Rice Recipe 15.5lb",052742923901,Science Diet,dogFood,55.59
5972,"Hill's Science Diet Adult Healthy Mobility Small Bites Chicken Meal, Oat & Brown Rice Recipe 4lb",052742001807,Science Diet,dogFood,22.89
6805,Hill's Science Diet Adult Indoor Chicken Recipe Cat Food 15.5lb,052742887302,Science Diet,catFood,62.19
6779,Hill's Science Diet Adult Indoor Chicken Recipe Cat Food 3.5lb,052742553207,Science Diet,catFood,25.09
6790,Hill's Science Diet Adult Indoor Chicken Recipe Cat Food 7lb,052742887906,Science Diet,catFood,38.19
5947,Hill's Science Diet Adult Lamb Meal & Brown Rice Recipe 15.5lb,052742855608,Science Diet,dogFood,55.59
5948,Hill's Science Diet Adult Lamb Meal & Brown Rice Recipe 33lb,052742203607,Science Diet,dogFood,83.99
5917,Hill's Science Diet Adult Large Breed Chicken & Barley Recipe 15lb,052742020402,Science Diet,dogFood,49.09
5927,Hill's Science Diet Adult Large Breed Chicken & Barley Recipe 35lb,052742016054,Science Diet,dogFood,83.99
6090,"Hill's Science Diet Adult Large Breed Healthy Mobility Chicken Meal, Oat & Brown Rice Recipe 30lb",052742923505,Science Diet,dogFood,78.49
5928,Hill's Science Diet Adult Large Breed Lamb Meal & Brown Rice Recipe 33lb,052742203805,Science Diet,dogFood,83.99
5929,Hill's Science Diet Adult Large Breed Light Chicken Meal & Barley Recipe 15lb,052742022154,Science Diet,dogFood,49.09
5930,Hill's Science Diet Adult Large Breed Light Chicken Meal & Barley Recipe 30lb,052742022215,Science Diet,dogFood,83.99
5955,Hill's Science Diet Adult Light Chicken Meal & Barley Recipe 15lb,052742022147,Science Diet,dogFood,49.09
5956,Hill's Science Diet Adult Light Chicken Meal & Barley Recipe 30lb,052742022192,Science Diet,dogFood,83.99
6776,Hill's Science Diet Adult Light Chicken Recipe Cat Food 16lb,052742006444,Science Diet,catFood,65.39
6772,Hill's Science Diet Adult Light Chicken Recipe Cat Food 4lb,052742671109,Science Diet,catFood,25.09
6773,Hill's Science Diet Adult Light Chicken Recipe Cat Food 7lb,052742204703,Science Diet,catFood,40.39
5923,"Hill's Science Diet Adult Light Small & Mini Chicken Meal, Barley & Brown Rice Recipe 15.5lb",052742910109,Science Diet,dogFood,55.59
5922,"Hill's Science Diet Adult Light Small & Mini Chicken Meal, Barley & Brown Rice Recipe 4.5lb",052742910000,Science Diet,dogFood,23.99
5957,Hill's Science Diet Adult Light Small Bites Chicken Meal & Barley Recipe 15lb,052742022130,Science Diet,dogFood,49.09
5958,Hill's Science Diet Adult Light Small Bites Chicken Meal & Barley Recipe 30lb,052742022222,Science Diet,dogFood,83.99
6087,Hill's Science Diet Adult Light Small Bites Chicken Meal & Barley Recipe 5lb,052742930107,Science Diet,dogFood,21.79
9233,"Hill's Science Diet Adult Oral Care Dry Dog Food, Chicken, Rice & Barley Recipe, 28.5lb",052742310800,Science Diet,food,78.49
6581,Hill's Science Diet Adult Perfect Digestion Chicken & Vegetable Stew 12.8oz,052742068510,Science Diet,dogFood,4.29
6720,Hill's Science Diet Adult Perfect Digestion Chicken & Vegetable Stew 2.9oz,052742041605,Science Diet,catFood,2.59
6567,Hill's Science Diet Adult Perfect Digestion Chicken & Vegetable Stew 5.8oz,052742068749,Science Diet,dogFood,3.19
6785,Hill's Science Diet Adult Perfect Digestion Chicken Recipe Cat Food 3.5lb,052742038315,Science Diet,catFood,28.39
5969,"Hill's Science Diet Adult Perfect Digestion Chicken, Barley & Whole Oats Recipe 12lb",052742038285,Science Diet,dogFood,55.59
5968,"Hill's Science Diet Adult Perfect Digestion Chicken, Barley & Whole Oats Recipe 3.5lb",052742038292,Science Diet,dogFood,25.09
6582,"Hill's Science Diet Adult Perfect Digestion Chicken, Vegetable & Rice Stew 12.8oz",052742041445,Science Diet,dogFood,4.29
5970,"Hill's Science Diet Adult Perfect Digestion Large Breed Chicken, Barley & Whole Oats Recipe 22lb",052742041339,Science Diet,dogFood,78.49
9231,"Hill's Science Diet Adult Perfect Digestion Salmon Dry Dog Food, 12lb",052742041414,Science Diet,food,56.69
6786,Hill's Science Diet Adult Perfect Digestion Salmon Recipe Cat Food 3.5lb,052742041544,Science Diet,catFood,28.39
5971,"Hill's Science Diet Adult Perfect Digestion Salmon, Whole Oats & Brown Rice Recipe 22lb",052742068626,Science Diet,dogFood,79.59
5967,"Hill's Science Diet Adult Perfect Digestion Small & Mini Chicken, Barley & Whole Oats Recipe 3.5lb",052742068886,Science Diet,dogFood,25.09
5981,Hill's Science Diet Adult Perfect Weight + Joint Support Chicken Recipe 25lb,052742060521,Science Diet,dogFood,83.99
5976,Hill's Science Diet Adult Perfect Weight Chicken Recipe 12lb,052742060538,Science Diet,dogFood,56.69
5980,Hill's Science Diet Adult Perfect Weight Chicken Recipe 25lb,052742060545,Science Diet,dogFood,81.79
5975,Hill's Science Diet Adult Perfect Weight Chicken Recipe 4lb,052742297200,Science Diet,dogFood,25.09
6589,Hill's Science Diet Adult Perfect Weight Hearty Vegetable & Chicken Stew 12.5oz,052742002019,Science Diet,dogFood,4.39
6588,Hill's Science Diet Adult Perfect Weight Roasted Vegetable & Chicken Medley 12.5oz,052742297507,Science Diet,dogFood,4.39
6587,Hill's Science Diet Adult Perfect Weight Salmon & Vegetable Entrée 12.5oz,052742069814,Science Diet,dogFood,4.39
6719,Hill's Science Diet Adult Perfect Weight Savory Chicken Entrée 2.9oz,052742014135,Science Diet,catFood,2.39
5974,Hill's Science Diet Adult Perfect Weight Small & Mini Chicken Recipe 12.5lb,052742060552,Science Diet,dogFood,56.69
6089,Hill's Science Diet Adult Perfect Weight Small & Mini Chicken Recipe 4lb,052742382104,Science Diet,dogFood,25.09
6590,Hill's Science Diet Adult Salmon & Vegetable Entrée 13oz,052742068671,Science Diet,dogFood,3.99
6571,Hill's Science Diet Adult Savory Stew Beef & Vegetables 12.8oz,052742143101,Science Diet,dogFood,3.99
6562,Hill's Science Diet Adult Savory Stew Beef & Vegetables 3.5oz,052742018164,Science Diet,dogFood,3.09
6615,Hill's Science Diet Adult Savory Stew Chicken & Vegetables 12.5oz,052742143002,Science Diet,dogFood,4.39
6570,Hill's Science Diet Adult Savory Stew Chicken & Vegetables 12.8oz,052742304090,Science Diet,dogFood,3.99
6561,Hill's Science Diet Adult Savory Stew Chicken & Vegetables 3.5oz,052742018140,Science Diet,dogFood,3.09
6718,Hill's Science Diet Adult Sensitive Stomach & Skin Chicken & Rice Entrée 2.9oz,052742010243,Science Diet,catFood,2.19
7754,Hill's Science Diet Adult Sensitive Stomach & Skin Chicken & Vegetable Stew 12.8oz,052742068534,Science Diet,food,4.39
5987,Hill's Science Diet Adult Sensitive Stomach & Skin Chicken Recipe 15.5lb,052742886008,Science Diet,dogFood,55.59
5988,Hill's Science Diet Adult Sensitive Stomach & Skin Chicken Recipe 30lb,052742883908,Science Diet,dogFood,78.49
5986,Hill's Science Diet Adult Sensitive Stomach & Skin Chicken Recipe 4lb,052742001821,Science Diet,dogFood,23.99
6800,Hill's Science Diet Adult Sensitive Stomach & Skin Chicken Recipe Cat Food 15.5lb,052742887807,Science Diet,catFood,65.39
6578,Hill's Science Diet Adult Sensitive Stomach & Skin Chicken Stew 12.8oz,052742304090,Science Diet,dogFood,4.39
7756,Hill's Science Diet Adult Sensitive Stomach & Skin Duck Entrée 2.9oz,052742068411,Science Diet,food,2.19
5990,Hill's Science Diet Adult Sensitive Stomach & Skin Grain Free Chicken & Potato Recipe 24lb,052742022109,Science Diet,dogFood,78.49
5989,Hill's Science Diet Adult Sensitive Stomach & Skin Large Breed Chicken Recipe 30lb,052742033204,Science Diet,dogFood,78.49
5979,Hill's Science Diet Adult Sensitive Stomach & Skin Pollock Recipe 12lb,052742059136,Science Diet,dogFood,57.79
5953,Hill's Science Diet Adult Sensitive Stomach & Skin Salmon Recipe 14lb,052742068619,Science Diet,dogFood,50.19
5954,Hill's Science Diet Adult Sensitive Stomach & Skin Salmon Recipe 33lb,052742068626,Science Diet,dogFood,87.19
5952,Hill's Science Diet Adult Sensitive Stomach & Skin Salmon Recipe 4.5lb,052742068602,Science Diet,dogFood,22.89
6775,Hill's Science Diet Adult Sensitive Stomach & Skin Salmon Recipe Cat Food 15lb,052742068657,Science Diet,catFood,65.39
6766,Hill's Science Diet Adult Sensitive Stomach & Skin Salmon Recipe Cat Food 3.5lb,052742068633,Science Diet,catFood,25.09
6771,Hill's Science Diet Adult Sensitive Stomach & Skin Salmon Recipe Cat Food 7lb,052742068640,Science Diet,catFood,41.49
5984,Hill's Science Diet Adult Sensitive Stomach & Skin Small Bites Chicken Recipe 15lb,052742033181,Science Diet,dogFood,56.69
5985,Hill's Science Diet Adult Sensitive Stomach & Skin Small Bites Chicken Recipe 30lb,052742033198,Science Diet,dogFood,78.49
5983,Hill's Science Diet Adult Sensitive Stomach & Skin Small Bites Chicken Recipe 4lb,052742033167,Science Diet,dogFood,23.99
6579,Hill's Science Diet Adult Sensitive Stomach & Skin Turkey & Vegetable Stew 12.5oz,052742021041,Science Diet,dogFood,4.39
5918,Hill's Science Diet Adult Small & Mini Chicken & Brown Rice Recipe 15.5lb,052742909707,Science Diet,dogFood,55.59
5919,Hill's Science Diet Adult Small & Mini Chicken & Brown Rice Recipe 4.5lb,052742909608,Science Diet,dogFood,23.99
5921,Hill's Science Diet Adult Small & Mini Lamb Meal & Brown Rice Recipe 15.5lb,052742289700,Science Diet,dogFood,56.69
5920,Hill's Science Diet Adult Small & Mini Lamb Meal & Brown Rice Recipe 4.5lb,052742289601,Science Diet,dogFood,23.99
6091,Hill's Science Diet Adult Small & Mini Sensitive Stomach & Skin Chicken Recipe 15lb,052742007045,Science Diet,dogFood,55.59
5982,Hill's Science Diet Adult Small & Mini Sensitive Stomach & Skin Chicken Recipe 4lb,052742007038,Science Diet,dogFood,23.99
5945,Hill's Science Diet Adult Small Bites Chicken & Barley Recipe 15lb,052742020488,Science Diet,dogFood,49.09
5946,Hill's Science Diet Adult Small Bites Chicken & Barley Recipe 35lb,052742015989,Science Diet,dogFood,83.99
5944,Hill's Science Diet Adult Small Bites Chicken & Barley Recipe 5lb,052742818306,Science Diet,dogFood,21.79
5950,Hill's Science Diet Adult Small Bites Lamb Meal & Brown Rice Recipe 15.5lb,052742855707,Science Diet,dogFood,55.59
5951,Hill's Science Diet Adult Small Bites Lamb Meal & Brown Rice Recipe 33lb,052742203706,Science Diet,dogFood,83.99
5949,Hill's Science Diet Adult Small Bites Lamb Meal & Brown Rice Recipe 4.5lb,052742855509,Science Diet,dogFood,21.79
6714,Hill's Science Diet Adult Tender Chicken Dinner 5.5oz,052742177007,Science Diet,catFood,2.79
6716,Hill's Science Diet Adult Tender Turkey Dinner 5.5oz,052742453804,Science Diet,catFood,2.79
6801,Hill's Science Diet Adult Urinary & Hairball Control Chicken Recipe Cat Food 15.5lb,052742002194,Science Diet,catFood,67.59
6782,Hill's Science Diet Adult Urinary & Hairball Control Chicken Recipe Cat Food 3.5lb,052742002156,Science Diet,catFood,28.39
6788,Hill's Science Diet Adult Urinary & Hairball Control Chicken Recipe Cat Food 7lb,052742002170,Science Diet,catFood,43.59
6846,Hill's Science Diet Adult Urinary & Hairball Control Savory Chicken Stew 2.9oz,052742075556,Science Diet,catFood,2.19
6848,Hill's Science Diet Adult Urinary & Hairball Control Vegetable & Salmon Stew 2.9oz,052742075891,Science Diet,catFood,2.19
6847,Hill's Science Diet Adult Urinary & Hairball Control Vegetable & Tuna Stew 2.9oz,052742075853,Science Diet,catFood,2.19
5996,Hill's Science Diet Apple & Oatmeal Baked Light Dog Treats 8oz,052742008998,Science Diet,dogTreats,8.79
6453,Hill's Science Diet Crunchy Creations with Real Peanut Butter Dog Training Treats,052742187907,Science Diet,dogFood,6.59
6452,Hill's Science Diet Flexi-Stix Beef Jerky Dog Treats,052742368207,Science Diet,dogFood,8.79
6454,Hill's Science Diet Flexi-Stix Turkey Jerky Dog Treats,052742368016,Science Diet,dogFood,8.79
5997,Hill's Science Diet Fruity Cranberries & Oatmeal Dog Treats 8oz,052742008974,Science Diet,dogTreats,8.79
5995,Hill's Science Diet Grain Free Crunchy Naturals Chicken & Apples Dog Treats 8oz,052742303208,Science Diet,dogTreats,8.79
5992,Hill's Science Diet Jerky Strips Beef Dog Treats 7.1oz,052742187600,Science Diet,dogTreats,8.79
5994,Hill's Science Diet Jerky Strips Chicken Dog Treats 7.1oz,052742187709,Science Diet,dogTreats,8.79
6763,Hill's Science Diet Kitten Chicken Recipe Cat Food 3.5lb,052742712307,Science Diet,catFood,25.09
6764,Hill's Science Diet Kitten Chicken Recipe Cat Food 7lb,052742939100,Science Diet,catFood,40.39
6726,Hill's Science Diet Kitten Healthy Cuisine Roasted Chicken & Rice Medley 2.8oz,052742007175,Science Diet,catFood,2.19
6778,Hill's Science Diet Kitten Indoor Chicken Recipe Cat Food 3.5lb,,Science Diet,catFood,25.09
6791,Hill's Science Diet Kitten Indoor Chicken Recipe Cat Food 7lb,052742937809,Science Diet,catFood,38.19
6725,Hill's Science Diet Kitten Liver & Chicken Entrée 2.9oz,052742012650,Science Diet,catFood,2.09
6724,Hill's Science Diet Kitten Liver & Chicken Entrée 5.5oz,052742660004,Science Diet,catFood,2.79
6765,Hill's Science Diet Kitten Ocean Fish Recipe Cat Food 7lb,052742060163,Science Diet,catFood,41.49
6849,Hill's Science Diet Kitten Savory Stew Chicken & Vegetables 2.8oz,052742075839,Science Diet,catFood,2.19
6722,Hill's Science Diet Kitten Sensitive Stomach & Skin Salmon Entrée 2.9oz,052742069463,Science Diet,catFood,1.99
6784,Hill's Science Diet Kitten Sensitive Stomach & Skin Salmon Recipe Cat Food 3.5lb,052742069432,Science Diet,catFood,27.29
6723,Hill's Science Diet Kitten Tender Turkey Dinner 5.5oz,052742617404,Science Diet,catFood,2.79
5991,Hill's Science Diet Mini Jerky Strips Beef Dog Treats 7.1oz,052742187402,Science Diet,dogTreats,8.79
5993,Hill's Science Diet Mini Jerky Strips Chicken Dog Treats 7.1oz,052742187501,Science Diet,dogTreats,8.79
6564,Hill's Science Diet Puppy Beef & Barley Entrée 5.8oz,052742060347,Science Diet,dogFood,2.79
6594,Hill's Science Diet Puppy Chicken & Barley Entrée 13oz,052742703602,Science Diet,dogFood,3.99
5937,Hill's Science Diet Puppy Chicken & Barley Recipe 12.5lb,052742936604,Science Diet,dogFood,46.89
5938,Hill's Science Diet Puppy Chicken & Barley Recipe 27.5lb,052742060187,Science Diet,dogFood,79.59
5936,Hill's Science Diet Puppy Chicken & Barley Recipe 4.5lb,052742713304,Science Diet,dogFood,20.79
5934,Hill's Science Diet Puppy Lamb Meal & Brown Rice Recipe 12.5lb,052742059389,Science Diet,dogFood,46.89
5935,Hill's Science Diet Puppy Lamb Meal & Brown Rice Recipe 25lb,052742059396,Science Diet,dogFood,76.29
5933,Hill's Science Diet Puppy Lamb Meal & Brown Rice Recipe 4lb,052742059815,Science Diet,dogFood,20.79
5914,Hill's Science Diet Puppy Large Breed Chicken & Barley Recipe 15.5lb,052742937601,Science Diet,dogFood,47.99
5915,Hill's Science Diet Puppy Large Breed Chicken & Barley Recipe 27.5lb,052742060194,Science Diet,dogFood,74.19
5916,Hill's Science Diet Puppy Large Breed Lamb Meal & Brown Rice Recipe 30lb,052742060170,Science Diet,dogFood,78.49
6569,Hill's Science Diet Puppy Savory Stew Chicken & Rice 12.5oz,052742060217,Science Diet,dogFood,3.99
7755,Hill's Science Diet Puppy Savory Stew Chicken & Vegetables 12.8oz,052742142807,Science Diet,food,4.39
6560,Hill's Science Diet Puppy Savory Stew Chicken & Vegetables 3.5oz,052742018126,Science Diet,dogFood,3.09
5978,Hill's Science Diet Puppy Sensitive Stomach & Skin Salmon & Oatmeal Recipe 13lb,052742068695,Science Diet,dogFood,55.59
5977,Hill's Science Diet Puppy Sensitive Stomach & Skin Salmon & Oatmeal Recipe 4lb,052742068688,Science Diet,dogFood,23.99
6580,Hill's Science Diet Puppy Sensitive Stomach & Skin Salmon Stew 12.5oz,052742069487,Science Diet,dogFood,4.39
5913,Hill's Science Diet Puppy Small & Mini Chicken & Brown Rice Recipe 12.5lb,052742060255,Science Diet,dogFood,46.89
5912,Hill's Science Diet Puppy Small & Mini Chicken & Brown Rice Recipe 4.5lb,052742909400,Science Diet,dogFood,22.89
5940,Hill's Science Diet Puppy Small Bites Chicken & Barley Recipe 12.5lb,052742060248,Science Diet,dogFood,42.59
5939,Hill's Science Diet Puppy Small Bites Chicken & Barley Recipe 4.5lb,052742713908,Science Diet,dogFood,20.79
6003,Hill's Science Diet Soft Savories Beef & Cheddar Dog Treats,052742335902,Science Diet,dogTreats,8.79
6001,Hill's Science Diet Soft Savories Chicken & Yogurt Dog Treats,052742336107,Science Diet,dogTreats,8.79
6002,Hill's Science Diet Soft Savories Peanut Butter & Banana Dog Treats,052742336008,Science Diet,dogTreats,8.79
6000,Hill's Science Diet Soft-Baked Naturals Beef & Sweet Potato Dog Treats,052742244907,Science Diet,dogTreats,8.79
5998,Hill's Science Diet Soft-Baked Naturals Chicken & Carrots Dog Treats 8oz,052742244808,Science Diet,dogTreats,8.79
5999,Hill's Science Diet Soft-Baked Naturals Duck & Pumpkin Dog Treats 8oz,052742245003,Science Diet,dogTreats,8.79
4708,Nutrichomps 4 Count Peanut Butter,015958988942,Scott Pet,dogTreats,9.89
4709,Nutrichomps 6 Count Chicken,015958989284,Scott Pet,dogTreats,10.89
4711,Nutrichomps Mini 8 Count,096316671560,Scott Pet,dogTreats,8.79
4710,Nutrichomps Mix Braid 4 Count,,Scott Pet,dogTreats,8.79
7090,Aquavitro Phosfiltrum 5.6oz,000116772105,SeaChem,aquatics,40.39
7096,Aquavitro Seed 11.8oz,000116770101,SeaChem,aquatics,18.59
7189,Aquavitro Shears,000116768108,SeaChem,aquatics,20.79
185,"Jurassipet MiteWipes Mite, Flea and Tick Control 26 Wipes",000116085410,SeaChem,reptiles,23.99
7086,Seachem Acid Buffer 10.5oz,000116024600,SeaChem,aquatics,11.99
7174,Seachem Alert Combo,000116000130,SeaChem,aquatics,23.99
7085,Seachem Alkaline Buffer 10.5oz,000116023603,SeaChem,aquatics,11.99
7093,Seachem Amguarad 8.5oz,000116077606,SeaChem,aquatics,14.19
7172,Seachem Ammonia Alert,000116001007,SeaChem,aquatics,11.99
7106,Seachem Axolotl Buffer,000116081467,SeaChem,aquatics,9.89
7105,Seachem Axolotl Conditioner 8.5oz,000116081368,SeaChem,aquatics,13.09
7285,Seachem Betta Food,000116000406,SeaChem,aquatics,5.49
7089,Seachem Brackish Salt 10.6oz,000116022606,SeaChem,aquatics,7.69
7088,Seachem Cichlid Lake 8.8oz,000116027601,SeaChem,aquatics,10.89
7100,Seachem Clarity 3.4oz,000116014502,SeaChem,aquatics,7.69
7099,Seachem Clarity 8.5oz,000116014601,SeaChem,aquatics,13.09
7081,Seachem De Nitrate 500ml,000116013307,SeaChem,aquatics,9.89
7087,Seachem Discus Buffer 8.8oz,000116026604,SeaChem,aquatics,10.89
7109,Seachem Flourish 8.5oz,000116051606,SeaChem,aquatics,11.99
7108,Seachem Flourish Excel 8.5oz,000116045605,SeaChem,aquatics,11.99
7107,Seachem Flourish Iron 8.5oz,000116047609,SeaChem,aquatics,11.99
7164,Seachem Focus,000116064101,SeaChem,aquatics,10.89
7104,Seachem Garlic Guard 8.5oz,000116017602,SeaChem,aquatics,10.89
7162,Seachem Kanaplex,000116088107,SeaChem,aquatics,11.99
7082,Seachem Matrix 500ml,000116011303,SeaChem,aquatics,10.89
7165,Seachem Metro Plex,000116080101,SeaChem,aquatics,11.99
7160,Seachem Neo Plex,000116068208,SeaChem,aquatics,11.99
7080,Seachem Neutral Regul 7.0 1kg,000116030700,SeaChem,aquatics,32.69
7092,Seachem Paraguard 8.5oz,000116060608,SeaChem,aquatics,14.19
7161,Seachem Poly Guard,000116076203,SeaChem,aquatics,11.99
7103,Seachem Prime 1.7oz,000116043403,SeaChem,aquatics,5.49
7102,Seachem Prime 3.4oz,000116043502,SeaChem,aquatics,7.69
7101,Seachem Prime 8.5oz,000116043601,SeaChem,aquatics,14.19
7094,Seachem Pristine 8.5oz,000116124102,SeaChem,aquatics,15.29
7098,Seachem Stability 3.4oz,000116012508,SeaChem,aquatics,6.59
7097,Seachem Stability 8.5oz,000116012607,SeaChem,aquatics,14.19
7095,Seachem Stress Guard 8.5oz,000116052603,SeaChem,aquatics,14.19
7163,Seachem Sulfaplex,077234541289,SeaChem,aquatics,10.89
7173,Seachem pH Alert,000116002004,SeaChem,aquatics,11.99
9389,Seachem Laboratories Cupramine Copper Treatment 1.7oz,000116056403,Seachem,aquatics,9.89
8018,Seachem Laboratories Flourite Planted Aquarium Gravel 7.7lb,000116373302,Seachem,aquatics,18.59
9404,Seachem Laboratories Neutral Regulator Aquarium Water Treatment 8.8oz,000116030601,Seachem,aquatics,11.99
9401,Seachem Laboratories PhosBond Phosphate and Silicate Remover 250ml,000116126106,Seachem,aquatics,17.49
9403,Seachem Laboratories PhosGuard Phosphate and Silicate Remover 500ml,000116018302,Seachem,aquatics,18.59
7986,Seachem Purigen 250ml,000116016605,Seachem,aquatics,27.29
1982,Sentry Hairball Relief Cat,073091111023,Sentry,healthcare,9.89
5240,Seresto Cat Collar,724089579522,Seresto,accessories,87.19
5242,Seresto Large Dog Collar,030172096310,Seresto,accessories,87.19
5241,Seresto Small Dog Collar,724089579447,Seresto,accessories,87.19
6400,Shep Boy Chicken Fdr 14oz,076484171727,Shepherd Boy,dogFood,37.09
4671,Shepherd Boy Freeze Chicken Hearts,097612326307,Shepherd Boy,dogTreats,17.49
2104,Shepherd Boy Freezedried Chckhearts,860193002041,Shepherd Boy,catTreats,17.49
2105,Shepherd Boy Freezedried Minnows,860193002072,Shepherd Boy,catTreats,21.79
9305,shorefins™ Betta World Pump & Filter Kit,030172391286,Shorefins,aquatics,31.69
1857,Simple Solution Small Washable Diaper,010279105924,Simple Solution,accessories,38.19
1859,Simplesolution Extra Large Washable Diaper,010279105924,Simple Solution,accessories,49.09
1861,Simplesolution Large Washmale Wrap,010279112427,Simple Solution,accessories,43.59
1858,Simplesolution Medium Washable Diaper,010279105955,Simple Solution,accessories,51.29
1860,Simplesolution Medium Washmale Warp,010279112410,Simple Solution,accessories,37.09
1364,Skout's Honor Carpet Machine Solution,856713005302,Skout's Honor,accessories,27.29
807,Skout's Honor Flea Shampoo,810053870419,Skout's Honor,healthcare,23.99
1260,Skout's Honor Prebiotic Pet Balm,850004314616,Skout's Honor,healthcare,20.79
1257,Skout's Honor Probiotic Deodorizer Dog of the Woods,850004314487,Skout's Honor,healthcare,16.39
1254,Skout's Honor Probiotic Deodorizer Honeysuckle,856713005388,Skout's Honor,healthcare,16.39
1261,Skout's Honor Probiotic Hotspot Hydrogel,850004314739,Skout's Honor,healthcare,23.99
1255,Skout's Honor Probiotic Itch Relief Shampoo,810053870853,Skout's Honor,healthcare,25.09
1256,Skout's Honor Probiotic Itch Spray,850004314746,Skout's Honor,healthcare,18.59
1259,Skout's Honor Probiotic Paw Spray,810053870556,Skout's Honor,healthcare,18.59
1253,Skout's Honor Probiotic Shampoo +Conditioner Honeysuckle,856713005371,Skout's Honor,healthcare,25.09
1258,Skout's Honor Skunk Odor Eliminator,856713005289,Skout's Honor,healthcare,14.19
1843,Skout's Honor Stay Off Training Aid,810053870495,Skout's Honor,accessories,22.89
1251,Skout's honor Probiotic Puppy Deodorizer,810053870624,Skout's Honor,healthcare,14.19
1250,Skout's honor Probiotic Puppy Shampoo +Conditioner,810053870617,Skout's Honor,healthcare,25.09
808,Skouts Honor Flea Home Spray,10053870426,Skout's Honor,healthcare,21.79
809,Skouts Honor Flea Yard Spray,810053870433,Skout's Honor,healthcare,39.29
1316,Skouts Honor Probiotic Ear Cleaner 4oz,810053870921,Skout's Honor,healthcare,13.09
1957,Skouts Honor Probiotic Honey Cat,810053870914,Skout's Honor,healthcare,16.39
1252,Skouts Honor Probiotic Shampoo +Conditioner Coconut,810053870693,Skout's Honor,healthcare,25.09
7796, SmartBones Smart Twist Sticks Dog Treat Chicken 50 Sticks,810833029426,Smart Bones,treats,20.79
7797, SmartBones SmartSticks Dog Treat Peanut Buttern 5 Sticks,892383002364,Smart Bones,treats,8.79
7798,SmartBones 4 Med Peanut Butter,892383002166,Smart Bones,treats,18.59
7795,SmartBones Chicken Wrapped Stuffed Twistz Dog Treat 10 Twistz,810833020690,Smart Bones,treats,25.09
7799,SmartBones Churro Style Sticks Dog Treat,892383006386,Smart Bones,treats,19.69
4646,SmartBones 12 Chicken Sticks,892383002333,SmartBones,dogTreats,15.29
4624,SmartBones 16 Count Hip & Joint,810833020324,SmartBones,dogTreats,13.09
4623,SmartBones 16 Count Skin & Coat,810833020300,SmartBones,dogTreats,14.19
4637,SmartBones 16 Mini Peanut Butter,892383002111,SmartBones,dogTreats,16.39
4641,SmartBones 24 Mini Chicken,892383008458,SmartBones,dogTreats,20.79
4636,SmartBones 24 Mini Peanut Butter,892383002128,SmartBones,dogTreats,22.89
4644,SmartBones 24 Mini Sweet Potato,810833020027,SmartBones,dogTreats,22.89
4634,SmartBones 3 Large Beef,810833023059,SmartBones,dogTreats,19.69
4640,SmartBones 3 Large Chicken,810833029587,SmartBones,dogTreats,19.69
4648,SmartBones 3lg Chicken,892383002081,SmartBones,dogTreats,19.69
4633,SmartBones 3lg Peanut Butter,892383002180,SmartBones,dogTreats,16.39
4643,SmartBones 4 Medium Sweet Potato,015561220002,SmartBones,dogTreats,18.59
4652,SmartBones 4lg Churro,810833029433,SmartBones,dogTreats,19.69
4645,SmartBones 4med Sweet Pot,015561220040,SmartBones,dogTreats,18.59
4638,SmartBones 6 Stuff Twist Pork,810833020669,SmartBones,dogTreats,11.99
4635,SmartBones 6sm Peanut Butter,892383002142,SmartBones,dogTreats,20.79
4632,"SmartBones Kabobz Chicken, Pack,Duck",810833028238,SmartBones,dogTreats,18.59
4653,SmartBones Protein Rings,892383005402,SmartBones,dogTreats,14.19
4629,SmartBones Stuffed Twistz 6pk Peanut Butter,810833020652,SmartBones,dogTreats,11.99
4631,SmartBones Twists 30pk Sirloin,810833029426,SmartBones,dogTreats,21.79
4630,SmartBones Twists 50pk Peanut Butter,810833029433,SmartBones,dogTreats,17.49
4642,Smartsticks 12 Chicken,892383002333,SmartBones,dogTreats,15.29
4622,Smartsticks 16 Count Chamomile & Lavender,810833020348,SmartBones,dogTreats,14.19
2746,Doggiejuana Get Outside,714929808226,SmarterPaw,accessories,14.19
2745,Doggiejuana Getthe Munchies,714929808158,SmarterPaw,accessories,14.19
2744,Doggiejuana Tuffer Chewer,859442005384,SmarterPaw,accessories,20.79
2203,Meowijuana Chicken Flavor Treats 3oz,859442005469,SmarterPaw,catTreats,6.59
2270,Meowijuana Get Buzzed Toy,714929800268,SmarterPaw,accessories,13.09
2268,Meowijuana Get Cheesy Toy,714929807502,SmarterPaw,accessories,10.89
2269,Meowijuana Get Smoked Toy,714929800282,SmarterPaw,accessories,11.99
2271,Meowijuana Jumpnjamb Toy,714929802064,SmarterPaw,accessories,14.19
2272,Meowijuana King Sized Catnip Joints,714929799968,SmarterPaw,accessories,14.19
2280,Meowijuana Meowi-waui,859442005148,SmarterPaw,accessories,11.99
2273,Meowijuana Partysize Catnip Joints,714929804204,SmarterPaw,accessories,16.39
2211,Meowijuana Seafood Medley Treat 3oz,859442005483,SmarterPaw,catTreats,5.49
4979,Smokehouse Beefy Sticks 15 Chews,784369932072,Smokehouse,dogTreats,11.99
4694,Smokehouse Chicken Skewers,078565250215,Smokehouse,dogTreats,10.89
4693,Smokehouse Chicken Strips,078565843158,Smokehouse,dogTreats,16.39
4697,Smokehouse Kabobs W Chicken,078565251052,Smokehouse,dogTreats,9.89
4498,Smokehouse Large Rib Bone,078565840652,Smokehouse,dogTreats,5.49
4696,Smokehouse Pepperoni Sticks,078565858114,Smokehouse,dogTreats,14.19
4977,Smokehouse Trachea 3 Chews,078565840676,Smokehouse,dogTreats,14.19
1602,Sodapup Ebowl Great Outdoors,810216026493,SodaPup,accessories,25.09
1606,Sodapup Ebowl Honey Comb,810216026325,SodaPup,healthcare,25.09
1600,Sodapup Emat Duckies,810216026257,SodaPup,accessories,17.49
1604,Sodapup Emat Flower Power,810216026073,SodaPup,accessories,17.49
1601,Sodapup Emat Tree of Life,810216026691,SodaPup,accessories,18.59
1599,Sodapup Emat Whale,810216026240,SodaPup,accessories,17.49
1595,"Sodapup Etray ""waiting""",810216026523,SodaPup,accessories,19.69
1605,Sodapup Etray Mandala,810216026080,SodaPup,accessories,20.79
1610,Sodapup Large Blue Flower Pot,810216026769,SodaPup,accessories,18.59
1611,Sodapup Large Green Flower Pot,810216026547,SodaPup,accessories,18.59
1612,Sodapup Large Orange Flower Pot,810216026530,SodaPup,accessories,18.59
1609,Sodapup Mini Groovy Love Emat,810216026714,SodaPup,accessories,15.29
1607,Sodapup Mini Honey Emat,810216025885,SodaPup,accessories,15.29
1608,Sodapup Mini Surf Emat,810216026707,SodaPup,accessories,15.29
1596,Sodapup Wave Ebowl,810216026400,SodaPup,accessories,21.79
7753,Spot Soothers Rabbit,077234548493,Sopt,toys,16.39
4890,PetOdor Barkery Spray 7oz,784369931815,Specialty Pet Products,accessories,9.89
4892,PetOdor Blue Buffalo Serenity Spray 7oz,734366054314,Specialty Pet Products,accessories,9.89
4884,PetOdor Blue Serenety,091197720307,Specialty Pet Products,accessories,11.99
4876,PetOdor Candle Bamboo Breeze,734366015605,Specialty Pet Products,accessories,11.99
4873,PetOdor Candle Cinnamon Apple,734366037102,Specialty Pet Products,accessories,11.99
7502,PetOdor Candle Clothesline Fresh,734366037096,Specialty Pet Products,accessories,11.99
7501,PetOdor Candle Evergreen & Berries,734366011126,Specialty Pet Products,accessories,11.99
4882,PetOdor Candle Fall'n Leaves,734366022108,Specialty Pet Products,accessories,11.99
4886,PetOdor Candle Flower Power Spray,734366062456,Specialty Pet Products,accessories,9.89
4881,PetOdor Candle Furry Tails,734366062906,Specialty Pet Products,accessories,11.99
4875,PetOdor Candle Gummies,734366063286,Specialty Pet Products,accessories,11.99
7499,PetOdor Candle Hippe Love,734366027943,Specialty Pet Products,accessories,11.99
4877,PetOdor Candle Kibblez,734366063262,Specialty Pet Products,accessories,11.99
4891,PetOdor Candle Lavender with Chamomile,734366020166,Specialty Pet Products,accessories,11.99
4871,PetOdor Candle Lollipets,734366062746,Specialty Pet Products,accessories,11.99
4883,PetOdor Candle Mulberry Spice,734366037157,Specialty Pet Products,accessories,11.99
7498,PetOdor Candle Peppermint Bark,734366063071,Specialty Pet Products,accessories,11.99
4870,PetOdor Candle Sippin Sangria,734366062968,Specialty Pet Products,accessories,11.99
4879,PetOdor Candle Sour Apple,734366063156,Specialty Pet Products,accessories,11.99
4874,PetOdor Candle Sprinkles,734366063279,Specialty Pet Products,accessories,11.99
4880,PetOdor Candle Tangie,734366063194,Specialty Pet Products,accessories,11.99
4872,PetOdor Candle White Pumpkin,734366063217,Specialty Pet Products,accessories,11.99
7500,PetOdor Candle Woofstock,734366062890,Specialty Pet Products,accessories,11.99
4899,PetOdor Clothesline Car Freshener,734366023228,Specialty Pet Products,accessories,3.29
4903,PetOdor Cream Vanilla Wax,734366080511,Specialty Pet Products,accessories,6.59
4885,PetOdor Creamy Vanilla,,Specialty Pet Products,accessories,11.99
4898,PetOdor Creamy Vanilla Car Freshener,734366023198,Specialty Pet Products,accessories,3.29
4887,PetOdor Creamy Vanilla Spray 7oz,734366037188,Specialty Pet Products,healthcare,9.89
7504,PetOdor Flower Power Spray 7oz,734366054178,Specialty Pet Products,accessories,9.89
4894,PetOdor Furrytails Spray 7oz,734366054635,Specialty Pet Products,accessories,9.89
4902,PetOdor Happy Days Wax,734366080566,Specialty Pet Products,accessories,6.59
4901,PetOdor Hippie Love Wax,734366080542,Specialty Pet Products,accessories,6.59
4897,PetOdor Lavender with Chamomile Car Freshener,734366023235,Specialty Pet Products,accessories,2.19
7505,PetOdor Lavender with Chamomile Spray 7oz,734366020197,Specialty Pet Products,accessories,9.89
4893,PetOdor Lollipets Spray 7oz,734366054475,Specialty Pet Products,Accessories,9.89
4900,PetOdor Mauiwowie Wax,030172087523,Specialty Pet Products,accessories,6.59
7503,PetOdor Ocean Breeze Spray 7oz,734366054925,Specialty Pet Products,accessories,9.89
4896,PetOdor Orange Lemon Car Freshener,734366023259,Specialty Pet Products,accessories,3.29
4889,PetOdor Pawtopia,091197700644,Specialty Pet Products,accessories,9.89
4878,PetOdor Pineapple Coconut,,Specialty Pet Products,accessories,11.99
4904,PetOdor Pineapple Coconut Wax,097612180213,Specialty Pet Products,accessories,6.59
4888,PetOdor Woofstock Spray,018065983756,Specialty Pet Products,accessories,9.89
5113,Spectrastone Berry Lk 5lb,096316660267,Spectrastone,aquatics,7.69
5131,Spectrastone Blue Jean 25lb,015561226134,Spectrastone,aquatics,23.99
5132,Spectrastone Blue Spec 25lb,015561222501,Spectrastone,aquatics,28.39
5117,Spectrastone Blue Special 5lb,096316002692,Spectrastone,aquatics,5.49
5110,Spectrastone Green Special 5lb,096316002692,Spectrastone,aquatics,7.69
5119,Spectrastone Lake Green 5lb,096316660267,Spectrastone,aquatics,6.59
5118,Spectrastone Lte Blue Special 5lb,096316002692,Spectrastone,aquatics,7.69
5112,Spectrastone Mini Black Lag 5lb,47497269237,Spectrastone,aquatics,8.79
5107,Spectrastone Mini Rainbow 5lb,096316660267,Spectrastone,aquatics,8.79
5109,Spectrastone Pgl Lavender 5lb,096316002586,Spectrastone,aquatics,8.79
5111,Spectrastone Red 5lb,097612090413,Spectrastone,aquatics,7.69
5134,Spectrastone lb Black 25lb,015561226134,Spectrastone,aquatics,28.39
6108,Sportmix Bite Size 40lb,034846600520,SportMix,dogFood,35.99
6809,Sportmix Cat Gourmet 15lb,035585459509,SportMix,catFood,18.59
6807,Sportmix Cat Original 15lb,034846600803,SportMix,catFood,20.79
6109,Sportmix Energy Plus 50lb,034846700916,SportMix,dogFood,52.39
6110,Sportmix High Energy 50lb,034846700435,SportMix,dogFood,52.39
6111,Sportmix Puppy Small Bite 16.5lb,034846600131,SportMix,dogFood,21.79
834,Adams Cat Spot on 5 and Over,039079003179,Spot,healthcare,21.79
832,Adams Dog Spot on 15-30 Lbs,039079003728,Spot,healthcare,21.79
831,Adams Dog Spot on 31-60lbs,039079003704,Spot,healthcare,21.79
833,Adams Dog Spot on 5-14lbs,039079003735,Spot,healthcare,21.79
830,Adams Dog Spot on 61-150lbs,039079003698,Spot,healthcare,18.59
7738,Sopt Play Strong Flex,077234549049,Spot,toys,14.19
890,Spot 20oz Hook on Cup,077234060117,Spot,birdSupplies,9.89
2209,Spot Adoorable Buzzing Insect,077234521922,Spot,toys,7.69
2199,Spot American Take-out,077234521991,Spot,toys,6.59
2188,Spot Animal Print Rattles,077234026588,Spot,toys,5.49
7750,"Spot Axolotl 6""",077234549629,Spot,toys,8.79
7743,"Spot Axolotl With Hat 6""",077234549636,Spot,toys,8.79
2184,Spot Birds of a Feather,077234028292,Spot,toys,6.59
2204,Spot Buzzing Insects,077234521915,Spot,toys,6.59
7981,Spot Calming Lick Mat,077234586228,Spot,accessories,7.69
2174,Spot Catch & Release Cat Toy,077234521106,Spot,toys,4.39
2754,Spot Chirpies,077234549339,Spot,toys,13.09
1549,Spot Clean Paws Mat,077234500071,Spot,accessories,39.29
2171,Spot Colored Burlap Balls 3pk,077234020890,Spot,toys,5.49
2179,Spot Colored Burlap Mice 3pk,077234020906,Spot,toys,5.49
2187,Spot Colored Plush Mice,077234020241,Spot,toys,5.49
2167,Spot Colorfulsprings Wide 10pk,077234025154,Spot,toys,3.29
2778,Spot Crunch and Sqk,077234043394,Spot,toys,11.99
2201,Spot Cuddly & Colorful 3pk,077234522271,Spot,toys,6.59
2190,Spot Dolphin Laser Wand,077234521199,Spot,toys,10.89
7736,Spot Dura Fused Dinosaur,077234549230,Spot,toys,11.99
2166,Spot Elasteez Ballwfeathers,077234520727,Spot,toys,3.29
2216,"Spot Fantastic Fish 6.5""",077234521175,Spot,toys,5.49
2191,Spot Fantfish Teaser Wand,077234521182,Spot,toys,6.59
2783,Spot Flat Jax,077234543580,Spot,toys,10.89
7732,Spot Fleece Rabbit,077234050248,Spot,toys,9.89
7730,Spot Fleece Slipper,077234050224,Spot,toys,8.79
2186,Spot Forest Friends,077234027042,Spot,toys,4.39
2786,Spot Fun Beverage Pawpsii,077234547625,Spot,toys,7.69
2788,Spot Fun Candy Twisted Whisker,077234546239,Spot,toys,8.79
2785,Spot Fun Food Ruffus,077234544440,Spot,accessories,8.79
2755,"Spot Fun Sloth 13""",077234544952,Spot,toys,13.09
2750,"Spot Fun Sloth 7""",077234544945,Spot,toys,8.79
2208,Spot Funfetti,077234549308,Spot,toys,4.39
2784,Spot Funfood Dogritos Chips,077234545898,Spot,accessories,10.89
2194,Spot Fuzzy Mouse Freddy,077234520840,Spot,toys,5.49
2752,Spot Gigglers Bird,077234043431,Spot,toys,13.09
2753,Spot Gigglers Small Hdghog,077234043400,Spot,toys,9.89
1594,Spot Handidrink Mini,661161515040,Spot,accessories,11.99
2178,Spot House Mouse Helen,077234520826,Spot,toys,5.49
2217,Spot Hug N Kick Fantastic Fish,077234521175,Spot,toys,8.79
2213,Spot Hug N Kick Shimmer Gimmer,077234521113,Spot,toys,6.59
2207,Spot Jittery Pets Fish,077234521946,Spot,toys,8.79
2198,Spot Jute & Feather Sack,077234029848,Spot,toys,5.49
2168,Spot Kitty Fun Tubes,077234520000,Spot,toys,4.39
2743,Spot Latex Animal,077234548721,Spot,toys,10.89
2683,"Spot Latex Food 8"" Assorted",077234548707,Spot,toys,7.69
2725,"Spot Latex Friends 9""",077234548677,Spot,toys,7.69
2742,Spot Latex Pals,077234548684,Spot,toys,7.69
2740,"Spot Latex Ring 5""",077234548660,Spot,toys,6.59
2712,"Spot Latex Sea Friend 8.5""",077234548691,Spot,toys,7.69
2170,Spot Lattice Balls 4pk,077234028483,Spot,toys,4.39
2215,Spot Led Motion Activated Ball,077234400166,Spot,toys,4.39
2212,Spot Led Mouse Pointer,030172104077,Spot,toys,8.79
7980,Spot Lil Spots,077234549308,Spot,toys,7.69
2214,Spot Love the Earth Barnyard Bird,077234521755,Spot,toys,5.49
2189,Spot Love the Earth Butterfly,077234521762,Spot,toys,6.59
2751,Spot Luna-corn,077234546086,Spot,toys,10.89
2172,Spot Mylar Balls 4pk,077234029145,Spot,toys,4.39
2192,Spot Mylar Butterfly Teaser Wand,077234521120,Spot,toys,5.49
1635,Spot Pet Food Can Cover 3pk,077234364819,Spot,accessories,3.29
7984,Spot Play Strong Flex,077234549070,Spot,toys,17.49
2197,Spot Plush Mice 2pk,077234029572,Spot,toys,3.29
2195,Spot Rattle Clatter Mouse,077234023778,Spot,toys,5.49
2177,Spot Sewmuchfun 3.5 Ball,077234521588,Spot,toys,6.59
2176,Spot Sewmuhfun 2.5 2pk Balls,077234520000,Spot,toys,6.59
2185,Spot Shimmer Glimmer,077234520772,Spot,toys,4.39
2210,Spot Silver Vine Cat Toy,077234521526,Spot,toys,6.59
2777,Spot Sir Sqks Alot,077234543429,Spot,toys,11.99
2219,Spot Skinneeez Cat,077234026816,Spot,toys,5.49
2760,Spot Skinneez Giraffe,077234057070,Spot,toys,13.09
2758,Spot Skinneez Jungle Cat Squeakers,077234056707,Spot,toys,25.09
2759,Spot Skinneez Squirell,077234053683,Spot,toys,14.19
2763,Spot Skinz Ext Trpl Squeak Crock,077234540961,Spot,toys,13.09
2762,Spot Skinz Ext Trpl Squeak Shark,077234540954,Spot,toys,13.09
2765,Spot Skinz Mallard Duck,077234055458,Spot,toys,10.89
2764,Spot Skinz Plus Duck,077234057339,Spot,toys,15.29
2769,Spot Sknz Big Bite Bear,077234056479,Spot,toys,15.29
2768,Spot Sknz Big Bite Jackal,077234056578,Spot,toys,18.59
2767,Spot Sknz Crinklers Large Bird,077234043127,Spot,toys,14.19
2773,Spot Sknz Ex Octopus,077234540978,Spot,toys,11.99
2776,Spot Sknz Ex Quilted Fox,077234541852,Spot,toys,16.39
2771,Spot Sknz Ex Quilted Mini Fox,077234542163,Spot,toys,10.89
2774,Spot Sknz Ex Quilted Squirell,077234541890,Spot,toys,16.39
2772,Spot Sknz Ex Trpl Squeak Snake,077234541852,Spot,toys,17.49
2766,Spot Sknz Plus Penguin,077234057322,Spot,toys,14.19
2775,Spot Sknz Stretch & Squeak,077234548271,Spot,toys,11.99
7751,Spot Slithery Snakes,077234543641,Spot,toys,11.99
2169,Spot Slotted Balls 4pk,077234028483,Spot,toys,3.29
7747,Spot Snuffle Roll Puzzle,077234548257,Spot,toys,10.89
2196,Spot Song Bird,077234028292,Spot,toys,8.79
2274,Spot Spinabout Electronic Laser,077234521304,Spot,accessories,22.89
2173,Spot Sponge Soccer Balls 4pk,077234023020,Spot,toys,6.59
2221,Spot Springy Fun W Pom-pom,077234522332,Spot,toys,7.69
2218,Spot Squiggly Snake,077234522226,Spot,toys,6.59
2346,Spot Steel Litter Scoop,077234027455,Spot,accessories,5.49
2180,Spot Stringy Mice & Balls 4pk,077234025055,Spot,toys,5.49
2756,"Spot Woodsy Gnome 12""",077234545614,Spot,toys,10.89
2182,Spot Wool Pompoms W Nip 4pk,077234028117,Spot,toys,3.29
1817,Spot in the Bag Waste Bags,077234984062,Spot,accessories,9.89
1380,Veterricyn Antimicrobial Hot Spot Gel,818582011952,Spot,healthcare,29.49
7776, Starmark Starmark Dental Treat Cookie Cup Dog Treat Lrg 3pk,873199004797,StarMark,treats,14.19
7774, Starmark Starmark Dental Treat Cookie Cup Dog Treat Small 3pk,873199004810,StarMark,dogTreats,7.69
7775,Starmark Starmark Dental Treat Cookie Cup Dog Treat Med 3pk,873199004803,StarMark,treats,9.89
4766,Starmark Large Cup Jar,873199004834,Starmark,dogTreats,26.19
4765,Starmark Medium Cup Jar,873199004841,Starmark,dogTreats,20.79
4764,Starmark Small Cup Jar,873199004858,Starmark,dogTreats,13.09
1406,Sulfodene 3 Way Ointment,039079024570,Sulfodene,healthcare,13.09
7618,Sulfodene Ear Cleaner Antiseptic 4oz,039079038546,Sulfodene,healthcare,10.89
1407,Sulfodene Hotspot Medicated Spray,039079001878,Sulfodene,healthcare,9.89
1170,Higgins Sunburst Canary & Finch,046706302253,Sunburst,birdSupplies,13.09
3685,"Sunburst Blue 10"" Collar",076484322259,Sunburst,leashesAndCollars,6.49
3678,Sunburst Blue 6' Leash,3443981210230,Sunburst,leashesAndCollars,11.69
917,Sunburst Fruit to Nuts,46706322503,Sunburst,birdSupplies,5.49
916,Sunburst Fruits and Veggies,46706322510,Sunburst,birdSupplies,5.49
4109,Sunburst Guinea Pig 3lb,720101352043,Sunburst,smallanimal,13.09
4095,Sunburst Hamster & Gerbil 2.5 lb,645095320420,Sunburst,smallanimal,11.99
4288,Sunburst Herb Garden,048081604229,Sunburst,smallanimal,4.39
3684,"Sunburst Lime 12"" Collar",015561223829,Sunburst,leashesAndCollars,6.49
915,Sunburst Millet Bits,046706322718,Sunburst,birdSupplies,3.29
4279,Sunburst Nutty Pumpkin,030172902048,Sunburst,smallanimal,3.29
3683,"Sunburst Orange 10"" Collar",015561224284,Sunburst,leashesAndCollars,6.49
4280,Sunburst Peas & Beans,030172902055,Sunburst,smallanimal,3.29
3691,"Sunburst Pink Bone 12"" Collar",015561224260,Sunburst,leashesAndCollars,6.49
3688,"Sunburst Pink Flower 10"" Collar",443983200086,Sunburst,leashesAndCollars,6.49
3686,"Sunburst Red10"" Collar",,Sunburst,leashesAndCollars,6.49
920,Sunburst Sticks Island Fruits,046706002627,Sunburst,birdSupplies,3.29
919,Sunburst Sticks Nuts & Berries,046706002641,Sunburst,birdSupplies,3.29
4286,Sunburst Veggie Garden,030172902864,Sunburst,smallanimal,5.49
4287,Sunburst Veggie Stick,644472015232,Sunburst,smallanimal,5.49
1143,Sunseed Dove & Pigeon Diet,087535361516,Sunseed,birdSupplies,19.69
935,Sunseed Fantasy Fruit Mix,087535593054,Sunseed,birdSupplies,10.89
1168,Sunseed Finch,087535470126,Sunseed,birdSupplies,14.19
1171,Sunseed Vitaprima Canary & Finch,087535597649,Sunseed,birdSupplies,16.39
5127,Supernatural Gemstone 5lb,008479058478,Super Natural,aquatics,6.59
7649,Sure Grow 100 100 Tablets,071860314491,Sure Grow,healthcare,21.79
7558,Suzie's CBD Beef Bone Broth 7.5oz,728028492453,Suzie's,healthcare,28.39
7557,Suzie's CBD Hearts,728028454994,Suzie's,healthcare,6.59
5245,Suzie's CBD Apple 6oz,728028492385,Suzie's CBD,dogTreats,18.59
5246,Suzie's CBD Original 6oz,728028492392,Suzie's CBD,dogTreats,18.59
5244,Suzie's CBD Pumpkin 6oz,728028488807,Suzie's CBD,dogTreats,18.59
4106,Sweet Harvest Guinea Pig 4lb,720101106042,Sweet Harvest,smallanimal,18.59
9247,Taste  Of The Wild High Prairie 28lb,074198613953,Taste Of The Wild,food,57.79
9251,Taste Of The Wild Ancient Grains Wetlands 5lb,074198614530,Taste Of The Wild,food,16.39
9250,Taste Of The Wild Ancient Mountain 28lb,074198614592,Taste Of The Wild,food,57.79
9248,Taste Of The Wild Pacific Stream 28lb,074198613939,Taste Of The Wild,food,57.79
9245,Tast Of The Wild Puppy High Prairie 14lb,074198613984,Taste of The Wild,food,38.19
9249,Taste Of The Wild Wetlands 28lb ,074198613915,Taste of The Wild,food,57.79
6073,Pacific Stream Puppy 14lb,074198614004,Taste of the Wild,dogFood,38.19
6072,Pacific Stream Puppy 5lb,074198611157,Taste of the Wild,dogFood,15.29
6051,Taste of the Wild Ancient Mountain 14lb,074198614585,Taste of the Wild,dogFood,38.19
6047,Taste of the Wild Ancient Mountain 5lb,074198614578,Taste of the Wild,dogFood,16.39
6049,Taste of the Wild Ancient Prairie 14lb,074198614462,Taste of the Wild,dogFood,38.19
6045,Taste of the Wild Ancient Prairie 5lb,074198614455,Taste of the Wild,dogFood,16.39
6050,Taste of the Wild Ancient Stream 14lb,074198614509,Taste of the Wild,dogFood,38.19
6052,Taste of the Wild Ancient Stream 28lb,074198614516,Taste of the Wild,dogFood,57.79
6048,Taste of the Wild Ancient Stream 5lb,074198614493,Taste of the Wild,dogFood,16.39
6055,Taste of the Wild Ancient Wetlands 14lb,074198614547,Taste of the Wild,dogFood,38.19
6053,Taste of the Wild Ancient Wetlands 28lb,074198614554,Taste of the Wild,dogFood,57.79
6058,Taste of the Wild Appalachian 14lb,074198612703,Taste of the Wild,dogFood,38.19
6060,Taste of the Wild Appalachian 5lb,074198612697,Taste of the Wild,dogFood,16.39
6685,Taste of the Wild Can River 5.5oz,074198611119,Taste of the Wild,dogFood,1.59
6818,Taste of the Wild Cat Canyon River 14lb,074198614035,Taste of the Wild,catFood,42.59
6819,Taste of the Wild Cat Canyon River 5lb,074198611027,Taste of the Wild,catFood,16.39
6816,Taste of the Wild Cat Lowland Creek 14lb,074198614103,Taste of the Wild,catFood,42.59
6817,Taste of the Wild Cat Lowland Creek 5lb,074198614097,Taste of the Wild,catFood,16.39
6498,Taste of the Wild High Prairie 13.2oz,074198610723,Taste of the Wild,dogFood,2.99
6068,Taste of the Wild High Prairie 14lb,074198613946,Taste of the Wild,dogFood,40.39
6069,Taste of the Wild High Prairie 28lb,842982079915,Taste of the Wild,dogFood,57.79
6067,Taste of the Wild High Prairie 5lb,074198609628,Taste of the Wild,dogFood,16.39
6071,Taste of the Wild High Prairie Puppy 28lb,074198613991,Taste of the Wild,dogFood,58.89
6070,Taste of the Wild High Prairie Puppy 5lb,074198611089,Taste of the Wild,dogFood,15.29
6495,Taste of the Wild Pacific Stream 13.2oz,074198610730,Taste of the Wild,dogFood,2.69
6063,Taste of the Wild Pacific Stream 14lb,074198613922,Taste of the Wild,dogFood,38.19
6062,Taste of the Wild Pacific Stream 5lb,074198609581,Taste of the Wild,dogFood,16.39
6820,Taste of the Wild Rocky Mountain 14lb,074198614028,Taste of the Wild,dogFood,41.49
6686,Taste of the Wild Rocky Mountain 5.5oz,074198611126,Taste of the Wild,dogFood,1.79
6821,Taste of the Wild Rocky Mountain 5lb,074198609666,Taste of the Wild,dogFood,16.39
6499,Taste of the Wild Sierra Mountain 13.2oz,074198611096,Taste of the Wild,dogFood,3.09
6065,Taste of the Wild Sierra Mountain 14lb,074198613960,Taste of the Wild,dogFood,38.19
6066,Taste of the Wild Sierra Mountain 28lb,074198613977,Taste of the Wild,dogFood,57.79
6064,Taste of the Wild Sierra Mountain 5lb,074198611010,Taste of the Wild,dogFood,16.39
6497,Taste of the Wild Southwest Canyon 13.2oz,074198611454,Taste of the Wild,dogFood,3.19
6057,Taste of the Wild Southwest Canyon 14lb,074198611324,Taste of the Wild,dogFood,38.19
6059,Taste of the Wild Southwest Canyon 5lb,074198611379,Taste of the Wild,dogFood,16.39
6496,Taste of the Wild Wetland 13.2oz,074198610716,Taste of the Wild,dogFood,2.99
6056,Taste of the Wild Wetland 14lb,074198613908,Taste of the Wild,dogFood,38.19
6061,Taste of the Wild Wetland 5lb,074198609697,Taste of the Wild,dogFood,16.39
1906,Territory Cow Pet Bd,022266176787,Territory,beds,65.39
9420, Tetra TetraFin Goldfish Flakes Fish Food 1oz,046798771265,Tetra,aquatics,4.39
9311,GloFish Betta Trilogy Aquarium,046798784081,Tetra,aquatics,98.09
9313,"GloFish Cresent Aquarium Kit Black, Clear 5 gal",046798290452,Tetra,aquatics,87.19
9312,"GloFish Glass Aquarium Kit Black, Clear 10 gal GloFish",047497331798,Tetra,aquatics,130.79
499,Reptisticks Turtle,097612400311,Tetra,reptiles,4.39
7483,Repto Min baby .92oz,046798165989,Tetra,reptiles,5.49
7482,Repto Treat Sun Dried Shrimp .35oz,046798162537,Tetra,reptiles,6.59
517,ReptoGuard Turtle Health Condi,046798169680,Tetra,reptiles,4.39
493,Reptomin Floating Turtle Sticks 1.94 oz,046798292524,Tetra,reptiles,5.49
492,Reptomin Floating Turtle Sticks 10.59oz,046798162551,Tetra,reptiles,26.19
491,Reptomin Floating Turtle Sticks Jumbo,046798166047,Tetra,reptiles,19.69
7167,Tetra 6in1 Test Strip 25 Count,046798195429,Tetra,aquatics,20.79
5641,Tetra 9w Uv Bulb,046798195276,Tetra,aquatics,31.69
7258,Tetra Accent Gravel,046798290186,Tetra,aquatics,7.69
7166,Tetra Ammonia Strip 25 Count,046798195405,Tetra,aquatics,21.79
7272,Tetra Bettamin .15oz,046798770237,Tetra,aquatics,4.39
7283,Tetra Bettamin .98oz,046798780076,Tetra,aquatics,4.39
7282,Tetra Bettamin 1 oz,046798770190,Tetra,aquatics,4.39
5479,Tetra Biobag Large,046798410034,Tetra,aquatics,6.59
5480,Tetra Carbon Filter Ex20 2pk Medium,046798263302,Tetra,aquatics,8.79
5481,"Tetra Carbon Filter Ex30, Ex45, Ex70 2pk Large",046798263333,Tetra,aquatics,10.89
5548,Tetra Carbon Filter Whsip Ex20 4pk Medium,046798263319,Tetra,aquatics,11.99
6991,Tetra Cichil Flake 5.65oz,046798161479,Tetra,aquatics,26.19
6993,Tetra Cichlid Flake 1.58oz,046798162452,Tetra,aquatics,10.89
6992,Tetra Cichlid Flake 2.82oz,046798162469,Tetra,aquatics,16.39
6994,Tetra Cichlid Stick 11.29oz,046798163503,Tetra,aquatics,26.19
6995,Tetra Cichlid Stick 5.65oz,046798162506,Tetra,aquatics,15.29
6982,Tetra Color 7.06oz,046798161622,Tetra,aquatics,27.29
6983,Tetra Color Plus 2.2oz,046798772507,Tetra,aquatics,13.09
6984,Tetra Color Plus 7.06oz,046798772514,Tetra,aquatics,28.39
6996,Tetra Community 3 in 1 3.25oz,046798770886,Tetra,aquatics,11.99
6997,Tetra Crisp Select a Food 2.4oz,046798770374,Tetra,aquatics,11.99
5775,Tetra Floating Lilly,046798190615,Tetra,aquatics,9.89
7223,Tetra Glo Anemone Pink,046798784456,Tetra,aquatics,14.19
7213,Tetra Glo Barrels,046798290681,Tetra,aquatics,14.19
7221,Tetra Glo Castle,046798780168,Tetra,aquatics,15.29
7222,Tetra Glo Clam,046798196297,Tetra,aquatics,11.99
7210,Tetra Glo Colcano,046798773016,Tetra,aquatics,11.99
7217,Tetra Glo Coral,046798786801,Tetra,aquatics,29.49
7205,Tetra Glo Gravel Black Lagoon,180181002014,Tetra,aquatics,8.79
7206,Tetra Glo Gravel Pearlescent,046798290841,Tetra,aquatics,9.89
7207,Tetra Glo Gravel Pink/Green/Blue,046798290858,Tetra,aquatics,8.79
7204,Tetra Glo Gravel White,046798290254,Tetra,aquatics,9.89
7201,Tetra Glo Green Fern,046798782803,Tetra,aquatics,8.79
7196,Tetra Glo Grey & White Plant Small,046798786740,Tetra,aquatics,7.69
7200,Tetra Glo Java Moss,046798782797,Tetra,aquatics,8.79
7208,Tetra Glo Lagoon Sand,046798784852,Tetra,aquatics,10.89
7232,Tetra Glo Large Green / orange Plant,046798780410,Tetra,aquatics,9.89
7231,Tetra Glo Large Purple/White Plant,046798780939,Tetra,aquatics,11.99
7233,Tetra Glo Large orange / YellowPlant,046798780458,Tetra,aquatics,13.09
7198,Tetra Glo Mangrove Tree,046798782742,Tetra,aquatics,16.39
7230,Tetra Glo Medium Purple/White Plant,046798780922,Tetra,aquatics,7.69
7229,Tetra Glo Medium orange /Yellow Plant,046798780441,Tetra,aquatics,7.69
7197,Tetra Glo Multi 1 Medium & 2 Large,046798292876,Tetra,aquatics,10.89
7238,Tetra Glo Multi Plant,046798784074,Tetra,aquatics,10.89
7239,Tetra Glo Orange/Yellow Plant,046798786801,Tetra,aquatics,7.69
7199,Tetra Glo Sea Grass,046798782773,Tetra,aquatics,8.79
7215,Tetra Glo Skull,046798196235,Tetra,aquatics,11.99
7225,Tetra Glo Small Purple/Green Plant,046798780472,Tetra,aquatics,5.49
7227,Tetra Glo Small Purple/Pink Plant,046798780878,Tetra,aquatics,5.49
7226,Tetra Glo Small orange /Yellow Plant,046798780434,Tetra,aquatics,5.49
7211,Tetra Glo Twisted Tree,046798773009,Tetra,aquatics,10.89
6977,Tetra Glofish Flake 1.59oz,046798770039,Tetra,aquatics,8.79
6973,Tetra Glofish Wafer 1.58oz,046798784432,Tetra,aquatics,9.89
7013,Tetra Goldfish Plus 2.2oz,046798772460,Tetra,aquatics,9.89
724,Tetra Hermit Crab Cakes,046798169765,Tetra,reptiles,5.49
7171,Tetra Ich Guard,046798773474,Tetra,aquatics,6.59
5803,Tetra Koi Vibe 1.4lb,046798164944,Tetra,aquatics,23.99
5796,Tetra Koi Vibrance,046798163596,Tetra,aquatics,9.89
5804,Tetra Koi Vibrance 3.31lb,046798164593,Tetra,aquatics,54.49
9315,Tetra LED Trapezoid Betta Tank Clear 1 gal,046798290506,Tetra,aquatics,23.99
7300,Tetra Led Half Moon,046798290490,Tetra,aquatics,32.69
7240,Tetra Orange /Pink Plant,046798786771,Tetra,aquatics,7.69
6974,Tetra Pleco Wafer 2.12oz,046798164470,Tetra,aquatics,8.79
5792,Tetra Pond Barley & Peat,046798162940,Tetra,aquatics,23.99
5795,Tetra Pond Flakes,046798162100,Tetra,aquatics,13.09
5764,Tetra Pond Pump Small,046798265863,Tetra,aquatics,82.89
5766,Tetra Pond Pump1000 Large,046798265887,Tetra,aquatics,65.39
5765,Tetra Pond Pump550 Medium,046798265870,Tetra,aquatics,43.59
5793,Tetra Pond Spring & Fall Diet,046798164678,Tetra,aquatics,13.09
5794,Tetra Pond Sticks,046798163541,Tetra,aquatics,7.69
5797,Tetra Pond Sticks 1lb,046798164838,Tetra,aquatics,20.79
5777,Tetra Pond Vacay Food,046798164777,Tetra,aquatics,7.69
7767,Tetra Pro Color Crisps 7.41,046798770800,Tetra,aquatics,32.69
7203,Tetra Red Algae,046798782766,Tetra,aquatics,5.49
6975,Tetra Shrimp Wafer 3oz,046798770244,Tetra,aquatics,8.79
7224,Tetra Small Green/Yellow Plant,046798780274,Tetra,aquatics,5.49
7010,Tetra Tetra Pro Color Crisps  2.65oz,046798770794,Tetra,aquatics,14.19
9421,Tetra TetraFin Goldfish Flakes Fish Food 0.42oz,046798770251,Tetra,aquatics,2.19
9418,Tetra TetraFin Goldfish Flakes Fish Food 2.2oz,046798771272,Tetra,aquatics,8.79
9416,Tetra TetraFin Goldfish Flakes Fish Food 7.06,046798161400,Tetra,aquatics,19.69
9405,Tetra TetraMin Plus Tropical Flakes Fish Food 7.06oz,046798772439,Tetra,aquatics,29.49
9406,Tetra TetraMin Tropical Flakes Fish Food 7.06,046798161066,Tetra,aquatics,27.29
6980,Tetra Tetracolor 1oz,046798771609,Tetra,aquatics,7.69
6981,Tetra Tetracolor 2.2oz,046798771616,Tetra,aquatics,11.99
6988,Tetra Tetramin .42oz,046798771012,Tetra,aquatics,4.39
6989,Tetra Tetramin 1oz,046798771029,Tetra,aquatics,7.69
6990,Tetra Tetramin 2.2oz,046798771043,Tetra,aquatics,11.99
7766,Tetra Tropical Granules 3.52oz,046798161219,Tetra,aquatics,10.89
5800,Tetra Uv Clarifier,046798195214,Tetra,aquatics,261.59
9316,"Tetra Water Wonders Aquarium Kit Clear, Black 1.5 gal",046798291374,Tetra,aquatics,49.09
5549,Tetra Whisper Bio Bag Large 3pk,046798261704,Tetra,aquatics,13.09
9358,"Tetra Whisper Bio-Bag Cartridge for IQ and PF Filters 3 pk, MD",046798261698,Tetra,aquatics,10.89
5478,Tetra Whisper Filter Cartridge Medium,046798261582,Tetra,aquatics,4.39
5477,Tetra Whisper Filter Cartridge Small 2pk,046798259008,Tetra,aquatics,5.49
5570,Tetra Whisper Pf10,046798263166,Tetra,aquatics,32.69
7202,Tetra Yellow Fern,046798782780,Tetra,aquatics,8.79
756,TetraFauna 75reptohabitat 75g,47497269237,Tetra,reptiles,359.69
513,TetraFauna Reptofilter Large 3 Pack,046798260493,Tetra,reptiles,17.49
9424,TetraPro Goldfish Crisps Fish Food 1ea/3.03 oz,046798770763,Tetra,aquatics,10.89
9423,TetraPro Goldfish Crisps Fish Food 7.90oz,046798770770,Tetra,aquatics,26.19
781,Tetrafaune Deluxe Reptohabitat 40,047497269176,Tetra,reptiles,305.19
6985,Tetramin Plus 1oz,046798772415,Tetra,aquatics,7.69
6986,Tetramin Plus 2.2oz,046798772422,Tetra,aquatics,13.09
782,Tetra Fauna 10g Repto hab,047497269190,Tetra015905002516,reptiles,54.49
4673,Milk-Bone Cmft Chews,,The J.M. Smucker Company,dogTreats,6.59
4672,Milk-Bone Trail Mix,,The J.M. Smucker Company,dogTreats,10.89
1792,Thunder Shirt Extra Extra Small,854880001479,Thunder Shirt,accessories,21.79
1793,Thunder Shirt Sport Extra Extra Small,819505013206,Thunder Shirt,accessories,40.39
1799,Thunder Shirt Sport Extra Small,819505013213,Thunder Shirt,accessories,43.59
1805,Thunder Shirt Sport L,819505013237,Thunder Shirt,accessories,58.89
1806,Thunder Shirt Sport M,819505013220,Thunder Shirt,accessories,45.79
1800,Thunder Shirt Sport Small,819505013190,Thunder Shirt,accessories,45.79
6843,Tiki Cat Aloha Friends Tuna & Tilapia 3oz,878408007057,Tiki Cat,catFood,1.59
6845,Tiki Cat Aloha Friends Tuna & Whitefish 3oz,,Tiki Cat,catFood,1.59
6844,Tiki Cat Luau Tuna & Chicken 6oz,,Tiki Cat,catFood,1.59
4201,Friends Farm Bathing Sand,730582206360,Tiny Friends Farm,smallanimal,14.19
4250,Friends Farm Pig Scrummies,,Tiny Friends Farm,dogFood,4.39
4084,Tiny Friends Farm Chinchilla 2lb,,Tiny Friends Farm,smallanimal,16.39
4097,Tiny Friends Farm Gerty Guinea Pig 2lb,730582211647,Tiny Friends Farm,smallanimal,11.99
4093,Tiny Friends Farm Hazel Hamster 2lb,730582211661,Tiny Friends Farm,smallanimal,11.99
4120,Tiny Friends Farm Russel Rabbit 2lb,,Tiny Friends Farm,smallanimal,11.99
1776,Titan Aerial Dog Run,076484890703,Titan,accessories,49.09
2665,Titan Comfort Tips Fine,076484093722,Titan,leashesAndCollars,3.39
2663,Titan Comfort Tips Heavy,076484093746,Titan,leashesAndCollars,4.19
2664,Titan Comfort Tips Medium,076484093739,Titan,leashesAndCollars,3.39
2662,Titan Comfort Tips Xhvy,76484093753,Titan,leashesAndCollars,3.39
2610,"Titan G2014"" Traincollarprg",076484560019,Titan,leashesAndCollars,30.99
2611,Titan G3018 Traincollarprg,076484560026,Titan,leashesAndCollars,32.69
2612,Titan G3320 Traincollarprg,076484560033,Titan,leashesAndCollars,40.39
2658,Titan Leash Black04 4' Fne,076484092701,Titan,leashesAndCollars,23.49
2661,Titan Leash Black04' Heavy 4',76484092800,Titan,leashesAndCollars,26.79
2660,Titan Leash Red02 2' Xhvy,076484550713,Titan,leashesAndCollars,29.59
2659,Titan Leash Red04 4' Fine,076484092718,Titan,leashesAndCollars,23.49
1743,Titan Shockspring with Snap,076484890420,Titan,accessories,6.59
1735,Titan Spiral Stake & Tie Out Combo,076484890130,Titan,healthcare,25.09
1742,Titan Tie Out Chain 15ft,076484890260,Titan,accessories,19.69
1756,Titan Tieout 10'giant,076484512087,Titan,accessories,29.49
1750,"Titan Tieout 15"" Medium",076484890604,Titan,accessories,16.39
1757,Titan Tieout 15' Giant,076484512094,Titan,accessories,31.69
1752,Titan Tieout 15' Heavy,076484890604,Titan,accessories,22.89
1758,Titan Tieout 20' Giant,076484512100,Titan,accessories,46.89
1753,Titan Tieout 20' Heavy,076484890611,Titan,accessories,27.29
1755,Titan Tieout 30' Giant,076484512117,Titan,accessories,46.89
1754,Titan Tieout 30' Heavy,076484890628,Titan,accessories,27.29
1751,Titan Tieout 30' Medium,076484890628,Titan,accessories,22.89
2650,"Titan Traincllr Fine 12"" 5520",076484093104,Titan,leashesAndCollars,7.79
2651,"Titan Traincllr Fine 14"" 5520",076484093111,Titan,leashesAndCollars,8.19
2652,"Titan Traincllr Fine 16"" 5520",076484093128,Titan,leashesAndCollars,8.19
2653,"Titan Traincllr Fine 18"" 5520",076484093135,Titan,leashesAndCollars,7.79
2638,"Titan Traincllr Heavy 20"" 5530",076484093319,Titan,leashesAndCollars,11.49
2639,"Titan Traincllr Heavy 22"" 5530",076484093326,Titan,leashesAndCollars,11.49
2640,"Titan Traincllr Heavy 24"" 5530",076484093333,Titan,leashesAndCollars,11.49
2641,"Titan Traincllr Heavy 26"" 5530",076484093340,Titan,leashesAndCollars,11.49
2654,"Titan Traincllr Medium 14"" 5525",076484093203,Titan,leashesAndCollars,9.09
2655,"Titan Traincllr Medium 16"" 5525",076484093210,Titan,leashesAndCollars,9.09
2656,"Titan Traincllr Medium 18"" 5525",076484093227,Titan,leashesAndCollars,9.49
2657,"Titan Traincllr Medium 20"" 5525",076484093234,Titan,leashesAndCollars,9.49
2648,"Titan Traincllr Xfine 10"" 5515",076484093012,Titan,leashesAndCollars,7.39
2649,"Titan Traincllr Xfine 12"" 5515",076484093128,Titan,leashesAndCollars,7.39
2642,"Titan Traincllr Xhvy 20"" 5540",076484093418,Titan,leashesAndCollars,16.89
2643,Titan Traincllr Xhvy 22' 5540,076484093425,Titan,leashesAndCollars,16.39
2644,"Titan Traincllr Xhvy 24"" 5540",076484093432,Titan,leashesAndCollars,16.39
2645,"Titan Traincllr Xhvy 26"" 5540",076484093449,Titan,leashesAndCollars,16.89
2646,"Titan Traincllr Xhvy 28"" 5540",076484093456,Titan,leashesAndCollars,16.89
2647,"Titan Traincllr Xhvy 30"" 5540",076484093463,Titan,leashesAndCollars,16.89
2637,"Titan Trincollar Heavy 18"" 5530",076484093302,Titan,leashesAndCollars,11.49
6054,Toe Anc Prairie 28lb,074198614479,Toe Anchor,dogFood,58.89
1984,Tomlyn Hairball Relief Gel for Cats,030521068098,Tomlyn,healthcare,22.89
1402,Tomlyn High Calorie Gel Adult Dog,030521067862,Tomlyn,healthcare,23.99
1986,Tomlyn High Calorie Gel Cat,030521067879,Tomlyn,healthcare,27.29
1985,Tomlyn High Calorie Gel Kitten,030521062188,Tomlyn,healthcare,25.09
1401,Tomlyn High Calorie Gel Puppy,030521067855,Tomlyn,healthcare,27.29
4973,Etta Says Buffalo Chew,015561224666,Treat Planet,dogTreats,3.29
2126,Surf Kitty Treats,854913005757,Treat Planet,catTreats,5.49
1504,Freshbreath Finger Brushes,645095002180,TropiClean,healthcare,6.59
1506,Freshbreath Toothbrush Large,645095002166,TropiClean,healthcare,6.59
1505,Freshbreath Toothbrush Small & Medium,645095002173,TropiClean,healthcare,6.59
1503,Freshbreath Total Care Kit,645095001282,TropiClean,healthcare,21.79
1429,Freshbreathe Drops,645095001978,TropiClean,healthcare,11.99
1499,Freshbreathe Enticers Penut Kit,645095006379,TropiClean,healthcare,14.19
1502,Freshbreathe Gel,645095001077,TropiClean,healthcare,13.09
1434,Freshbreathe Hip & Joint 16oz,645095001541,TropiClean,healthcare,14.19
1435,Freshbreathe Hip & Joint 33.8 oz,645095001831,TropiClean,healthcare,23.99
1500,Freshbreathe Kit Large,645095001299,TropiClean,healthcare,15.29
1501,Freshbreathe Kit Small & Medium,645095001282,TropiClean,healthcare,14.19
1432,Freshbreathe Oral Foam,645095001022,TropiClean,healthcare,11.99
1430,Freshbreathe Oral Spray,645095002197,TropiClean,healthcare,9.89
1431,Freshbreathe Oral Spray Peanut Butter,645095002340,TropiClean,healthcare,9.89
1436,Freshbreathe Solution 16oz,645095001015,TropiClean,healthcare,14.19
1437,Freshbreathe Solution 33.8oz,645095001831,TropiClean,healthcare,21.79
1433,Freshbreathe Support Skin Health 33.8 oz,645095001848,TropiClean,healthcare,20.79
1325,Spa Lavish Renew Shampoo,645095700239,TropiClean,healthcare,16.39
1324,Spa Lavish White Coat Shampoo,645095700611,TropiClean,healthcare,16.39
1232,Spa Lavish for Him 8oz,645095700574,TropiClean,healthcare,14.19
1323,Spa Lavish for Him Shampoo,645095700550,TropiClean,healthcare,16.39
1961,TropiClean Deepcleansing Cat Sham,645095869042,TropiClean,healthcare,7.69
804,TropiClean Ntrl Flea & Tick Soothing Spray,045095202542,TropiClean,healthcare,14.19
802,TropiClean Ntrl Flea & Tickk Soothing Sham,45095202542,TropiClean,accessories,14.19
1308,Tropiclean 4in1 Itch,645095003316,TropiClean,healthcare,16.39
1290,Tropiclean Bbypwder Pet Spray,645095861329,TropiClean,healthcare,11.99
1297,Tropiclean Berry Breeze Spray,645095861312,TropiClean,healthcare,11.99
1296,Tropiclean Deep Cleansing Berry,645095869011,TropiClean,healthcare,14.19
1306,Tropiclean Deep Cleansing Mango & Kiwi,645095006850,TropiClean,healthcare,16.39
1286,Tropiclean Deepclean Wipes Berry,645095010109,TropiClean,healthcare,14.19
1294,Tropiclean Deoderizing Shamp,645095202146,TropiClean,healthcare,14.19
1315,Tropiclean Dual Action Ear Cleaner,645095410022,TropiClean,healthcare,11.99
1320,Tropiclean Ear Wipes,645095008823,TropiClean,healthcare,11.99
1353,Tropiclean Essentials Goatmilk Sham,645095202160,TropiClean,accessories,15.29
1354,Tropiclean Essentials Jojoba Shamp,645095004184,TropiClean,healthcare,14.19
1247,Tropiclean Essentials Jojoba Spray,645095004245,TropiClean,healthcare,16.39
1356,Tropiclean Essentials Shea Butter Sham,645095004214,TropiClean,accessories,15.29
1355,Tropiclean Essentials Yuzu Sham,645095004177,TropiClean,accessories,15.29
1292,Tropiclean Facial Cleanser Waterless,645095869035,TropiClean,healthcare,9.89
1291,Tropiclean Flea & Tickk Relief,645095202115,TropiClean,accessories,14.19
1960,Tropiclean Hypoallergenic Cat Sham,645095006096,TropiClean,healthcare,7.69
1288,Tropiclean Hypoallergenic Coconut Sham,645095202146,TropiClean,healthcare,16.39
1289,Tropiclean Hypoallergenic Waterless,645095202139,TropiClean,healthcare,13.09
1287,Tropiclean Hypoallergenic Wipes Fragfree,645095010093,TropiClean,healthcare,14.19
1305,Tropiclean Kiwi Blossom Spray,645095006881,TropiClean,healthcare,11.99
1300,Tropiclean Lime & Coconutnut Spray,45095160026,TropiClean,healthcare,11.99
1301,Tropiclean Luxury 2in1,645095202184,TropiClean,healthcare,15.29
1307,Tropiclean Mango & Kiwi Spray,645095006157,TropiClean,healthcare,14.19
1295,Tropiclean Medicated Itch Relief,645095320420,TropiClean,healthcare,16.39
1304,Tropiclean Moisturizing Conditioner,645095202122,TropiClean,healthcare,14.19
1962,Tropiclean Natflea & Tick No Rinse Cat,645095007437,TropiClean,accessories,15.29
806,Tropiclean Natrl Flea & Tick Home Spray,645095320017,TropiClean,healthcare,16.39
801,Tropiclean Natural Flea & Tick Yard,645095320031,TropiClean,accessories,26.19
1956,Tropiclean Natural Flea Cat Mist,645095007420,TropiClean,accessories,19.69
805,Tropiclean Ntrl Flea & Tick Easy Mist,645095007413,TropiClean,accessories,19.69
803,Tropiclean Ntrl Flea & Tick Max Sham,645095202573,TropiClean,accessories,14.19
1963,Tropiclean Oxymed Hairball Foam Sham,645095003347,TropiClean,healthcare,16.39
1348,Tropiclean Oxymed Hypoallergenic Spray,645095003330,TropiClean,healthcare,11.99
1349,Tropiclean Oxymedanti-itch Medicated,645095003316,TropiClean,healthcare,16.39
1347,Tropiclean Oxymedhypoallergenic,645095869028,TropiClean,healthcare,15.29
1302,Tropiclean Papaya Mist Spray,645095007420,TropiClean,healthcare,11.99
1345,Tropiclean Perfect Fur Tangle Remover,645095000124,TropiClean,healthcare,13.09
1309,Tropiclean Pineapple Spray,645095160026,TropiClean,healthcare,14.19
1310,Tropiclean Refreshing 2in1,645095006133,TropiClean,healthcare,14.19
1299,Tropiclean Shed Control,645095202443,TropiClean,healthcare,14.19
1326,Tropiclean Skunk Shampoo,645095008281,TropiClean,healthcare,16.39
1346,Tropiclean Tangle Remover Sweetpea,645095160002,TropiClean,healthcare,14.19
1312,Tropiclean Vanilla Fascial Cleanser,645095869035,TropiClean,accessories,9.89
1298,Tropiclean Waterless Berry & Coconutnut,645095869080,TropiClean,healthcare,13.09
1303,Tropiclean Waterless Papaya & Coconut,645095202184,TropiClean,healthcare,11.99
1311,Tropiclean Watermelon Spray,645095160002,TropiClean,healthcare,13.09
1293,Tropiclean Whitening,645095202177,TropiClean,healthcare,14.19
1351,Tropicleanoxymed Medicated,645095003323,TropiClean,healthcare,15.29
1352,Tropicleanoxymed Pawpad Lotion,645095004092,TropiClean,healthcare,10.89
1350,Tropicleanoxymedantiitch Medi Spray,645095003316,TropiClean,healthcare,11.99
1274,Wash Away Green Tea Shamp,850024364684,TropiClean,healthcare,16.39
1275,Wash Away Lemon Verbena Shamp,850024364721,TropiClean,healthcare,16.39
1276,Wash Away Simply Clean Shamp,850024364660,TropiClean,healthcare,16.39
7695,Tropiclean Berry Deep Cleaning Cat Shampoo 12oz,645095006218,Tropiclean,healthcare,7.69
7621,Tropiclean Ear Wipes Mild Coconut 50 Wipes,645095010116,Tropiclean,healthcare,10.89
7619,Tropiclean Home Vet Ear Mite Treatment 2oz,645095008823,Tropiclean,healthcare,11.99
7616,Tropiclean Home Vet Ear Vet Strength 2oz,645095008830,Tropiclean,healthcare,20.79
7617,Tropiclean Home Vet Enzymatic Ear Wash 4oz,645095008816,Tropiclean,healthcare,9.89
7694,Tropiclean Waterless Cat Shampoo Coco 7.4oz,645095869059,Tropiclean,healthcare,10.89
4849,"Tuesday 12"" Collagen Sticks Beef",072705114122,Tuesday Pet,dogTreats,7.69
4848,Tuesday Beef Bladder,046798162537,Tuesday Pet,dogTreats,8.79
4856,"Tuesdays 10"" Beef Cheek Peanut Butter",840139122958,Tuesday's Natural Dog Company,dogTreats,14.19
4855,"Tuesdays 10"" Beef Cheek Roll Dusted",046798162537,Tuesday's Natural Dog Company,dogTreats,14.19
4854,"Tuesdays 10-12"" Beef Basted Chkrll",097612410501,Tuesday's Natural Dog Company,dogTreats,14.19
4850,"Tuesdays 10-12"" Stuff Pork Gullets",046798165989,Tuesday's Natural Dog Company,dogTreats,7.69
4852,"Tuesdays 12"" Cllgen Peanut Butter",046798292531,Tuesday's Natural Dog Company,dogTreats,7.69
4851,"Tuesdays 5"" Beef Cheek Roll",046798162537,Tuesday's Natural Dog Company,dogTreats,9.89
4846,"Tuesdays 6"" Spiral Collagen Stix",096316280779,Tuesday's Natural Dog Company,dogTreats,4.39
4847,"Tuesdays 6"" Tremenda Chw Bull",046798166047,Tuesday's Natural Dog Company,dogTreats,5.49
4525,Tuesdays 95% Duck Flips,810723031546,Tuesday's Natural Dog Company,dogTreats,15.29
4524,Tuesdays 95% Training Venison Bites,810723031256,Tuesday's Natural Dog Company,dogTreats,11.99
4853,Tuesdays Chicken Basted Cheek Roll,097612400564,Tuesday's Natural Dog Company,dogTreats,9.89
4523,Tuesdays Chicken Jerky,855591005008,Tuesday's Natural Dog Company,dogTreats,13.09
4456,Tuesdays Filled Hoof Peanut Butter,096316700611,Tuesday's Natural Dog Company,dogTreats,5.49
4522,Tuesdays Rocky Mountain Oysters,810723035308,Tuesday's Natural Dog Company,dogTreats,10.89
4845,Tuesdays Small Beef Tail,046798162537,Tuesday's Natural Dog Company,dogTreats,3.29
7810,Tuesday's Ostrich Jerky 4oz,810723036312,Tuesdays,treats,17.49
7818,tuesddays Ostrich Heart & Lung Mix 4oz,810723036350,Tuesdays,treats,16.39
2846,Tuffy  Eel,180181010019,Tuffy,toys,19.69
2855,Tuffy  Junior Elephant,180181908101,Tuffy,toys,29.49
2866,Tuffy Jr. Boomerang,180181016011,Tuffy,toys,20.79
2838,Tuffy Junior 3 Way Tug,180181906329,Tuffy,toys,25.09
7726,Tuffy Mighty Ball ,180181907449,Tuffy,toys,14.19
7725,Tuffy Mighty Bone,180181907913,Tuffy,toys,20.79
2856,Tuffy Octopus Small,180181905285,Tuffy,toys,33.79
2843,Tuffy Small-octopus,180181007019,Tuffy,toys,22.89
7721,Tuffy Starfish ,180181009013,Tuffy,toys,20.79
7723,Tuffy T-U-R-CB,180181001048,Tuffy,toys,18.59
2857,Tuffy T-U-R-PL,180181001024,Tuffy,toys,18.59
2845,Tuffy T-a-green-alien,180181903731,Tuffy,toys,41.49
2850,Tuffy T-ds-lizard,180181903748,Tuffy,toys,22.89
2862,Tuffy T-ff-hotdog,180181020957,Tuffy,toys,21.79
2859,Tuffy T-junior-b-cb,180181020124,Tuffy,toys,14.19
2852,Tuffy T-junior-b-rp,180181020117,Tuffy,toys,14.19
2839,Tuffy T-junior-br-rp,180181006012,Tuffy,toys,18.59
2864,Tuffy T-junior-r-rp,180181011016,Tuffy,toys,14.19
2863,Tuffy T-junior-r-yb,180181005039,Tuffy,toys,15.29
2851,Tuffy T-oc- Dolphin,180181023668,Tuffy,toys,27.29
2854,Tuffy T-oc-larry Lobster,180181020148,Tuffy,toys,23.99
2848,Tuffy T-oc-shark-em,180181909498,Tuffy,toys,22.89
2861,Tuffy T-u-b-rp,180181002014,Tuffy,toys,20.79
2860,Tuffy T-u-b-yb,180181011030,Tuffy,toys,15.29
2842,Tuffy T-u-t-yb,180181002038,Tuffy,toys,35.99
2841,Tuffy Tug Ring,180181905339,Tuffy,toys,28.39
2844,Tuffy Turtle,180181020308,Tuffy,toys,20.79
2840,Tuffy Ultimate 3 Way Tug,180181906350,Tuffy,toys,20.79
2849,Tuffy alligator,180181910036,Tuffy,toys,27.29
2847,Tuffy junior-fish-or,180181908576,Tuffy,toys,17.49
2865,Tuffy killer Whale,180181907555,Tuffy,toys,21.79
2853,Tuffy scorpion,180181903694,Tuffy,toys,26.19
6689,Tuffy's Cat Chicken & Tuna 5.5oz,073893022213,Tuffy,catFood,1.39
9181,Tuffy’s Gold Chicken & Fish Formula Dog Food 12.5oz,073893025511,Tuffys,food,2.59
9182,Tuffy’s Gold Chicken & Rice Formula Dog Food 12.5oz,073893025504,Tuffys,food,2.59
843,Turbo Animal Prints,076484835247,Turbo,toys,2.19
841,Turbo Birds,76484228582,Turbo,toys,3.29
835,Turbo Cat Ball,076484835322,Turbo,healthcare,2.19
847,Turbo Fish,76484536014,Turbo,toys,2.19
839,Turbo Foil Ball,076484536076,Turbo,toys,2.19
849,Turbo Hairy,076484835254,Turbo,toys,2.19
2156,Turbo Infiniti Scratcher,076484596025,Turbo,toys,26.19
2164,Turbo Milkcarton Scratcher,076484596001,Turbo,toys,25.09
837,Turbo Octopus,076484228612,Turbo,toys,3.29
2102,Turbo Race Track Scratcher,076484533815,Turbo,toys,29.49
2279,Turbo Replacement Pads 2pk,879213001056,Turbo,accessories,14.19
840,Turbo Sponge Ball,076484835339,Turbo,toys,2.19
838,Turbo Sports Ball,076484855313,Turbo,toys,2.19
2165,Turbo Stacked Rainbow Scratcher,076484596049,Turbo,toys,25.09
844,Turbo Stick and Ball,076484536090,Turbo,toys,5.49
2101,Turbo Truck Scratcher,076484596032,Turbo,toys,32.69
850,Turbo Twine Ball,076484835292,Turbo,toys,2.19
836,Turbo Yarn Ball,076484835278,Turbo,toys,2.19
944,Tweet Eats Corn Puffs,030172101212,Tweet Eats,birdSupplies,11.99
1403,Ultra Joint for Joint Pain 8oz,052369000092,Ultr Oil,healthcare,29.49
7627,Ultra Oil Skin & Coat 16oz,852369000166,Ultra Oil,healthcare,31.69
7628,Utra Oil Skin & Coat 8oz,852369000081,Ultra Oil,healthcare,23.99
2374,Litterpearls Micro Crystals 3.5lb,633843106044,Ultra Pet,accessories,17.49
9243,Grain Free Chicken & Sweet Potato 28lb,074198611522,Unknown,dogFood,50.19
6458,VICTOR Beef & Vegetable 13.2oz,854524005450,VICTOR,dogFood,3.19
6442,VICTOR Beef 15lb,854524005092,VICTOR,dogFood,30.59
6443,VICTOR Beef 30lb,899944446445,VICTOR,dogFood,45.79
6441,VICTOR Beef 5lb,894308002336,VICTOR,dogFood,13.09
6455,VICTOR Chicken & Rice 13.2oz,854524005412,VICTOR,dogFood,3.09
6457,VICTOR Chicken & Vegetable 13.2oz,854524005429,VICTOR,dogFood,3.09
6423,VICTOR Hi Energy 40lb,076484063428,VICTOR,dogFood,53.49
6429,VICTOR Hi Pro 15lb,854524005139,VICTOR,dogFood,33.79
6428,VICTOR Hi Pro 30lb,076484638671,VICTOR,dogFood,50.19
6426,VICTOR Hi Pro 50lb,076484063442,VICTOR,dogFood,67.59
6433,VICTOR Lamb & Brown Rice 5lb,894308002053,VICTOR,dogFood,16.39
6456,VICTOR Lamb & Rice 13.2oz,854524005443,VICTOR,dogFood,3.19
6434,VICTOR Lamb & Rice 15lb,854524005115,VICTOR,dogFood,34.89
6436,VICTOR Lamb & Sweet Potato 15lb,854524005160,VICTOR,dogFood,42.59
6437,VICTOR Lamb & Sweet Potato 30lb,854524005177,VICTOR,dogFood,73.09
6435,VICTOR Lamb & Sweet Potato 5lb,854524005184,VICTOR,dogFood,17.49
6439,VICTOR Multi 30lb,854524005214,VICTOR,dogFood,39.29
6440,VICTOR Nutra Pro 40lb,854524005085,VICTOR,dogFood,66.49
6438,VICTOR Ocean Fish 40lb,894308002497,VICTOR,dogFood,71.99
6424,VICTOR Performance 40lb,894308002404,VICTOR,dogFood,58.89
6427,VICTOR Prof 30lb,076484063411,VICTOR,dogFood,46.89
6445,VICTOR Puppy 30lb,894308002473,VICTOR,dogFood,63.29
6444,VICTOR Puppy 5lb,894308002169,VICTOR,dogFood,16.39
6430,VICTOR Salmon Sensitive 5lb,899944446391,VICTOR,dogFood,16.39
6422,VICTOR Senior 40lb,076484638640,VICTOR,dogFood,62.19
6432,VICTOR Sensitive Lamb 15lb,899944446346,VICTOR,dogFood,38.19
6431,VICTOR Sensitive Lamb 5lb,899944446339,VICTOR,dogFood,16.39
6459,VICTOR Turkey & Sweet Potato 13.2,854524005436,VICTOR,dogFood,3.09
6425,VICTOR Yukon 30lb,894308002510,VICTOR,dogFood,70.89
6815,Victor Cat High Pro 5lb,854524005832,VICTOR,catFood,15.29
3474,Valhoma 16 Large Collar,001556122730,Valhoma,leashesAndCollars,21.79
3476,Valhoma 18 Large Collar,001556122730,Valhoma,leashesAndCollars,21.79
3475,Valhoma 18 Tq Collar,000011608541,Valhoma,leashesAndCollars,21.79
3477,Valhoma 20 Black Collar,8436993235,Valhoma,leashesAndCollars,21.79
3478,Valhoma 20 Large Collar,001556122730,Valhoma,leashesAndCollars,21.79
3479,Valhoma 20 Pr Collar,001556122729,Valhoma,leashesAndCollars,21.79
3480,Valhoma 20 Red Collar,076484108518,Valhoma,leashesAndCollars,21.79
3482,Valhoma 22 Hp Collar,009631667110,Valhoma,leashesAndCollars,21.79
3481,Valhoma 22 Large Collar,001556122620,Valhoma,leashesAndCollars,21.79
3483,Valhoma 22 Pr Collar,009761262154,Valhoma,leashesAndCollars,21.79
3484,Valhoma 22 Red Collar,076484104718,Valhoma,leashesAndCollars,21.79
3488,Valhoma 24 Black Collar,9761262220,Valhoma,leashesAndCollars,21.79
3485,Valhoma 24 Hp Collar,009761262220,Valhoma,leashesAndCollars,21.79
3487,Valhoma 24 Pr Collar,005000583287,Valhoma,leashesAndCollars,21.79
3486,Valhoma 24 Red Collar,076484410031,Valhoma,leashesAndCollars,21.79
3489,Valhoma 26 Black Collar,5003967285,Valhoma,leashesAndCollars,21.79
3492,Valhoma 26 Pr Collar,001083820165,Valhoma,leashesAndCollars,21.79
3490,Valhoma 26 Red Collar,001083820165,Valhoma,leashesAndCollars,21.79
3491,Valhoma 26 Ro Collar,001556123259,Valhoma,leashesAndCollars,21.79
3494,Valhoma 28 Pr Collar,009631670022,Valhoma,leashesAndCollars,21.79
3493,Valhoma 28 Ro Collar,009631670022,Valhoma,leashesAndCollars,21.79
3503,Valhoma Spike 16 Black Collar,9761262211,Valhoma,leashesAndCollars,30.59
3495,Valhoma Spike 16 Hp Collar,009761211850,Valhoma,leashesAndCollars,31.69
3511,Valhoma Spike 16 Hy Collar,9761240143,Valhoma,leashesAndCollars,32.69
3497,Valhoma Spike 18 Large Collar,0011608541,Valhoma,leashesAndCollars,32.69
3507,Valhoma Spike 18 Pr Collar,9761240301,Valhoma,leashesAndCollars,31.69
3499,Valhoma Spike 18 Red Collar,076484104312,Valhoma,leashesAndCollars,31.69
3509,Valhoma Spike 18 Tq Collar,,Valhoma,leashesAndCollars,31.69
3501,Valhoma Spike 20 Black Collar,8436993235,Valhoma,leashesAndCollars,32.69
3496,Valhoma Spike 20 Large Collar,,Valhoma,leashesAndCollars,32.69
3506,Valhoma Spike 20 Pr Collar,,Valhoma,leashesAndCollars,32.69
3505,Valhoma Spike 22 Black Collar,,Valhoma,leashesAndCollars,34.89
3502,Valhoma Spike 22 Black Collar,,Valhoma,leashesAndCollars,34.89
3512,Valhoma Spike 24 Hw Collar,009761211060,Valhoma,leashesAndCollars,35.99
3500,Valhoma Spike 24 Red Collar,9761211060,Valhoma,leashesAndCollars,34.89
3504,Valhoma Spike 26 Black Collar,5003967285,Valhoma,leashesAndCollars,34.89
3498,Valhoma Spike 26 Large Collar,009119770062,Valhoma,leashesAndCollars,34.89
3508,Valhoma Spike 26 Pr Collar,1083820165,Valhoma,leashesAndCollars,34.89
3510,Valhoma Spike 26 Tq Collar,9119770062,Valhoma,leashesAndCollars,37.09
6450,Valu-Pak 24/20 Red 50lb,071898431863,Valu-Pak,dogFood,46.89
6449,Valu-Pak 28/20 Bla 50lb,071898431962,Valu-Pak,dogFood,50.19
6448,Valu-Pak 30/20 Purpl 50lb,071898122426,Valu-Pak,dogFood,53.49
2301,24oz Stainless Bowl,079441002324,Van Ness,accessories,8.79
1621,8oz Stainless Cat Dish,079441002317,Van Ness,accessories,4.39
1622,8oz Stainless Cat Dish Decorated,079441002584,Van Ness,accessories,5.49
1627,Ecoware Cat Dish,079441002256,Van Ness,accessories,6.59
2305,Pureness Giant 8 Cat Pan Liners,079441004137,Van Ness,accessories,7.69
2306,Pureness Large 12 Cat Pan Liners,079441004120,Van Ness,accessories,7.69
2307,Pureness Xg Drwstng Pan Liner,079441004182,Van Ness,accessories,7.69
1693,Ruff N Tuff 3qt,842982072572,Van Ness,accessories,18.59
1649,Ruff N Tuff Double Diner,842982072107,Van Ness,accessories,16.39
1694,Ruffmtuff 2qt,842982072565,Van Ness,accessories,14.19
1710,Vanilla Ness Dual 42oz,079441002126,Van Ness,accessories,5.49
1711,Vanilla Ness Single 16oz,079441002362,Van Ness,accessories,3.29
1692,Vanness 1.48 L Double,079441002133,Van Ness,accessories,6.59
1691,Vanness 16oz Double,079441002119,Van Ness,accessories,3.29
2356,Vanness Cat Starter Kit,79441004052,Van Ness,accessories,32.69
2411,Vanness Corner Cat Litter Pan,079441004687,Van Ness,accessories,18.59
2402,Vanness Corner Enclosed Litter Pan,079441004694,Van Ness,accessories,43.59
2304,Vanness Drawstring Cat Pan Liner,079441004106,Van Ness,accessories,7.69
2400,Vanness Exgiant Enclosed Litbox,079441004076,Van Ness,accessories,38.19
2410,Vanness High Sides Large Pan,079441004922,Van Ness,accessories,16.39
2360,Vanness Large Framed Cat Pan,079441004045,Van Ness,accessories,32.69
2343,Vanness Litter Scoop,079441004212,Van Ness,accessories,2.19
2365,Vanness Sifting Cat Pan,079441004250,Van Ness,accessories,38.19
1712,Vanness Single 44oz,079441002034,Van Ness,accessories,6.59
2347,Vanness Trackless Litter Mat,079441004410,Van Ness,accessories,13.09
2308,Vanness Xg 10 Liners Sifting,079441004199,Van Ness,accessories,10.89
7668,Vaness Dinner Mat,079441008029,Vaness,accessories,14.19
7428,Vet's + Best Hot Spot Shampoo,031658100101,Vet's Best,healthcare,23.99
7654,Vetality Canine Asprin Large Dog 120 Chews,190623300639,Vetality,healthcare,23.99
7583, Vetericyn Plus Antimicrobial Reptile Wound and Skin Care,,Vetericyn,reptiles,23.99
1378,Vetericyn Anitmicrobial Eye Wash 3oz,818582011976,Vetericyn,healthcare,25.09
1375,Vetericyn Antimicrobial  Wound Care 8oz,852009002017,Vetericyn,healthcare,35.99
1376,Vetericyn Antimicrobial Dressing Gel 3oz,18582010405,Vetericyn,healthcare,31.69
1379,Vetericyn Antimicrobial Ear Rinse,818582011969,Vetericyn,healthcare,22.89
1967,Vetericyn Facial Therepy Cat,818582010924,Vetericyn,healthcare,23.99
7624,Vetericyn Hot Spot Spray 8oz,852009002062,Vetericyn,healthcare,35.99
7623,Vetericyn Hydro Gel 3oz,818582011938,Vetericyn,healthcare,35.99
7622,Vetericyn Hydro Gel 8oz,852009002109,Vetericyn,healthcare,41.49
1966,Vetericyn Hydrogel Cat,818582011945,Vetericyn,healthcare,28.39
1377,Vetericyn Pet Eye Gel 3oz,818582010238,Vetericyn,healthcare,32.69
7625,Vetericyn Triple Action Ear Treatment 1.5oz,818582013536,Vetericyn,healthcare,35.99
1319,Veterinary Formula Ear Therapy Wipes,736990014788,Veterinary Formula,healthcare,18.59
1206,Vision Compact Cage Lamp,080605838000,Vision,birdSupplies,87.19
1205,Vision Daylight Led,080605838352,Vision,birdSupplies,20.79
960,Vision Perch Green,080605834057,Vision,birdSupplies,7.69
4083,Complete Chinchilla Degu 3lb,015561222877,Vitakraft,smallanimal,20.79
4277,Complete Crunch Carrot,048081110706,Vitakraft,smallanimal,7.69
4276,Complete Crunch Cheese,030172902024,Vitakraft,smallanimal,7.69
4262,Drops Forest Fruit,048081003732,Vitakraft,smallanimal,6.59
4263,Drops Veggie,644472991536,Vitakraft,smallanimal,6.59
4219,Fresh World Bedding,071859006239,Vitakraft,smallanimal,9.89
4261,Menu Flakes Carrot & Beetroot,048081003701,Vitakraft,smallanimal,5.49
4255,Smakers Nut,642863111297,Vitakraft,smallanimal,6.59
4314,Vita Drops Pigs,,Vitakraft,smallanimal,19.69
4313,Vita Drops Pure Vitamin C Pigs,073893173045,Vitakraft,smallanimal,21.79
4108,Vitagarden Guinea Pig 4lb,039079060172,Vitakraft,smallanimal,17.49
4094,Vitagarden Hamster & Gerbil 2.5 lb,732221333277,Vitakraft,smallanimal,8.79
4089,Vitagarden Rat & Mouse 2.5 lb,077234023778,Vitakraft,smallanimal,8.79
4281,Vitaherbal Rice Ring,644472008401,Vitakraft,smallanimal,5.49
4260,Vitakraft Drops Wldberry Flavor,048081003305,Vitakraft,smallanimal,8.79
896,Vitakraft Sticks Apple & Honey Parrot,051233316871,Vitakraft,birdSupplies,10.89
897,Vitakraft Sticks Apricot & Cherry Conur,051233316956,Vitakraft,birdSupplies,7.69
895,Vitakraft Sticks Apricot & Cherry Parrot,051233316895,Vitakraft,birdSupplies,10.89
4274,Vitakraft Sticks Carrot & Honey,051233316956,Vitakraft,smallanimal,7.69
904,Vitakraft Sticks Egg and Honey Keets,051233211206,Vitakraft,birdSupplies,5.49
4272,Vitakraft Sticks Pnut & Honey,051233316895,Vitakraft,smallanimal,7.69
4273,Vitakraft Sticks Popgrain & Honey,051233316871,Vitakraft,smallanimal,7.69
1221,Vitaseed Caliblend 25lbs,046706210053,Vitakraft,birdSupplies,95.99
2111,Vital Cat Ahi Tuna Bites,840199694006,Vital Essentials,catTreats,9.89
2114,Vital Cat Chicken Giblets,840199694020,Vital Essentials,catTreats,9.89
2110,Vital Cat Chicken Hearts,840199694037,Vital Essentials,catTreats,9.89
2112,Vital Cat Duck Liver,840199694044,Vital Essentials,catTreats,10.89
2109,Vital Cat Minnows,840199694051,Vital Essentials,catTreats,10.89
2113,Vital Cat Rabbit Bites,840199694068,Vital Essentials,catTreats,9.89
2106,Vital Cat Salmon Bites,840199694075,Vital Essentials,catTreats,9.89
9270,Vital Essentials Beef & Salmon Soft Nibs 14oz,840199680214,Vital Essentials,food,31.69
6394,Vital Essentials Beef Mini Nibbles 14oz,840199680030,Vital Essentials,dogFood,32.69
6393,Vital Essentials Beef Mini Patties 14oz,840199681013,Vital Essentials,dogFood,32.69
6399,Vital Essentials Beef Protein Mix In 6oz,840199682010,Vital Essentials,dogFood,15.29
4771,Vital Essentials Beef Tripe Bites 2.3oz,840199684038,Vital Essentials,catTreats,16.39
6676,Vital Essentials Cat Chicken Mini Nibbles 12oz,840199690039,Vital Essentials,catFood,32.69
6680,Vital Essentials Cat Chicken Patties 8oz,840199691036,Vital Essentials,catFood,21.79
6918,Vital Essentials Cat Duck 28oz,840199697014,Vital Essentials,catFood,20.79
6917,Vital Essentials Cat Frozen Turkey 28oz,840199697038,Vital Essentials,catFood,17.49
4776,Vital Essentials Chicken Breast 2.1oz,840199684069,Vital Essentials,catTreats,13.09
4777,Vital Essentials Chicken Heart 1.9 oz,840199684076,Vital Essentials,dogTreats,16.39
6396,Vital Essentials Chicken Mini Nibbles 14oz,840199680061,Vital Essentials,dogFood,32.69
6395,Vital Essentials Chicken Mini Patties 14oz,840199681020,Vital Essentials,dogFood,32.69
6398,Vital Essentials Chicken Protein Mix In 6oz,840199682041,Vital Essentials,dogFood,15.29
4773,Vital Essentials Duck Bites 2.0oz,840199684090,Vital Essentials,catTreats,16.39
6681,Vital Essentials Duck Mini Nibbles 12oz,840199690053,Vital Essentials,dogFood,40.39
6392,Vital Essentials Duck Mini Nibbles 14oz,840199680092,Vital Essentials,dogFood,35.99
6391,Vital Essentials Duck Mini Patties 14oz,840199681037,Vital Essentials,dogFood,32.69
6682,Vital Essentials Duck Patties 8oz,840199691050,Vital Essentials,dogFood,27.29
7770,Vital Essentials Freeze-Dried Raw Beef Liver 2.1oz,840199684007,Vital Essentials,treats,8.79
7771,Vital Essentials Freeze-Dried Raw Rabbit Bites 2.0oz,840199684137,Vital Essentials,treats,17.49
9271,Vital Essentials Lamb & White Fish Soft Nibs 14oz,840199680238,Vital Essentials,food,32.69
4775,Vital Essentials Minnows 1.0 oz,840199684113,Vital Essentials,catTreats,15.29
6684,Vital Essentials Pork Mini Nibbles 12oz,840199690077,Vital Essentials,dogFood,32.69
4770,Vital Essentials Salmon Bites 2.5oz,840199684151,Vital Essentials,catTreats,16.39
6683,Vital Essentials Turkey 12oz,840199690114,Vital Essentials,dogFood,32.69
6390,Vital Essentials Turkey Mini Nibbles 14oz,,Vital Essentials,dogFood,32.69
6389,Vital Essentials Turkey Mini Pate 14oz,840199681051,Vital Essentials,dogFood,32.69
6397,Vital Essentials Turkey Protein Mix In 6oz,840199682133,Vital Essentials,dogFood,15.29
4258,Herb Smack Brocc-rose,048081623961,Vitapol,smallanimal,7.69
4257,Herb Smack Gpaw Orchard,048081623954,Vitapol,smallanimal,7.69
4259,Herb Smack Grandma Patch,048081623992,Vitapol,accessories,7.69
4256,Herb Smack Red Veggies,87535360694,Vitapol,smallanimal,7.69
4265,Smackers Banana,048081011393,Vitapol,smallanimal,6.59
4264,Smackers Popcorn,048081711408,Vitapol,smallanimal,6.59
4266,Smackers Strawberry,644472010046,Vitapol,smallanimal,6.59
4267,Smackers Veggie,048081011362,Vitapol,smallanimal,6.59
894,Vitapol Fruite Smackers Cockatiel,644472002355,Vitapol,birdSupplies,3.29
880,Vitapol Mineral Block,44472017632,Vitapol,birdSupplies,6.59
908,Vitapol Smackers 3w1,44472002126,Vitapol,birdSupplies,7.69
909,Vitapol Smackers Snacks Straw,644472010046,Vitapol,birdSupplies,6.59
898,Vitapol Smakers Maxi 2pc,44472002393,Vitapol,birdSupplies,20.79
899,Vitapol Smakers Nuts Cockatiel,644472002331,Vitapol,birdSupplies,6.59
906,Vitapol Smakers Snack Fruit Cocktiel,44472006209,Vitapol,birdSupplies,6.59
905,Vitapol Smakers Snack Kiwi Cocktiel,644472991499,Vitapol,birdSupplies,6.59
900,Vitapol Vitaline Paradise 2pc Parr,644472013894,Vitapol,birdSupplies,14.19
911,Vitapol Vitaline Smakers Super Foods,644472013870,Vitapol,birdSupplies,7.69
910,Vitapol Vitaline Smakers Vege 2pc,644472013887,Vitapol,birdSupplies,7.69
4407,Nation Cozy Cube,,Ware,smallanimal,29.49
4403,Nation Hide & seek Tunnel,097612200294,Ware,smallanimal,22.89
4398,Ramp Covers 3pk,759834053514,Ware,smallanimal,17.49
1210,Ware Cockatiel Nest Box,791611015766,Ware,birdSupplies,59.99
4315,Ware Festive Chew Mix,048081625033,Ware,smallanimal,6.59
4316,Ware Hanging Loofa Bunch,723503562041,Ware,smallanimal,8.79
1211,Ware Keet Nesting Box,791611015742,Ware,birdSupplies,28.39
4308,Ware Salt Lick,030172021398,Ware,smallanimal,4.39
4137,Ware Wood Den,030172902178,Ware,smallanimal,32.69
4476,We Ear Natural,,We Pet,dogTreats,3.29
4475,We Munch & Crunch Large,,We Pet,dogTreats,7.69
7112,Weco Nox-ich 4oz,028023200047,Weco,accessories,8.79
5776,Wonder Shell,028023840007,Weco,aquatics,7.69
1357,Weeaway Carpet Shampoo,856893007288,Wee-Away,healthcare,35.99
810,Weeaway Flea Spray,50024364318,Wee-Away,accessories,27.29
1358,Weeaway Laundry Booster,850024364462,Wee-Away,accessories,27.29
1360,Weeaway Odor Fogger Cm,850024364103,Wee-Away,accessories,16.39
1361,Weeaway Odor Fogger Hawain Breeze,850024364332,Wee-Away,accessories,16.39
1362,Weeaway Odor Fogger Mint Green T,850024364356,Wee-Away,accessories,16.39
1359,Weeaway Skunk Eliminator,852896006969,Wee-Away,healthcare,27.29
1875,Fourpaws Wee Wee Pad,045663970475,Wee-Wee,accessories,56.69
1845,Weewee Dispo Liner Pads 24pk,045663188993,Wee-Wee,accessories,10.89
1847,Weewee Dispo Malewrap Medium/Large 12,045663972271,Wee-Wee,accessories,23.99
1853,Weewee Dispodiapers Large/Extra Large 12pk,045663972332,Wee-Wee,accessories,25.09
1854,Weewee Dispodiapers Medium 12 Pack,045663972325,Wee-Wee,accessories,20.79
1855,Weewee Dispodiapers Small 12pk,045663972318,Wee-Wee,accessories,19.69
1849,Weewee Dispodiapers Small 36pk,045663974404,Wee-Wee,accessories,43.59
1856,Weewee Dispodiapers Xsmall 12pk,045663972301,Wee-Wee,accessories,18.59
1863,Weewee Extra Extra Large Pads 18pk,045663016630,Wee-Wee,accessories,30.59
1865,Weewee Extra Large Pads 14pk,045663016470,Wee-Wee,accessories,30.59
1864,Weewee Extra Large Pads 21 Pack,045663016487,Wee-Wee,accessories,32.69
1862,Weewee Extra Large Pads 40pk,045663016494,Wee-Wee,accessories,83.99
1815,Weewee Fold Away Scoop,045663975289,Wee-Wee,accessories,27.29
1868,Weewee Grass Scent Pads 10pk,045663975746,Wee-Wee,accessories,14.19
1840,Weewee House Breaking Aid Spray,045663150105,Wee-Wee,accessories,11.99
1869,Weewee Instarise Border 10pk,045663974848,Wee-Wee,accessories,15.29
1867,Weewee Instarise Border 50pk,045663974855,Wee-Wee,accessories,65.39
1816,Weewee Odor Block Poo Bag,045663972370,Wee-Wee,accessories,10.89
1873,Weewee Pad 14pk,045663016142,Wee-Wee,accessories,10.89
1872,Weewee Pad 30 Pack,045663016302,Wee-Wee,accessories,21.79
1874,Weewee Pad 7pk,045663160005,Wee-Wee,accessories,7.69
1870,Weewee Pads 100pk,045663016401,Wee-Wee,accessories,80.69
1871,Weewee Pads 50 Pack,045663016357,Wee-Wee,accessories,33.79
1808,Weewee Patch Indoor Potty Medium,045663158309,Wee-Wee,accessories,88.29
1807,Weewee Patch Indoor Potty Small,045663158200,Wee-Wee,accessories,76.29
1851,Weewee Patch Replace Grass Medium,045663158538,Wee-Wee,accessories,40.39
1850,Weewee Patch Replace Grass Small,045663158521,Wee-Wee,accessories,32.69
1814,Weewee Plain Sanitary Scoop Small,045663182007,Wee-Wee,accessories,31.69
1835,Weewee Premium Patch Pet Potty,045663974787,Wee-Wee,accessories,76.29
1848,Weewee Silicone Pad Holder,045663970000,Wee-Wee,accessories,50.19
1811,Weewee Spring Actial Scoop Medium,045663182403,Wee-Wee,accessories,30.59
1812,Weewee Spring Action Extra Large Scoop,045663182410,Wee-Wee,accessories,35.99
1809,Weewee Spring Action Scoop Small,045663182359,Wee-Wee,accessories,17.49
1810,Weewee Springactiongrss Scp Medium,045663182304,Wee-Wee,accessories,32.69
1866,Weewee Super Absorbant 40pk,045663971144,Wee-Wee,accessories,30.59
1852,Weewee Washable Pad 3pk,045663974831,Wee-Wee,accessories,65.39
6551,Wellness 95% Beef 13.2oz,076344894506,Wellness,dogFood,4.79
6550,Wellness Beef Stew 12.5oz,077234521595,Wellness,dogFood,4.59
9174,"Wellness Complete Health Petite Entrees Adult Small Breed Grain-Free Chicken, Green Beans & Carrots Casserole Wet Dog Food, 3-oz ",076344090373,Wellness,food,2.69
6549,Wellness Lamb Stew 12.5oz,076344017554,Wellness,dogFood,4.59
6544,Wellness Petite Entree Beef 3oz,076344090359,Wellness,dogFood,2.69
6542,"Wellness Petite Entree Chicken, Ground Beef 3oz",,Wellness,dogFood,2.69
6543,Wellness Petite Entrées Mini-Filets Roasted Chicken Carrot Peas Dog 3oz,076344090335,Wellness,dogFood,2.69
6334,Wellness Small Breed Core 12lb,076344884217,Wellness,dogFood,53.49
6333,Wellness Small Breed Turkey 4lb,076344891109,Wellness,dogFood,21.79
6332,Wellness Small Breed Weight 4lb,076344891185,Wellness,dogFood,23.99
6335,Wellness White Fish 26lb,076344088912,Wellness,dogFood,63.29
4863,Wholesome Tanks Jerky Sticks,783178592613,Wholesome,dogTreats,15.29
4868,Wholesomes Gourmet Rewards Smoky Bites,,Wholesome,dogTreats,7.69
4864,Wholesomes Bruno's Pork Grain Free Jerky Strips Moist Dog Treats,034846727005,Wholesomes,treats,15.29
7497,Wholesomes Cleo's Fish Grain Free Jerky Sticks Moist Dog Treats,034846727012,Wholesomes,treats,15.29
4867,Wholesomes Gourmet Rewards Cheezy Bites,034846550061,Wholesomes,dogTreats,7.69
4860,Wholesomes Gourmet Rewards Lite Bites,034846550078,Wholesomes,dogTreats,7.69
4866,Wholesomes Gourmet Rewards Nut R Nipz,034846550016,Wholesomes,dogTreats,5.49
4869,Wholesomes Gourmet Rewards Peanut Butter,034846550054,Wholesomes,dogTreats,7.69
4865,Wholesomes Heidi's Chicken Grain Free Jerky Sticks Moist Dog Treats,034846727036,Wholesomes,dogTreats,15.29
4857,Wholesomes Rewards Large Original,034846550115,Wholesomes,dogTreats,7.69
4858,Wholesomes Rewards Medium Original,034846550092,Wholesomes,dogTreats,7.69
4859,Wholesomes Rewards Medium Variety,034846550108,Wholesomes,dogTreats,7.69
4862,Wholesomes Rewards Puppy Assorted Variety,034846550030,Wholesomes,dogTreats,5.49
4861,Wholesomes Rewards Puppy Originals,034846550023,Wholesomes,dogTreats,5.49
6447,Wholesomes Sensitive 30lb,034846580112,Wholesomes,dogFood,51.29
6446,Wholesomes Sensitive Salmon 30lb,034846580105,Wholesomes,dogFood,51.29
7821,Wild Eats Munch & Crunch Water Buffalo Treats,611403460249,Wild Eats,treats,7.69
7820,Wild Eats Water Buffalo Ear,611403203860,Wild Eats,treats,3.29
3473,Wolfgang Los26 Collar,9761262210,Wolfgang,leashesAndCollars,21.79
7299,Activ Betta Gravel Blue,035585505398,World Wide Imports,aquatics,5.49
2369,World's Best Cat Litter Lavender.8lb,322591001663,World's Best Cat Litter,accessories,20.79
2372,World's Best Cat Litter Multi 28lb,322591006125,World's Best Cat Litter,accessories,43.59
2371,World's Best Cat Litter Multi 8lb,322591006255,World's Best Cat Litter,accessories,21.79
2370,World's Best Cat Litter Unscented 15lb,322591001083,World's Best Cat Litter,accessories,50.19
9369,World's Best Cat Litter Multiple Cat Unscented Cat Litter 15lb,322591006156,World's Best Cat Litter 15lb,accessories,38.19
4946,Yummy Crumbs L 12oz,064992513689,YummyCombs,accessories,28.39
4944,YummyCombs Extra Large 12oz,076484005565,YummyCombs,healthcare,28.39
4945,YummyCombs Small 12oz,064992508012,YummyCombs,healthcare,28.39
1802,Zenpet Buddy Lift L/Extra Large,683615359130,ZenPet,accessories,55.59
1801,Zenpet Buddylift,683615359116,ZenPet,accessories,44.69
1482,Zenpet Wrap,683615359512,ZenPet,healthcare,11.99
1642,Zeus Fountain Filter Pads,022517914045,Zeus,accessories,27.29
1677,Zeus H2eau Fountain Dog,022517914007,Zeus,accessories,47.99
6492,Zignature Duck 13oz,888641131235,Zignature,dogFood,4.09
6651,Zignature Kangaroo 12.5lb,888641131310,Zignature,dogFood,50.19
6493,Zignature Kangaroo 13oz,888641131341,Zignature,dogFood,4.69
6652,Zignature Kangaroo 25lb,888641131327,Zignature,dogFood,87.19
6650,Zignature Kangaroo 4lb,888641131303,Zignature,dogFood,19.69
6491,Zignature Lamb 13oz,888641131211,Zignature,dogFood,4.09
6655,Zignature Lamb 25lb,888641131068,Zignature,dogFood,87.19
6488,Zignature Pork 13oz,888641131648,Zignature,dogFood,3.89
4808,Zignature Soft Duck Bites,810138351055,Zignature,dogTreats,7.69
4807,Zignature Soft Lamb Bites,888641137237,Zignature,dogTreats,7.69
4806,Zignature Soft Salmon Bites,810138351093,Zignature,dogTreats,7.69
4804,Zignature Treats Lamb 12oz,97612924114,Zignature,dogTreats,8.79
4805,Zignature Treats Pork,,Zignature,dogTreats,8.79
4803,Zignature Treats Trout 12oz,888641131006,Zignature,dogTreats,7.69
4802,Zignature Treats Ziggy Bars Duck 12oz,888641132331,Zignature,dogTreats,8.79
6490,Zignature Trout & Salmon 13oz,888641131204,Zignature,dogFood,3.49
6494,Zignature Turkey 13oz,888641131228,Zignature,dogFood,3.49
6659,Zignature Turkey 25lb,888641131105,Zignature,dogFood,70.89
6658,Zignature Turkey 4lb,888641131846,Zignature,dogFood,42.59
6489,Zignature White Fish 13oz,888641131402,Zignature,dogFood,3.49
6487,Zignature Zssential 13oz,888641131242,Zignature,dogFood,3.49
6649,Zignature Zssential 25lb,888641131181,Zignature,dogFood,78.49
7768, Zilla Non-locking Screen Clips Small,096316671096,Zilla,reptiles,4.39
4413,Nation Hammock Hideaway,,Zilla,smallanimal,20.79
4415,Nation Hammock Hideaway,,Zilla,smallanimal,22.89
4414,Nation Hammock Hideaway,,Zilla,smallanimal,25.09
4647,SmartBones 24 Mini Chicken,892383002029,Zilla,dogTreats,20.79
7474,Terrarium Dish Medium,096316685222,Zilla,reptiles,5.49
7475,Terrarium Dish Small,096316685215,Zilla,reptiles,6.59
758,Zilla Aquatic Turtle Kit 20l,96316003286,Zilla,reptiles,283.39
535,Zilla Aquatic Turtle Sticks,096316003026,Zilla,reptiles,7.69
760,Zilla Basic Tropical Kit,096316660441,Zilla,reptiles,108.99
635,Zilla Basking Platform W Ramp Corner Large,096316685062,Zilla,reptiles,35.99
634,Zilla Basking Platform W Ramp Corner Small,096316685055,Zilla,reptiles,19.69
633,Zilla Basking Platform W Ramp Large,096316685048,Zilla,reptiles,26.19
632,Zilla Basking Platform W Ramp Small,096316685031,Zilla,reptiles,20.79
754,Zilla Bearddrg Kit,096316002692,Zilla,reptiles,152.59
352,Zilla Black Heat Bulb 100w,096316671393,Zilla,reptiles,7.69
351,Zilla Black Heat Bulb 150w,096316671409,Zilla,reptiles,9.89
354,Zilla Black Heat Bulb 50w,096316671560,Zilla,reptiles,7.69
353,Zilla Black Heat Bulb 75w,096316671386,Zilla,reptiles,7.69
356,Zilla Black Heat Spot Bulb 100w,096316671553,Zilla,reptiles,9.89
355,Zilla Black Heat Spot Bulb 150w,096316671560,Zilla,reptiles,10.89
358,Zilla Black Heat Spot Bulb 50w,096316671539,Zilla,reptiles,8.79
357,Zilla Black Heat Spot Bulb 75w,096316671546,Zilla,reptiles,10.89
275,Zilla Canopy Series Desert 20w,096316670839,Zilla,reptiles,25.09
7955,Zilla Canopy Series Fluorescent UVB/UVA Bulbs,096316280953,Zilla,reptiles,22.89
7956,Zilla Canopy Series Fluorescent UVB/UVA Bulbs,096316280960,Zilla,reptiles,22.89
274,Zilla Canopy Series Tropical 13w,096316280953,Zilla,reptiles,29.49
7614,Zilla Corner Litter Scoop,096316700178,Zilla,reptiles,7.69
757,Zilla Creature Cage 30g,96316660267,Zilla,reptiles,190.79
137,Zilla Cricket Drink,096316700017,Zilla,reptiles,8.79
138,Zilla Cricket Drink with Calcium,096316700031,Zilla,reptiles,11.99
780,Zilla Critter Cage 20l,096316660274,Zilla,reptiles,108.99
360,Zilla Day Blue Light 100w,96316671430,Zilla,reptiles,8.79
359,Zilla Day Blue Light 150w,096316671447,Zilla,reptiles,8.79
362,Zilla Day Blue Light 50w,096316671416,Zilla,reptiles,8.79
361,Zilla Day Blue Light 75w,096316671423,Zilla,reptiles,8.79
372,Zilla Day White Light Bulb 100w,096316671355,Zilla,reptiles,11.99
371,Zilla Day White Light Bulb 150w,096316671362,Zilla,reptiles,9.89
373,Zilla Day White Light Bulb 50w,096316671331,Zilla,reptiles,8.79
7957,Zilla Day White Light Bulb 75w,096316671348,Zilla,reptiles,9.89
368,Zilla Day White Light Spot Bulb 100w,096316671515,Zilla,reptiles,10.89
367,Zilla Day White Light Spot Bulb 150w,096316671522,Zilla,reptiles,11.99
370,Zilla Day White Light Spot Bulb 50w,096316671492,Zilla,reptiles,9.89
369,Zilla Day White Light Spot Bulb 75w,096316671508,Zilla,reptiles,9.89
752,Zilla Deluxe Snake Kit,96316002593,Zilla,reptiles,103.59
57,Zilla Desert Blend 10qt,096316700468,Zilla,reptiles,14.19
56,Zilla Desert Blend 25qt,096316700482,Zilla,reptiles,29.49
58,Zilla Desert Blend 5qt,096316700451,Zilla,reptiles,8.79
266,Zilla Desert Mini Compact Fluorescent Bulb,096316280908,Zilla,reptiles,23.99
279,"Zilla Desert Series 50 T8 18"" 15w",096316670921,Zilla,reptiles,31.69
280,"Zilla Desert Series 50 T8 24"" 17w",096316670921,Zilla,reptiles,32.69
598,Zilla Digital Temp Control,096316001589,Zilla,reptiles,65.39
284,Zilla Dual Low Profile Fixture,096316000346,Zilla,reptiles,58.89
709,Zilla Durable Den Large,096316116634,Zilla,reptiles,11.99
7434,Zilla Durable Den Medium,096316116634,Zilla,smallanimal,7.69
710,Zilla Durable Den Medium,096316116597,Zilla,reptiles,7.69
7435,Zilla Durable Den Small,096316116627,Zilla,smallanimal,5.49
711,Zilla Durable Den Small,096316116580,Zilla,reptiles,5.49
459,Zilla Durable Dish L,096316116603,Zilla,reptiles,8.79
460,Zilla Durable Dish M,96316117617,Zilla,reptiles,5.49
461,Zilla Durable Dish S,096316116580,Zilla,reptiles,3.29
93,Zilla Green Liner 10 Gal,096316700543,Zilla,reptiles,5.49
94,Zilla Green Liner 15/20h Gallon,096316700604,Zilla,reptiles,9.89
95,Zilla Green Liner 20l/29 g,096316700567,Zilla,reptiles,8.79
96,Zilla Green Liner 20l/29g,096316700581,Zilla,reptiles,8.79
97,Zilla Green Liner 30g,096316700598,Zilla,reptiles,9.89
100,Zilla Green Liner 40/50g,096316700642,Zilla,reptiles,19.69
101,Zilla Green Terrarium Liner 55g,096316700611,Zilla,reptiles,11.99
99,Zilla Grey 40/50g,096316117594,Zilla,reptiles,19.69
92,Zilla Grey Liner 10 Gal,096316700550,Zilla,reptiles,6.59
98,Zilla Grey Liner 30g,096316700574,Zilla,reptiles,9.89
285,Zilla Heat & UVB Basking Fixture,096316280823,Zilla,reptiles,87.19
592,Zilla Heat Mat Large,9631600073,Zilla,reptiles,49.09
591,Zilla Heat Mat Medium,6316680357,Zilla,reptiles,39.29
589,Zilla Heat Mat Mini,9631600073,Zilla,reptiles,32.69
590,Zilla Heat Mat Small,096316680340,Zilla,reptiles,28.39
630,Zilla Herp Hotel Large,096316117419,Zilla,reptiles,33.79
631,Zilla Herp Hotel Medium,96316685222,Zilla,reptiles,18.59
7446,Zilla Herp Hotel Medium,096316117402,Zilla,reptiles,21.79
39,Zilla Jungle Mix 24qt,096316113053,Zilla,reptiles,22.89
29,Zilla Jungle Mix 4qt,096316113039,Zilla,reptiles,6.59
35,Zilla Jungle Mix 8qt,096316113046,Zilla,reptiles,10.89
667,Zilla Large Rock Denn,096316116641,Zilla,reptiles,27.29
283,Zilla Light & Heat Halogen Mini Dome,096316156296,Zilla,reptiles,32.69
749,Zilla Micro Arboreal Habitat,096316001558,Zilla,reptiles,29.49
750,Zilla Micro Terrestial Habitat,096316001541,Zilla,reptiles,29.49
264,Zilla Mini Ceramic Heat Emitter,096316000735,Zilla,reptiles,21.79
271,Zilla Mini Halogen Bulb 25w Blue,096316156319,Zilla,reptiles,11.99
268,Zilla Mini Halogen Bulb 25w Red,096316156326,Zilla,reptiles,15.29
272,Zilla Mini Halogen Bulb 25w White,096316156302,Zilla,reptiles,11.99
270,Zilla Mini Halogen Bulb 50w Blue,096316156340,Zilla,reptiles,14.19
269,Zilla Mini Halogen Bulb 50w Red,096316156357,Zilla,reptiles,11.99
273,Zilla Mini Halogen Bulb 50w White,096316156333,Zilla,reptiles,11.99
286,Zilla Mini Heat & UVB Fixture,096316280830,Zilla,reptiles,61.09
267,Zilla Mini Led Plant Bulb,9631600047,Zilla,reptiles,25.09
7769,Zilla Mounting Spring Clip,096316116511,Zilla,reptiles,7.69
364,Zilla Night Red Heat 100w,096316671478,Zilla,reptiles,10.89
363,Zilla Night Red Heat 150w,096316671485,Zilla,reptiles,11.99
366,Zilla Night Red Heat 50w,096316671454,Zilla,reptiles,10.89
365,Zilla Night Red Heat 75w,096316671461,Zilla,reptiles,8.79
190,Zilla Non Locking Clips 29 or Smaller,9631667109,Zilla,reptiles,4.39
191,Zilla Non Locking Clips 30g,9631667110,Zilla,reptiles,4.39
416,"Zilla Premium Reflector 5.5""",096316670358,Zilla,reptiles,32.69
415,"Zilla Premium Reflector 8.5""",096316670365,Zilla,reptiles,27.29
413,"Zilla Premium Reflector Dome 5.5""",096316670358,Zilla,reptiles,30.59
7992,"Zilla Premium Reflector Dome 8.5""",096316670365,Zilla,reptiles,33.79
281,Zilla Pro Seires Tropical 25 Uvb 20w,096316670822,Zilla,reptiles,43.59
282,Zilla Pro Series Desert 50 Uvb 20w,096316670839,Zilla,reptiles,43.59
414,"Zilla Reflector Dome 8.5""",096316670358,Zilla,reptiles,27.29
7516,Zilla Reptile Comfort Bedding,096316003767,Zilla,reptiles,13.09
226,Zilla Reptile Munchies Fruit Mix 2.5oz,096316096271,Zilla,reptiles,11.99
229,Zilla Reptile Munchies Mealworm 3.75oz,096316099517,Zilla,reptiles,15.29
228,Zilla Reptile Munchies Vegetable Mix 4oz,096316096264,Zilla,reptiles,18.59
227,Zilla Reptile Munchies Vegetable Mix with Calcium 4oz,096316096295,Zilla,reptiles,19.69
225,"Zilla Reptile Munchies, Omnivore Mix 4oz",096316096257,Zilla,reptiles,15.29
224,"Zilla Reptile Munchies, Omnivore Mix with Calcium 4oz",096316096288,Zilla,reptiles,21.79
681,Zilla Rock Lair Large,096316117709,Zilla,reptiles,53.49
682,Zilla Rock Lair Medium,096316113510,Zilla,reptiles,32.69
680,Zilla Rock Liar Small,96316685031,Zilla,reptiles,31.69
7582,Zilla Shed-Ease Reptile Bath,096316700116,Zilla,reptiles,9.89
276,"Zilla Slimeline T8 Desert Fixture 18""",096316007284,Zilla,reptiles,108.99
277,"Zilla Slimeline T8 Tropical Fixture 18""",96316007260,Zilla,reptiles,76.29
666,Zilla Small Rock Den,096316117709,Zilla,reptiles,14.19
334,Zilla Spring Cave,096316000490,Zilla,reptiles,87.19
7462,Zilla Terraced Dish Large,096316117624,Zilla,reptiles,28.39
467,Zilla Terraced Dish Large,096316117419,Zilla,reptiles,33.79
468,Zilla Terraced Dish Medium,096316117617,Zilla,reptiles,15.29
470,Zilla Terraium Dish Medium,96316685222,Zilla,reptiles,6.59
469,Zilla Terraium Dish Small,096316001541,Zilla,reptiles,5.49
152,Zilla Terrarium Cleaner,096316700185,Zilla,reptiles,9.89
753,Zilla Tropical Kit,9631670005,Zilla,reptiles,71.99
265,Zilla Tropical Mini Compact Fluorescentbulb,,Zilla,reptiles,23.99
155,Zilla Tropical Mist Humidity Spray,096316700055,Zilla,reptiles,8.79
278,"Zilla Tropical Series 25 T8 18"" 15w",096316671072,Zilla,reptiles,43.59
522,Zilla Turtle Mircale Ball,,Zilla,reptiles,16.39
523,Zilla Turtle Pure Water Care,096316003293,Zilla,reptiles,7.69
153,Zilla Vitamin Spray,096316700093,Zilla,reptiles,9.89
202,Zilla Water Pillow,096316700222,Zilla,reptiles,4.39
333,Zilla Waterfall,096316001596,Zilla,reptiles,43.59
8017,Zilla Waterfall Large,096316001619,Zilla,reptiles,76.29
7606,Zilla Waterfall Small,096316001596,Zilla,reptiles,59.99
154,Zillla Calcium Supplement,096316700079,Zilla,reptiles,9.89
7741,Zippy Paws Donutz Bunny,810032680336,Zippy Paws,toys,10.89
7746,Zippy Paws Fries,818786018399,Zippy Paws,toys,9.89
2799,Zippy Paws Catipillar,855736003326,ZippyPaws,toys,19.69
2821,Zippy Paws Donutz Buddies Frog,810032680343,ZippyPaws,toys,10.89
2820,Zippy Paws Donutz Rainbow,810032680213,ZippyPaws,toys,9.89
1777,Zippy Paws Extra Small Life Jacket,818786014988,ZippyPaws,accessories,23.99
2779,Zippy Paws Jigglerz Fox,818786012342,ZippyPaws,toys,16.39
1780,Zippy Paws Large Life Jacket,818786015008,ZippyPaws,accessories,52.39
1779,Zippy Paws Medium Life Jacket,818786014995,ZippyPaws,accessories,39.29
2804,Zippy Paws Nomnom Cupcake Pink,818786019129,ZippyPaws,toys,10.89
2803,Zippy Paws Nomnom Pizza,818786012793,ZippyPaws,toys,9.89
1778,Zippy Paws Small Life Jacket,818786014971,ZippyPaws,accessories,30.59
2782,Zippy Paws Squickie Can,810032680015,ZippyPaws,toys,7.69
2802,Zippy Paws Z-stitch- Unicorn,818786019136,ZippyPaws,toys,11.99
2806,Zippypaws Birthday Cake -Blue,818786018610,ZippyPaws,toys,10.89
811,Zodiac Flea and Tick Powder,041535278304,Zodiac,healthcare,13.09
7590, Zoo Med Gourmet Iguana Food 13oz,097612401066,Zoo Med,reptiles,21.79
7611, Zoo Med Lizard Flower Food Topper 1.4oz,097612401448,Zoo Med,reptiles,7.69
7567, Zoo Med Repti Calcium without Vitamin D3 Reptile Supplement,097612133035,Zoo Med,reptiles,6.59
7580, Zoo Med Wipe Out 1,097612810080,Zoo Med,reptiles,9.89
7479,Box Turtle Food Nastural,,Zoo Med,reptiles,9.89
7480,Box Turtle Food Nastural 10oz,097612410211,Zoo Med,reptiles,9.89
13,Exo Terra Crested Gecko Food 8 Cups,015561232609,Zoo Med,reptiles,11.99
7411,Humidity Plus Silicone Terrarium Cover,,Zoo Med,reptiles,14.19
7572,Mopani Wood Large,097612200935,Zoo Med,reptiles,35.99
7473,"Paludarioum Hood 12""",097612325607,Zoo Med,reptiles,38.19
168,Rep-Cal Research Labs Herptivite with Beta Carotene Multivitamins Reptile Supplement,788286003006,Zoo Med,reptiles,7.69
7467,Repri Rock Food & Water Dishes Small,097612923209,Zoo Med,reptiles,9.89
22,Repti Hammock Giant,097612610222,Zoo Med,reptiles,18.59
7469,Repti Ramp Bowl XL,097612924121,Zoo Med,reptiles,46.89
7470,Repti Rock Corner Bowl Large,097612925401,Zoo Med,reptiles,27.29
7471,Repti Rock Corner Bowl XL,097612925500,Zoo Med,reptiles,54.49
7466,Repti Rock Food & Water Dish Medium,097612923308,Zoo Med,reptiles,20.79
7465,Repti Rock Food & Water dishes,097612923407,Zoo Med,reptiles,32.69
7463,Repti Rock XL Water Dish,097612920505,Zoo Med,reptiles,23.99
7481,Repti Sticks 4.85 oz,097612400328,Zoo Med,reptiles,14.19
423,"Reptile Eco , Clamp Lamp",097612008357,Zoo Med,reptiles,32.69
7591,Reptile Lamp Stand ,097612322019,Zoo Med,reptiles,54.49
7464,Reptile Rock Water Large,097612920406,Zoo Med,reptiles,22.89
7472,Repyi Rock Corner Bowl Small,097612925203,Zoo Med,reptiles,14.19
7477,Turtle Banquet Block,097612110500,Zoo Med,reptiles,4.39
7478,Turtle Bone,097612104011,Zoo Med,reptiles,5.49
516,Turtle Dock Suction Cups,097612661040,Zoo Med,reptiles,3.29
514,Turtle Pier Extender Clips,030172100161,Zoo Med,reptiles,10.89
182,"Zoo Med 10"" Stainless Steel",097612402759,Zoo Med,reptiles,9.89
746,Zoo Med 18x18x24 Tall,097612210026,Zoo Med,reptiles,163.49
7278,Zoo Med Accents,097612242058,Zoo Med,reptiles,4.39
103,Zoo Med Adult High Fiber Dragon Food,097612402797,Zoo Med,reptiles,16.39
107,Zoo Med All Natural Adult Iguana Dry Food 20oz,097612400762,Zoo Med,reptiles,11.99
548,Zoo Med Amazonian Phyllo Medium,097612180213,Zoo Med,reptiles,8.79
183,"Zoo Med Angled 10"" Tongs",097612622119,Zoo Med,reptiles,9.89
116,Zoo Med Anole Food,097612241358,Zoo Med,reptiles,7.69
5413,Zoo Med Aqualog Large,097612240313,Zoo Med,aquatics,21.79
5414,Zoo Med Aqualog Small,097612240115,Zoo Med,aquatics,9.89
606,Zoo Med Aquasun Aquarium Controller,097612120110,Zoo Med,aquatics,33.79
7398,Zoo Med Aquatic Frog & Tadpole,097612400168,Zoo Med,reptiles,5.49
511,Zoo Med Aquatic Frog & Tadpole Food,097612403015,Zoo Med,reptiles,5.49
519,Zoo Med Aquatic Turtle Food Block,097612400328,Zoo Med,reptiles,3.29
498,Zoo Med Aquatic Turtle Food Growth,097612403152,Zoo Med,reptiles,5.49
497,Zoo Med Aquatic Turtle Food Hatching,097612400380,Zoo Med,reptiles,4.39
192,Zoo Med Arboreal Cup Refill, 097612621549,Zoo Med,reptiles,4.39
193,Zoo Med Arboreal Feeding Cup,097612621532,Zoo Med,reptiles,5.49
7514,Zoo Med Aspen Snake Bedding 24qt,097612751246,Zoo Med,reptiles,23.99
63,Zoo Med Aspen Snake Bedding 4qt,097612240061,Zoo Med,reptiles,6.59
62,Zoo Med Aspen Snake Bedding 8 Qt,097612751086,Zoo Med,reptiles,9.89
7003,Zoo Med Axalotl 11oz,097612402278,Zoo Med,reptiles,16.39
7004,Zoo Med Axalotl 2oz,097612811162,Zoo Med,reptiles,5.49
9413,Zoo Med Axolotl & Aquatic Newt Food 11oz,097612401844,Zoo Med,aquatics,18.59
9415,Zoo Med Axolotl & Aquatic Newt Food 2oz,097612401837,Zoo Med,aquatics,5.49
7186,Zoo Med Banquet Feeder Pleco ,,Zoo Med,aquatics,3.29
209,Zoo Med Bearded Dragon Food Sampler Value Pack ,097612402025,Zoo Med,reptiles,14.19
7319,Zoo Med Betta Bamboo Plant,097612241228,Zoo Med,aquatics,5.49
9391,Zoo Med Betta Banquet 7 Day Release Fish Feeding Block 0.3 oz,097612117103,Zoo Med,aquatics,3.29
9279,"Zoo Med Betta Bed Leaf Hammock Green, 1ea/LG",097612240085,Zoo Med,aquatics,4.39
9280,"Zoo Med Betta Bed Leaf Hammock Green, Standard",097612240030,Zoo Med,aquatics,4.39
9304,Zoo Med Betta Bling Diver Aquarium Ornament with Hoop Multi-Color,097612242225,Zoo Med,aquatics,7.69
9303,Zoo Med Betta Bling Mermaid Aquarium Ornament with Hoop Multi-Color,097612242218,Zoo Med,aquatics,7.69
9300,Zoo Med Betta Catappa Leaf,097612242119,Zoo Med,aquatics,3.29
7320,Zoo Med Betta Clean Filter,097612240092,Zoo Med,aquatics,21.79
9276,Zoo Med Betta Floating Lounge,097612240702,Zoo Med,aquatics,9.89
7312,Zoo Med Betta Heater,097612240047,Zoo Med,aquatics,19.69
7321,Zoo Med Betta Kit,097612243857,Zoo Med,aquatics,7.69
7313,Zoo Med Betta Log Ceramic,035585421278,Zoo Med,aquatics,13.09
7307,Zoo Med Betta Log Ceramic,097612240504,Zoo Med,aquatics,6.59
7252,Zoo Med Betta Lounge,097612089554,Zoo Med,reptiles,8.79
7318,Zoo Med Betta Maple Plant,097612241242,Zoo Med,aquatics,5.49
9306,Zoo Med Betta Mopani Wood Brown,097612242102,Zoo Med,aquatics,3.29
7317,Zoo Med Betta Papaya Plant,097612241211,Zoo Med,aquatics,4.39
9297,"Zoo Med Betta Plant Philo Green,",097612241204,Zoo Med,aquatics,4.39
9298,"Zoo Med Betta Plant Salvia Green, ",097612241235,Zoo Med,aquatics,4.39
9299,"Zoo Med Betta Plant Window Leaf Green, ",097612241259,Zoo Med,aquatics,4.39
9296,Zoo Med Betta Tools Aquarium Cleaning Set,097612241419,Zoo Med,aquatics,10.89
9277,Zoo Med Betta Tunnel,097612240719,Zoo Med,aquatics,7.69
7309,Zoo Med Bettamatic,097612240061,Zoo Med,aquatics,26.19
320,Zoo Med Big Dripper,097612910018,Zoo Med,reptiles,17.49
715,Zoo Med Blue Hermit Crab Sand,097612009255,Zoo Med,reptiles,7.69
500,Zoo Med Box Turtle Food,097612403015,Zoo Med,reptiles,11.99
722,Zoo Med Bright Bowls,097612240061,Zoo Med,reptiles,11.99
130,Zoo Med Can O Crickets,097612400304,Zoo Med,reptiles,7.69
550,Zoo Med Cannabis Plant Large,097612090611,Zoo Med,reptiles,10.89
547,Zoo Med Cannabis Plant Medium,097612241211,Zoo Med,reptiles,9.89
70,Zoo Med Cavern Kit,097612740011,Zoo Med,reptiles,20.79
678,Zoo Med Chestnut Bromeland,097612270204,Zoo Med,reptiles,14.19
50,Zoo Med Coconut Chips 1lbs,097612790115,Zoo Med,reptiles,5.49
51,Zoo Med Coconut Chips 3 Pack,097612790214,Zoo Med,reptiles,8.79
52,Zoo Med Coconut Chips Jumbo,097612300291,Zoo Med,reptiles,30.59
672,Zoo Med Coconut House,097612200867,Zoo Med,reptiles,5.49
436,Zoo Med Combo Deep Dome,097612923605,Zoo Med,reptiles,43.59
611,Zoo Med Combo Gauge,,Zoo Med,reptiles,21.79
584,Zoo Med Cork Flat Large,097612210125,Zoo Med,reptiles,19.69
583,Zoo Med Cork Flat Medium,097612210118,Zoo Med,reptiles,14.19
582,Zoo Med Cork Flat Small,097612210101,Zoo Med,reptiles,7.69
580,Zoo Med Cork Round Jumbo,097612210248,Zoo Med,reptiles,59.99
579,Zoo Med Cork Round Lar,097612210224,Zoo Med,reptiles,27.29
578,Zoo Med Cork Round Medium,097612210217,Zoo Med,reptiles,13.09
581,Zoo Med Cork Round X-large,097612210132,Zoo Med,reptiles,38.19
444,Zoo Med Corner Bowl Large,097612925500,Zoo Med,reptiles,54.49
445,Zoo Med Corner Bowl Medium,097612450002,Zoo Med,reptiles,38.19
446,Zoo Med Corner Bowl Small,097612450019,Zoo Med,reptiles,14.19
731,Zoo Med Crab Combo Gauge,97612009118,Zoo Med,reptiles,14.19
738,Zoo Med Crab Cork Shelter,097612009538,Zoo Med,reptiles,6.59
733,Zoo Med Crab Drinking Water Conditioner,097612810448,Zoo Med,reptiles,6.59
730,Zoo Med Crab Gitd Climbing Branch,097612009521,Zoo Med,reptiles,11.99
729,Zoo Med Crab Gitd Dual Meter,097612009521,Zoo Med,reptiles,18.59
728,Zoo Med Crab Glow in the Dark Scoop,097612009262,Zoo Med,reptiles,6.59
735,Zoo Med Crab Heater,097612240047,Zoo Med,reptiles,22.89
734,Zoo Med Crab Salt Water Conditioner,097612810455,Zoo Med,reptiles,5.49
732,Zoo Med Crab Thermoter,097612009101,Zoo Med,reptiles,3.29
60,Zoo Med Creature Eco Soil Coconut Fiber Substrate,097612008708,Zoo Med,reptiles,3.29
32,Zoo Med Creature Floor,097612111002,Zoo Med,reptiles,3.29
770,Zoo Med Creature Habitat Kit,097612008203,Zoo Med,reptiles,54.49
33,Zoo Med Creature Sand 2lb,097612008210,Zoo Med,reptiles,5.49
31,Zoo Med Creature Soil 1 Qt,097612008807,Zoo Med,reptiles,5.49
771,Zoo Med Creatures Den Low Profile,097612091076,Zoo Med,reptiles,56.69
431,Zoo Med Creatures Dome 40w,97612008357,Zoo Med,reptiles,25.09
432,Zoo Med Creatures Dome Combo 80w,097612008364,Zoo Med,reptiles,54.49
7610,Zoo Med Creatures Food Pellet .14oz,097612008616,Zoo Med,reptiles,2.19
204,Zoo Med Creatures Isopod Banquet Blocks,097612118513,Zoo Med,reptiles,2.19
134,Zoo Med Creatures Isopod Food,097612008906,Zoo Med,reptiles,5.49
210,Zoo Med Creatures Jelly Cup,097612008609,Zoo Med,reptiles,4.39
604,Zoo Med Creaturetherm Heater,097612008302,Zoo Med,reptiles,26.19
218,Zoo Med Crested Gecko Food Premium Blended Tropical Fruit Dry Food 2oz,097612403084,Zoo Med,reptiles,7.69
216,Zoo Med Crested Gecko Food Premium Blended Watermelon Dry Food 2oz,097612403015,Zoo Med,reptiles,7.69
207,Zoo Med Crested Gecko Food Sampler Value Pack,097612402056,Zoo Med,reptiles,25.09
767,Zoo Med Crested Gecko Kit,097612952001,Zoo Med,reptiles,103.59
217,Zoo Med Crested Gecko Premium Blended Gecko Food Blueberry Flavor 2oz,097612403190,Zoo Med,reptiles,6.59
219,Zoo Med Crested Gecko Premium Blended Gecko Food Plum Flavor 2oz,097612403152,Zoo Med,reptiles,7.69
221,Zoo Med Cricket Block,097612006209,Zoo Med,reptiles,20.79
440,Zoo Med Deep Dome,097612321708,Zoo Med,reptiles,38.19
7613,Zoo Med Deluxe Shovel Scooper,097612623017,Zoo Med,reptiles,10.89
743,Zoo Med Desert Starter Kit 10g,097612091557,Zoo Med,reptiles,108.99
7460,Zoo Med Desert UVB & Lighting Kit,097612322316,Zoo Med,reptiles,68.69
438,Zoo Med Desert Uvb & Heat Kit,097612320756,Zoo Med,reptiles,82.89
5023,Zoo Med Digital Aqua Thermometer,097612400328,Zoo Med,reptiles,10.89
9326,Zoo Med Digital Aquarium Thermometer,097612300260,Zoo Med,aquatics,10.89
7447,Zoo Med Digital Combo Thermometer Humidity Gauge,097612300314,Zoo Med,reptiles,21.79
608,Zoo Med Digital Thermo,097612370607,Zoo Med,reptiles,11.99
41,Zoo Med Eco Earth Coconut Fiber Substrate 24qt,097612790245,Zoo Med,reptiles,27.29
54,Zoo Med Ecoearth 3 Pack,097612790207,Zoo Med,reptiles,9.89
37,Zoo Med Ecoearth 8qt,097612790085,Zoo Med,reptiles,11.99
53,Zoo Med Ecoearth Brick,097612790108,Zoo Med,reptiles,5.49
597,Zoo Med Environmental Control Center,097612375039,Zoo Med,reptiles,136.29
48,Zoo Med Excavator Substrate 10lbs,097612740103,Zoo Med,reptiles,16.39
49,Zoo Med Excavator Substrate 20lbs,097612740202,Zoo Med,reptiles,27.29
7184,Zoo Med Feeder Banquet 3-4 Day,097612110555,Zoo Med,reptiles,3.29
7183,Zoo Med Feeder Bottom 7 Day,097612380088,Zoo Med,reptiles,3.29
7391,Zoo Med Feeder Pleco,097612380156,Zoo Med,aquatics,3.29
5412,Zoo Med Fish Log Jumbo,097612240412,Zoo Med,aquatics,32.69
9302,Zoo Med Floating Betta Exercise Mirror Aquarium Ornament,097612240016,Zoo Med,aquatics,7.69
9301,Zoo Med Floating Betta Log Aquarium Ornament Brown,097612240023,Zoo Med,aquatics,13.09
485,Zoo Med Floating Dock Mini,097612660050,Zoo Med,reptiles,17.49
402,Zoo Med Florasun,097612118506,Zoo Med,reptiles,15.29
69,Zoo Med Forest Floor 24qt,097612780246,Zoo Med,reptiles,32.69
66,Zoo Med Forest Floor 8qt,097612780086,Zoo Med,reptiles,17.49
769,Zoo Med Frog Kit,097612621525,Zoo Med,reptiles,103.59
463,Zoo Med Glow Bowls Combo Large,097612923629,Zoo Med,reptiles,29.49
462,Zoo Med Glow Bowls Combo M,097612242058,Zoo Med,reptiles,14.19
7468,Zoo Med Glow Bowls Medium,097612923612,Zoo Med,reptiles,14.19
181,Zoo Med Glow in the Dark Tong,097612008203,Zoo Med,reptiles,5.49
108,Zoo Med Gourmet Bearded Dragon Dry Food 15oz,097612401042,Zoo Med,reptiles,21.79
7586,Zoo Med Gourmet Bearded Dragon Dry Food 8.25oz,097612401035,Zoo Med,reptiles,14.19
501,Zoo Med Gourmet Box Turtle Food,097612400908,Zoo Med,reptiles,11.99
502,Zoo Med Gourmet Tortoise Food,97612401011,Zoo Med,reptiles,9.89
585,Zoo Med Grapevine M,097612580082,Zoo Med,reptiles,18.59
503,Zoo Med Grassland Tortoise,097612401301,Zoo Med,reptiles,11.99
739,Zoo Med Growth Shell Extra Large,097612924121,Zoo Med,reptiles,5.49
740,Zoo Med Growth Shell Medium,097612009385,Zoo Med,reptiles,5.49
736,Zoo Med Growth Shells Large,097612200935,Zoo Med,reptiles,4.39
737,Zoo Med Growth Shells Small,097612118513,Zoo Med,reptiles,6.59
705,Zoo Med Habba Hut Giant,097612200850,Zoo Med,reptiles,43.59
706,Zoo Med Habba Hut Large,097612200836,Zoo Med,reptiles,17.49
707,Zoo Med Habba Hut Medium,097612200829,Zoo Med,reptiles,11.99
708,Zoo Med Habba Hut Small,097612200812,Zoo Med,reptiles,7.69
727,Zoo Med Hermit Crab Crunchies,097612009606,Zoo Med,reptiles,4.39
725,Zoo Med Hermit Crab Food,097612410112,Zoo Med,reptiles,6.59
712,Zoo Med Hermit Crab Habitat Kit,097612810509,Zoo Med,reptiles,92.69
7433,Zoo Med Hermit Crab Mineral Blocks,097612009620,Zoo Med,smallanimal,3.29
726,Zoo Med Hermit Crab Salad,097612009613,Zoo Med,reptiles,6.59
719,Zoo Med Hermit Crab Sponge,097612009507,Zoo Med,reptiles,3.29
714,Zoo Med Hermit Crab Starter Kit,097612251029,Zoo Med,reptiles,27.29
741,Zoo Med Hermit Sea Sponge,097612810080,Zoo Med,reptiles,4.39
718,Zoo Med Hermit Soil,097612009705,Zoo Med,reptiles,4.39
7432,Zoo Med Hermit Soil,097612009705,Zoo Med,smallanimal,4.39
607,Zoo Med High Range Reptile Thermometer,097612300291,Zoo Med,reptiles,4.39
612,Zoo Med Hold Down Kit for LF-35 Nano Dome Lamp Fixture,097612322804,Zoo Med,reptiles,6.59
613,Zoo Med Hold Down Kit for LF-36 Nano Combo Dome Lamp Fixture,097612322811,Zoo Med,reptiles,6.59
85,Zoo Med Humidty Plus,097612092080,Zoo Med,reptiles,13.09
26,Zoo Med HydroBalls Expanded Clay Terrarium Substrate,097612720105,Zoo Med,reptiles,9.89
742,Zoo Med Juvenile Bearded Dragon Kit 20g,097612091274,Zoo Med,reptiles,196.19
7584,Zoo Med Juvenile High Protein Dragon Food 10oz,097612402759,Zoo Med,reptiles,16.39
102,Zoo Med Juvenile High Protein Dragon Food 4.5oz,097612402742,Zoo Med,reptiles,7.69
113,Zoo Med Juvenile Iguana Food 10oz,097612400809,Zoo Med,reptiles,7.69
7604,Zoo Med LED SKull Waterfall Small,097612910261,Zoo Med,reptiles,87.19
339,Zoo Med Lamp Stand Large,097612322002,Zoo Med,reptiles,54.49
340,Zoo Med Lamp Stand Small,097612370072,Zoo Med,reptiles,54.49
7310,Zoo Med Leaf,097612241419,Zoo Med,reptiles,3.29
7395,Zoo Med Leopard Gecko Food Sampler Value Pack,097612402032,Zoo Med,reptiles,25.09
761,Zoo Med Leopard Gecko Kit 10g,097612400762,Zoo Med,reptiles,163.49
321,Zoo Med Little Dripper,097612910025,Zoo Med,reptiles,16.39
220,Zoo Med Lizard Flower Topper,9761240143,Zoo Med,reptiles,3.29
546,Zoo Med Madagascar Bamboo Small,097612119114,Zoo Med,reptiles,7.69
194,Zoo Med Mealworm Feeder,9761262220,Zoo Med,reptiles,5.49
5293,Zoo Med Medium Spider Wood,097612200928,Zoo Med,aquatics,19.69
83,Zoo Med Mesh Large,097612240412,Zoo Med,reptiles,11.99
7185,Zoo Med Mini Banquet Feeder Pleco,180181905339,Zoo Med,aquatics,3.29
442,Zoo Med Mini Combo Deep Dome,097612321906,Zoo Med,reptiles,55.59
443,Zoo Med Mini Deep Dome,097612321807,Zoo Med,reptiles,32.69
439,Zoo Med Mini Desert Uvb Combo,097612006209,Zoo Med,reptiles,40.39
7459,Zoo Med Mini Dessert Mini Desert Uvb Combo,097612322279,Zoo Med,reptiles,54.49
437,Zoo Med Mini Tropical Uvb Combo,097612322286,Zoo Med,reptiles,40.39
619,Zoo Med Mini/Max Thermo,097612370669,Zoo Med,reptiles,18.59
721,Zoo Med Mixed Fancy Shells,097612009408,Zoo Med,reptiles,3.29
301,Zoo Med Moonlite Reptile Bulb 40w,097612391046,Zoo Med,reptiles,16.39
300,Zoo Med Moonlite Reptile Bulb 60w,097612391060,Zoo Med,reptiles,9.89
328,Zoo Med Multiport Fogger Attachment,97612950175,Zoo Med,reptiles,13.09
306,Zoo Med Nano Basking Spot Lamp 25w,097612360202,Zoo Med,reptiles,9.89
307,Zoo Med Nano Basking Spot Lamp 40w,097612360219,Zoo Med,reptiles,7.69
309,Zoo Med Nano Ceramic 40w,097612310252,Zoo Med,reptiles,19.69
308,Zoo Med Nano Ceramic Heat Emitter 25w,097612310252,Zoo Med,reptiles,22.89
430,Zoo Med Nano Combo Dome 80w,097612325608,Zoo Med,reptiles,57.79
429,Zoo Med Nano Dome 40w,097612119091,Zoo Med,reptiles,25.09
305,Zoo Med Nano Halogen Heat Lamp 35w,097612970357,Zoo Med,reptiles,7.69
310,Zoo Med Nano Infrared Heat Lamp 25w,097612331257,Zoo Med,reptiles,9.89
311,Zoo Med Nano Infrared Heat Lamp 40w,097612331400,Zoo Med,reptiles,9.89
304,Zoo Med Nano LED Daylight Lamp 5w,097612340020,Zoo Med,reptiles,14.19
7587,Zoo Med Natural Adult Bearded Dragon Dry Food 10oz,097612400762,Zoo Med,reptiles,7.69
539,Zoo Med Naturalistic Flora,97612180527,Zoo Med,reptiles,17.49
7522,Zoo Med Naturalistic Terrarium Substrate Mesh,097612325188,Zoo Med,reptiles,9.89
7521,Zoo Med Naturalistic Terrarium Substrate Mesh,097612325126,Zoo Med,reptiles,5.49
720,Zoo Med Neon Crab Shells,097612009415,Zoo Med,reptiles,2.19
9398,"Zoo Med Original Banquet Fish Feeding Block 0.3 oz, Mini",097612113006,Zoo Med,aquatics,3.29
9402,"Zoo Med Original Banquet Fish Feeding Block 1ea/0.45 oz, Regular",097612111002,Zoo Med,aquatics,3.29
117,Zoo Med Pacman Frog Food,097612401806,Zoo Med,reptiles,5.49
600,Zoo Med Paludarium 25,097612622508,Zoo Med,reptiles,32.69
602,Zoo Med Paludarium Filter 20,097612510119,Zoo Med,reptiles,34.89
601,Zoo Med Paludarium Filter 20 Cartridge,097612511116,Zoo Med,reptiles,8.79
434,"Zoo Med Paludarium Hood 12""",097612320763,Zoo Med,reptiles,38.19
433,"Zoo Med Paludarium Hood 18""",097612325706,Zoo Med,reptiles,46.89
794,Zoo Med Paludarium Large,097612090611,Zoo Med,reptiles,216.99
603,Zoo Med Paludarium Platform Small,97612520019,Zoo Med,reptiles,32.69
793,Zoo Med Paludarium Small,097612240115,Zoo Med,reptiles,108.99
9399,"Zoo Med Pleco Banquet Fish Feeding Block 0.45 oz, Regular",097612119084,Zoo Med,aquatics,3.29
9400,Zoo Med Pleco Banquet Fish Feeding Block 1ea/Mini,097612119114,Zoo Med,aquatics,3.29
67,Zoo Med Premium ReptiBark Bedding Substrate 24qt,097612750249,Zoo Med,reptiles,32.69
64,Zoo Med Premium ReptiBark Bedding Substrate 4qt,097612750041,Zoo Med,reptiles,8.79
65,Zoo Med Premium ReptiBark Bedding Substrate 8qt,097612750089,Zoo Med,reptiles,13.09
163,Zoo Med Repti Calcium with Vitamin D3 Reptile Supplement 3oz,097612623000,Zoo Med,reptiles,8.79
7515,Zoo Med Repti Chips Substrate 24qt,097612753240,Zoo Med,reptiles,25.09
21,Zoo Med Repti Hammock Basking Platform,097612610208,Zoo Med,reptiles,11.99
20,Zoo Med Repti Hammock Basking Platform Small,097612610215,Zoo Med,reptiles,8.79
7605,Zoo Med Repti Rapids LED Waterfall Small,097612910216,Zoo Med,reptiles,81.79
335,Zoo Med Repti Rapids Wd Medium Waterfall,097612910247,Zoo Med,reptiles,108.99
205,Zoo Med Repti Shedding Aid 2.25 fl/oz,097612800319,Zoo Med,reptiles,7.69
40,Zoo Med Repti Soil 24qt,097612752243,Zoo Med,reptiles,32.69
299,Zoo Med ReptiSun 10.0 UVB Desert Compact Fluorescent Lamp 13w,097612340112,Zoo Med,reptiles,23.99
296,Zoo Med ReptiSun 10.0 UVB Desert Compact Fluorescent Lamp 26w,097612340105,Zoo Med,reptiles,46.89
297,"Zoo Med ReptiSun 10.0 UVB T5 HO High Output Lamp 12""",097612348156,Zoo Med,reptiles,29.49
7990,"Zoo Med ReptiSun 10.0 UVB T5 HO High Output Lamp 22""",097612348248,Zoo Med,reptiles,49.09
7988,"Zoo Med ReptiSun 10.0 UVB T8 Fluorescent Lamp 24""",097612343243,Zoo Med,reptiles,42.59
7991,"Zoo Med ReptiSun 10.0 UVB T8 Fluorescent Lamp 36""",097612343366,Zoo Med,reptiles,46.89
295,Zoo Med ReptiSun 5.0 UVB Tropical Compact Fluorescent Lamp 26w,097612320930,Zoo Med,reptiles,34.89
303,Zoo Med ReptiSun Nano UVB Lamp 5w,097612340020,Zoo Med,reptiles,19.69
7987,Zoo Med ReptiSun T5 HO Terrarium Hood w/ 10.0 Bulb,097612320763,Zoo Med,reptiles,76.29
317,"Zoo Med ReptiSun T5 HO Terrarium Hood w/ 5.0 Bulb 48""",097612320749,Zoo Med,reptiles,125.39
314,"Zoo Med ReptiSun T8 Terrarium Hood 24""",097612326109,Zoo Med,reptiles,86.19
315,"Zoo Med ReptiSun T8 Terrarium Hood 36""",097612326307,Zoo Med,reptiles,85.09
329,Zoo Med Reptifogger,097612950151,Zoo Med,reptiles,65.39
762,Zoo Med Reptihabitat 30gal,,Zoo Med,reptiles,228.89
748,Zoo Med Reptihabitat 40 Gal,097612090512,Zoo Med,reptiles,301.99
330,Zoo Med Reptirain,097612950106,Zoo Med,reptiles,105.79
447,Zoo Med Reptiramp Bowl Medium,097612924107,Zoo Med,reptiles,14.19
723,Zoo Med Reptiramp Bowl Small,097612923605,Zoo Med,reptiles,11.99
448,Zoo Med Reptirampbowl Large,097612200836,Zoo Med,reptiles,26.19
337,Zoo Med Reptirapid Skul Medium Watrfl,097612910278,Zoo Med,reptiles,101.39
336,Zoo Med Reptirapids Skul Small Watrfl,097612240115,Zoo Med,reptiles,87.19
453,Zoo Med Reptirock Combo Large,097612925401,Zoo Med,reptiles,27.29
454,Zoo Med Reptirock Combo Medium,097612201321,Zoo Med,reptiles,20.79
455,Zoo Med Reptirock Combo Small,097612921205,Zoo Med,reptiles,11.99
456,Zoo Med Reptirock Extra Large,097612924121,Zoo Med,reptiles,20.79
452,Zoo Med Reptirock Extra Small,097612328059,Zoo Med,reptiles,5.49
457,Zoo Med Reptirock L,097612921403,Zoo Med,reptiles,16.39
449,Zoo Med Reptirock Large,097612920505,Zoo Med,reptiles,19.69
458,Zoo Med Reptirock M,097612921304,Zoo Med,reptiles,8.79
450,Zoo Med Reptirock Medium,97612910278,Zoo Med,reptiles,14.19
451,Zoo Med Reptirock Small,097612910216,Zoo Med,reptiles,6.59
159,Zoo Med Reptisafe 2.25 Floz,097612840025,Zoo Med,reptiles,4.39
158,Zoo Med Reptisafe 4.25floz,097612840049,Zoo Med,reptiles,7.69
157,Zoo Med Reptisafe 8.75floz,097612840087,Zoo Med,reptiles,9.89
36,Zoo Med Reptisoil 10qt,097612752106,Zoo Med,reptiles,13.09
30,Zoo Med Reptisoil 4qt,097612752045,Zoo Med,reptiles,7.69
294,"Zoo Med Reptisun 18"" T8 15w",097612210026,Zoo Med,reptiles,50.19
293,Zoo Med Reptisun 24' T8 17w,097612348392,Zoo Med,reptiles,50.19
292,"Zoo Med Reptisun 34"" T5 39w",097612348248,Zoo Med,reptiles,37.09
291,"Zoo Med Reptisun 46""t5 54w",097612348545,Zoo Med,reptiles,44.69
298,Zoo Med Reptisun 5.0 Tropical 13w,097612340068,Zoo Med,reptiles,18.59
312,"Zoo Med Reptisun LED UVB Combo Terrarium Hood 30""",097612320770,Zoo Med,reptiles,217.99
599,Zoo Med Reptitemp Digital Thermo,097612376005,Zoo Med,reptiles,55.59
348,Zoo Med Reptituff 90w Splshpro Halo,097612980905,Zoo Med,reptiles,27.29
538,Zoo Med Reptivine,097612241419,Zoo Med,reptiles,14.19
23,Zoo Med River Pebbles,097612240016,Zoo Med,reptiles,15.29
773,Zoo Med Rolly Polly Kit,097612740011,Zoo Med,reptiles,21.79
4312,Zoo Med Small Animal Mineral Black,097612118513,Zoo Med,smallanimal,2.19
577,Zoo Med Small Cork Round,097612210200,Zoo Med,reptiles,8.79
84,Zoo Med Small Mesh,097612201314,Zoo Med,reptiles,5.49
683,Zoo Med Small Mushroom Ledge,097612910216,Zoo Med,reptiles,14.19
768,Zoo Med Small and Wide,097612119114,Zoo Med,reptiles,92.69
763,Zoo Med Snake Starter Kit 20 g,097612622508,Zoo Med,reptiles,189.69
47,Zoo Med Sphagnum Moss,097612200294,Zoo Med,reptiles,9.89
7612,Zoo Med Stainless Steel Feeding Tong 10in,097612622102,Zoo Med,reptiles,10.89
316,"Zoo Med T5 Hood ""36",097612320930,Zoo Med,reptiles,87.19
313,"Zoo Med T8 Hood 20""",097612326000,Zoo Med,reptiles,75.29
605,Zoo Med Terraium Controller,097612327120,Zoo Med,reptiles,40.39
46,Zoo Med Terrarium Moss Medium,097612200225,Zoo Med,reptiles,9.89
7452,Zoo Med Terrarium Timer,097612327113,Zoo Med,reptiles,19.69
610,Zoo Med Terrarum Timer,097612104011,Zoo Med,reptiles,19.69
677,Zoo Med Tillandsia Air Plant,097612180640,Zoo Med,reptiles,14.19
7453,Zoo Med Timmer Control,097612120110,Zoo Med,reptiles,33.79
530,Zoo Med Tortoise Flower Food Topper,097612401431,Zoo Med,reptiles,3.29
755,Zoo Med Tortoise Play Pen,097612090413,Zoo Med,reptiles,108.99
38,Zoo Med Tropical BioBlend Substrate 8qt,097612754087,Zoo Med,reptiles,16.39
428,Zoo Med Tropical Uvb & Heat Kit,097612322316,Zoo Med,reptiles,64.39
482,Zoo Med Turltle Dock Medium,097612201321,Zoo Med,reptiles,35.99
481,Zoo Med Turltle Dock Small,097612660104,Zoo Med,reptiles,21.79
529,Zoo Med Turtle Eye Drops,097612800302,Zoo Med,reptiles,7.69
594,Zoo Med Under Tank Heater 10-20gal,097612300055,Zoo Med,reptiles,35.99
595,Zoo Med Under Tank Heater 30-40gal,097612300062,Zoo Med,reptiles,42.59
596,Zoo Med Under Tank Heater 50-60 Gal,097612300079,Zoo Med,reptiles,44.69
593,Zoo Med Under Tank Heater Mini,097612300086,Zoo Med,reptiles,29.49
55,Zoo Med Vita Sand White,097612762150,Zoo Med,reptiles,16.39
34,Zoo Med Vita-Sand Substrate 10lb,097612762358,Zoo Med,reptiles,16.39
326,Zoo Med Waterfall Kit,097612243857,Zoo Med,reptiles,40.39
7599,Zoo Med Waterfall kit,097612910506,Zoo Med,reptiles,40.39
716,Zoo Med White Hermit Crab Sand,097612009217,Zoo Med,reptiles,6.59
7175,Zoo Med Wipeout 2.25oz,097612241358,Zoo Med,reptiles,5.49
435,Zoo Med Wire Cage Clamp Lamp,097612321005,Zoo Med,smallanimal,35.99
115,Zoo Med Zoo Menu Bearded Food,097612402056,Zoo Med,reptiles,5.49
114,Zoo Med Zoo Menu Iguana Food,976124006566,Zoo Med,reptiles,5.49
118,Zoomed Aquatic Frog & tadpole,035585111254,Zoo Med,reptiles,5.49
133,Zoomed Crested Gecko Can,9761240301,Zoo Med,reptiles,18.59
1180,Zupreem Fruitblend Large Birds,762177840307,ZuPreem,birdSupplies,28.39
1173,Zupreem Fruitblend Medium Bird,030172023682,ZuPreem,birdSupplies,19.69
1179,Zupreem Fruitblend Parrot & Conures,762177830209,ZuPreem,birdSupplies,22.89
1177,Zupreem Natural Parrot & Conure,762177932002,ZuPreem,birdSupplies,25.09
1172,Zupreem Naturals 10lbs,762177000138,ZuPreem,birdSupplies,76.29
1175,Zupreem Naturals Medium Bird,762177922003,ZuPreem,birdSupplies,20.79
1178,Zupreem Nutblend Parrot & Conure,762177850306,ZuPreem,birdSupplies,32.69
1176,Zupreem Purefun Medium Bird,762177360201,ZuPreem,birdSupplies,23.99
1181,Zupreem Sensible Seed Parrots & Conures,762177470207,ZuPreem,birdSupplies,25.09
1174,Zupreem Smart Select Medium Bird,762177360201,ZuPreem,birdSupplies,21.79
1336,Zymox Advance Enzymatic Conditioner,667334229158,Zymox,healthcare,21.79
1138,Zymox Avain Care,667334451252,Zymox,healthcare,28.39
4932,Zymox Conditioner Trial,759834053224,Zymox,healthcare,2.19
1335,Zymox Leave on Conditioner,667334229035,Zymox,healthcare,21.79
1334,Zymox Shampoo,667334229028,Zymox,healthcare,22.89
4931,Zymox Shampoo Trial,759834053224,Zymox,healthcare,2.19
1409,Zymox Topical Cream,667334229059,Zymox,healthcare,20.79
1410,Zymox Topical Spray,667334229042,Zymox,healthcare,20.79
81,Galapagos Forest Environment Cling Background,759834054214,galapagos,reptiles,25.09
9325,LCR Hallcrest Liquid Crystal Aquarium Thermometer Vertical,034637309618,lcr Hallcrest,aquatics,3.29