prod_id,prod_name,brand,sku,prod_price,prod_category,pos_name,pos_stock,pos_price
9215,"Catit Recipes Kitten Chicken Entrée – High-Protein Wet Food for Kittens with DHA for Development, Bone Broth Hydration, Prebiotics & Postbiotics for Gut Health, Taurine for Support 3oz",Catit,022517450017,1.41,CatFoodCan,Catit Recipes Kitten Chicken E,-11.0,1.41
9216,"Catit Recipes Weight Control Chicken Entrée – Low-Fat, High-Protein Wet Cat Food, L-Carnitine, Prebiotics, Omega-3 for Skin & Coat, Hydrating Bone Broth, 100% Balanced Meal 3oz",Catit,022517450130,1.41,CatFoodCan,Catit Recipes Weight Control C,-1.0,1.41
9166,Fromm Diner Breakfast Sam's Steak and Eggs 12.5oz,Fromm,072705132645,6.42,DogFoodCan,Fromm Diner Breakfast Sam's St,0.0,6.42
9178,Nutrisource Harvest Selects Field & Forest Wet Dog Food 13oz,Nutrisource,073893020363,2.82,DogFoodCan,Nutrisource Harvest Selects Fi,0.0,2.82
7178,Penn Plax Feeder 7 Day,Penn-Plax,030172062810,4.35,FishFood,Penn Plax Feeder 7 Day,0.0,4.36
7185,Zoo Med Mini Banquet Feeder Pleco,Zoo Med,180181905339,3.29,FishFood,Tuffy Mega,0.0,27.29
7283,Tetra Bettamin .98oz,Tetra,046798780076,4.35,FishFood,Tetra Bettamin .98oz,0.0,4.36
7391,Zoo Med Feeder Pleco,Zoo Med,097612380156,3.26,FishFood,Zoo Med Feeder Pleco,0.0,3.27
9392,Marina Betta Buffet Blocks,Marina,015561166768,3.26,FishFood,Marina Betta Buffet Blocks,0.0,3.27
9411,Omega One Super Color Cichlid Sinking Pellet Fish Food 9oz,Omega One,698220854314,14.16,FishFood,Omega One Super Color Cichlid,0.0,13.64
9414,Fluval Bug Bites Cichlid Granules 1.59 oz,Fluval,015561165808,7.62,FishFood,Fluval Bug Bites Cichlid Granu,0.0,7.63
9535,Hikari USA Bio-Pure Frozen Mysis Shrimp Fish Food,Hikari,042055309202,5.44,FishFood,Hikari Mysis shrimp 3.5,-1.0,5.45
10111,Omega One Bloodworm Pods,,698220700192,9.80,FishFood,Omega One Bloodworm Pods,0.0,9.44
10112,Freshwater Frenzy,,000945880286,8.71,FishFood,Freshwater Frenzy,0.0,8.73
10173,GlloFish Beta Flakes,,046798783015,4.35,FishFood,GlloFish Beta Flakes,0.0,4.36
10300,Ginger Premium Floating Pond Pellets,,036274008626,18.52,FishFood,Ginger Premium Floating Pond Pellets,0.0,28.34
10302,Ginger Floating Pond Pellets,,036274008527,20.70,FishFood,Ginger Floating Pond Pellets,0.0,19.94
10334,Frozen Beef Heartys 3.5oz,San Francisco Bay Brand,000945880859,8.71,FishFood,Frozen Beef Heartys 3.5oz,0.0,8.73
10341,Hikari Frozen Blood Worms Cube,Hikari,042055301701,7.62,FishFood,Hikari Frozen Blood Worms Cube,-1.0,7.63
563,Pangea Hanging Orchid Purple,Pangea,50005832904,13.09,accessories,Pangea Hanging Orchid Purple,0.0,12.59
564,Pangea Hanging Caladium Bush Large,Pangea,850005832225,14.19,accessories,Pangea Hanging Caladium Bush L,-1.0,13.64
797,Harris Diatomaceous Earth 2 Lbs,Harris,72725004076,17.49,accessories,Harris Diatomaceous Earth 2 Lb,0.0,16.79
798,Bug Blaster,Penn-Plax,030172004902,41.49,accessories,Bug Blaster,0.0,39.89
802,TropiClean Ntrl Flea & Tickk Soothing Sham,TropiClean,45095202542,14.19,accessories,TropiClean Ntrl Flea & Tickk S,0.0,13.64
810,Weeaway Flea Spray,Wee-Away,50024364318,27.29,accessories,Weeaway Flea Spray,0.0,26.24
1229,Happy Beaks the Voyager,Happy,644472000610,62.19,accessories,Happy Beaks the Voyager,0.0,59.84
1235,Aromacare Calmin Lavender,Professional Pet Products,042955009554,11.99,accessories,Aromacare Calmin Lavender,-1.0,11.54
1236,Aromacare Chamomile,Professional Pet Products,042955009752,11.99,accessories,Aromacare Chamomile,-1.0,11.54
1262,Bark2basics Citrus Plus,Bark2Basics,745855840011,21.79,accessories,Bark2basics Citrus Plus,0.0,20.99
1270,Petcrest Two in One,PetCrest,784099029172,15.29,accessories,Petcrest Two in One Pet Shampoo & Conditioner,0.0,8.73
1272,Petcrest Brighten,PetCrest,784099029141,15.29,accessories,Petcrest Brighten,0.0,14.69
1273,Petcrest Lucky Puppy,PetCrest,784099029103,13.09,accessories,Petcrest Lucky Puppy,0.0,12.59
1291,Tropiclean Flea & Tickk Relief,TropiClean,645095202115,14.19,accessories,Tropiclean Flea & Tickk Relief,0.0,13.64
1356,Tropiclean Essentials Shea Butter Sham,TropiClean,645095004214,15.29,accessories,Tropiclean Essentials Shea But,0.0,14.69
1358,Weeaway Laundry Booster,Wee-Away,850024364462,27.29,accessories,Weeaway Laundry Booster,0.0,26.24
1361,Weeaway Odor Fogger Hawain Breeze,Wee-Away,850024364332,16.39,accessories,Weeaway Odor Fogger Hawain Bre,0.0,15.74
1456,Petag Esbilac Milk,PetAg,020279998129,8.79,accessories,Petag Esbilac Milk,0.0,8.73
1538,Safari Shed Magic Long Hair Medium,Safari,076484961267,20.79,accessories,Safari Shed Magic Long Hair Me,0.0,19.94
1549,Spot Clean Paws Mat,Spot,077234500071,39.29,accessories,Camo Sweatshirt Extra Large,0.0,27.29
1553,Safari Styptic Powder,Safari,76484513190,13.09,accessories,Safari Styptic Powder,0.0,12.59
1554,Pennplax Nail Grinder,Penn-Plax,030172101397,38.19,accessories,Plaid Sweater Red Medium,0.0,24.14
1575,Kong Zoomgroom Bubbles,Kong,035585529011,14.19,accessories,Kong Zoom Groom,0.0,16.79
1586,Comfy Groom,Penn-Plax,030172084430,18.59,accessories,Comfy Groom,0.0,17.84
1588,Petcrest Shedding Blade,PetCrest,784099026072,11.99,accessories,Petcrest Shedding Blade,0.0,11.54
1600,Sodapup Emat Duckies,SodaPup,810216026257,17.49,accessories,Sodapup Emat Duckies,0.0,16.79
1601,Sodapup Emat Tree of Life,SodaPup,810216026691,18.59,accessories,Sodapup Emat Tree of Life,0.0,17.84
1602,Sodapup Ebowl Great Outdoors,SodaPup,810216026493,25.09,accessories,Sodapup Ebowl Great Outdoors,0.0,24.14
1604,Sodapup Emat Flower Power,SodaPup,810216026073,17.49,accessories,Sodapup Emat Flower Power,0.0,16.79
1605,Sodapup Etray Mandala,SodaPup,810216026080,20.79,accessories,Sodapup Etray Mandala,0.0,19.94
1606,Sodapup Ebowl Honey Comb,SodaPup,810216026325,25.09,accessories,Sodapup Ebowl Honey Comb,0.0,24.14
1607,Sodapup Mini Honey Emat,SodaPup,810216025885,15.29,accessories,Sodapup Mini Honey Emat,0.0,14.69
1608,Sodapup Mini Surf Emat,SodaPup,810216026707,15.29,accessories,Sodapup Mini Surf Emat,0.0,14.69
1609,Sodapup Mini Groovy Love Emat,SodaPup,810216026714,15.29,accessories,Sodapup Mini Groovy Love Emat,0.0,14.69
1613,Small Food Scoop,Penn-Plax,030172105388,4.39,accessories,Small Food Scoop,-1.0,5.45
1614,Large Food Scoop,Penn-Plax,030172105395,5.49,accessories,Large Food Scoop,0.0,5.45
1617,Polkadot Bones Fashion Mat,Loving Pets,842982075689,10.89,accessories,Polkadot Bones Fashion Mat,0.0,10.49
1619,Small Tan Bone Place Mat,Penn-Plax,030172041815,11.99,accessories,Small Tan Bone Place Mat,0.0,11.54
1622,8oz Stainless Cat Dish Decorated,Van Ness,079441002584,5.49,accessories,8oz Stainless Cat Dish Decorat,0.0,5.45
1626,I Love Cats Fish,Penn-Plax,030172044045,8.79,accessories,I Love Cats Fish,0.0,8.73
1628,Dry Ears Bowl,Penn-Plax,076484884702,14.19,accessories,Dry Ears Bowl,0.0,13.64
1630,Travel Trainer,Penn-Plax,769397145045,22.89,accessories,Travel Trainer,0.0,22.04
1633,Mediterranean Stainless Steel Double 1 Pint,Ethical Pet,077234058497,30.59,accessories,Mediterranean Stainless Steel,0.0,29.39
1634,Mediterranean Steel Double Diner 1 Qt,Ethical Pet,077234058503,32.69,accessories,Mediterranean Steel Double Din,0.0,31.49
1636,Large Breed Dog Bottle,Lixit,076711006853,14.19,accessories,Large Breed Dog Bottle,0.0,13.64
1637,Faucet Waterer,Penn-Plax,076711008406,10.89,accessories,Faucet Waterer,0.0,10.49
1639,Petmate 3count Charcoal Water Filter,Petmate,029695248498,14.19,accessories,Petmate 3count Charcoal Water,0.0,13.64
1645,Funfeeder Notch Blue Medium,Outward Hound,700603678308,11.99,accessories,Funfeeder Notch Blue Medium,-1.0,11.54
1646,Small Kennel Cup,Penn-Plax,030172041723,10.89,accessories,Small Kennel Cup,0.0,10.49
1648,Snappyfit Stainlesssteel Bwl 20oz,MidWest Homes For Pets,027773008590,16.39,accessories,Snappyfit Stainlesssteel Bwl 2,0.0,15.74
1649,Ruff N Tuff Double Diner,Van Ness,842982072107,16.39,accessories,Ruff N Tuff Double Diner,0.0,15.74
1650,Petmate 7 Cup Bowl,Petmate,029695230806,5.49,accessories,Petmate 7 Cup Bowl,0.0,5.45
1654,Bellabowl Pink Medium,Bellabowl,842982071339,9.89,accessories,Retro Large Pink Bowl,0.0,15.74
1655,Bellabowl Pink Large,Bellabowl,842982074026,16.39,accessories,Bellabowl Pink Large,0.0,15.74
1662,Bellabowl Blue Medium,Bellabowl,842982074095,9.89,accessories,Bellabowl Blue Medium,0.0,9.44
1667,Vittles Vault Elevated Feeder 50 Lbs,Gamma2,029695435515,98.09,accessories,Vittles Vault Elevated Feeder,0.0,94.49
1668,Vittles Vault 30 Lbs Storage,Gamma2,769397142303,54.49,accessories,Vittles Vault 30 Lbs Storage,0.0,52.49
1674,Petmate 4gal Water Replenisher,Petmate,029695244988,57.79,accessories,Petmate 4gal Water Replenisher,0.0,55.64
1675,Petmate Replendish 2.5 Gal Water,Petmate,029695244780,54.49,accessories,Vari-Kennel-Kennel-Kennel-Kenn,0.0,157.49
1677,Zeus H2eau Fountain Dog,Zeus,022517914007,47.99,accessories,Zeus H2eau Fountain Dog,-1.0,46.19
1678,Ferplast .16 Us Gal Food/Water,Ferplast,798549092883,21.79,accessories,Ferplast .16 Us Gal Food/Water,0.0,20.99
1679,Replendish0.5g.wtrw/Microban,Petmate,029695245404,21.79,accessories,Replendish0.5g.wtrw/Microban,0.0,20.99
1680,Replendish0.5gwtrw/Micro Grey,Petmate,029695244865,21.79,accessories,Replendish0.5gwtrw/Micro Grey,0.0,20.99
1682,Petmate Cafe Watr .25g,Petmate,29695244360,13.09,accessories,Petmate Cafe Watr .25g,0.0,12.59
1683,Skidstop Medium,JW Pet,18940632405,13.09,accessories,Skidstop Medium,0.0,12.59
1686,Skidstop Heavyweight Medium,JW Pet,618940632405,7.69,accessories,Skidstop Heavyweight Medium,0.0,7.63
1688,Pet Mate Double Cup Large,Pet Mate,029695231759,5.49,accessories,Pet Mate Double Cup Large,0.0,5.45
1689,Petmate Double Cup Small,Petmate,029695231742,3.29,accessories,Petmate Kennel Cup Double,0.0,9.44
1690,Heavy Weight 11.5oz Bowl,Penn-Plax,030172071980,5.49,accessories,Catlife Jungle Slope Activity,0.0,60.89
1691,Vanness 16oz Double,Van Ness,079441002119,3.29,accessories,Vanness 16oz Double,-1.0,3.27
1695,Crisscross Steel Non Skid Dish,Loving Pets,077234585962,4.39,accessories,Crisscross Steel Non Skid Dish,0.0,4.36
1696,"Portofino Dish Dog Blushpink 5""",Loving Pets,77234586280,8.79,accessories,Portofino Dish Dog Blushpink 5,0.0,8.73
1702,Replendish 1g.wtrw/Microban,Replendish,029695244940,32.69,accessories,Replendish 1g.wtrw/Microban,0.0,31.49
1703,Replendish 1gwtrwmicro Grey,Replendish,029695244926,32.69,accessories,Replendish 1gwtrwmicro Grey,0.0,31.49
1705,Replendish2lbfdrw/Micrban,Petmate,029695245398,21.79,accessories,Replendish2lbfdrw/Micrban,0.0,20.99
1711,Vanilla Ness Single 16oz,Van Ness,079441002362,3.29,accessories,Vanilla Ness Single 16oz,0.0,3.27
1713,Retro Small Blue Bowl,Retro,842982071353,7.69,accessories,Retro Bowl,0.0,7.63
1715,Retro Large Blue Bowl,Retro,842982071377,16.39,accessories,Retro Large Blue Bowl,0.0,15.74
1722,Retro Large Pink Bowl,Retro,842982071339,16.39,accessories,Retro Large Pink Bowl,0.0,15.74
1725,Small Blue Double Diner Trvl,Penn-Plax,030172041808,14.19,accessories,Small Blue Double Diner Trvl,0.0,13.64
1726,Petmate Travel Bowl Duo,Petmate,029695235924,25.09,accessories,Petmate Travel Bowl Duo,0.0,24.14
1727,Medium Blue Solo Bowl Tvrl,Lixit,842982079861,11.99,accessories,Medium Blue Solo Bowl Tvrl,0.0,11.54
1728,Catit Fountain Filter Mini 3pck,Catit,022517440056,7.69,accessories,Catit Fountain Filter Mini 3pc,0.0,7.63
1730,Petmate Kennel Cup Double,Petmate,029695231742,9.89,accessories,Petmate Kennel Cup Double,0.0,9.44
1735,Titan Spiral Stake & Tie Out Combo,Titan,076484890130,25.09,accessories,Titan Spiral Stake & Tie Out C,0.0,24.14
1736,"Fourpaws Walk About 19"" Sprlstake",Four Paws,045663950002,14.19,accessories,"Fourpaws Walk About 19"" Sprlst",0.0,13.64
1738,Four Paws Walk-About Dog Tie Out Stake,Four Paws,045663905002,34.89,accessories,Fourpaws Walkabout Giant Stake,0.0,33.59
1740,"Prevue Hendrix Tieout Spiralstake 24""",Prevue,048081021125,8.79,accessories,Prevue Hendrix Tieout Spiralst,-1.0,11.54
1746,Petcrest Tie Out Cable Small 10ft,PetCrest,026716915100,10.89,accessories,Petcrest Tie Out Cable Small 1,0.0,10.49
1747,Four Paws Heavy Weight Dog Tie Out Cable Silver 15ft,Four Paws,045663847159,19.69,accessories,Fourpaws Tieoutcable15fthvywgh,0.0,18.89
1749,Fourpaws Tieoutcabble20ft Super,Four Paws,045663848200,34.89,accessories,Fourpaws Tieoutcabble20ft Supe,0.0,33.59
1751,Titan Tieout 30' Medium,Titan,076484890628,22.89,accessories,Titan Tieout 30' Heavy,0.0,26.24
1753,Titan Tieout 20' Heavy,Titan,076484890611,27.29,accessories,Titan Tieout 20' Heavy,0.0,26.24
1754,Titan Tieout 30' Heavy,Titan,076484890628,27.29,accessories,Titan Tieout 30' Heavy,0.0,26.24
1755,Titan Tieout 30' Giant,Titan,076484512117,46.89,accessories,Titan Tieout 30' Giant,0.0,45.14
1756,Titan Tieout 10'giant,Titan,076484512087,29.49,accessories,Titan Tieout 10'giant,-1.0,28.34
1757,Titan Tieout 15' Giant,Titan,076484512094,31.69,accessories,Titan Tieout 15' Giant,-1.0,30.44
1758,Titan Tieout 20' Giant,Titan,076484512100,46.89,accessories,Titan Tieout 20' Giant,0.0,45.14
1763,Prevue Hendrix Tieout Chain 15' Heavy Duty,Prevue,048081021163,17.49,accessories,Prevue Hendrix Tieout Chain 15,0.0,18.89
1774,Four Paws Medium Weight Dog Tie Out Cable Red 20ft,Four Paws,045663856205,20.79,accessories,Fourpaws Medium 20' Tie Out Ca,0.0,19.94
1779,Zippy Paws Medium Life Jacket,ZippyPaws,818786014995,39.29,accessories,Zippy Paws Medium Life Jacket,0.0,37.79
1782,Happyride Booster Seat Upto 18,Kurgo,891293000613,50.19,accessories,Happyride Booster Seat Upto 18,0.0,48.29
1785,Kong Ez Cone Collar Medium,Kong,035585505572,17.49,accessories,Kong Rope Rally Bone Medium,0.0,13.64
1787,Kong Ez Cone Collar X-Large,Kong,035585360751,22.89,accessories,Kong Ez Cone Collar X-Large,0.0,22.04
1797,Kong Cloud Large,Kong,035585081366,35.99,accessories,Kong Cloud Large,0.0,34.64
1799,Thunder Shirt Sport Extra Small,Thunder Shirt,819505013213,43.59,accessories,Thunder Shirt Sport Extra Smal,0.0,41.99
1804,Carelift Rear Support Harness L,PetSafe,891293000828,50.19,accessories,Carelift Rear Support Harness,-1.0,48.29
1805,Thunder Shirt Sport L,Thunder Shirt,819505013237,58.89,accessories,Thunder Shirt Sport L,0.0,56.69
1817,Spot in the Bag Waste Bags,Spot,077234984062,9.89,accessories,Spot in the Bag Waste Bags,0.0,9.44
1819,Petcrest Poop Bags,PetCrest,784099025655,3.29,accessories,Petcrest Poop Bags,0.0,3.27
1832,Petmate Clean Resonse Rake & Pan,Petmate,029695711077,32.69,accessories,Petmate Clean Resonse Rake & P,-1.0,31.49
1848,Weewee Silicone Pad Holder,Wee-Wee,045663970000,50.19,accessories,Weewee Silicone Pad Holder,0.0,48.29
1850,Weewee Patch Replace Grass Small,Wee-Wee,045663158521,32.69,accessories,Weewee Patch Replace Grass Sma,0.0,31.49
1867,Weewee Instarise Border 50pk,Wee-Wee,045663974855,65.39,accessories,Weewee Instarise Border 50pk,0.0,62.99
1869,Weewee Instarise Border 10pk,Wee-Wee,045663974848,15.29,accessories,Weewee Instarise Border 10pk,0.0,14.69
1876,Drytech 100 Pack Pads,Penn-Plax,030172041150,55.59,accessories,Drytech 100 Pack Pads,0.0,53.54
1932,"Mypet Universal Pet Gate 26""x26""",North States,026107086259,63.29,accessories,"Mypet Universal Pet Gate 26""x2",0.0,60.89
1935,Midwest Petgate Steel Pet Gate,MidWest Homes For Pets,027773022893,141.69,accessories,Midwest Petgate Steel Pet Gate,0.0,136.49
1952,Catit Catnip Roll on,Catit,022517447574,7.69,accessories,Catit Catnip Roll on,0.0,7.63
2137,Meowee Savory Spoonables 3 Flavor,Meowee,615650000036,4.39,accessories,Meowee Savory Spoonables 3 Fla,0.0,4.36
2220,Catit Creamy Stuff Toy,Catit,022517429617,4.39,accessories,Catit Creamy Stuff Toy,0.0,4.36
2271,Meowijuana Jumpnjamb Toy,SmarterPaw,714929802064,14.19,accessories,Meowijuana Jumpnjamb Toy,0.0,13.64
2278,Catit Groovy Fish,Catit,022517430217,21.79,accessories,Catit Groovy Fish,0.0,20.99
2279,Turbo Replacement Pads 2pk,Turbo,879213001056,14.19,accessories,Turbo Replacement Pads 2pk,0.0,13.64
2282,Catlife Jungle Slope Activity Cen,Penn-Plax,030172071980,63.29,accessories,Catlife Jungle Slope Activity,0.0,60.89
2285,Prevue Scartching Post Grey,Prevue,048081071519,27.29,accessories,Prevue Scartching Post Grey,0.0,26.24
2291,Catlife Purple Activiy & Scratch,Penn-Plax,030172067327,37.09,accessories,Catlife Purple Activiy & Scrat,-1.0,35.69
2296,5lbs Pet Food Container,Gamma2,079441009019,21.79,accessories,5lbs Pet Food Container,0.0,20.99
2298,25 Lbs Pet Food Container,Gamma2,079441009033,42.59,accessories,25 Lbs Pet Food Container,0.0,40.94
2299,50lbs Pet Food Container,Gamma2,079441009040,62.19,accessories,50lbs Pet Food Container,0.0,59.84
2301,24oz Stainless Bowl,Van Ness,079441002324,8.79,accessories,24oz Stainless Bowl,0.0,8.73
2302,1qt Mirror Finish Ss Dish,Ethical Pet,077234060629,4.39,accessories,2qt Mirror Finish Ss Dish,0.0,7.63
2303,2qt Mirror Finish Ss Dish,Ethical Pet,077234060629,7.69,accessories,2qt Mirror Finish Ss Dish,0.0,7.63
2304,Vanness Drawstring Cat Pan Liner,Van Ness,079441004106,7.69,accessories,Vanness Drawstring Cat Pan Lin,0.0,7.63
2305,Pureness Giant 8 Cat Pan Liners,Van Ness,079441004137,7.69,accessories,Pureness Giant 8 Cat Pan Liner,0.0,7.63
2306,Pureness Large 12 Cat Pan Liners,Van Ness,079441004120,7.69,accessories,Pureness Large 12 Cat Pan Line,0.0,7.63
2314,Naturesmiracle No More Spraying,Nylabone,018065057815,16.39,accessories,Naturesmiracle No More Sprayin,0.0,15.74
2318,Nature's Miracle Pet Block Spray,Nature's Miracle,018065983756,11.99,accessories,PetOdor Woofstock Spray,-1.0,11.54
2324,Petlinks Litter Mat,Petlinks,786306495077,28.39,accessories,Petlinks Litter Mat,0.0,27.29
2331,Petsafe Scoopfree Crystal Tray,PetSafe,729849142299,38.19,accessories,Petsafe Scoopfree Crystal Tray,0.0,41.99
2334,Pixi Flowfoun Filter 3x,Penn-Plax,030172437216,9.89,accessories,Pixi Flowfoun Filter 3x,0.0,9.44
2338,Petmate Cat Litter Scoop with Microban,Petmate,029695291128,4.39,accessories,Petmate Jumbo Litter Scoop,0.0,4.36
2340,Catit Style Litter Scoop,Catit,022517505793,4.39,accessories,Catit Style Litter Scoop,0.0,4.36
2345,Catit Magic Blue Replacement,Catit,022517443064,10.89,accessories,Catit Magic Blue Replacement,0.0,10.49
2348,Petmate Scoop & Stand,Petmate,29695265013,14.19,accessories,Petmate Scoop & Stand,0.0,13.64
2352,Litter Genie Refill 2pk,Litter Genie,666594208040,45.79,accessories,Litter Genie Refill 2pk,0.0,44.09
2356,Vanness Cat Starter Kit,Van Ness,79441004052,32.69,accessories,Vanness Cat Starter Kit,0.0,31.49
2367,Breederselect Cat Litter 20l,Breeder Celect,9315087390205,26.19,accessories,Breederselect Cat Litter 20l,0.0,25.19
2372,World's Best Cat Litter Multi 28lb,World's Best Cat Litter,322591006125,43.59,accessories,World's Best Cat Litter Multi,0.0,41.99
2373,Petsafe Crystal Litter 8lb,PetSafe,729849178656,30.59,accessories,Petsafe Crystal Litter 8lb,0.0,29.39
2374,Litterpearls Micro Crystals 3.5lb,Ultra Pet,633843106044,17.49,accessories,Litterpearls Micro Crystals 3.,-1.0,16.79
2378,Intersand Odorlock Lavender Cat Litter 13.2lb,Intersand,777979213068,18.59,accessories,Intersand Odorlock Lavender 13lb,0.0,17.84
2379,Intersand Odorlock Bbypdr 25lb,Intersand,777979210258,28.39,accessories,Intersand Odorlock Lavender 25,0.0,27.29
2380,Intersand Odorlock Calming Breeze 13lb,Intersand,777979214065,18.59,accessories,Intersand Odorlock Calming Bre,0.0,17.84
2383,Intersand Odorlock Baby Powder Cat Litter 25lb,Intersand,777979210258,28.39,accessories,Intersand Odorlock Lavender 25,0.0,27.29
2384,Arm & Hammer Cloud Control Litter,Arm & Hammer,033200001836,26.19,accessories,Arm & Hammer Cloud Control Lit,0.0,25.19
2386,Arm & Hammer Double Duty Litter,Arm & Hammer,033200022084,22.89,accessories,Arm & Hammer Double Duty Litte,0.0,22.04
2389,Tidycats Tidy Feet Litter,Purina,070230100412,28.39,accessories,Tidycats Tidy Feet Litter,0.0,27.29
2390,Dr. Elsey's Kitten Attract,Dr. Elsey's,000338007207,29.49,accessories,Dr. Elseys Cat Litter,0.0,28.34
2391,Dr. Elsey's Cat Attract Litter,Dr. Elsey's,000338007771,29.49,accessories,Dr. Elsey's Cat Attract Litter,0.0,29.39
2395,Naturally Fresh Clumping 14lb,Naturally Fresh,750244220022,27.29,accessories,Naturally Fresh Clumping 14lb,0.0,26.24
2396,Naturally Fresh Herbal Attraction 14lb,Naturally Fresh,050244220060,30.59,accessories,Naturally Fresh Herbal Attract,0.0,29.39
2398,Naturallyfresh Quick Clump 26lb,Naturally Fresh,750244230014,43.59,accessories,Naturallyfresh Quick Clump 26l,0.0,41.99
2399,Naturallyfresh Multicat 26lb,Naturally Fresh,750244230021,46.89,accessories,Naturallyfresh Multicat 26lb,0.0,45.14
2401,Catit Clean Catpanwhood,Catit,022517507032,38.19,accessories,Catit Clean Catpanwhood,0.0,36.74
2403,Catit Airsift Regular Litter Box,Catit,022517507025,37.09,accessories,Catit Airsift Regular Litter B,0.0,35.69
2404,Catit Airsift Jumbo Litter Box,Catit,022517506950,43.59,accessories,Catit Airsift Jumbo Litter Box,0.0,41.99
2410,Vanness High Sides Large Pan,Van Ness,079441004922,16.39,accessories,Vanness High Sides Large Pan,0.0,15.74
2411,Vanness Corner Cat Litter Pan,Van Ness,079441004687,18.59,accessories,Prevue Hendrix Corner Litter P,0.0,12.59
2747,Doggie Nip,Happy Pet,714929808233,5.49,accessories,Doggie Nip,0.0,5.45
2770,"Jolly Pet Flyer 7.5"" Blue",Jolly Pets,788169017526,11.99,accessories,"Jolly Pet Flyer 7.5"" Blue",0.0,11.54
2784,Spot Funfood Dogritos Chips,Spot,077234545898,10.89,accessories,Spot Funfood Dogritos Chips,0.0,10.49
2785,Spot Fun Food Ruffus,Spot,077234544440,8.79,accessories,Spot Fun Food Ruffus,0.0,8.73
2815,Lambchop Happy Birthday,Happy,784369487060,13.09,accessories,Lambchop Happy Birthday,0.0,12.59
2837,Dogslife Fleece Slipper,Dog Life,030172024726,5.49,accessories,Dogslife Fleece Slipper,0.0,7.63
4392,Sleep Sack,Prevue,048081990011,13.09,accessories,Sleep Sack,0.0,12.59
4877,PetOdor Candle Kibblez,Specialty Pet Products,734366063262,11.99,accessories,PetOdor Candle Kibblez,0.0,11.54
4888,PetOdor Woofstock Spray,Specialty Pet Products,018065983756,9.89,accessories,PetOdor Woofstock Spray,-1.0,11.54
4889,PetOdor Pawtopia,Specialty Pet Products,091197700644,9.89,accessories,Fluker's Crafted Cuisine Tortoise,0.0,10.49
4891,PetOdor Candle Lavender with Chamomile,Specialty Pet Products,734366020166,11.99,accessories,PetOdor Candle Lavender with C,0.0,11.54
4893,PetOdor Lollipets Spray 7oz,Specialty Pet Products,734366054475,9.89,accessories,PetOdor Lollipets Spray 7oz,-1.0,9.44
4894,PetOdor Furrytails Spray 7oz,Specialty Pet Products,734366054635,9.89,accessories,PetOdor Furrytails Spray 7oz,-1.0,9.44
4898,PetOdor Creamy Vanilla Car Freshener,Specialty Pet Products,734366023198,3.29,accessories,PetOdor Creamy Vanilla Car Fre,0.0,3.27
4901,PetOdor Hippie Love Wax,Specialty Pet Products,734366080542,6.59,accessories,PetOdor Hippie Love Wax,0.0,6.54
4903,PetOdor Cream Vanilla Wax,Specialty Pet Products,734366080511,6.59,accessories,PetOdor Cream Vanilla Wax,0.0,6.54
4904,PetOdor Pineapple Coconut Wax,Specialty Pet Products,097612180213,6.59,accessories,Zoo Med Naturalistic Flora,-1.0,8.73
4913,Pet House Sweet Cranberries Mini Candle,Pethouse,736902408834,4.39,accessories,Pet House Sweet Cranberries Mi,0.0,4.36
4914,Pet House Lilac Garden Candle,Pethouse,731236221555,25.09,accessories,Pet House Lilac Garden Candle,0.0,24.14
4915,Pet House Orange Spice Candle,Pethouse,745860395513,22.89,accessories,Pet House Orange Spice Candle,-1.0,22.04
4916,Pet House Autumn Harvest Candle,Pethouse,612520695248,25.09,accessories,Pet House Autumn Harvest Candl,0.0,24.14
4917,Pet House Silver Birch Candle,Pethouse,794969447425,25.09,accessories,Pet House Silver Birch Candle,0.0,24.14
4921,Pet House Fresh Citrus Candle,Pethouse,881314673148,25.09,accessories,Pet House Fresh Citrus Candle,0.0,24.14
4924,Pet House Bamboo Watermint Candle,Pethouse,029695244780,21.79,accessories,Vari-Kennel-Kennel-Kennel-Kenn,0.0,157.49
4946,Yummy Crumbs L 12oz,YummyCombs,064992513689,28.39,accessories,Yummy Crumbs L 12oz,0.0,27.29
5214,"Aqualife Plant Scapes 8""",Aqualife,030172005497,11.99,accessories,"Aqualife Plant Scapes 8""",0.0,11.54
5216,"Aqualife Plant Scapes 8""",Aqualife,018940313014,18.52,accessories,Aqualife Decoscapes Large,0.0,17.84
5219,"Aqualife Plant Scapes 14""",Aqualife,618940313090,18.59,accessories,"Aqualife Plant Scapes 14""",0.0,17.84
5223,"Aqualife Plant Scapes 8""",Aqualife,030172902826,11.99,accessories,"Aqualife Plant Scapes 8""",0.0,11.54
5230,Durvet Triple Wormer 2pk Chews Mdlg,Durvet,644472017144,25.09,accessories,A&E Seed Catcher Large,0.0,11.54
5231,Durvet Triple Wormer 2pk Chw Puppy,Durvet,048081008218,14.19,accessories,Durvet Triple Wormer 12pk Chw,0.0,45.14
5232,Durvet Triple Wormer 12pk Chw Puppy,Durvet,048081008218,46.89,accessories,Durvet Triple Wormer 12pk Chw,0.0,45.14
5233,Durvet Worm Ease Liquid 8oz,Durvet,096316700116,13.09,accessories,Zilla Shed-Ease Reptile Bath,0.0,9.44
5236,Crazycat Kitten Wrmer 4oz,Crazy Cat,044472017632,10.89,accessories,Crazycat Kitten Wrmer 4oz,0.0,10.49
5238,Tapeworm Dewormer Dogs Tabs,Bayer,080605821903,37.09,accessories,Tapeworm Dewormer Dogs Tabs,0.0,35.69
5242,Seresto Large Dog Collar,Seresto,030172096310,87.19,accessories,Seresto Large Dog Collar,0.0,83.99
5249,Hippie Hounds 250mg Dog Drops,Hippie Hounds,779202025097,28.39,accessories,Hippie Hounds 250mg Dog Drops,0.0,27.29
5250,Hippie Hounds 1000mg Dog Drops,Hippie Hounds,779202321618,54.49,accessories,Hippie Hounds 1000mg Dog Drops,0.0,52.49
5252,Hippie Hounds 500mg Dog Drops,Hippie Hounds,051233316871,32.69,accessories,Hippie Hounds 500mg Dog Drops,0.0,31.49
5541,Cascade Filtapack 2pk,Cascade,030172016271,6.59,accessories,Small Parrot Starter Kit,0.0,157.49
5832,Pet Rainydays Large,Penn-Plax,030172069925,21.79,accessories,Pet Rainydays Large,0.0,20.99
5833,Petrainy Daysxlg,Penn-Plax,030172069932,30.59,accessories,Petrainy Daysxlg,0.0,29.39
5836,Harness Hoodie Large Red,Fashion Pet,077234302064,23.99,accessories,Harness Hoodie Large Red,0.0,23.09
5837,Harness Coat Navy Large,Fashion Pet,660204010566,27.29,accessories,Harness Coat Navy Large,0.0,26.24
5839,Harness Hoodie Large Blue,Fashion Pet,660204032025,23.99,accessories,Harness Hoodie Large Blue,0.0,23.09
5843,Basic Hoodie Rasberry Small,Frisco,721343212812,18.59,accessories,Basic Hoodie Rasberry Small,-1.0,17.84
5844,Basic Hoodie Natural Blue Medium,Frisco,721343210627,18.59,accessories,Basic Hoodie Natural Blue Medi,0.0,17.84
5845,Basic Hoodie Bviolet Medium,Frisco,721343216940,18.59,accessories,Basic Hoodie Bviolet Medium,0.0,17.84
5846,Basic Hoodie Black Medium,Frisco,721343216315,18.59,accessories,Basic Hoodie Black Medium,0.0,17.84
5847,Basic Hoodie Red Large,Frisco,721343220909,18.59,accessories,Basic Hoodie Red Large,0.0,17.84
5857,LSU Teeshirt Small,Pets First,849790155343,21.79,accessories,LSU Teeshirt Small,0.0,20.99
5877,Garden Gnomes Pjs Pink Extra Extra Small,Fashion Pet,660204032063,22.89,accessories,Garden Gnomes Pjs Pink Extra E,0.0,22.04
5879,Gardebn Gnomes Pj Pink Extra Large,Fashion Pet,660204032087,22.89,accessories,Gardebn Gnomes Pj Pink Extra L,0.0,22.04
5894,Camo Sweatshirt Extra Large,Ethical Pet,077234500071,28.39,accessories,Camo Sweatshirt Extra Large,0.0,27.29
5899,Plaid Sweater Red Medium,Penn-Plax,030172101397,25.09,accessories,Plaid Sweater Red Medium,0.0,24.14
5902,Class Cable Sweater Red Extra Extra Small,Fashion Pet,022517912461,14.19,accessories,Class Cable Sweater Red Extra,0.0,13.64
6940,Dogo's Ice Cream Vanilla,Dog-O's,850529003903,4.39,accessories,Dogo's Ice Cream Vanilla,0.0,4.36
7125,Fritz Glass Cleaner,Fritz Aquatics,080531540084,10.89,accessories,Fritz Glass Cleaner,0.0,10.49
7170,Acurel,Acurel,842982000056,7.69,accessories,Acurel,0.0,7.63
7499,PetOdor Candle Hippe Love,Specialty Pet Products,734366027943,11.99,accessories,PetOdor Candle Hippe Love,0.0,11.54
7503,PetOdor Ocean Breeze Spray 7oz,Specialty Pet Products,734366054925,9.89,accessories,PetOdor Ocean Breeze Spray 7oz,0.0,9.44
7504,PetOdor Flower Power Spray 7oz,Specialty Pet Products,734366054178,9.89,accessories,PetOdor Flower Power Spray 7oz,0.0,9.44
7505,PetOdor Lavender with Chamomile Spray 7oz,Specialty Pet Products,734366020197,9.89,accessories,PetOdor Lavender with Chamomil,0.0,9.44
7983,Petsafe Come With Me Kitty Harness And Leash Black Large,Petsafe,10BE008428,20.79,accessories,Petsafe Come With Me Kitty Har,0.0,19.94
8225,Untucked Cab Sweet Navy Medium,Coastal,076484510649,21.79,accessories,Safari Large Nail Trimmer,0.0,11.54
8248,Cosmic Hoodie Navy Extra Small,Coastal,660204031837,19.69,accessories,Cosmic Hoodie Navy Extra Small,0.0,18.89
9133,Coastal Mesh Muzzle Size 7xl,Coastal,076484076114,18.59,accessories,Coastal Mesh Muzzle Size 7xl,0.0,17.84
9134,Coastal Mesh Muzzle Size 6,Coastal,076484706770,17.49,accessories,Coastal Mesh Muzzle Size 6,0.0,16.79
9146,Coastal Auto Tether,Coastal,076484986000,22.79,accessories,Coastal Auto Tether,0.0,24.14
9262,Petmate Pup Top Food Can Topper,Petmate,029695268045,3.29,accessories,Petmate Pup Top Food Can Toppe,0.0,3.27
9370,Intersand Fresh & Natural Scented Clumping Cat Litter 20lb,Fresh & Natural,777979156105,21.79,accessories,Intersand Fresh & Natural Scen,-1.0,20.99
9374,Four Paws Wee-Wee Super Absorbent Disposable Dog Diaper Liners One Size (10 ct),Four Paws,045663972288,11.99,accessories,Four Paws Wee-Wee Super Absorb,0.0,12.59
9458,Loving Pets Bella Fashion Mats Assorted,Loving Pets,842982075696,8.79,accessories,Loving Pets Fashion Mat,0.0,8.73
9494,Kaytee CritterTrail One Level Habitat,Kaytee,045125605280,76.29,accessories,Crittertrail Quick Clean,0.0,73.49
9552,"Midwest Quiet Time Deluxe Wave Pet Bed Tan 18""",Midwest,027773027911,16.39,accessories,Quiet Time Crate Bed 18 inch Tan,0.0,15.74
9820,"Bergan® Comfort Carrier™, Black with Grey, Small - 16"" L x 8"" W x 11"" H",Coastal,879213009007,58.89,accessories,Bergan Comfort Carrier Black Small,-1.0,56.69
9821,"Bergan® Comfort Carrier™, Heather Grey, Small - 16"" L x 8"" W x 11"" H",Coastal,879213009106,52.39,accessories,Bergan Carrier,0.0,50.39
9822,"Bergan® Comfort Carrier™, Heather Bermuda, Small - 16"" L x 8"" W x 11"" H",Coastal,879213009137,52.39,accessories,Comfort Carrier Small/Petite 10lb,-1.0,56.69
9823,"Bergan® Comfort Carrier™, Black with Grey, Large - 19"" L x 10"" W x 13"" H",Coastal,879213009182,70.89,accessories,Bergan Comfort Carrier Black Lrg,0.0,68.24
127,Exo Terra Snails,Exo Terra,015561219563,7.62,aquatics,Exo Terra Snails,0.0,7.63
483,"Lagoon 11"" Oval",Penn-Plax,030172031816,20.70,aquatics,"Lagoon 11"" Oval",0.0,19.94
484,Lagoon Kidney,Penn-Plax,030172031823,14.16,aquatics,Lagoon Kidney,0.0,13.64
679,Suculate Garden,Penn-Plax,850005832522,17.49,aquatics,Succulent Garden #2,0.0,16.79
1739,Petcrestspiralstake,Penn-Plax,026716800000,48.29,aquatics,Diamond Grain Free 28lb,0.0,48.29
4241,Lock Crock 20oz,Penn-Plax,030172010774,11.99,aquatics,Lock Crock 20oz,0.0,11.54
4242,Lock Crock 10oz,Penn-Plax,030172010767,10.89,aquatics,Lock Crock 10oz,0.0,10.49
4248,Pet Water Bottle 32oz,Penn-Plax,030172041716,9.89,aquatics,Pet Water Bottle 32oz,0.0,9.44
4992,Aqueon Proscraper 3.0 Adjust,Aqueon,015905002196,21.79,aquatics,Aqueon Proscraper 3.0 Adjust,0.0,20.99
4993,Aqueon Proscraper 3.0 Short,Aqueon,015905002325,14.16,aquatics,Aqueon Proscraper 3.0 Short,0.0,13.64
4996,"Aqueon 14"" Led Bubble Wand",Aqueon,015905062374,31.60,aquatics,"Aqueon 14"" Led Bubble Wand",0.0,30.44
5010,Aqualife Thermal Temp,Aqualife,15561229890,4.35,aquatics,Aqualife Thermal Temp,0.0,4.36
5025,Marina 2way Control Valve,Marineland,015561111782,4.35,aquatics,Marina 2way Control Valve,0.0,4.36
5029,Marina Digit Thermometer,Marineland,015561111966,22.88,aquatics,Marina Digit Thermometer,0.0,22.04
5033,Mag-scrape Scraper Blades,Penn-Plax,030172032127,21.79,aquatics,Mag-scrape Scraper Blades,0.0,20.99
5034,Airpod,Penn-Plax,030172047190,91.55,aquatics,Airpod,0.0,88.19
5037,Marina Battery Air Pump,Marineland,015561111348,22.88,aquatics,Marina Battery Air Pump,0.0,22.04
5039,"Aqualife 28"" Bubble Wall",Aqualife,097612621501,9.80,aquatics,"Aqualife 28"" Bubble Wall",0.0,9.44
5040,"Aqualife 23"" Bubble Wall",Aqualife,784369933727,14.16,aquatics,"Aqualife 23"" Bubble Wall",0.0,13.64
5042,Marina Air Curtain,Marineland,015561229920,10.89,aquatics,Marina Air Curtain,0.0,10.49
5043,"Aqualife 48"" Bend Bubble Wall",Aqualife,030172018701,20.70,aquatics,"Aqualife 48"" Bend Bubble Wall",0.0,19.94
5045,"Aqualife 23.5"" Bend Bubble Wall",Aqualife,015561229944,15.29,aquatics,Exo Terra Boxwood Bush,0.0,14.69
5052,"Aquamist 12""",Penn-Plax,030172333125,7.62,aquatics,"Aquamist 12""",0.0,7.63
5055,Aqualife Stand Airline Tube 8ft,Aqualife,030172350085,4.35,aquatics,Aqualife Stand Airline Tube 8f,0.0,4.36
5059,Marina Air Stone 2pk,Marineland,015561109611,2.17,aquatics,Marina Air Stone 2pk,0.0,2.17
5060,"Aquamist 7/16""",Penn-Plax,030172332067,2.17,aquatics,"Aquamist 7/16""",0.0,2.17
5066,Act-air Skele on Wheel,Penn-Plax,030172104909,9.80,aquatics,Skeleton Escape,0.0,9.44
5086,Airtech 2k4,Penn-Plax,030172047220,38.14,aquatics,Airtech 2k4,0.0,36.74
5096,Caribsea Aragonite 15lb,CaribSea,97612009361,22.88,aquatics,Caribsea Aragonite 15lb,0.0,22.04
5101,Fluval Bio - stratum 4.4lb,Fluval,015561126996,20.70,aquatics,Fluval Bio - stratum 4.4lb,0.0,19.94
5102,Fluval Stratum 4.4lb,Fluval,1556112639,18.52,aquatics,Fluval Stratum 4.4lb,0.0,17.84
5107,Spectrastone Mini Rainbow 5lb,Spectrastone,096316660267,6.53,aquatics,Spectrastone Lake Green 5lb,0.0,6.54
5111,Spectrastone Red 5lb,Spectrastone,097612090413,7.62,aquatics,Spectrastone Red 5lb,0.0,7.63
5112,Spectrastone Mini Black Lag 5lb,Spectrastone,47497269237,8.71,aquatics,Spectrastone Mini Black Lag 5l,0.0,8.73
5113,Spectrastone Berry Lk 5lb,Spectrastone,096316660267,6.53,aquatics,Spectrastone Lake Green 5lb,0.0,6.54
5116,Purewater Pebble Blue Lag 5lb,Nature's Ocean,096316660441,6.59,aquatics,Zilla Basic Tropical Kit,0.0,104.99
5119,Spectrastone Lake Green 5lb,Spectrastone,096316660267,6.53,aquatics,Spectrastone Lake Green 5lb,0.0,6.54
5121,Purewater Pebbles Black Beaty 5lb,Nature's Ocean,015561226004,5.49,aquatics,Mini Natural Wide Terrarium,0.0,62.99
5122,Purewater Pebbles Rainbow Gems 5lb,Nature's Ocean,015561226028,6.53,aquatics,Purewater Pebbles Rainbow Gems,0.0,6.54
5131,Spectrastone Blue Jean 25lb,Spectrastone,015561226134,28.33,aquatics,Spectrastone lb Black 25lb,0.0,27.29
5134,Spectrastone lb Black 25lb,Spectrastone,015561226134,28.33,aquatics,Spectrastone lb Black 25lb,0.0,27.29
5135,Purewatr Pebbles Liberty 25 lb,Pure Water Pebbles,015561226103,26.15,aquatics,Purewatr Pebbles Liberty 25 lb,0.0,25.19
5140,Sinkers Water Lily Red Medium,Penn-Plax,030172055485,6.53,aquatics,Sinkers Water Lily Red Medium,0.0,6.54
5143,Sinkers Blom Ludwig Green Super,Penn-Plax,030172091032,10.89,aquatics,Sinkers Blom Ludwig Green Supe,0.0,10.49
5145,Sinkers Bloom Ludwigia Red Giant,Penn-Plax,030172055652,13.07,aquatics,Sinkers Bloom Ludwigia Red Gia,0.0,12.59
5146,Sinkers Ambulia Green Giant,Penn-Plax,030172055669,14.16,aquatics,Sinkers Ambulia Green Giant,0.0,13.64
5157,Aqua plant 8' Plant Green,Penn-Plax,030172055478,10.89,aquatics,Aqua plant 8' Plant Green,0.0,10.49
5159,"Aquatop Vibrant Gar Blue Plant 16""",Aquatop,021653101128,15.25,aquatics,Aquatop Vibrant Gar Viol Plant,0.0,14.69
5162,"Aquatop Vibrant Pass Yellw Plant 16""",Aquatop,050024364318,11.98,aquatics,Aquatop Vibrant Pass Rose Plan,0.0,11.54
5164,"Aquatop Vibrant Wild Purple Plant 16""",Aquatop,010053870426,11.98,aquatics,Aquatop Vibrant Wild Purple Pl,0.0,11.54
5165,"Aquatop Vibrant Gar Pink Plant 16""",Aquatop,021653101128,15.25,aquatics,Aquatop Vibrant Gar Viol Plant,0.0,14.69
5166,"Aquatop Vibrant Pass Rose Plant 16""",Aquatop,050024364318,11.98,aquatics,Aquatop Vibrant Pass Rose Plan,0.0,11.54
5167,"Aquatop Vibrant Wild White Plant 16""",Aquatop,010053870426,11.98,aquatics,Aquatop Vibrant Wild Purple Pl,0.0,11.54
5168,"Aquatop Vibrant Pass Turq Plant 16""",Aquatop,050024364318,11.98,aquatics,Aquatop Vibrant Pass Rose Plan,0.0,11.54
5169,"Aquatop Vibrant Gar Viol Plant 16""",Aquatop,024089792730,18.52,aquatics,Aquatop Vibrant Gar Pink Plant,0.0,17.84
5170,Aquatop Vibrant Gar Purple Plant,Aquatop,076484228582,3.26,aquatics,turbo,0.0,3.27
5171,"Aquatop Vibrant Gar Green Plant 16""",Aquatop,021653101128,15.25,aquatics,Aquatop Vibrant Gar Viol Plant,0.0,14.69
5172,"Aquatop Vibrant Wild Red Plant 16""",Aquatop,010053870426,11.98,aquatics,Aquatop Vibrant Wild Purple Pl,0.0,11.54
5173,"Aquatop Vibrant Pass Blue Plant 16""",Aquatop,050024364318,11.98,aquatics,Aquatop Vibrant Pass Rose Plan,0.0,11.54
5174,"Aquatop Vibrant Gar Blue Plant 10""",Aquatop,076484228582,3.26,aquatics,turbo,0.0,3.27
5176,"Aquatop Vibrant Pass Yellow Plant 10""",Aquatop,009079059817,15.25,aquatics,Aquatop Vibrant Pass Pink Plan,0.0,14.69
5179,"Aquatop Vibrant Gar Pink Plant 10""",Aquatop,024089792730,18.52,aquatics,Aquatop Vibrant Gar Pink Plant,0.0,17.84
5180,"Aquatop Vibrant Wild Purple Plant 10""",Aquatop,010053870426,11.98,aquatics,Aquatop Vibrant Wild Purple Pl,0.0,11.54
5181,"Aquatop Vibrant Gar Viol Plant 10""",Aquatop,021653101128,15.25,aquatics,Aquatop Vibrant Gar Viol Plant,0.0,14.69
5183,"Aquatop Vibrant Pass Rose Plant 6""",Aquatop,050024364318,11.98,aquatics,Aquatop Vibrant Pass Rose Plan,0.0,11.54
5188,"Aquatop Vibrant Gar Purple Plant 10""",Aquatop,010053870426,11.98,aquatics,Aquatop Vibrant Wild Purple Pl,0.0,11.54
5189,"Aquatop Vibrant Pass Blue Plant 10""",Aquatop,009079059817,15.25,aquatics,Aquatop Vibrant Pass Pink Plan,0.0,14.69
5190,Aquatop Vibrant Pass Pink Plant 10',Aquatop,009079059817,15.25,aquatics,Aquatop Vibrant Pass Pink Plan,0.0,14.69
5192,"Aquatop Vibrant Pass Rse Plant 6""",Aquatop,076484835278,11.99,aquatics,Yarn Cat Toy,-1.0,2.17
5193,"Aquatop Vibrant Gar Pink Plant 6""",Aquatop,076484228582,3.26,aquatics,turbo,0.0,3.27
5196,"Aquatop Vibrant Gar Purple Plant 6""",Aquatop,076484228582,3.26,aquatics,turbo,0.0,3.27
5197,"Aquatop Vibrant Gar Blue Plant 6""",Aquatop,076484228582,3.26,aquatics,turbo,0.0,3.27
5198,"Aquatop Vibrant Gar Viol Plant 6""",Aquatop,076484851216,11.98,aquatics,Aquatop Vibrant Gar Viol Plant,0.0,11.54
5199,"Aquatop Vibrant Wild Purple Plant 6""",Aquatop,010053870426,11.98,aquatics,Aquatop Vibrant Wild Purple Pl,0.0,11.54
5200,"Aquatop Vibrant Pass Rose Plant 6""",Aquatop,076484536090,11.99,aquatics,Cat toy,-11.0,3.27
5201,"Aquatop Vibrant Gar Green Plant 6""",Aquatop,076484228582,3.26,aquatics,turbo,0.0,3.27
5213,"Aqualife Plant Scapes 8""",Aqualife,018940313014,18.52,aquatics,Aqualife Decoscapes Large,0.0,17.84
5218,"Aqualife Plant Scapes 14""",Aqualife,618940313090,20.79,aquatics,"Aqualife Plant Scapes 14""",0.0,17.84
5221,Aqualife Decoscapes Small,Aqualife,018940313014,18.52,aquatics,Aqualife Decoscapes Large,0.0,17.84
5224,"Aqualife Plant Scapes 10""",Aqualife,618940313113,15.25,aquatics,"Aqualife Plant Scapes 10""",0.0,14.69
5226,Aqualife Decoscapes Large,Aqualife,018940313014,18.52,aquatics,Aqualife Decoscapes Large,0.0,17.84
5229,Sinkers Red Water Hyacinth Bottom,Penn-Plax,030172050589,5.44,aquatics,Sinkers Red Water Hyacinth Bot,0.0,5.45
5257,Foregrounder Cabomba Greenward,Penn-Plax,030172055102,3.26,aquatics,Foregrounder Cabomba Greenward,0.0,3.27
5258,"Glo-Plant 4"" Aquaplnt",GloFish,046798784074,3.29,aquatics,Tetra Glo Multi Plant,0.0,10.49
5265,Frozen Olaf Slide Mini,Penn-Plax,030172090097,7.62,aquatics,Frozen Olaf Slide Mini,0.0,7.63
5266,Sesame Oscar the Grouch,Penn-Plax,030172099670,5.44,aquatics,Sesame Oscar the Grouch,0.0,5.45
5274,Little Meremaid 5pk,Penn-Plax,030172082740,31.60,aquatics,Little Meremaid 5pk,0.0,30.44
5275,Aquascapes Medium Green/Pink Bunch,Penn-Plax,030172062308,4.39,aquatics,Rock Stack,0.0,10.49
5277,Aquascapes Small Purpl Bunch,Penn-Plax,03017209876,4.35,aquatics,Aquascapes Small Purpl Bunch,0.0,4.36
5279,Aquascapes Medium Pennywort Bunch,Penn-Plax,030172080128,4.35,aquatics,Aquascapes Medium Pennywort Bu,0.0,4.36
5283,Aquascapes Glow Bunch Medium Green/Pink,Penn-Plax,030172101045,4.35,aquatics,Aquascapes Glow Bunch Medium G,0.0,4.36
5288,Aqua Floras Living Large Log,Penn-Plax,030172105463,18.52,aquatics,Aqua Floras Living Large Log,0.0,17.84
5292,"Galapagos 12""-24"" Spider Wd",Galapagos,759834053194,31.60,aquatics,"Galapagos 12""-24"" Spider Wd",0.0,30.44
5293,Zoo Med Medium Spider Wood,Zoo Med,097612200928,19.69,aquatics,Zoo Med Mopani Wood Medium,-1.0,17.84
5298,Mopani Wd Medium,Penn-Plax,030172104657,16.34,aquatics,Mopani Wd Medium,0.0,15.74
5305,Plant Decor Kit 2md 4xs color,Penn-Plax,030172101779,17.43,aquatics,Plant Decor Kit 2md 4xs color,0.0,16.79
5310,Skeleton Escape,Penn-Plax,030172104909,9.80,aquatics,Skeleton Escape,0.0,9.44
5313,Coral Rock Large,Hagen,015561147583,43.59,aquatics,Coral Rock Large,0.0,41.99
5314,Jammin Jam,Penn-Plax,030172040511,7.62,aquatics,Jammin Jam,0.0,7.63
5315,Weird Waters Sign,Penn-Plax,030172045530,5.44,aquatics,Weird Waters Sign,0.0,5.45
5323,Clown Fish,Penn-Plax,030172080579,6.53,aquatics,Clown Fish,0.0,6.54
5326,Jaws W Bair Tank Medium,Penn-Plax,030172103889,21.79,aquatics,Jaws W Bair Tank Medium,0.0,20.99
5337,Gary Large,Penn-Plax,030172068966,14.16,aquatics,Gary Large,0.0,13.64
5338,Spongebob Large,Penn-Plax,030172075940,22.88,aquatics,Spongebob Large,0.0,22.04
5342,"Roundstone Hideaway Large 4""",Penn-Plax,030172078552,21.79,aquatics,"Roundstone Hideaway Large 4""",0.0,20.99
5352,Shipwreck Bow Large,Penn-Plax,030172014581,98.09,aquatics,Shipwreck Bow Large,0.0,94.49
5360,Dilophosaurus Medium,Penn-Plax,030172103858,16.34,aquatics,Dilophosaurus Medium,0.0,15.74
5365,Medium Afr Shade Leaf Log,Penn-Plax,030172045776,16.34,aquatics,Medium Afr Shade Leaf Log,0.0,15.74
5366,Naturals Log Medium,Prevue,030172902741,34.89,aquatics,Perch with Mirror and Beads & Seed Cup,-2.0,4.36
5376,Minions Beacg Buddies Small,Penn-Plax,030172104299,16.34,aquatics,Minions Beacg Buddies Small,0.0,15.74
5377,Kev & Stuart Surf Small,Penn-Plax,030172104282,16.34,aquatics,Kev & Stuart Surf Small,0.0,15.74
5381,Barbies Mermaid Medium,Penn-Plax,030172115486,14.16,aquatics,Barbies Mermaid Medium,0.0,13.64
5382,Barbie Mermaid Medium,Penn-Plax,030172115479,14.16,aquatics,Barbie Mermaid Medium,0.0,13.64
5384,Stump Ornatment Large,Penn-Plax,030172045783,4.35,aquatics,Mini Undersea Mini Cannon,0.0,4.36
5385,Wood Decor,Penn-Plax,030172104664,21.79,aquatics,Wood Decor,0.0,20.99
5389,Fighter Jet Wreck Scape,Penn-Plax,030172083518,59.94,aquatics,Fighter Jet Wreck Scape,0.0,57.74
5395,Pipe Hideaway Large,Penn-Plax,030172064432,10.89,aquatics,Pipe Hideaway Large,0.0,10.49
5397,Marina Naturals Large,Marineland,644472008685,43.59,aquatics,Marina Naturals Large,0.0,41.99
5408,Red Rock Tank Decor,Penn-Plax,030172017797,38.14,aquatics,Red Rock Tank Decor,0.0,36.74
5411,Rock Cave Mountain,Penn-Plax,030172064425,31.60,aquatics,Rock Cave Mountain,0.0,30.44
5413,Zoo Med Aqualog Large,Zoo Med,097612240313,23.97,aquatics,Zoo Med Aqualog Large,0.0,23.09
5415,Small Rdck Cave,Penn-Plax,030172064401,21.79,aquatics,Small Rdck Cave,0.0,20.99
5425,Rock Stack,Penn-Plax,030172062308,10.89,aquatics,Rock Stack,0.0,10.49
5427,Kitbox Volcano,H 2 Show,798549198820,74.11,aquatics,Kitbox Volcano,0.0,71.39
5431,Bonsai Tree Small,Penn-Plax,030172072062,20.70,aquatics,Bonsai Tree Small,0.0,19.94
5433,Green Leaf Dirtfwood,Penn-Plax,030172098154,10.89,aquatics,Green Leaf Dirtfwood,0.0,10.49
5435,Mossy Rock Scape,Penn-Plax,030172088131,31.60,aquatics,Mossy Rock Scape,0.0,30.44
5450,Castle Super Section B,Penn-Plax,030172027352,87.19,aquatics,Castle Super Section B,0.0,83.99
5451,Castle Super Sec A,Penn-Plax,030172027345,65.39,aquatics,Castle Super Sec A,0.0,62.99
5460,Mini Castle,Penn-Plax,030172027482,9.80,aquatics,Mini Castle,0.0,9.44
5468,Mini Undersea Mini Cannon,Penn-Plax,030172045783,4.35,aquatics,Mini Undersea Mini Cannon,0.0,4.36
5476,Treasure Chest Large,Penn-Plax,030172019418,43.59,aquatics,Treasure Chest Large,0.0,41.99
5484,Cascade 150/200 Flt Cartridge,Cascade,071859475110,5.44,aquatics,Cascade 150/200 Flt Cartridge,0.0,5.45
5488,Forza Replace Fzpuv Cartridge,Forza,048054810589,14.16,aquatics,Forza Replace Fzpuv Cartridge,0.0,13.64
5493,Acurel Amonia Reduce Pad,Acurel,087535360687,10.89,aquatics,Acurel Amonia Reduce Pad,0.0,10.49
5498,Nitrate Remover Pad,Penn-Plax,030172082269,11.98,aquatics,Nitrate Remover Pad,0.0,9.44
5500,Cascade 20 Filter 3pk,Cascade,97612510119,7.62,aquatics,Cascade 20 Filter 3pk,0.0,7.63
5507,Aqueon Ecorenew Medium 3pk,Aqueon,015905002530,13.07,aquatics,Aqueon Ecorenew Medium 3pk,0.0,12.59
5508,Aqueon Ecorenew Small 3pk,Aqueon,015905002516,14.16,aquatics,Aqueon Ecorenew Small 3pk,0.0,13.64
5509,Aqueon Ecorenew Extra Small 3pk,Aqueon,015905002509,10.89,aquatics,Aqueon Ecorenew Extra Small 3p,0.0,10.49
5510,Aqueon Phosphate Remove 20-75,Aqueon,015905062855,14.16,aquatics,Aqueon Phosphate Remove 20-75,0.0,13.64
5519,Ammonia-x Cat Ax3,Ammonia-X,087535470126,6.53,aquatics,Ammonia-x Cat Ax3,0.0,6.54
5535,Marina Slim Bioclr 3pk,Marineland,644472013351,7.62,aquatics,Marina Slim Bioclr 3pk,0.0,7.63
5538,Cascade Filtapack 2pk,Cascade,030172016271,5.49,aquatics,Small Parrot Starter Kit,0.0,157.49
5543,Pro-carb 28oz Active Crbn,Penn-Plax,030172015427,29.42,aquatics,Pro-carb 28oz Active Crbn,0.0,28.34
5546,Marineland Active Crbn 10oz,Marineland,047431782358,26.15,aquatics,Marineland Active Crbn 22oz,0.0,25.19
5547,Marineland Active Crbn 22oz,Marineland,047431782358,26.15,aquatics,Marineland Active Crbn 22oz,0.0,25.19
5553,Aquatop Eliminator 7w,Aquatop,048081011515,76.29,aquatics,Aquatop Eliminator 7w,0.0,73.49
5561,Undergrvel Filter 10g,Penn-Plax,030172001901,14.16,aquatics,Undergrvel Filter 10g,0.0,13.64
5564,Undergravel Filter 40/55g,Penn Plax,030172390845,31.60,aquatics,Undergravel Filter 40/55g,0.0,30.44
5575,Marineland Micron Filter,Marineland,047431783997,14.16,aquatics,Marineland Micron Filter,0.0,13.64
5577,Cascade20 Filter,Cascade,720101107209,22.88,aquatics,Cascade20 Filter,0.0,22.04
5587,Marineland Bio-foam-prefilter,Marineland,047431783096,10.89,aquatics,Marineland Bio-foam-prefilter,0.0,10.49
5596,Marineland Power Filter280,Marineland,047431504783,59.94,aquatics,Marineland Power Filter280,0.0,57.74
5597,Marineland Emperor 400,Marineland,047431504790,108.99,aquatics,Marineland Emperor 400,0.0,104.99
5600,Marineland Penguin Pro275,Marineland,047431781801,70.84,aquatics,Marineland Penguin Pro275,0.0,68.24
5603,"Aqueon 20""x10"" Hinged Glass Top",Aqueon,015905290203,17.43,aquatics,"Aqueon 20""x10"" Hinged Glass To",0.0,16.79
5606,"Aqueon 48""x18"" Glass Top",Aqueon,015905290715,59.94,aquatics,"Aqueon 48""x18"" Glass Top",0.0,57.74
5607,"Perfecto 30,34h,&45h",Perfecto,030172035791,44.68,aquatics,"Perfecto 30,34h,&45h",0.0,43.04
5608,Perfecto 20x18 Glass Top,Perfecto,030172035784,34.87,aquatics,Perfecto 20x18 Glass Top,0.0,33.59
5610,Aquaglo T8 30w,Hagen,850004314739,11.99,aquatics,Skout's Honor Probiotic Hot Spot Hydrogel,0.0,24.14
5614,Aqueon T8 Colormax Size24,Aqueon,015905004503,25.06,aquatics,Aqueon T8 Colormax Size24,0.0,24.14
5616,Aqueon T8 Full Spec 18'l,Aqueon,045663976019,9.80,aquatics,Aqueon T8 Full Spec 18'l,0.0,9.44
5618,Aqueon Led Max Blue Size 20,Aqueon,045663976033,17.43,aquatics,Aqueon Led Max Blue Size 20,0.0,16.79
5619,Aquarilux 20w,Aquatop,784099029172,18.59,aquatics,Petcrest Two in One Pet Shampoo & Conditioner,0.0,8.73
5626,Aqueon Led Max Blue Size 48,Aqueon,015905156745,40.32,aquatics,Aqueon Led Max Blue Size 48,0.0,38.84
5635,Marineland Led Pod Cool White,Marineland,645095010109,13.09,aquatics,Tropiclean Berry & Coconut Pet Wipes,-2.0,13.64
5636,Marineland Led Pod White & Blue,Marineland,645095010109,10.89,aquatics,Tropiclean Berry & Coconut Pet Wipes,-2.0,13.64
5639,Marineland Led Pod Color Enhnce,Marineland,645095861329,9.80,aquatics,Marineland Led Pod Color Enhnc,0.0,9.44
5641,Tetra 9w Uv Bulb,Tetra,046798195276,31.60,aquatics,Tetra 9w Uv Bulb,0.0,30.44
5642,Aquatop Uv Light Bulb 5w,Aquatop,810281011080,25.06,aquatics,Aquatop Uv Light Bulb 5w,0.0,24.14
5643,Aquatop Uv Light Bulb 9w,Aquatop,810281011059,25.06,aquatics,Aquatop Uv Light Bulb 9w,0.0,24.14
5673,Fluval Ac70 Ac110 Bio Max,Fluval,015561196659,19.61,aquatics,Fluval Ac70 Ac110 Bio Max,0.0,18.89
5674,Fluval Ac70 Ac110 Intake Sponge,Fluval,015561196864,3.26,aquatics,Fluval Ac70 Ac110 Intake Spong,0.0,3.27
5682,Fluval Ac 50 Filter,Fluval,015561196109,57.76,aquatics,Fluval Ac 50 Filter,0.0,55.64
5729,Fluval C4 Activated Carbon 3pk,Fluval,015561140133,13.07,aquatics,Fluval C4 Activated Carbon 3pk,0.0,12.59
5730,Fluval 70 Carbon,Fluval,015561106177,8.71,aquatics,Fluval 70 Carbon,0.0,8.73
5734,Fluval C3 Zeo-carb 3pk,Fluval,015561140188,8.71,aquatics,Fluval C3 Zeo-carb 3pk,0.0,8.73
5735,Micra Plus Pump,Penn-Plax,030172047671,43.59,aquatics,Micra Plus Pump,0.0,41.99
5765,Tetra Pond Pump550 Medium,Tetra,046798265870,43.59,aquatics,Tetra Pond Pump550 Medium,0.0,41.99
5766,Tetra Pond Pump1000 Large,Tetra,046798265887,65.39,aquatics,Tetra Pond Pump1000 Large,0.0,62.99
5771,Ovation-380 Filter,Penn-Plax,030172047381,7.62,aquatics,Ovation-380 Filter,0.0,7.63
5772,Ovation-1000 Filter,Penn-Plax,030172047398,8.71,aquatics,Ovation-1000 Filter,0.0,8.73
5774,Podmaster Pond Filter,Penn-Plax,030172047756,18.52,aquatics,Podmaster Pond Filter,0.0,17.84
5782,Api Pond Pimafix,API,317163021781,27.24,aquatics,Api Pond Pimafix,0.0,26.24
5785,Api Pond Simply Clear,API,317163022481,27.24,aquatics,Api Pond Simply Clear,0.0,26.24
5786,Api Pond Algaefix,API,317163021699,33.78,aquatics,Api Pond Algaefix,0.0,32.54
5788,Api Pond Stress Coat,API,317163051405,20.70,aquatics,Api Pond Stress Coat,0.0,19.94
5790,Aqueon Pure Pond Bomb 2500,Aqueon,015905550978,17.43,aquatics,Aqueon Pure Pond Bomb 2500,0.0,16.79
5796,Tetra Color Enhancing Koi Vibrance Sticks 4.94oz,Tetra,046798163596,9.80,aquatics,Tetra Koi Vibrance,0.0,9.44
5797,Tetra Pond Sticks 1lb,Tetra,046798164838,20.70,aquatics,Tetra Pond Sticks 1lb,0.0,19.94
5800,Tetra Uv Clarifier,Tetra,046798195214,261.59,aquatics,Tetra Uv Clarifier,0.0,251.99
5803,Tetra Koi Vibe 1.4lb,Tetra,046798164944,29.42,aquatics,Tetra Koi Vibe 1.4lb,0.0,28.34
5806,Sponge Bob Betta Tank,Penn-Plax,030172092039,25.06,aquatics,Sponge Bob Betta Tank,0.0,24.14
5808,.5g Dory Betta Tank,Penn-Plax,030172015373,18.59,aquatics,Penn Plax Small World Kit,0.0,31.49
5810,Frozen Betta Tank,Penn-Plax,030172091742,21.79,aquatics,Frozen Betta Tank,0.0,20.99
5812,Baby Shark Big Show Tank,Penn-Plax,030172091742,31.69,aquatics,Frozen Betta Tank,0.0,20.99
5815,.5 Dory Betta Tank,Penn-Plax,030172094026,18.52,aquatics,.5 Dory Betta Tank,0.0,17.84
5816,Betta Bow Front Double Tank Kit,Penn-Plax,030172019524,15.25,aquatics,Betta Bow Front Double Tank Ki,0.0,14.69
5817,1-3 Betta Tank Kit,Penn-Plax,030172077050,32.69,aquatics,1-3 Betta Tank Kit,0.0,31.49
5820,Glofish Trilogy,GloFish,015561112178,8.71,aquatics,Fluval Water Hose Bracket,0.0,8.73
5825,Aqueon 29g Tank & Stand,Aqueon,745801712508,326.99,aquatics,Durvet Activated Charcoal Gel,0.0,3.27
5827,Fluval 32.5us Fluval Tank & Stand,Fluval,683615359512,621.29,aquatics,Fluval 32.5us Fluval Tank & St,0.0,598.49
5828,Marineland 60gal Tank & Stand,Marineland,715501517864,512.29,aquatics,Marineland 60gal Tank & Stand,0.0,493.49
5830,Marineland 75 Tank & Stand,Marineland,012104434049,544.99,aquatics,Marineland 75 Tank & Stand,0.0,524.99
5851,Rainy Days Small,Penn-Plax,030172069918,18.52,aquatics,Rainy Days Small,0.0,17.84
6924,Hikari Frozen Krill 3.5 oz,Hikari,042055307208,7.62,aquatics,Hikari Frozen Krill 3.5 oz,0.0,7.63
6933,Hikari Frozen Spirulina Brine Shrimp 3.5 oz,Hikari,042055325202,6.53,aquatics,Hikari Frozen Spirulina Brine,-1.0,6.54
6935,Hikari Frozen Ocean Plankton 3.5 oz,Hikari,076484693540,7.69,aquatics,Coastal Styles Collar Med Lama,0.0,10.69
6949,Hikari Algae Waffer 8.8oz,Hikari,042055213288,19.61,aquatics,Hikari Algae Waffer 8.8oz,0.0,18.89
6956,Hikari Fancy Guppy .77oz,Hikari,042055221023,5.44,aquatics,Hikari Fancy Guppy .77oz,0.0,5.45
6976,Fluval Moss Ball,Fluval,076484996498,9.89,aquatics,Coastal Styles Collar Sm Unicorn,-1.0,8.99
7010,Tetra Tetra Pro Color Crisps  2.65oz,Tetra,046798770794,14.16,aquatics,TetraPro Color 1 oz,0.0,13.64
7019,Fluval Cichlid Small to Medium 1.6oz,Fluval,076484093890,7.69,aquatics,"Rascals 3"" Hamburger",0.0,6.54
7022,Fluval Color Enhancing 1.6oz,Fluval,076484827709,7.62,aquatics,Fluval Color Enhancing 1.6oz,0.0,7.63
7040,Lee's Super Pump,Lee's,010838115807,20.70,aquatics,Lee's Super Pump,0.0,19.94
7057,"Aqueon Siphon Vac 9""",Aqueon,015905062299,14.16,aquatics,"Aqueon Siphon Vac 9""",0.0,13.64
7074,Penn Plax 100w Heater,Penn-Plax,030172034695,25.06,aquatics,Penn Plax 100w Heater,0.0,24.14
7076,Aqueon 5w Heater,Aqueon,015905000697,14.16,aquatics,Aqueon 5w Heater,0.0,13.64
7078,Penn Plax 25w Mini Heater,Penn-Plax,030172094842,22.88,aquatics,Penn Plax 25w Mini Heater,0.0,22.04
7086,Seachem Acid Buffer 10.5oz,SeaChem,000116024600,11.98,aquatics,Seachem Acid Buffer 10.5oz,0.0,11.54
7126,Api Ammo Lock 8oz,API,317163040454,16.34,aquatics,Api Ammo Lock 8oz,0.0,15.74
7142,API Aqua Essentia All-in-One Water Conditioner 8oz,API,317163044230,16.34,aquatics,Api Aqua Essential 8oz,0.0,15.74
7143,Api Aqua Essential 16oz,API,317163054239,23.97,aquatics,Api Aqua Essential 16oz,0.0,23.09
7149,Api Copper Test Kit,API,317163120651,18.52,aquatics,Api Copper Test Kit,0.0,17.84
7163,Seachem Sulfaplex,SeaChem,077234541289,10.89,aquatics,Seachem Sulfaplex,0.0,10.49
7167,Tetra 6in1 Test Strip 25 Count,Tetra,046798195429,20.70,aquatics,Tetra 6in1 Test Strip 25 Count,0.0,19.94
7174,Seachem Alert Combo,SeaChem,000116000130,23.97,aquatics,Seachem Alert Combo,0.0,23.09
7194,Penn Plax Auto Feeder,Penn-Plax,030172104565,23.97,aquatics,Penn Plax Auto Feeder,0.0,23.09
7205,Tetra Glo Gravel Black Lagoon,Tetra,180181002014,8.71,aquatics,Tetra Glo Gravel Black Lagoon,0.0,8.73
7213,Tetra Glo Barrels,Tetra,046798290681,14.16,aquatics,Tetra Glo Barrels,0.0,13.64
7222,Tetra Glo Clam,Tetra,046798196297,14.16,aquatics,Tetra Glo Clam,0.0,13.64
7223,Tetra Glo Anemone Pink,Tetra,046798784456,14.16,aquatics,Tetra Glo Anemone Pink,0.0,13.64
7224,Tetra Small Green/Yellow Plant,Tetra,046798780274,5.44,aquatics,Tetra Small Green/Yellow Plant,0.0,5.45
7230,Tetra Glo Medium Purple/White Plant,Tetra,046798780922,7.62,aquatics,Tetra Glo Medium Purple/White,0.0,7.63
7238,Tetra Glo Multi Plant,Tetra,046798784074,10.89,aquatics,Tetra Glo Multi Plant,0.0,10.49
7243,Marina Pack Orchid Plant,Marineland,015561120814,5.44,aquatics,Marina Pack Orchid Plant,0.0,5.45
7244,Marina Fire Grass Plant,Marineland,015561120944,5.44,aquatics,Marina Fire Grass Plant,0.0,5.45
7250,Penn Plax Betta Cave,Penn-Plax,030172105685,10.89,aquatics,Penn Plax Betta Cave,0.0,10.49
7252,Zoo Med Betta Lounge,Zoo Med,097612089554,8.79,aquatics,Zoo Med Betta Lounge,0.0,8.73
7254,Penn Plax Betta Leaf,Penn-Plax,030172105432,7.62,aquatics,Penn Plax Betta Leaf,0.0,7.63
7257,Marina Marble,Marineland,015561127097,4.35,aquatics,Marina Marble,0.0,4.36
7260,Marina Accent Gravel Black,Marineland,015561123747,3.26,aquatics,Marina Accent Gravel Black,0.0,3.27
7275,Penn Plax Light,Penn-Plax,030172057359,27.24,aquatics,Penn Plax Light,0.0,26.24
7304,Penn Plax Small World Kit,Penn-Plax,030172015373,32.69,aquatics,Penn Plax Small World Kit,0.0,31.49
7308,Aqueon Essentials Kit 29 Gallon,Aqueon,015905002851,65.39,aquatics,Aqueon Essentials Kit 29 Gallo,0.0,62.99
7313,Zoo Med Betta Log Ceramic,Zoo Med,035585421278,13.09,aquatics,Kong Comfort HedgeHug Md,0.0,13.64
7996,Estes Spectrastone Special Aquarium Gravel Green 5lb,Estes,034652405036,7.62,aquatics,Estes Spectrastone Special Aqu,0.0,7.63
8003,Pure Water Gravel White 5lb,Pure Water Pebbles,029904700151,6.53,aquatics,Pure Water Gravel White 5lb,0.0,6.54
8014,Estes Spectrastone Pebble Aquarium Gravel Shallow Creek Pebble 25lb,Estes,034652107015,31.60,aquatics,Estes Spectrastone Pebble Aqua,0.0,30.44
8018,Seachem Laboratories Flourite Planted Aquarium Gravel 7.7lb,Seachem,000116373302,18.52,aquatics,Seachem Laboratories Flourite,0.0,17.84
8032,Aqueon Water Renewals Betta 4oz,Aqueon,015905060172,5.44,aquatics,Aqueon Water Renewals Betta 4o,0.0,5.45
9276,Zoo Med Betta Floating Lounge,Zoo Med,097612240702,9.80,aquatics,Zoo Med Betta Floating Lounge,0.0,9.44
9288,shorefins™ Betta World Aquatic Glass Crystals - White - 12.5 Oz,Penn Plax,030172093029,8.71,aquatics,shorefins™ Betta World Aquatic,0.0,8.73
9292,Fritz Betta Water Purified Water With Almond Leaf Extract,Fritz,080531111130,7.62,aquatics,Fritz Betta Water Purified Wat,0.0,7.63
9293,Active Betta Water 33.8fl oz,Active Betta,029904109619,6.59,aquatics,Active Betta Water 33.8fl oz,0.0,6.54
9295,Fluval Betta Tropical Almond Leaves 10 pack HAGEN,Fluval,015561148443,10.89,aquatics,Fluval Betta Tropical Almond L,0.0,10.49
9296,Zoo Med Betta Tools Aquarium Cleaning Set,Zoo Med,097612241419,10.89,aquatics,Zoo Med Betta Tools Aquarium C,0.0,10.49
9297,"Zoo Med Betta Plant Philo Green,",Zoo Med,097612241204,4.35,aquatics,Zoo Med Betta Plant Philo Gree,0.0,4.36
9303,Zoo Med Betta Bling Mermaid Aquarium Ornament with Hoop Multi-Color,Zoo Med,097612242218,7.62,aquatics,Zoo Med Betta Bling Mermaid Aq,0.0,7.63
9313,"GloFish Cresent Aquarium Kit Black, Clear 5 gal",Tetra,046798290452,87.19,aquatics,GloFish Cresent Aquarium Kit B,0.0,83.99
9315,Tetra LED Trapezoid Betta Tank Clear 1 gal,Tetra,046798290506,23.97,aquatics,Tetra LED Trapezoid Betta Tank,0.0,23.09
9327,Lee's Aquarium & Pet Products Plastic Valve for Aquarium Pumps,Lee,010838141141,1.30,aquatics,Lee's Two Way Plastic Valve,0.0,1.37
9341,"Cascade™ Aqua-Mist™ Air Stone Bar - 4"" L",Penn Plax,030172333040,3.26,aquatics,Cascade™ Aqua-Mist™ Air Stone,0.0,3.27
9344,"Fluval AquaSky 3.0 LED 35 watt 48-61""",Fluval,015561166430,179.84,aquatics,Fluval AquaSky 3.0 LED 35 watt,0.0,173.24
9350,Aqua Clear Power Head Attachment,Aqua Clear,015561105750,15.25,aquatics,Aqua Clear Power Head Attachme,0.0,14.69
9358,"Tetra Whisper Bio-Bag Cartridge for IQ and PF Filters 3 pk, MD",Tetra,046798261698,10.89,aquatics,Tetra Whisper Bio-Bag Cartridg,0.0,10.49
9401,Seachem Laboratories PhosBond Phosphate and Silicate Remover 250ml,Seachem,000116126106,17.43,aquatics,Seachem Laboratories PhosBond,0.0,16.79
9403,Seachem Laboratories PhosGuard Phosphate and Silicate Remover 500ml,Seachem,000116018302,18.52,aquatics,Seachem PhosGuard,0.0,17.84
9404,Seachem Laboratories Neutral Regulator Aquarium Water Treatment 8.8oz,Seachem,000116030601,11.98,aquatics,Seachem Laboratories Neutral R,0.0,11.54
9436,Hikari USA Brine Shrimp Frozen Fish Food 32oz,Hikari,042055324649,23.97,aquatics,Hikari Brine Shrimp 32oz,0.0,23.09
9437,Marineland Bonded Filter Pad 12x24 Inch,Marineland,047431010000,9.80,aquatics,Marineland Rite Size Pad,0.0,9.44
9439,Tetra Whisper Bio-Bag Cartridge for IQ and PF Filters 6pk,Tetra,046798263500,14.16,aquatics,Tetra Bio Bag Medium 6 Pack,0.0,13.64
9470,Zoo Med ReptiSun T5 HO Terrarium Hood w/ 5.0 Bulb,Zoo Med,097612320718,108.99,aquatics,Zoo Med Reptisun T5 HO 24Inch,0.0,104.99
9515,"Fluval Curly Aponogeton Mix Decor 10""",Fluval,080605117013,18.59,aquatics,Aqua Life Curly,0.0,17.84
9546,Fluval AC70/110 Active Carbon Insert Value 3pk,Fluval,015561196468,19.61,aquatics,Fluval Carbon AC70 AC110 3 Pack,0.0,18.89
9547,Fluval AC20/30 BioMax Insert,Fluval,015561196604,5.44,aquatics,Fluval Biomax AC20 AC30,0.0,5.45
9624,SpongeBob SquarePants™ aqua-floras™ Pineapple Home - Medium,Pennplax,030172102738,21.79,aquatics,Aqua Floras Pineapple Home,0.0,20.99
10039,Aqua-mag Mag Drive Water Pump,Danner Manufacturing,5736,108.99,aquatics,Aqua-mag Mag Drive Water Pump,0.0,104.99
10040,Aquatop Maxflow Pwrhead 35w,Aquatop,5585,31.60,aquatics,Aquatop Maxflow Pwrhead 35w,0.0,30.44
10041,Aquatop Maxflow Pwrhead 15w,Aquatop,5584,25.06,aquatics,Aquatop Maxflow Pwrhead 15w,0.0,24.14
10042,Aquatop Vibrant Wild Red Plant,Aquatop,5194,11.98,aquatics,Aquatop Vibrant Wild Red Plant,0.0,11.54
10043,Aquatop Vibrant Wild Red Plant,Aquatop,5191,15.25,aquatics,Aquatop Vibrant Wild Red Plant,0.0,14.69
10044,Aquatop Vibrant Wild Green Pla,Aquatop,5187,15.25,aquatics,Aquatop Vibrant Wild Green Pla,0.0,14.69
10045,Aquatop Vibrant Wild Mixed Pla,Aquatop,5186,11.98,aquatics,Aquatop Vibrant Wild Mixed Pla,0.0,11.54
10046,Aquatop Vibrant Wild White Pla,Aquatop,5185,13.07,aquatics,Aquatop Vibrant Wild White Pla,0.0,12.59
10047,Aquatop Vibrant Pass Pink Plan,Aquatop,5182,11.98,aquatics,Aquatop Vibrant Pass Pink Plan,0.0,11.54
10048,Aquatop Vibrant Wild Green Pla,Aquatop,5178,15.25,aquatics,Aquatop Vibrant Wild Green Pla,0.0,14.69
10049,Aquatop Vibrant Wild Mixed Red,Aquatop,5175,15.25,aquatics,Aquatop Vibrant Wild Mixed Red,0.0,14.69
10050,Aquatop Vibrant Wild Mix Red P,Aquatop,5163,27.24,aquatics,Aquatop Vibrant Wild Mix Red P,0.0,26.24
10051,Aquatip Vibrant Pass Pink Plan,Aquatop,5160,23.97,aquatics,Aquatip Vibrant Pass Pink Plan,0.0,23.09
10052,Aqualife Superflex Airtube Blu,Aqualife,2468,4.35,aquatics,Aqualife Superflex Airtube Blu,0.0,4.36
10054,AquaClear Filter Bag Insert 2 Bags,,015561113625,4.35,aquatics,AquaClear Filter Bag Insert 2 Bags,0.0,4.36
10060,Aquarium Solutions Coral,,042055962155,14.16,aquatics,Aquarium Solutions Coral,0.0,13.64
10068,Penn Plax Jaws,,030172103926,21.79,aquatics,Penn Plax Jaws,0.0,20.99
10070,"Aqueon Hinged Glass Top 30""",Aqueon,015905290302,32.69,aquatics,"Aqueon Hinged Glass Top 30""",0.0,31.49
10073,seachem Purigen 100ml,,000116016506,16.34,aquatics,seachem Purigen 100ml,0.0,15.74
10074,"Seachem Fish Net 5""",,000116032216,5.44,aquatics,"Seachem Fish Net 5""",0.0,5.45
10088,Aqualife Led Light,,030172105326,21.79,aquatics,Aqualife Led Light,0.0,20.99
10092,Flourite Sand 7.7lb,Seachem,000116352307,21.79,aquatics,Flourite Sand 7.7lb,0.0,20.99
10095,Paw Patrol Mini Marshal,Penn Plax,030172079993,6.53,aquatics,Paw Patrol Mini Marshal,0.0,6.54
10097,Paw Patroil Mini Chase,Penn Plax,030172079979,6.53,aquatics,Paw Patroil Mini Chase,0.0,6.54
10102,"Sinkers Ludwigia 24""",,030172055645,16.34,aquatics,"Sinkers Ludwigia 24""",0.0,15.74
10109,GloFi Dco,,046798780885,7.62,aquatics,GloFi Dco,0.0,7.63
10110,API GH & KH Test Kit,API,317163010587,16.34,aquatics,API GH & KH Test Kit,0.0,15.74
10115,Fluval CO2 Indicaror Set,,015561175616,17.43,aquatics,Fluval CO2 Indicaror Set,0.0,16.79
10131,API Funus Cure 4 fl oz,,017163020134,9.80,aquatics,API Funus Cure 4 fl oz,0.0,9.44
10141,GloFisg 10 gal LED,,046798290292,55.58,aquatics,GloFisg 10 gal LED,0.0,53.54
10144,Cascade Plant Growth Lght,,030172098642,32.69,aquatics,Cascade Plant Growth Lght,0.0,31.49
10161,Marina Decor Coral,,015561147446,11.98,aquatics,Marina Decor Coral,0.0,11.54
10182,Aqua Life Wizard Algae Scrubber Pad,,030172034374,5.44,aquatics,Aqua Life Wizard Algae Scrubber Pad,0.0,5.45
10189,Penn-Plex Bonsai,,030172098741,10.89,aquatics,Penn-Plex Bonsai,0.0,10.49
10192,Pure Water Pebbles Rainbow Gems,,029904300856,6.53,aquatics,Pure Water Pebbles Rainbow Gems,0.0,6.54
10194,Aqua-Plant Sinkers Pink,,030172055430,5.44,aquatics,Aqua-Plant Sinkers Pink,0.0,5.45
10219,Fluval Natural Mopani,,015561118187,16.34,aquatics,Fluval Natural Mopani,0.0,15.74
10224,Dory Ornament,,030172094101,7.62,aquatics,Dory Ornament,0.0,7.63
10241,Marina Naturals,,015561122573,34.87,aquatics,Marina Naturals,0.0,33.59
10250,Cambodian Rock Faces,,030172062391,25.06,aquatics,Cambodian Rock Faces,0.0,24.14
10264,AquaClear Media Bag 70,,015561113663,4.35,aquatics,AquaClear Media Bag 70,0.0,4.36
10272,FZ9-RCI,,819603016970,14.16,aquatics,FZ9-RCI,0.0,13.64
10287,Seachem Zip Bag Med,,000116015219,5.44,aquatics,Seachem Zip Bag Med,0.0,5.45
10312,Fluval Bio-Foam FX2,,015561102278,17.43,aquatics,Fluval Bio-Foam FX2,0.0,16.79
10317,Fluval 105/205 Intake Stem,,015561300032,10.89,aquatics,Fluval 105/205 Intake Stem,0.0,10.49
10330,Aquon 1 Gal Tank,Aqueon,015905001960,43.59,aquatics,Aquon 1 Gal Tank,0.0,41.99
10342,Penguin 170/330 6pk,Aqueon,047431502840,27.24,aquatics,Penguin 170/330 6pk,0.0,26.24
10344,Drift6wood Large,Galapagos,759834052869,26.15,aquatics,Drift6wood Large,0.0,25.19
10345,Glass Canopy 48x18,,047497344859,66.48,aquatics,Glass Canopy 48x18,0.0,64.04
1878,"Quiet Time Pet Bed Pink 18""",Quiet Time,027773008279,21.79,beds,"Quiet Time Pet Bed Pink 18""",0.0,20.99
1882,Quiettime Bolser Bed Extra Small,Quiet Time,027773027843,19.69,beds,Quiettime Bolser Bed Extra Sma,0.0,18.89
1884,"Quiet Time Reversible Bed 24""",Quiet Time,027773009474,28.39,beds,"Quiet Time Reversible Bed 24""",0.0,34.64
1885,Quiet Time Bolster Bed Small Grey,Quiet Time,027773027850,26.19,beds,Quiet Time Bolster Bed 24 inch Gray,0.0,25.19
1887,"Quiet Time Bed Pink 30""",Quiet Time,027773007197,43.59,beds,"Quiet Time Bed Pink 30""",0.0,41.99
1893,Quiet Time Extra Large Black Bed,Quiet Time,027773005377,75.29,beds,Quiet Time Extra Large Black B,0.0,72.44
1896,"Squishmellow Bed ""lola"" 20in",Jazwares,191726769446,37.09,beds,"Squishmellow Bed ""lola"" 20in",0.0,35.69
1898,Quiettime Black Extra Small Bed,Quiet Time,027773005322,23.99,beds,Quiettime Black Extra Small Be,0.0,23.09
1899,Quiettime Brown Toy Bed,Quiet Time,027773008255,20.79,beds,Quiettime Brown Toy Bed,0.0,19.94
1902,Quiettime Brown Medium Bed,Quiet Time,027773005087,44.69,beds,Quiettime Brown Medium Bed,0.0,43.04
1903,Quiettime Black Medium Bed,Quiet Time,027773005346,44.69,beds,Quiettime Black Medium Bed,0.0,43.04
1907,Petcrest Grey Roud Bed 25in,PetCrest,784099025440,40.39,beds,Petcrest Grey Roud Bed 25in,0.0,38.84
1908,Petcrest Grey Pillow Bed,PetCrest,784099025426,41.49,beds,Petcrest Grey Pillow Bed,0.0,39.89
1909,"Squishmellow Bed "" Maui"" 24in",Jazwares,191726502111,54.49,beds,"Squishmellow Bed "" Maui"" 24in",0.0,52.49
1915,Hello Kitty Pet Bed Large Pink,Jazwares,191726749288,59.99,beds,Hello Kitty Pet Bed Large Pink,0.0,57.74
1917,Quiettime Cuddle Bed Blue Medium,Quiet Time,027773019152,46.89,beds,Quiettime Cuddle Bed Blue Medi,0.0,45.14
1918,Quiettime Cuddle Bed Grey Medium,Quiet Time,027773019176,54.49,beds,Quiettime Cuddle Bed Grey Medi,0.0,52.49
1919,Quiettime Cuddle Bed Blue Small,Quiet Time,027773019145,38.19,beds,Quiettime Cuddle Bed Blue Smal,0.0,36.74
1920,Quiettime Cuddle Bed Grey Small,Quiet Time,027773019169,43.59,beds,Quiettime Cuddle Bed Grey Smal,0.0,41.99
1921,Furhaven Calming Hug Bed Small,FurHaven,842229122220,33.79,beds,Furhaven Calming Hug Bed Small,0.0,32.54
2286,Curious Cat Cube,MidWest Homes For Pets,027773023074,53.49,beds,Curious Cat Cube,0.0,51.44
853,E-z Feed 4oz,Penn-Plax,030172104565,23.97,birdSupplies,Penn Plax Auto Feeder,0.0,23.09
855,Birdlife 2week Seed Feeder,Birdlife,030172902239,3.29,birdSupplies,Birdlife 2week Seed Feeder,0.0,3.27
856,Birdlife Mineral Berry Flavor,Birdlife,030172102363,4.39,birdSupplies,Birdlife Mineral Block Banana,0.0,5.45
857,Birdlife Mineral Block Banana Flavor,Birdlife,030172102363,4.39,birdSupplies,Birdlife Mineral Block Banana,0.0,5.45
859,Birdlife Small Seed/Water Fountain,Birdlife,030172005497,4.39,birdSupplies,"Aqualife Plant Scapes 8""",0.0,11.54
863,JW Pet Pet Pet Pet Clean Cup Medium,JW Pet,618940313090,10.89,birdSupplies,"Aqualife Plant Scapes 14""",0.0,17.84
866,A & E Treat Clips,A&E Cage Co,644472014785,4.39,birdSupplies,A & E Treat Clips,0.0,4.36
867,Prevue Hendrix Cage Saver,Prevue,48081001097,4.39,birdSupplies,Prevue Hendrix Cage Saver,0.0,4.36
868,JW Pet Pet Pet Pet Clean Cup Large,JW Pet,618940313113,15.25,birdSupplies,"Aqualife Plant Scapes 10""",0.0,14.69
871,JW Pet Pet Pet Pet Tall Silo Waterer,JW Pet,18940313014,8.79,birdSupplies,JW Pet Pet Pet Pet Tall Silo W,0.0,8.73
874,A & E Seed Catcher Large,A&E Cage Co,644472017144,11.99,birdSupplies,A&E Seed Catcher Large,0.0,11.54
875,Prevue Hendrix Small Seed Catcher,Prevue,048081008201,7.69,birdSupplies,Prevue Hendrix Small Seed Catc,0.0,7.63
876,Prevue Hendrix Medium Seed Catcher,Prevue,48081008218,9.89,birdSupplies,Prevue Hendrix Medium Seed Cat,0.0,9.44
880,Vitapol Mineral Block,Vitapol,44472017632,6.59,birdSupplies,Vitapol Mineral Block,0.0,6.54
882,Living World Mineral Block,Living World,080605821903,4.39,birdSupplies,Tapeworm Dewormer Dogs Tabs,0.0,35.69
884,A & E 5oz Jungle Cups,A&E Cage Co,644472015010,6.59,birdSupplies,A & E 5oz Jungle Cups,0.0,6.54
885,A & E 10oz Jungle Cups,A&E Cage Co,644472015034,7.69,birdSupplies,A & E 10oz Jungle Cups,0.0,7.63
886,A & E 20oz Jungle Cups,A&E Cage Co,44472015058,8.79,birdSupplies,A & E 20oz Jungle Cups,0.0,8.73
889,30oz Coop Cup,A&E Cage Co,048081612255,13.09,birdSupplies,30oz Coop Cup,-1.0,12.59
890,Spot 20oz Hook on Cup,Spot,077234060117,9.89,birdSupplies,Spot 20oz Hook on Cup,0.0,9.44
891,Natures Miracle Bird Cage Cleaner,Nature's Miracle,18065984692,14.19,birdSupplies,Natures Miracle Bird Cage Clea,0.0,13.64
892,Kaytee Mixed Nuts & Cherries,Kaytee,071859942834,8.79,birdSupplies,Kaytee Mixed Nuts & Cherries,0.0,8.73
894,Vitapol Fruite Smackers Cockatiel,Vitapol,644472002355,3.29,birdSupplies,Kaytee Hamtrac Exercise Loop,0.0,20.99
896,Vitakraft Sticks Apple & Honey Parrot,Vitakraft,051233316871,10.89,birdSupplies,Hippie Hounds 500mg Dog Drops,0.0,31.49
897,Vitakraft Sticks Apricot & Cherry Conur,Vitakraft,051233316956,7.69,birdSupplies,Vitakraft Sticks Carrot & Hone,0.0,7.63
898,Vitapol Smakers Maxi 2pc,Vitapol,44472002393,20.79,birdSupplies,Vitapol Smakers Maxi 2pc,0.0,19.94
901,Kaytee Treat Stick Honey Multipk Keet,Kaytee,071859942360,10.89,birdSupplies,Kaytee Giant Comfort Wheel,0.0,30.44
902,Kaytee Treatstick Hny Multi Cocktiel,Kaytee,071859942407,10.89,birdSupplies,Kaytee Treatstick Hny Multi Co,-1.0,10.49
904,Vitakraft Sticks Egg and Honey Keets,Vitakraft,051233211206,5.49,birdSupplies,Vitakraft Sticks Egg and Honey,0.0,5.45
906,Vitapol Smakers Snack Fruit Cocktiel,Vitapol,44472006209,6.59,birdSupplies,Vitapol Smakers Snack Fruit Co,0.0,6.54
907,Higgins Tuscan Dream,Higgins,046706321650,4.39,birdSupplies,"Kaytee 7"" Runabout Ball Rainbo",0.0,11.54
908,Vitapol Smackers 3w1,Vitapol,44472002126,7.69,birdSupplies,Vitapol Smackers 3w1,0.0,7.63
914,Higgins Duets Parrots & Macaws,Higgins,046706303502,7.69,birdSupplies,Higgins Duets Parrots & Macaws,0.0,7.63
916,Sunburst Fruits and Veggies,Sunburst,46706322510,5.49,birdSupplies,Sunburst Fruits and Veggies,0.0,5.45
917,Sunburst Fruit to Nuts,Sunburst,46706322503,5.49,birdSupplies,Sunburst Fruit to Nuts,0.0,5.45
918,Sunburst Sticks Lil Fruits,Higgins,046706002702,3.29,birdSupplies,Sunburst Sticks Lil Fruits,0.0,3.27
919,Sunburst Sticks Nuts & Berries,Sunburst,046706002641,3.29,birdSupplies,Sunburst Sticks Nuts & Berries,0.0,3.27
920,Sunburst Sticks Island Fruits,Sunburst,046706002627,3.29,birdSupplies,Sunburst Sticks Island Fruits,0.0,3.27
927,Kaytee Bird Greens,Kaytee,071859002576,4.39,birdSupplies,Kaytee Bird Greens,0.0,4.36
928,Kaytee Food for the Wild Bird,Kaytee,071859948713,7.69,birdSupplies,Kaytee Food for the Wild Bird,0.0,7.63
930,Lafebers Pellet Berries,Lafeber,041054717407,18.59,birdSupplies,Lafebers Pellet Berries,0.0,17.84
931,Lafebers Avi Cakes,Lafeber,041054862305,15.29,birdSupplies,Lafebers Avi Cakes,0.0,14.69
935,Sunseed Fantasy Fruit Mix,Sunseed,087535593054,10.89,birdSupplies,Sunseed Fantasy Fruit Mix,0.0,10.49
936,Sweet Harvest Fruits & Nuts Mix,Kaylor,720101244041,8.79,birdSupplies,Sweet Harvest Fruits & Nuts Mi,0.0,8.73
945,Meijer Ecuttlebone Perch,Meijer,713733591706,4.39,birdSupplies,Meijer Ecuttlebone Perch,0.0,4.36
946,Birdlife Calcium Perch Parakeet,Birdlife,30172012938,8.79,birdSupplies,Birdlife Calcium Perch Parakee,0.0,8.73
948,"Pacific Perch Beach Walk Small 4""",Prevue,048081011112,9.89,birdSupplies,Pacific Perch Beach Walk Small,0.0,9.44
949,"Pacific Perch Beach Walk Small 5""",Prevue,048081001005,10.89,birdSupplies,Pacific Perch Beach Walk Small,0.0,10.49
955,"Pacific Perch 6"" Cosmic Crunch",Prevue,048081010204,8.79,birdSupplies,"Pacific Perch 6"" Cosmic Crunch",0.0,9.44
958,Livingworld Sand Perch Covers,Living World,080605803251,4.39,birdSupplies,Livingworld Sand Perch Covers,0.0,4.36
962,JW Pet Pet Pet Pet Insight Sand Perch Small,JW Pet,618940312154,6.59,birdSupplies,JW Pet Pet Pet Pet Insight San,0.0,6.54
966,"Wacky Wood 14""",Prevue,048081623954,13.09,birdSupplies,Wacky Wood,0.0,13.64
970,Birdie Basics Perch Sm7/16x10,Prevue,048081003701,3.29,birdSupplies,Perch Birdie Basics S/M,-1.0,3.27
972,Birdie Basics Perch Medium 3/4x15,Prevue,048081003763,5.49,birdSupplies,Birdie Basics Perch Medium 3/4,0.0,5.45
977,Carpenter Creations 9 Rung Ladder,Prevue,048081011379,10.89,birdSupplies,Carpenter Creations 9 Rung Lad,0.0,10.49
982,"A & E 18"" Sand Perches",A&E Cage Co,644472008418,11.99,birdSupplies,"A & E 18"" Sand Perches",0.0,11.54
993,Birdlife Rope Perch 21in,Birdlife,030172036781,9.89,birdSupplies,Birdlife Rope Perch 21in,-1.0,12.59
994,Birdlife Cross Rope Perch,Birdlife,030172085369,13.09,birdSupplies,Birdlife Cross Rope Perch,-1.0,12.59
1000,JW Pet Pet Pet Pet Lattice Chain,JW Pet,18940310365,4.39,birdSupplies,JW Pet Pet Pet Pet Lattice Cha,0.0,4.36
1003,Birdlife Twin Rings with Turning Beads,Birdlife,030172082832,3.29,birdSupplies,Higgins InTune Duets Chicken &,0.0,7.63
1004,Pennplax Jingle Bird Wmirror/Perch,Penn-Plax,030172013447,7.69,birdSupplies,Pennplax Jingle Bird Wmirror/P,0.0,7.63
1015,Birdlife Perchwmirrorbeads & Seed Cup,Birdlife,030172902741,4.39,birdSupplies,Perch with Mirror and Beads & Seed Cup,-2.0,4.36
1017,Birdlife Cement & Acrylic Swing Large,Birdlife,030172021398,52.39,birdSupplies,Ware Salt Lick,0.0,4.36
1018,Birdlife Cement & Acrylic Swing Small,Birdlife,030172021374,23.99,birdSupplies,Pine Swing Large,0.0,6.54
1022,"Playful Forage & Engage ""raincatcher""",Penn-Plax,030172082894,7.69,birdSupplies,"Playful Forage & Engage ""rainc",0.0,7.63
1029,Birdlife Wooden Swing,Birdlife,030172902178,7.69,birdSupplies,Bird Life 3in Wooden Bird Swing,0.0,5.45
1030,Pine Swing Medium,Penn-Plax,030172021374,5.49,birdSupplies,Pine Swing Large,0.0,6.54
1031,Pine Swing Large,Penn-Plax,030172021374,6.59,birdSupplies,Pine Swing Large,0.0,6.54
1035,Happy Beaks Snuggle Sack Medium,Happy,644472001853,14.19,birdSupplies,Happy Beaks Snuggle Sack Mediu,0.0,13.64
1036,Happy Beaks Snuggle Sacklg,Happy,644472001846,16.39,birdSupplies,Happy Beaks Snuggle Sacklg,0.0,15.74
1037,Happy Beaks Tent,Happy,644472000542,11.99,birdSupplies,Happy Beaks Tent,0.0,11.54
1039,Happy Beaks Cozy Corner Small,Happy,44472002034,5.49,birdSupplies,Kaytee Lava Block,0.0,4.36
1041,Prevue Hendrix Cozy Corner Large,Prevue,048081311622,6.59,birdSupplies,Prevue Hendrix Cozy Corner Lar,-1.0,6.54
1042,Prevue Hendrix Snuggle Huts Small,Prevue,048081111635,9.89,birdSupplies,Prevue Hendrix Snuggle Huts Sm,0.0,9.44
1045,Prevue Hendrix Wonder Walk Medium,Prevue,048081628096,20.79,birdSupplies,Playfuls Soung & Motion,0.0,7.63
1046,Happy Beaks Wood Bridge,Happy,644472117653,14.19,birdSupplies,Happy Beaks Wood Bridge,0.0,13.64
1047,Happy Beaks Wood Bridge,A&E Cage Co,644472008685,43.59,birdSupplies,Marina Naturals Large,0.0,41.99
1053,Prevue Hendrix Forage & Engage,Prevue,048081033012,11.99,birdSupplies,Prevue Hendrix Forage & Engage,0.0,11.54
1054,Prevue Hendrix Wood Corner Shelf,Prevue,048081033005,10.89,birdSupplies,Prevue Hendrix Wood Corner She,-1.0,10.49
1055,"Playfuls Sound & Move""partytime""",Playfuls,048081625071,9.89,birdSupplies,"Playfuls Sound & Move""dollar""",0.0,8.73
1059,Happy Beaks Rope Swing W Frays,Happy,644472990645,15.29,birdSupplies,Happy Beaks Rope Swing W Frays,0.0,14.69
1060,"Playfuls Preen & Pacify ""shell & Sticks""",Playfuls,048081625057,5.49,birdSupplies,"Playfuls Preen & Pacify ""shell",0.0,5.45
1062,"Playfuls Sound & Move""dollar""",Playfuls,048081625071,8.79,birdSupplies,"Playfuls Sound & Move""dollar""",0.0,8.73
1063,"Playfuls Preen & Pacify ""mineral",Playfuls,48081624784,21.79,birdSupplies,"Playfuls Preen & Pacify ""miner",0.0,20.99
1064,Happybeaks Rotating Circle,Circle T,644472016338,16.39,birdSupplies,Nibbles Barnyard Treats,0.0,1.41
1067,Birdlife Kabob Toy,Birdlife,030172013454,15.29,birdSupplies,Birdlife Kabob Toy,0.0,14.69
1068,"Playfuls ""wailua Falls Mobile""",Playfuls,048081602393,9.89,birdSupplies,"Playfuls ""wailua Falls Mobile""",-2.0,9.44
1073,Birdlife Coconut with Ladder,Birdlife,30172080104,20.79,birdSupplies,Birdlife Coconut with Ladder,0.0,19.94
1082,Playfuls Helicopter,Playfuls,048081623473,7.69,birdSupplies,Playfuls Helicopter,0.0,7.63
1086,Playfuls Octopus,Playfuls,048081625644,30.59,birdSupplies,Marshall Octo-play,0.0,31.49
1087,Smartplay Coconut,Hagen,080605810129,19.69,birdSupplies,Smartplay Coconut,0.0,18.89
1088,Prevue Hendrix Natural Doublecoconut W Ladder,Prevue,048081628188,25.09,birdSupplies,Prevue Hendrix Natural Doublec,0.0,24.14
1097,Birdlife Shaggy Kabob,Birdlife,030172026003,20.79,birdSupplies,Birdlife Shaggy Kabob,-1.0,19.94
1102,Playfuls Krusty Crown,Playfuls,048081624630,10.89,birdSupplies,Playfuls Krusty Crown,0.0,10.49
1103,Happybeaks Abc Hanging Blocks,A&E Cage Co,644472990942,25.09,birdSupplies,Happybeaks Abc Hanging Blocks,0.0,24.14
1104,Playfuls Though Puff,Playfuls,048081623756,28.39,birdSupplies,Playfuls Though Puff,0.0,27.29
1106,Playfuls Explosion,Playfuls,048081623763,38.19,birdSupplies,Playfuls Explosion,0.0,36.74
1107,Happybeaks Ball Hanging,A&E Cage Co,644472014228,31.69,birdSupplies,Happybeaks Ball Hanging,0.0,30.44
1108,Smartplay Hanging Rings,Hagen,080605810143,17.49,birdSupplies,Smartplay Hanging Rings,0.0,16.79
1109,Birdlife Combo Kabob Medium,Birdlife,030172013508,27.29,birdSupplies,Birdlife Combo Kabob Medium,0.0,26.24
1110,Smartplay Stacker,Hagen,080605810273,21.79,birdSupplies,Smartplay Stacker,-1.0,20.99
1113,Playfuls Tower,Playfuls,048081609606,22.89,birdSupplies,Playfuls Tower,0.0,22.04
1114,Happybeaks Hanging Blocks Large,A&E Cage Co,644472990621,59.99,birdSupplies,Happybeaks Hanging Blocks Larg,0.0,57.74
1119,Playfuls Slice of Life,Playfuls,048081609583,19.69,birdSupplies,Playfuls Slice of Life,0.0,18.89
1120,Happybeaks Hanging Blocks Medium,A&E Cage Co,644472991208,47.99,birdSupplies,Happybeaks Hanging Blocks Medi,0.0,46.19
1128,Galapagos Walnut Bedding,Galapagos,759834050742,20.79,birdSupplies,Galapagos Walnut Bedding,0.0,19.94
1133,Exact Hand Feeding Formula,Hagen,071859475110,5.44,birdSupplies,Cascade 150/200 Flt Cartridge,0.0,5.45
1141,Quiko Red Egg Food,Quiko,87535360694,14.19,birdSupplies,Herb Smack Red Veggies,0.0,7.63
1142,Quiko Classic Egg Food,Quiko,087535360687,10.89,birdSupplies,Acurel Amonia Reduce Pad,0.0,10.49
1143,Sunseed Dove & Pigeon Diet,Sunseed,087535361516,19.69,birdSupplies,Sunseed Dove & Pigeon Diet,0.0,18.89
1144,Higgins Intune Parakeet,Higgins,046706302451,17.49,birdSupplies,Higgins Intune Parakeet,-1.0,16.79
1154,Higgins Sunburst Parrot 3lb,Higgins,046706302345,22.89,birdSupplies,Higgins Sunburst Parrot,0.0,22.04
1159,Kaytee Fiesta Cockatiel,Kaytee,071859426457,17.49,birdSupplies,Kaytee Fiesta Cockatiel,0.0,16.79
1160,Kaytee Cockatiel,Kaytee,071859948706,22.89,birdSupplies,Kaytee Cockatiel,-1.0,22.04
1163,Kaytee Fiesta Parrot Food,Kaytee,071859999838,33.79,birdSupplies,Kaytee Juvenile Rabbit 5lb,0.0,12.59
1164,Kaytee Fiesta Conure Food,Kaytee,071859999029,34.89,birdSupplies,Kaytee Fiesta Conure Food,0.0,33.59
1168,Sunseed Finch,Sunseed,087535470126,6.53,birdSupplies,Ammonia-x Cat Ax3,0.0,6.54
1172,Zupreem Naturals 10lbs,ZuPreem,762177000138,76.29,birdSupplies,Zupreem Naturals 10lbs,0.0,73.49
1184,A & E Assorted Bird Cage,A&E Cage Co,048081481185,27.29,birdSupplies,A & E Assorted Bird Cage,0.0,26.24
1185,A & E Variety Bird Cage,A&E Cage Co,644472014600,28.39,birdSupplies,A & E Variety Bird Cage,0.0,27.29
1189,Assorted Keet House Cage,Prevue,048081416143,59.99,birdSupplies,Assorted Keet House Cage,0.0,57.74
1195,Prevue House Style Tiel Cage,Prevue,048081416150,130.79,birdSupplies,Prevue House Style Tiel Cage,0.0,125.99
1196,Tall Flight Cage,Prevue,048081426241,130.79,birdSupplies,Tall Flight Cage,0.0,125.99
1198,Happybeaks Bird Nest,A&E Cage Co,644472008043,6.59,birdSupplies,Happy Beaks Carrier,0.0,34.64
1202,Finch Twig Nest,Penn-Plax,030172082030,6.59,birdSupplies,Oval Basket Nest Large,0.0,15.74
1208,Oval Basket Nest Medium,Penn-Plax,030172082023,14.19,birdSupplies,Medium Oval Basket Nest,0.0,10.49
1209,Oval Basket Nest Large,Penn-Plax,030172082030,16.39,birdSupplies,Oval Basket Nest Large,0.0,15.74
1211,Ware Keet Nesting Box,Ware,791611015742,28.39,birdSupplies,Ware Keet Nesting Box,0.0,27.29
1212,Prevue Hendrix Nesting Box,Prevue,048081111024,16.39,birdSupplies,Prevue Hendrix Nesting Box,0.0,15.74
1213,Penplax Bird Bath,Penn-Plax,030172080616,11.99,birdSupplies,Penplax Bird Bath,0.0,11.54
1221,Vitaseed Caliblend 25lbs,Vitakraft,046706210053,95.99,birdSupplies,Vitaseed Caliblend 25lbs,0.0,92.39
1226,Sweet Harvest Parrot 20 Lbs,Kaylor,720101107209,22.88,birdSupplies,Cascade20 Filter,0.0,22.04
1393,Supergrow 100,Penn-Plax,030172041006,20.79,birdSupplies,Supergrow 100,0.0,19.94
6331,Earthborn Coastal Catch 25lb,Earthborn,034846540208,54.59,catFood,Earthborn Coastal Catch 25lb,0.0,54.59
6671,Diamond Cat Maint 6lb,Diamond,074198004065,9.44,catFood,Diamond Cat Maint 6lb,-1.0,9.44
6680,Vital Essentials Cat Chicken Patties 8oz,Vital Essentials,840199691036,20.99,catFood,Vital Essentials Cat Chicken P,0.0,20.99
6693,NutriSource Turkey & Turkey Liver Select Recipe Cat Food 5.5oz,Nutrisource,073893022077,2.06,catFood,NutriSource Turkey & Turkey Li,0.0,2.06
6697,Pro Plan Cat Tuna 3oz,Pro Plan,038100111975,1.84,catFood,Pro Plan Cat Tuna 3oz,0.0,1.84
6698,Pro Plan Cat Salmon 3oz,Pro Plan,038100026972,1.84,catFood,Pro Plan Cat Salmon 3oz,0.0,1.84
6699,Pro Plan Cat Tun & Shrimp 3oz,Pro Plan,038100170316,1.73,catFood,Pro Plan Cat Tun & Shrimp 3oz,-2.0,1.73
6701,Pro Plan Cat Urin Beef 3oz,Pro Plan,038100173409,2.06,catFood,Pro Plan Cat Urin Beef 3oz,-3.0,2.06
6702,Pro Plan Cat Urin Salmon 3oz,Pro Plan,038100175755,2.06,catFood,Pro Plan Cat Urin Salmon 3oz,0.0,2.06
6703,Pro Plan Cat Urinary Tract Health Turkey 3oz,Purina,038100173379,2.06,catFood,Pro Plan Cat Urinary Tract Hea,0.0,2.06
6705,Orijen Cat Original 3oz,Orijen,064992719340,2.39,catFood,Orijen Cat Original 3oz,-1.0,2.39
6707,Fromm Gold Kitten Gold Cat Food 3oz,Fromm,072705133420,1.62,catFood,Fromm Gold Kitten Gold Cat Foo,-1.0,1.62
6709,Fromm Four-Star Salmon & Tuna Pâté 3oz,Fromm,072705112722,1.84,catFood,Fromm Four-Star Salmon & Tuna,0.0,1.84
6716,Hill's Science Diet Adult Tender Turkey Dinner 5.5oz,Science Diet,052742453804,2.71,catFood,Hill's Science Diet Adult Tend,0.0,2.71
6720,Hill's Science Diet Adult Perfect Digestion Chicken & Vegetable Stew 2.9oz,Science Diet,052742041605,2.50,catFood,Hill's Science Diet Adult Perf,-4.0,2.5
6722,Hill's Science Diet Kitten Sensitive Stomach & Skin Salmon Entrée 2.9oz,Science Diet,052742069463,1.95,catFood,Hill's Science Diet Kitten Sen,-3.0,1.95
6724,Hill's Science Diet Kitten Liver & Chicken Entrée 5.5oz,Science Diet,052742660004,2.71,catFood,Hill's Science Diet Kitten Liv,0.0,2.71
6731,NutriSource Senior/Weight Management Cat Food 4lb,Nutrisource,073893280071,17.84,catFood,NutriSource Senior/Weight Mana,0.0,17.84
6732,NutriSource Classic Catch Recipe Cat Food 4lb,Nutrisource,073893300175,29.39,catFood,NutriSource Classic Catch Reci,0.0,29.39
6734,Fromm Gold Kitten Gold Cat Food 10lb,Fromm,000338007207,42.59,catFood,Dr. Elseys Cat Litter,0.0,28.34
6745,Fromm Four-Star Surf & Turf Recipe Cat Food 4lb,Fromm,072705116904,20.99,catFood,Fromm Four-Star Surf & Turf Re,-2.0,20.99
6747,Fromm Four-Star Duck À La Veg Recipe Cat Food 10lb,Fromm,072705116638,38.84,catFood,Fromm Four-Star Duck À La Veg,0.0,38.84
6762,Acana Cat Indoor Herring 4lb,Acana,064992723941,19.94,catFood,Acana Cat Indoor Herring 4lb,0.0,19.94
6775,Hill's Science Diet Adult Sensitive Stomach & Skin Salmon Recipe Cat Food 15lb,Science Diet,052742068657,65.09,catFood,Hill's Science Diet Adult Sens,0.0,65.09
6783,Hill's Science Diet Adult 7+ Hairball Control Chicken Recipe Cat Food 3.5lb,Science Diet,052742753300,26.24,catFood,Hill's Science Diet Adult 7+ H,0.0,26.24
6784,Hill's Science Diet Kitten Sensitive Stomach & Skin Salmon Recipe Cat Food 3.5lb,Science Diet,052742069432,26.24,catFood,Hill's Science Diet Kitten Sen,-1.0,26.24
6786,Hill's Science Diet Adult Perfect Digestion Salmon Recipe Cat Food 3.5lb,Science Diet,052742041544,27.29,catFood,Hill's Science Diet Adult Perf,0.0,27.29
6790,Hill's Science Diet Adult Indoor Chicken Recipe Cat Food 7lb,Science Diet,052742887906,36.74,catFood,Hill's Science Diet Adult Indo,0.0,36.74
6797,Hill's Science Diet Adult 7+ Hairball Control Chicken Recipe Cat Food 3.5lb,Science Diet,052742753300,26.24,catFood,Hill's Science Diet Adult 7+ H,0.0,26.24
6799,Hill's Science Diet Adult Hairball Control Light Chicken Recipe Cat Food 7lb,Science Diet,052742888200,40.94,catFood,Hill's Science Diet Adult Hair,0.0,40.94
6805,Hill's Science Diet Adult Indoor Chicken Recipe Cat Food 15.5lb,Science Diet,052742887302,59.84,catFood,Hill's Science Diet Adult Indo,0.0,59.84
6823,Blue Buffalo Kitten 7lb,Blue Buffalo,859610000647,40.94,catFood,Blue Buffalo Kitten 7lb,0.0,40.94
6825,Blue Buffalo Senior 5lb,Blue Buffalo,840243144143,39.89,catFood,Blue Buffalo Senior 5lb,-2.0,39.89
6826,Blue Buffalo Cat Indoor 7lb,Blue Buffalo,859610000869,39.89,catFood,Blue Buffalo Cat Indoor 7lb,0.0,39.89
6831,"Fussie Cat Tuna, Anchovy 2.47oz",Fussie Cat,888641133925,1.30,catFood,"Fussie Cat Tuna, Anchovy 2.47o",0.0,1.3
6832,"Fussie Cat Tuna, Salmon 2.47oz",Fussie Cat,810138351154,1.30,catFood,"Fussie Cat Tuna, Salmon 2.47oz",0.0,1.3
6833,Fussie Cat Tuna Ocean 2.82oz,Fussie Cat,076484410000,1.95,catFood,Fussie Cat Tuna Ocean 2.82oz,0.0,1.95
6834,"Fussie Cat Tuna, Smoked Tuna 2.82oz",Fussie Cat,076484410017,1.95,catFood,"Fussie Cat Tuna, Smoked Tuna 2",0.0,1.95
6835,"Fussie Cat Tuna, Mussel 2.82oz",Fussie Cat,888641133116,1.95,catFood,"Fussie Cat Tuna, Anchovy 2.82o",0.0,1.95
6836,Fussie Cat Tuna 2.82oz,Fussie Cat,888641133918,1.95,catFood,Fussie Cat Tuna 2.82oz,0.0,1.95
6837,"Fussie Cat Tuna, Salmon 2.82oz",Fussie Cat,888641130535,1.95,catFood,"Fussie Cat Tuna, Clams 2.82oz",0.0,1.95
6838,"Fussie Cat Tuna, Clams 2.82oz",Fussie Cat,888641130535,1.95,catFood,"Fussie Cat Tuna, Clams 2.82oz",0.0,1.95
6839,"Fussie Cat Tuna, Anchovy 2.82oz",Fussie Cat,888641133116,1.95,catFood,"Fussie Cat Tuna, Anchovy 2.82o",0.0,1.95
6840,"Fussie Cat Tuna, Salmon Goat Gravy 2.47oz",Fussie Cat,076484322273,1.99,catFood,Li'l Pals Small Collar Red10,0.0,12.49
6846,Hill's Science Diet Adult Urinary & Hairball Control Savory Chicken Stew 2.9oz,Science Diet,052742075556,2.17,catFood,Hill's Science Diet Adult Urin,-18.0,2.17
6852,Royal Canin Kitten 3oz,Royal Canin,030111410184,3.04,catFood,Royal Canin Kitten 3oz,-11.0,3.04
6853,Royal Canin Mother & Babycat 3oz,Royal Canin,030111442192,2.28,catFood,Royal Canin Mother & Babycat 3,-16.0,2.28
6862,Blue Buffalo Kitten 3oz,Blue Buffalo,840243140541,1.84,catFood,Blue Buffalo Kitten 3oz,0.0,1.84
6918,Vital Essentials Cat Duck 28oz,Vital Essentials,840199697014,19.94,catFood,Vital Essentials Cat Duck 28oz,0.0,19.94
9476,Hill's Science Diet Sensitive Stomach & Skin Cat Chicken & Rice 7LB,Science Diet,052742888408,41.99,catFood,Science Diet Sensitive Cat 7lb,0.0,41.99
9681,Tiki Cat Aloha Friends Tuna Calamari Pumpkin,tiki cat,693804430038,1.84,catFood,Tiki Cat Tuna/Calamari 3oz,-1.0,1.84
9971,Greenies Smart Toppers 16oz,Greenies,642863117848,13.07,catFood,Greenies Smart Toppers 16oz,0.0,13.07
9986,Natural Balancr Ultra Protien Cuts in Gravy,Natural Balance,723633007047,2.71,catFood,Natural Balancr Ultra Protien Cuts in Gravy,-3.0,2.71
9989,Fussie Cat Tuna With Salmon 2.47oz,,888641133895,1.30,catFood,Fussie Cat Tuna With Salmon 2.47oz,-6.0,1.3
9990,Vital Essentials Beef & Chicken Mini Patties Cat 8,Vital Essentials,840199691012,20.99,catFood,Vital Essentials Beef & Chicken Mini Patties Cat 8,0.0,20.99
9991,Vital Essentials Pork Mini Patties Cat 8oz,Vital Essentials,840199691074,20.99,catFood,Vital Essentials Pork Mini Patties Cat 8oz,0.0,20.99
9996,Purr Snickitty Gane Bird Cat 6oz,Fromm,072705137251,4.35,catFood,Purr Snickitty Gane Bird Cat 6oz,0.0,4.35
10025,Canidae Balanced Bowl Chicken & Pumpkin,Canidae,640461010189,2.50,catFood,Canidae Balanced Bowl Chicken & Pumpkin,0.0,2.5
10032,Tiki Cat Aloah Friends,Tiki Cat,693804400048,1.84,catFood,Tiki Cat Aloah Friends,-9.0,1.84
10033,Hills Feline Sensitve Variety,,052742085883,26.15,catFood,Hills Feline Sensitve Variety,0.0,26.15
10034,Duck Cuts In Gravy,Natural Balance,723633007030,2.71,catFood,Duck Cuts In Gravy,0.0,2.71
2103,Nacho Duck Liver Cat Treats,Nacho,850023409188,5.49,catTreats,Nacho Duck Liver Cat Treats,0.0,5.45
2104,Shepherd Boy Freezedried Chckhearts,Shepherd Boy,860193002041,17.49,catTreats,Shepherd Boy Freezedried Chckh,0.0,16.79
2105,Shepherd Boy Freezedried Minnows,Shepherd Boy,860193002072,21.79,catTreats,Shepherd Boy Freezedried Minno,0.0,20.99
2109,Vital Cat Minnows,Vital Essentials,840199694051,10.89,catTreats,Vital Cat Minnows,0.0,10.49
2111,Vital Cat Ahi Tuna Bites,Vital Essentials,840199694006,9.89,catTreats,Vital Cat Ahi Tuna Bites,0.0,9.44
2113,Vital Cat Rabbit Bites,Vital Essentials,840199694068,9.89,catTreats,Vital Cat Rabbit Bites,0.0,9.44
2116,Flavorfullz Chicken & Catnip,Loving Pets,842982052376,4.39,catTreats,Flavorfullz Chicken & Catnip,0.0,4.36
2118,Catit Nibbly Shrimp Grills,Catit,022517444856,4.39,catTreats,Catit Nibbly Shrimp Grills,0.0,4.36
2127,Churo Tuna W Salmon 4pk,Inaba,855958006662,4.39,catTreats,Churo Tuna W Salmon 4pk,0.0,4.36
2128,Churo Skin & Coat Chicken 4pk,Inaba,850006715763,5.49,catTreats,Churo Skin & Coat Chicken 4pk,0.0,5.45
2129,Churo Skin & Coat Tuna 4pk,Inaba,850006715756,5.49,catTreats,Churo Skin & Coat Tuna 4pk,0.0,5.45
2131,Fussiecat Tuna Puree 4pk,Fussie Cat,810138350935,4.39,catTreats,Fussiecat Tuna Puree 4pk,0.0,4.36
2132,Fussiecat Tuna & Shrimp Puree 4pk,Fussie Cat,888641136162,4.13,catTreats,Fromm Lamb Pâté 12.2oz,0.0,4.13
2133,Fussiecat Tuna & Chicken Purple 4pk,Fussie Cat,888641136209,4.39,catTreats,Fussiecat Tuna & Chicken Purpl,0.0,4.36
2134,Fussiecat Sardine Puree 4pk,Fussie Cat,810138351017,4.39,catTreats,Fussiecat Sardine Puree 4pk,0.0,4.36
2135,Fussiecat Oceanfish Puree 4pk,Fussie Cat,810138350997,4.39,catTreats,Fussiecat Oceanfish Puree 4pk,0.0,4.36
2136,Fussiecat Mackrel Puree 4pk,Fussie Cat,810138350973,4.39,catTreats,Fussiecat Mackrel Puree 4pk,0.0,4.36
2138,Churu Chicken With Cheese 4pk,Inaba,855958006679,4.39,catTreats,Churu Chicken With Cheese 4pk,0.0,4.36
2139,Churo Tuna 4pk,Inaba,855958006556,4.39,catTreats,Inaba Churu Tuna,-6.0,4.36
2140,Catit Creamy Chicken & Shrimp 5pk,Catit,022517444757,4.39,catTreats,Catit Creamy Chicken & Liver 5,0.0,3.27
2141,Catit Creamy Chicken & Liver 5pk,Catit,022517444757,3.29,catTreats,Catit Creamy Chicken & Liver 5,0.0,3.27
2142,Catit Creamy Tuna 5pk,Catit,022517444740,4.39,catTreats,Catit Creamy Tuna 5pk,0.0,4.36
2143,Catit Creamy Salmon 5pk,Catit,022517444726,4.39,catTreats,Catit Creamy Salmon 5pk,0.0,4.36
2144,Catit Creamy Chicken & Shrimp 12 Pack,Catit,022517444412,7.69,catTreats,Catit Creamy Chicken & Liver 1,0.0,7.63
2145,Catit Creamy Chicken & Liver 12 Pack,Catit,022517444412,7.69,catTreats,Catit Creamy Chicken & Liver 1,0.0,7.63
2147,Catit Creamy Salmon 12pk,Catit,022517444429,7.69,catTreats,Catit Creamy Salmon 12pk,0.0,7.63
2149,Feline Greenies Chicken Skin & Fur Health,Greenies,642863101410,4.39,catTreats,Feline Greenies Chicken Skin &,0.0,4.36
2150,Feline Greenies Tuna Clean Breath,Greenies,642863111334,5.49,catTreats,Feline Greenies Tuna Clean Bre,0.0,4.36
2151,Feline Greenies Salmon Clean Breath,Greenies,642863111396,5.49,catTreats,Feline Greenies Salmon Clean B,0.0,5.45
2153,Feline Greenies Catnip Cleans Breath,Greenies,642863111365,5.49,catTreats,Feline Greenies Catnip Cleans,0.0,5.45
2158,Catit Creamy 50 Pack Variety,Catit,022517444320,30.59,catTreats,Catit Creamy 50 Pack Variety,0.0,29.39
2159,Catit Tuna 50 Pack,Catit,022517444382,30.59,catTreats,Catit Tuna 50 Pack,0.0,29.39
2160,Catit Chicken & Liver 50pk,Catit,022517444368,30.59,catTreats,Catit Chicken & Liver 50pk,0.0,29.39
2161,Catit Salmon 50pk,Catit,022517444375,30.59,catTreats,Catit Salmon 50pk,0.0,29.39
2162,Catit Chicken & Shrimp 50pk,Catit,022517444399,30.59,catTreats,Catit Chicken & Shrimp 50pk,0.0,29.39
2163,Churo 50pk Variety,Inaba,850030015570,43.59,catTreats,Churo 50pk Variety,0.0,41.99
2175,Blue Wilderness Chunk & Salmon Treats,Blue Buffalo,840243105359,30.44,catTreats,Blue Buffalo Wilderness Salmon,0.0,30.44
2193,Blue Wilderness Chick & Turkey Treat,Blue Buffalo,840243140565,6.59,catTreats,Blue Wilderness Chick & Turkey,0.0,6.54
6401,Orijen Original Freeze Dried 8oz,Orijen,064992725983,26.19,catTreats,Orijen Original Freeze Dried 8,0.0,18.89
6402,Orijen Tundra Freeze Dried 8oz,Orijen,064992726003,26.19,catTreats,Orijen Tundra Freeze Dried 8oz,0.0,16.79
6828,Catit White Fish 2.8oz,Catit,022517447147,1.99,catTreats,Catit White Fish 2.8oz,0.0,1.95
7678,Inaba Churu Tuna,Inaba,855958006556,4.39,catTreats,Inaba Churu Tuna,-6.0,4.36
7681,Inaba Curui Pop N Serve Variety,Inaba,810100852696,15.29,catTreats,Inaba Curui Pop N Serve Variet,-1.0,14.69
7772,Inaba Churu Bites 8pk Chicken With Salmon,Inaba,850006715565,10.89,catTreats,Inaba Churu Bites 8pk Chicken,0.0,10.49
7816,Icelandic Cod & Herring Mini Combo Bites for Cats,Icelandic,854854007421,6.59,catTreats,Icelandic Cod & Herring Mini C,0.0,6.54
7817,Icelandic Cod & Salmon Mini Combo Bites for Cats,Icelandic,850003829760,6.59,catTreats,Icelandic Cod & Salmon Mini Co,-2.0,6.54
9666,Greenies Feline Smart Bites Healthy Kitten Cat Treats,Greenies,642863115349,4.39,catTreats,Greenies Kitten 2.1oz,0.0,4.36
2405,Petmate Hooded Litter Pan Jumbo,Petmate,029695420917,50.19,dogCages,Petmate Jumbo Basic Hooded,0.0,48.29
2407,Petmate Jumbo Basic Hooded,Petmate,029695420917,43.59,dogCages,Petmate Jumbo Basic Hooded,0.0,48.29
6012,Barn Home 50-90lb,Petmate,029695251146,141.69,dogCages,Barn Home 50-90lb,0.0,136.49
6013,Indigo 50-90lb House,Petmate,029695254154,261.59,dogCages,Indigo 50-90lb House,0.0,251.99
6015,Vari-Kennel-Kennel-Kennel-Kennel Kennel Giant,Petmate,029695217005,457.79,dogCages,Vari-Kennel-Kennel-Kennel-Kenn,0.0,440.99
6016,Pop Up Playpen,Penn-Plax,791611020807,217.99,dogCages,Pop Up Playpen,-1.0,209.99
6019,"Vari-Kennel-Kennel-Kennel-Kennel Kennel 32""",Petmate,029695244780,163.49,dogCages,Vari-Kennel-Kennel-Kennel-Kenn,0.0,157.49
6024,Skudo Extra Small,MidWest Homes For Pets,027773018254,51.29,dogCages,Skudo Extra Small,0.0,49.34
6027,Voyager Pink 26.6,Best Pet Supplies,018940632405,56.69,dogCages,Voyager Pink 26.6,0.0,54.59
6028,Voyager Blue 26.6,Best Pet Supplies,022517766101,57.79,dogCages,Voyager Blue 26.6,0.0,55.64
6037,"Voyager Grey 24""",Best Pet Supplies,022517766064,47.99,dogCages,"Voyager Grey 24""",0.0,46.19
6180,"PetCrest 42"" Single Door",PetCrest,784099025044,141.69,dogCages,"PetCrest 42"" Single Door",0.0,136.49
6181,"PetCrest 48"" Single Door",PetCrest,784099025051,163.49,dogCages,"PetCrest 48"" Single Door",-1.0,157.49
6183,"Midwest 24"" ConTour Single Door Crate 24"" x 18 x 19",MidWest Homes For Pets,027773021971,65.39,dogCages,"MidWest 24"" Single Door",0.0,62.99
6186,"PetCrest 42"" Double Door",PetCrest,784099025136,148.29,dogCages,"PetCrest 42"" Double Door",0.0,142.79
6187,"PetCrest 24"" Double Door",PetCrest,784099025105,68.69,dogCages,"PetCrest 24"" Double Door",-1.0,66.14
6188,"PetCrest 30"" Double Door",PetCrest,784099025112,87.19,dogCages,"PetCrest 30"" Double Door",0.0,83.99
6189,"PetCrest 36"" Double Door",PetCrest,784099025129,141.69,dogCages,"PetCrest 36"" Double Door",-1.0,136.49
6193,"PetCrest Exercise Pen 36""",PetCrest,784099025327,98.09,dogCages,"PetCrest Exercise Pen 36""",0.0,94.49
6194,"Exercise Pen 48""",Dockstel,029695550157,201.69,dogCages,"Exercise Pen 48""",0.0,194.24
6195,"MidWest Spree Kennel Red 19""",MidWest Homes For Pets,027773019572,27.29,dogCages,"MidWest Spree Kennel Red 19""",0.0,26.24
6197,"MidWest Spree Kennel Red 24""",MidWest Homes For Pets,027773019602,32.69,dogCages,"MidWest Spree Kennel Red 24""",0.0,31.49
6198,"MidWest Spree Kennel Green 24""",MidWest Homes For Pets,02777301958,32.69,dogCages,"MidWest Spree Kennel Green 24""",0.0,31.49
9189,"Midwest 36"" ConTour Double Door Crate 36""",MidWest,027773022053,108.99,dogCages,"Midwest 36"" ConTour Double Doo",0.0,104.99
9191,"Midwest 42"" ConTour Double Door Crate 42""",MidWest,027773022060,163.49,dogCages,"Midwest 42"" ConTour Double Doo",0.0,157.49
9260,"Petmate Indigo Dog House Taupe/Black, LG",Petmate,029695259463,261.59,dogCages,Petmate Indigo Dog House Taupe,-1.0,251.99
4453,Redbarn Duo Large Fill Bone Pbj,RedBarn,096316700574,11.99,dogFood,Zilla Terrarium Liner 30 Gallon,0.0,9.44
4736,Blue Buffalo Health Bars Beef,Blue Buffalo,840243129485,9.89,dogFood,Blue Buffalo Health Bars Beef,0.0,9.44
4740,Blue Buffalo True Chews Chicken,Blue Buffalo,840243149308,25.09,dogFood,Blue Buffalo True Chews Chicke,0.0,24.14
4747,Fromm Crunchy O's Smokin' CheesePlosions,Fromm,072705121502,7.69,dogFood,Fromm Crunchy O's Smokin' Chee,-1.0,7.63
4748,Fromm Crunchy O's Pumpkin,Fromm,072705121601,7.69,dogFood,Fromm Crunchy O's Pumpkin,-3.0,7.63
4749,Fromm Crunchy O's Bacon Blasters,Fromm,072705122103,7.69,dogFood,Fromm Crunchy O's Bacon Blaste,0.0,7.63
4750,Fromm Crunchy O's Banana Kablammas,Fromm,072705121700,7.69,dogFood,Fromm Crunchy O's Banana Kabla,-2.0,7.63
5912,Hill's Science Diet Puppy Small & Mini Chicken & Brown Rice Recipe 4.5lb,Science Diet,052742909400,23.09,dogFood,Hill's Small & Mini Puppy,0.0,23.09
5914,Hill's Science Diet Puppy Large Breed Chicken & Barley Recipe 15.5lb,Science Diet,052742937601,46.19,dogFood,Hill's Puppy Large Breed,0.0,46.19
5923,"Hill's Science Diet Adult Light Small & Mini Chicken Meal, Barley & Brown Rice Recipe 15.5lb",Science Diet,052742910109,53.54,dogFood,Hill's Adult Light,0.0,53.54
5924,"Hill's Science Diet Adult 7+ Small & Mini Chicken Meal, Barley & Rice Recipe 4.5lb",Science Diet,052742909806,23.09,dogFood,Hill's Small & Mini Adult 7+,0.0,23.09
5929,Hill's Science Diet Adult Large Breed Light Chicken Meal & Barley Recipe 15lb,Science Diet,052742022154,47.24,dogFood,Hill's Adult Large Breed Light,0.0,47.24
5932,"Hill's Science Diet Adult 6+ Large Breed Chicken Meal, Barley & Rice Recipe 33lb",Science Diet,052742204406,78.74,dogFood,Hill's Adult Large Breed 6+,-2.0,78.74
5941,Hill's Science Diet Adult Chicken & Barley Recipe 5lb,Science Diet,052742817804,20.99,dogFood,Hill's Adult Chicken,-1.0,20.99
5943,Hill's Science Diet Adult Chicken & Barley Recipe 35lb,Science Diet,052742016016,80.84,dogFood,Hill's Adult Chicken,-1.0,80.84
6008,Royal Canin Yorkshire Terrier 2.5lb,Royal Canin,030111451422,31.49,dogFood,Royal Canin Yorkshire Terrier,0.0,31.49
6038,Natural Balance Chicken & Brown Rice 24lb,Natural Balance,723633014489,59.84,dogFood,Natural Balance Chicken & Brow,0.0,59.84
6040,Natural Balance Venison 22lb,Natural Balance,723633429856,67.19,dogFood,Natural Balance Venison 22lb,0.0,67.19
6043,Natural Balance Duck Small Breed 4lb,Natural Balance,723633777780,24.14,dogFood,Natural Balance Duck Small Bre,0.0,24.14
6044,Natural Balance Duck 4lb,Natural Balance,723633777384,22.04,dogFood,Natural Balance Duck 4lb,0.0,22.04
6045,Taste of the Wild Ancient Prairie 5lb,Taste of the Wild,074198614455,15.74,dogFood,Taste of the Wild Ancient Prai,0.0,15.74
6047,Taste of the Wild Ancient Mountain 5lb,Taste of the Wild,074198614578,15.74,dogFood,Taste of the Wild Ancient Moun,0.0,15.74
6048,Taste of the Wild Ancient Stream 5lb,Taste of the Wild,074198614493,15.74,dogFood,Taste of the Wild Ancient Stre,0.0,15.74
6050,Taste of the Wild Ancient Stream 14lb,Taste of the Wild,074198614509,36.74,dogFood,Taste of the Wild Ancient Stre,0.0,36.74
6051,Taste of the Wild Ancient Mountain 14lb,Taste of the Wild,074198614585,36.74,dogFood,Taste of the Wild Ancient Moun,0.0,36.74
6053,Taste of the Wild Ancient Wetlands 28lb,Taste of the Wild,074198614554,55.64,dogFood,Taste of the Wild Ancient Wetl,0.0,55.64
6057,Taste of the Wild Southwest Canyon 14lb,Taste of the Wild,074198611324,36.74,dogFood,Taste of the Wild Southwest Ca,0.0,36.74
6065,Taste of the Wild Sierra Mountain 14lb,Taste of the Wild,074198613960,36.74,dogFood,Taste of the Wild Sierra Mount,0.0,36.74
6075,Diamond Small Breed Chicken 18lb,Diamond,074198608287,34.64,dogFood,Diamond Small Breed Chicken 18,0.0,34.64
6078,Diamond Small Breed Puppy 18lb,Diamond,074198608249,38.84,dogFood,Diamond Small Breed Puppy 18lb,0.0,38.84
6081,Diamond Light 15lb,Diamond,074198610662,28.34,dogFood,Diamond Light 15lb,0.0,28.34
6083,Diamond Grain Free Frozen 28lb,Diamond,026716800000,48.29,dogFood,Diamond Grain Free 28lb,0.0,48.29
6084,Diamond Large Breed Lamb 40lb,Diamond,074198610693,49.34,dogFood,Diamond Large Breed Lamb 40lb,0.0,49.34
6090,"Hill's Science Diet Adult Large Breed Healthy Mobility Chicken Meal, Oat & Brown Rice Recipe 30lb",Science Diet,052742923505,79.79,dogFood,Hill's Adult Healthy Mobility Large Breed,0.0,79.79
6101,Diamond Prem 50lb,Diamond,074198010509,52.49,dogFood,Diamond Prem 50lb,0.0,52.49
6106,Diamond Skin 30lb,Diamond,074198613847,46.19,dogFood,Diamond Skin 30lb,-1.0,46.19
6111,Sportmix Puppy Small Bite 16.5lb,SportMix,034846600131,20.99,dogFood,Sportmix Puppy Small Bite 16.5,0.0,20.99
6120,Fromm Gold Puppy 30lb,Fromm,072705115518,58.79,dogFood,Fromm Gold Puppy 30lb,-2.0,58.79
6127,Fromm Gold Adult Gold Dog Food 15lb,Fromm,072705115235,32.54,dogFood,Fromm Gold Adult 15 lb,0.0,32.54
6151,Fromm Four-Star Salmon À La Veg Recipe 26lb,Fromm,072705116416,64.04,dogFood,Fromm Salmon À La Veg 26 lb,0.0,64.04
6157,Fromm Four-Star Salmon Tunalini Recipe 26lb,Fromm,072705108015,64.04,dogFood,Fromm Four-Star Salmon Tunalin,0.0,64.04
6163,Fromm Four-Star Surf & Turf Recipe 4lb,Fromm,072705116546,16.79,dogFood,Fromm Surf & Turf 4 lb,0.0,16.79
6164,Fromm Four-Star Surf & Turf Recipe 12lb,Fromm,072705116522,46.19,dogFood,Fromm Surf & Turf 12 lb,0.0,46.19
6175,Fromm Four-Star Chicken au Frommage Recipe 12lb,Fromm,072705114726,41.99,dogFood,Fromm Chicken au Frommage 12 lb,-1.0,41.99
6199,Blue Buffalo Wilderness Salmon 4.5lb,Blue Buffalo,840243105359,30.44,dogFood,Blue Buffalo Wilderness Salmon,0.0,30.44
6200,Blue Buffalo Wilder Small Breed 4.5lb,Blue Buffalo,840243148608,31.49,dogFood,Blue Buffalo Wilder Small Bree,0.0,31.49
6201,Blue Buffalo Wilder Small Breed 13lb,Blue Buffalo,840243148318,64.04,dogFood,Blue Buffalo Wilder Small Bree,0.0,64.04
6202,Blue Buffalo Wilder Large Breed Chicken 24lb,Blue Buffalo,840243148615,81.89,dogFood,BB Wilderness LB Chicken 24 lb,0.0,81.89
6203,Blue Buffalo Basic Salmon 4lb,Blue Buffalo,840243105427,33.59,dogFood,Blue Buffalo Basic Salmon 4lb,0.0,33.59
6204,Blue Buffalo Basic Turkey 4lb,Blue Buffalo,859610007509,25.19,dogFood,Blue Buffalo Basic Turkey 4lb,0.0,25.19
6205,Blue Buffalo Basic Small Breed 4lb,Blue Buffalo,859610005789,30.44,dogFood,Blue Buffalo Basic Small Breed,0.0,30.44
6206,Blue Buffalo Freedom Small Breed Chicken Dog 4lb,Blue Buffalo,859610006816,28.34,dogFood,Blue Buffalo Freedom Small Bre,0.0,28.34
6207,Blue Buffalo Freedom Small Breed 11lb,Blue Buffalo,859610006830,46.99,dogFood,Blue Buffalo Freedom Small Bre,0.0,46.99
6209,Blue Buffalo Large Breed 15lb,Blue Buffalo,859610000364,49.34,dogFood,Blue Buffalo Large Breed 15lb,0.0,49.34
6210,Blue Buffalo Large Breed H Weight 30lb,Blue Buffalo,840243105250,79.79,dogFood,Blue Buffalo Large Breed H Wei,0.0,79.79
6211,Blue Buffalo Large Breed Puppy 30lb,Blue Buffalo,859610000449,73.49,dogFood,Blue Buffalo Large Breed Puppy,0.0,73.49
6212,Blue Buffalo Senior 15lb,Blue Buffalo,859610000159,49.34,dogFood,Blue Buffalo Senior 15lb,0.0,49.34
6213,Blue Buffalo Senior 30lb,Blue Buffalo,859610000173,73.49,dogFood,Blue Buffalo Senior 30lb,0.0,73.49
6216,Blue Buffalo Senior 5lb,Blue Buffalo,840243144143,39.89,dogFood,Blue Buffalo Senior 5lb,-2.0,39.89
6220,Blue Buffalo Small Breed 15lb,Blue Buffalo,840243104888,53.54,dogFood,Blue Buffalo Small Breed 15lb,0.0,53.54
6223,Blue Buffalo Lamb 30lb,Blue Buffalo,859610000371,80.84,dogFood,Blue Buffalo Lamb 30lb,0.0,80.84
6227,Blue Buffalo Small Bite 15lb,Blue Buffalo,859610007448,49.34,dogFood,Blue Buffalo Small Bite 15lb,0.0,49.34
6230,Blue Buffalo Puppy 15lb,Blue Buffalo,859610000036,49.34,dogFood,Blue Buffalo Puppy 15lb,0.0,49.34
6231,Blue Buffalo Small Breed Puppy 5lb,Blue Buffalo,840243144181,20.99,dogFood,Blue Buffalo Small Breed Puppy,0.0,20.99
6234,Acana Butcher's Chicken 4lb,Acana,064992723385,28.34,dogFood,Acana Butcher's Chicken 4lb,0.0,28.34
6241,"Orijen Regional Red Grain & Poultry Free Fresh or Raw Dry Dog Food
Beef, Boar, Lamb, Pork & Fish 13lb",Orijen,064992105136,70.34,dogFood,Orijen Regional Red 13lb,0.0,70.34
6245,Orijen Original 13lb,Orijen,064992103132,58.79,dogFood,Orijen Original 13lb,0.0,58.79
6246,Orijen Original Grain Free Fresh or Raw Dry Dog Food,Orijen,064992103255,88.19,dogFood,Orijen Original 23.5lb,0.0,88.19
6248,Orijen Puppy,Orijen,064992101459,32.54,dogFood,Orijen Puppy,0.0,32.54
6263,RedBarn Large Breed Grain Free 15lb,RedBarn,785184125038,52.39,dogFood,RedBarn Large Breed Grain Free,0.0,50.39
6279,NutriSource Adult Small Bites Chicken & Rice Recipe Dog Food 12lb,Nutrisource,073893260158,38.84,dogFood,NutriSource Adult Small Bites,0.0,38.84
6280,NutriSource Weight Management Chicken & Chicken Meal Recipe Dog Food 4lb,Nutrisource,073893212584,16.79,dogFood,Nutrisource Weight Management 4lb,0.0,16.79
6281,NutriSource Weight Management Chicken & Chicken Meal Recipe Dog Food 12lb,Nutrisource,073893212577,38.84,dogFood,NutriSource Weight Management,0.0,38.84
6284,NutriSource Senior Chicken & Rice Recipe Dog Food 12lb,Nutrisource,073893265047,39.89,dogFood,NutriSource Senior Chicken & R,0.0,39.89
6289,NutriSource Lamb Meal & Rice Recipe Dog Food 4lb,Nutrisource,073893266044,20.99,dogFood,NutriSource Lamb Meal & Rice R,0.0,20.99
6290,NutriSource Lamb Meal & Rice Recipe Dog Food 12lb,Nutrisource,073893266068,43.04,dogFood,NutriSource Lamb Meal & Rice R,0.0,43.04
6292,NutriSource Large Breed Lamb Meal & Rice Recipe Dog Food 26lb,Nutrisource,073893267027,59.84,dogFood,NutriSource Large Breed Lamb M,0.0,59.84
6293,NutriSource Grain Free Lamb Meal & Peas Recipe Dog Food 4lb,Nutrisource,073893291084,22.04,dogFood,NutriSource Grain Free Lamb Me,0.0,22.04
6297,NutriSource Small Bites Seafood Select Grain Free Dog Food 15lb,Nutrisource,073893430100,46.19,dogFood,NutriSource Small Bites Seafoo,0.0,46.19
6305,NutriSource Large Breed Grain Free Lamb Meal & Peas Recipe Dog Food 26lb,Nutrisource,073893292012,57.74,dogFood,NutriSource Large Breed Grain,0.0,57.74
6311,Pure Vita Grain Free Frozen Salmon & Pea 5lb,Pure Vita,073893177029,23.09,dogFood,Pure Vita Grain Free Sa,0.0,23.09
6314,Pure Vita Chicken & Brown Rice 5lb,Pure Vita,073893170020,17.84,dogFood,Pure Vita Chicken & Brown Rice,0.0,17.84
6315,Pure Vita Small Bite Grain Free Turkey 4lb,Pure Vita,073893175117,23.09,dogFood,Pure Vita Small Bite Grain Fre,0.0,23.09
6319,Pure Vita Grain Free Frozen Beef 4lb,Pure Vita,073893181118,24.14,dogFood,Pure Vita Grain Free Beef,0.0,24.14
6322,Max Bully 30lb,Max,030626101300,71.39,dogFood,Max Bully 30lb,0.0,71.39
6324,Eukanuba Small Breed Puppy 15lb,Eukanuba,030111150066,62.99,dogFood,Eukanuba Small Breed Puppy 15l,0.0,62.99
6326,Eukanuba Medium Br 16lb,Eukanuba,030111160027,58.79,dogFood,Eukanuba Medium Br 16lb,0.0,58.79
6327,Eukanuba Large Breed 30lb,Eukanuba,030111302052,92.39,dogFood,Eukanuba Large Breed 30lb,0.0,92.39
6328,Eukanuba Large Breed Lamb 30lb,Eukanuba,030111310019,101.84,dogFood,Eukanuba Large Breed Lamb 30lb,0.0,101.84
6329,Earthborn Meadow 25lb,Earthborn,034846540307,55.64,dogFood,Earthborn Meadow 25lb,0.0,55.64
6332,Wellness Small Breed Weight 4lb,Wellness,076344891185,23.09,dogFood,Wellness Small Breed Weight 4l,0.0,23.09
6333,Wellness Small Breed Turkey 4lb,Wellness,076344891109,20.99,dogFood,Wellness Small Breed Turkey 4l,0.0,20.99
6334,Wellness Small Breed Core 12lb,Wellness,076344884217,51.44,dogFood,Wellness Small Breed Core 12lb,0.0,51.44
6335,Wellness White Fish 26lb,Wellness,076344088912,60.89,dogFood,Wellness White Fish 26lb,0.0,60.89
6336,IAMS Mini Chunks 7lb,Iams,030172093210,23.09,dogFood,IAMS Mini Chunks 7lb,0.0,23.09
6339,IAMS Small Breed 7lb,Iams,019014803446,25.19,dogFood,IAMS Small Breed 7lb,0.0,25.19
6340,IAMS Large Breed Puppy 15lb,Iams,019014610945,41.99,dogFood,IAMS Puppy Large Breed,0.0,41.99
6341,Canidae All Life Stages Salmon 5lb,Canidae,076484066283,13.64,dogFood,Canidae All Life Stages Salmon,0.0,13.64
6343,Pro Plan Small Breed Sensitive Salmon 4lb,Pro Plan,038100100801,27.29,dogFood,Pro Plan Small Breed Sensitive,0.0,27.29
6344,Fromm Gold Adult Gold with Ancient Grains 15lb,Fromm,072705105939,32.54,dogFood,Fromm Gold Adult Gold with Anc,0.0,32.54
6347,Pro Plan Sensitive Puppy Salmon 15lb,Pro Plan,038100187642,52.49,dogFood,Pro Plan Sensitive Puppy Salmo,0.0,52.49
6358,Pro Plan Weight Management 34lb,Pro Plan,038100131874,80.84,dogFood,Pro Plan Weight Management 34l,0.0,80.84
6360,Pro Plan Chicken 30/20 18lb,Pro Plan,076484670701,53.49,dogFood,Coastal Cat Collar DBM12,0.0,11.99
6369,Pro Plan Lamb Shredded 35lb,Pro Plan,038100130631,78.74,dogFood,Pro Plan Lamb Shredded 35lb,0.0,78.74
6372,Pro Plan Small Breed Chicken 6lb,Pro Plan,038100131904,27.29,dogFood,Pro Plan Small Breed Chicken 6,0.0,27.29
6374,Pro Plan Toy 5lb,Pro Plan,038100135438,28.34,dogFood,Pro Plan Chicken & Rice Toy Br,0.0,28.34
6375,Pro Plan Large Breed 18lb,Pro Plan,038100132529,52.49,dogFood,Pro Plan Large Breed 18lb,0.0,52.49
6377,Pro Plan Chicken & Rice Large Breed Puppy 18lb,Pro Plan,038100132642,50.39,dogFood,Pro Plan Large Breed Puppy 18l,0.0,50.39
6382,Pro Plan Puppy 6lb,Pro Plan,038100113627,22.04,dogFood,Pro Plan Puppy 6lb,0.0,22.04
6383,Pro Plan Puppy 18lb,Pro Plan,038100132673,51.44,dogFood,Pro Plan Chicken & Rice Small,0.0,51.44
6384,Pro Plan Puppy 34lb,Pro Plan,038100132703,86.09,dogFood,Pro Plan Puppy 34lb,0.0,86.09
6385,Pro Plan Lamb Puppy 6lb,Pro Plan,038100113672,22.04,dogFood,Pro Plan Lamb Puppy 6lb,0.0,22.04
6394,Vital Essentials Beef Mini Nibbles 14oz,Vital Essentials,840199680030,31.49,dogFood,Vital Essentials Beef Mini Nib,0.0,31.49
6396,Vital Essentials Chicken Mini Nibbles 14oz,Vital Essentials,840199680061,31.49,dogFood,Vital Essentials Chicken Mini,0.0,31.49
6397,Vital Essentials Turkey Protein Mix In 6oz,Vital Essentials,840199682133,14.69,dogFood,Vital Essentials Turkey Protei,-1.0,14.69
6398,Vital Essentials Chicken Protein Mix In 6oz,Vital Essentials,840199682041,14.69,dogFood,Vital Essentials Chicken Prote,0.0,14.69
6399,Vital Essentials Beef Protein Mix In 6oz,Vital Essentials,840199682010,14.69,dogFood,Vital Essentials Beef Protein,0.0,14.69
6403,Orijen Original Bites 6oz,Orijen,064992724184,18.89,dogFood,Orijen Original Bites 6oz,0.0,18.89
6404,Primal Kibble in the Raw Puppy 1.5lb,Primal,810076943015,30.44,dogFood,Primal Kibble in the Raw Puppy,0.0,30.44
6405,Primal Kibble in the Raw Puppy 9lb,Primal,810076942964,118.64,dogFood,Primal Kibble in the Raw Puppy,0.0,118.64
6408,Primal Kibble in the Raw Chicken 9lb,Primal,810076942940,104.99,dogFood,Primal Kibble in the Raw Chick,0.0,104.99
6431,VICTOR Sensitive Lamb 5lb,VICTOR,899944446339,15.74,dogFood,VICTOR Sensitive Lamb 5lb,0.0,15.74
6435,VICTOR Lamb & Sweet Potato 5lb,VICTOR,854524005184,16.79,dogFood,VICTOR Lamb & Sweet Potato 5lb,0.0,16.79
6436,VICTOR Lamb & Sweet Potato 15lb,VICTOR,854524005160,40.94,dogFood,VICTOR Lamb & Sweet Potato 15l,0.0,40.94
6437,VICTOR Lamb & Sweet Potato 30lb,VICTOR,854524005177,70.34,dogFood,VICTOR Lamb & Sweet Potato 30l,0.0,70.34
6443,VICTOR Beef 30lb,VICTOR,899944446445,44.09,dogFood,VICTOR Beef 30lb,0.0,44.09
6444,VICTOR Puppy 5lb,VICTOR,894308002169,15.74,dogFood,VICTOR Puppy 5lb,0.0,15.74
6457,VICTOR Chicken & Vegetable 13.2oz,VICTOR,854524005429,3.04,dogFood,VICTOR Chicken & Vegetable 13.,0.0,3.04
6458,VICTOR Beef & Vegetable 13.2oz,VICTOR,854524005450,3.15,dogFood,VICTOR Beef & Vegetable 13.2oz,0.0,3.15
6466,Fromm Classic Adult Chicken & Rice Pâté 12.5oz,Fromm,035585516004,2.79,dogFood,Kong Nibbies Chicken,0.0,5.45
6470,"Fromm Frommbalaya Beef, Vegetable, & Rice Stew 12.5oz",Fromm,072705132089,4.02,dogFood,"Fromm Frommbalaya Beef, Vegeta",0.0,4.02
6473,Fromm Whitefish & Lentil Pâté 12.2oz,Fromm,072705119080,4.02,dogFood,Fromm Whitefish & Lentil Pâté,0.0,4.02
6476,Fromm Lamb Pâté 12.2oz,Fromm,888641136162,4.13,dogFood,Fromm Lamb Pâté 12.2oz,0.0,4.13
6487,Zignature Zssential 13oz,Zignature,888641131242,3.59,dogFood,Zignature Zssential 13oz,0.0,3.59
6488,Zignature Pork 13oz,Zignature,888641131648,3.80,dogFood,Zignature Pork 13oz,0.0,3.8
6489,Zignature White Fish 13oz,Zignature,888641131402,3.48,dogFood,Zignature White Fish 13oz,0.0,3.48
6490,Zignature Trout & Salmon 13oz,Zignature,888641131204,3.59,dogFood,Zignature Trout & Salmon 13oz,0.0,3.59
6491,Zignature Lamb 13oz,Zignature,888641131211,4.02,dogFood,Zignature Lamb 13oz,0.0,4.02
6492,Zignature Duck 13oz,Zignature,888641131235,4.02,dogFood,Zignature Duck 13oz,0.0,4.02
6493,Zignature Kangaroo 13oz,Zignature,888641131341,4.68,dogFood,Zignature Kangaroo 13oz,0.0,4.68
6494,Zignature Turkey 13oz,Zignature,888641131228,3.48,dogFood,Zignature Turkey 13oz,0.0,3.48
6500,NutriSource High Plains Select Grain Free Dog Food 13oz,Nutrisource,073893021209,3.80,dogFood,NutriSource High Plains Select,0.0,3.8
6503,NutriSource Prairie Select Grain Free Dog Food 12.3oz,Nutrisource,073893021216,3.70,dogFood,NutriSource Prairie Select Gra,0.0,3.7
6504,NutriSource Grain Free Chicken Recipe Dog Food 13oz,Nutrisource,073893030003,4.02,dogFood,NutriSource Grain Free Chicken,0.0,4.02
6517,NutriSource PureVita Chicken Stew Grain Free Dog Food 12.5oz,Nutrisource,073893962052,3.48,dogFood,NutriSource PureVita Chicken S,0.0,3.48
6521,Red Barn White Fish Stew 12oz,RedBarn,785184105177,4.02,dogFood,Red Barn White Fish Stew 12oz,0.0,4.02
6524,Red Barn Turkey Stew 12oz,RedBarn,785184105092,4.02,dogFood,Red Barn Turkey Stew 12oz,0.0,4.02
6525,Redbarn Pet Products Hearty Stew All Life Stages Canned Dog Food Chicken & Pumpkin 12oz,RedBarn,785184105160,4.02,dogFood,Red Barn Chicken Stew 12oz,0.0,4.02
6526,Pro Plan Sensitive Large Breed Puppy Salmon 24lb,Pro Plan,038100190550,80.84,dogFood,Pro Plan Sensitive Large Breed,0.0,80.84
6528,Pro Plan Sensitive Turkey 16lb,Pro Plan,038100189745,51.44,dogFood,Pro Plan Sensitive Turkey 16lb,0.0,51.44
6549,Wellness Lamb Stew 12.5oz,Wellness,076344017554,4.57,dogFood,Wellness Lamb Stew 12.5oz,0.0,4.57
6559,IAMS Puppy 13oz,Iams,019014610945,41.99,dogFood,IAMS Puppy Large Breed,0.0,41.99
6595,Blue Buffalo Chicken Stew 12.5oz,Blue Buffalo,840243105199,5.00,dogFood,Blue Buffalo Chicken Stew 12.5,0.0,5.0
6597,Blue Buffalo Beef Stew,Blue Buffalo,840243105212,5.00,dogFood,Blue Buffalo Beef Stew,0.0,5.0
6598,Blue Buffalo Bac Yard Bbq 12.5oz,Blue Buffalo,035585530086,4.79,dogFood,Kong Licks,0.0,6.54
6599,Blue Buffalo Sun Din 12.5oz,Blue Buffalo,859610006854,4.79,dogFood,Blue Buffalo Sun Din 12.5oz,0.0,4.79
6600,Blue Buffalo Wilderness Puppy 12.5oz,Blue Buffalo,840243101238,4.57,dogFood,Blue Buffalo Wilderness Beef &,0.0,4.57
6601,Blue Buffalo Wilderness Turkey 12.5oz,Blue Buffalo,840243104857,4.35,dogFood,Blue Buffalo Wilderness Turkey,0.0,4.35
6603,Blue Buffalo Wilderness Beef & Chicken 12.5oz,Blue Buffalo,840243101238,4.57,dogFood,Blue Buffalo Wilderness Beef &,0.0,4.57
6604,Blue Buffalo Wilderness Duck 12.5oz,Blue Buffalo,840243104864,4.57,dogFood,Blue Buffalo Wilderness Duck 1,0.0,4.57
6606,Blue Buffalo Basic Turkey 12.5oz,Blue Buffalo,840243105533,4.79,dogFood,Blue Buffalo Basic Turkey 12.5,0.0,4.79
6607,Blue Buffalo Basic Lamb 12.5oz,Blue Buffalo,840243103799,4.57,dogFood,Blue Buffalo Basic Lamb 12.5oz,0.0,4.57
6608,Blue Buffalo Free Puppy 12.5oz,Blue Buffalo,859610006878,3.91,dogFood,Blue Buffalo Free Puppy 12.5oz,0.0,3.91
6609,Blue Buffalo Free Lamb 12.5oz,Blue Buffalo,840243102938,3.91,dogFood,Blue Buffalo Free Lamb 12.5oz,0.0,3.91
6611,Blue Buffalo Senior 12.5oz,Blue Buffalo,859610005888,4.79,dogFood,Blue Buffalo Senior 12.5oz,0.0,4.79
6612,Blue Buffalo Beef 12.5oz,Blue Buffalo,840243105540,4.79,dogFood,Blue Buffalo Beef 12.5oz,0.0,4.79
6614,Blue Buffalo Lamb 12.5oz,Blue Buffalo,840243104949,4.02,dogFood,Blue Buffalo Lamb 12.5oz,0.0,4.02
6616,Blue Buffalo Turkey 12.5,Blue Buffalo,859610005901,4.79,dogFood,Blue Buffalo Turkey 12.5,0.0,4.79
6621,Blue Buffalo Delight Ro Chicken 3.5 oz,Blue Buffalo,840243120413,2.50,dogFood,Blue Buffalo Delight Ro Chicke,0.0,2.5
6624,Eukanuba Lamb 13.2oz,Eukanuba,751486000748,3.59,dogFood,Eukanuba Lamb 13.2oz,0.0,3.59
6625,Canid Lamb 13oz,Canidae,640461012138,2.83,dogFood,Canid Lamb 13oz,0.0,2.83
6626,Canidae Multi 13oz,Canidae,640461010134,3.15,dogFood,Canidae Multi 13oz,0.0,3.15
6627,Canidae Chicken 13oz,Canidae,640461011131,3.04,dogFood,Canidae Chicken 13oz,0.0,3.04
6629,Pro Plan Puppy 5.5oz,Pro Plan,038100139412,2.06,dogFood,Pro Plan Puppy 5.5oz,0.0,2.06
6649,Zignature Zssential 25lb,Zignature,888641131181,75.59,dogFood,Zignature Zssential 25lb,0.0,75.59
6650,Zignature Kangaroo 4lb,Zignature,888641131303,18.89,dogFood,Zignature Kangaroo 4lb,0.0,18.89
6651,Zignature Kangaroo 12.5lb,Zignature,888641131310,48.29,dogFood,Zignature Kangaroo 12.5lb,0.0,48.29
6652,Zignature Kangaroo 25lb,Zignature,888641131327,83.99,dogFood,Zignature Kangaroo 25lb,0.0,83.99
6655,Zignature Lamb 25lb,Zignature,888641131068,83.99,dogFood,Zignature Lamb 25lb,0.0,83.99
6658,Zignature Turkey 4lb,Zignature,888641131846,40.94,dogFood,Zignature Turkey 4lb,0.0,40.94
6659,Zignature Turkey 25lb,Zignature,888641131105,68.24,dogFood,Zignature Turkey 25lb,0.0,68.24
6666,Pro Plan Live Clear 5.5lb,Pro Plan,037424191366,44.09,dogFood,Pro Plan Live Clear 5.5lb,0.0,44.09
6681,Vital Essentials Duck Mini Nibbles 12oz,Vital Essentials,840199690053,38.84,dogFood,Vital Essentials Duck Mini Nib,0.0,38.84
6684,Vital Essentials Pork Mini Nibbles 12oz,Vital Essentials,840199690077,31.49,dogFood,Vital Essentials Pork Mini Nib,0.0,31.49
6856,"Inaba Dashi Delights Chicken, Tuna 2.5oz",Inaba,076484001239,1.19,dogFood,"Inaba Dashi Delights Chicken,",0.0,1.19
6857,"Inaba Dashi Delights Chicken, Salmon 2.5oz",Inaba,076484001246,1.19,dogFood,"Inaba Dashi Delights Chicken,",0.0,1.19
6858,"Inaba Dashi Delights Chicken, Tuna, Scallop 2.5oz",Inaba,076484001239,1.19,dogFood,"Inaba Dashi Delights Chicken,",0.0,1.19
6859,"Inaba Dashi Delights Chicken, Scallop 2.5oz",Inaba,076484001239,1.19,dogFood,"Inaba Dashi Delights Chicken,",0.0,1.19
6861,"Blue Buffalo 3oz Fish,Shrimp 3oz",Blue Buffalo,859610000951,1.84,dogFood,"Blue Buffalo 3oz Fish,Shrimp 3",0.0,1.84
6874,Freshpet Turkey 2lb,Freshpet,076484638343,14.69,dogFood,Freshpet Turkey 2lb,0.0,14.69
6877,Freshpet Small Breed Multi Protein 1lb,Freshpet,076484178627,9.44,dogFood,Freshpet Small Breed Multi Pro,0.0,9.44
6878,"Freshpet Small Breed Chicken,Turkey 1lb",Freshpet,076484178672,9.89,dogFood,"Cirlce 16""tnv 1786s Collar",0.0,27.89
6880,"Freshpet Small Breed Chicken,Turkey,Lamb 1lb",Freshpet,076484178672,11.99,dogFood,"Cirlce 16""tnv 1786s Collar",0.0,27.89
6881,Freshpet Grain Free Frozen Chicken 1lb,Freshpet,627975012106,10.49,dogFood,Freshpet Small Dog Roasted 1lb,0.0,10.49
6882,Freshpet Beef 1.5lb,Freshpet,627975011963,10.49,dogFood,Freshpet Beef 1.5lb,0.0,10.49
6883,Freshpet Chicken 1lb,Freshpet,851893001366,6.29,dogFood,Freshpet Chicken 1lb,0.0,6.29
6885,"Freshpet Chicken,Rice 6lb",Freshpet,076484115561,20.79,dogFood,"Circle T Leather Collar Tan 14""",-1.0,15.09
6889,"Freshpet Vital Grain Free Chicken,Beef,Salmon 1.75lb",Freshpet,076484104749,15.74,dogFood,Freshpet Vital Grain Free Chic,0.0,15.74
6890,"Freshpet Vital Grain Free Chicken,Beef,Salmon 5.5lb",Freshpet,076484104947,41.49,dogFood,"Circle T Leather Collar Tan 24""",0.0,24.49
6891,"Freshpet Vital Grain Free Beef,Lamb 5.5lb",Freshpet,076484103513,39.89,dogFood,Freshpet Vital Grain Free Beef,0.0,39.89
6892,Primal Frozen Beef Nuggets 3lb,Primal,850334004003,24.14,dogFood,Primal Frozen Beef Nuggets 3lb,0.0,24.14
6893,Primal Frozen Rabbit Nuggets 3lb,Primal,850334004065,49.34,dogFood,Primal Frozen Rabbit Nuggets 3,0.0,49.34
6894,Primal Frozen Nuggets Pork 3lb,Primal,850334004263,24.14,dogFood,Primal Frozen Nuggets Pork 3lb,0.0,24.14
6895,"Primal Frozen Nuggets Turkey, Sardine 3lb",Primal,850334004379,24.14,dogFood,"Primal Frozen Nuggets Turkey,",0.0,24.14
6896,Primal Frozen Nuggets Chicken 3lb,Primal,850334004072,24.14,dogFood,Primal Frozen Nuggets Chicken,0.0,24.14
6898,Primal Frozen Nuggets Lamb 3lb,Primal,850334004034,23.09,dogFood,Primal Frozen Nuggets Lamb 3lb,0.0,23.09
6900,Primal Frozen Pronto Lamb 4lb,Primal,850334004454,36.74,dogFood,Primal Frozen Pronto Lamb 4lb,0.0,36.74
6901,Primal Frozen Pronto Beef 4lb,Primal,850334004423,30.44,dogFood,Primal Frozen Pronto Beef 4 lb,0.0,30.44
6903,Primal Frozen Puppy Pronto 4lb,Primal,850016300973,36.74,dogFood,Primal Frozen Puppy Pronto 4lb,0.0,36.74
6904,Primal Frozen Pronto Beef 3/4lb,Primal,850334004423,30.44,dogFood,Primal Frozen Pronto Beef 4 lb,0.0,30.44
6906,Primal Goat Milk 16oz,Primal,850334004645,10.49,dogFood,Primal Goat Milk 16oz,0.0,10.49
6910,Primal Broth Pork,Primal,076484114441,13.09,dogFood,Circle T Leather Leash Tan 4',0.0,22.79
6911,Primal Broth Chicken,Primal,857496004032,12.59,dogFood,Primal Broth Chicken,0.0,12.59
7823,Redbarn Small Fill Bone Chicken,Redbarn,785184403068,7.69,dogFood,Redbarn Small Fill Bone Chicke,0.0,7.63
9180,Fromm GOLD WEIGHT MANAGEMENT Dog 15 lb.,Fromm,072705105731,37.79,dogFood,Fromm GOLD WEIGHT MANAGEMENT D,0.0,37.79
9184,Fromm FOUR STAR GF HASEN DUCKENPFEFFER 26lb,Fromm,072705114603,82.94,dogFood,Fromm FOUR STAR GF HASEN DUCKE,0.0,82.94
9200,Blue Buffalo Wilderness RMR Red Meat Puppy 4.5lb,Blue Buffalo,840243148271,32.54,dogFood,Blue Buffalo Wilderness RMR Re,0.0,32.54
9231,"Hill's Science Diet Adult Perfect Digestion Salmon Dry Dog Food, 12lb",Science Diet,052742041414,54.59,dogFood,Hill's Science Diet Adult Perf,0.0,54.59
9264,Pro Plan Complete Essentials Shredded Blend Salmon & Rice Dog 5 lb,Pro Plan,038100160515,19.94,dogFood,Pro Plan Complete Essentials S,0.0,19.94
9267,Pro Plan Chicken & Rice Toy Breed Dog 5 lb,Pro Plan,038100135438,28.34,dogFood,Pro Plan Chicken & Rice Toy Br,0.0,28.34
9268,Pro Plan Chicken & Rice Small Breed Puppy 6 lb,Pro Plan,038100113689,20.99,dogFood,Pro Plan Chicken & Rice Small,-1.0,20.99
9269,Pro Plan Chicken & Rice Small Breed Puppy 18 lb,Pro Plan,038100132673,51.44,dogFood,Pro Plan Chicken & Rice Small,0.0,51.44
9270,Vital Essentials Beef & Salmon Soft Nibs 14oz,Vital Essentials,840199680214,30.44,dogFood,Vital Essentials Beef & Salmon,0.0,30.44
9589,Nutri-Vet K9 Aspirin Liver Chewables Small Dogs,nutri vet,669125024416,25.09,dogFood,Nutri-Vet Asprin 120 Mg 100 Chewables,0.0,24.14
9591,Next Level Hi-Pro 30 LS All Life Stages Dry Dog Food 50 lb,next level,850018160285,65.09,dogFood,Next Level Hi Pro 30 LS 50lb,0.0,65.09
9836,Red Barn Beef Stew 12oz,Redbarn,6523,4.02,dogFood,Red Barn Beef Stew 12oz,0.0,4.02
9837,Vital Essentials Turkey Mini Nibs,Vital Essentials,6390,31.49,dogFood,Vital Essentials Turkey Mini N,0.0,31.49
9842,Freshpet Chicken 6lb,Freshpet,851893001069,19.94,dogFood,Freshpet Chicken 6lb,-1.0,19.94
9847,"Freshpet Homestyle Beef, Chicken & Turkey 1lb",Freshpet,627975012922,12.59,dogFood,Freshpet Homestyle Beef Chicken & Turkey1lb,0.0,12.59
9852,Nutrisource Small Bite 4lb,Nutrisource,073893260165,16.79,dogFood,Nutrisource Small Bite 4lb,0.0,16.79
9858,Pro Plan Sensitive Lamb 16lb,Pro Plan,038100175663,51.44,dogFood,Pro Plan Sensitive Lamb 16lb,0.0,51.44
9859,Pro Plan Puppy Lamb 6lb,Pro Plan,038100113641,20.99,dogFood,Pro Plan Puppy Lamb 6lb,0.0,20.99
9860,Pure Vita Turkey & Sweet Potato 25lb,Nutrisource,073893175001,67.19,dogFood,Pure Vita Turkey 25lb,0.0,67.19
9873,Fromm Rancherosa 26lb,Fromm,072705114801,82.94,dogFood,Fromm Rancherosa 26lb,0.0,82.94
9875,Freshpet Small Breed Poultry Roll 1lb,Freshpet,627975012724,9.44,dogFood,Freshpet Small Breed Poultry Roll 1lb,0.0,9.44
9886,Primal Broth Pork,Primal,854496006349,12.59,dogFood,Primal Broth Pork,0.0,12.59
9889,Answers Raw Goats Milk,Answers,856554002713,31.49,dogFood,Answers Raw Goats Milk,0.0,31.49
9894,Victor Purpose Ultra Pro 30lb,VICTOR,894308002480,70.34,dogFood,Victor Purpose Ultra Pro 30lb,0.0,70.34
9900,Nutrisource Turkey & Rice 4lb,Nutrisource,073893271086,22.04,dogFood,Nutrisource Turkey & Rice 4lb,0.0,22.04
9910,Pro Plan Puppy 18lb,Pro Plan,038100132710,50.39,dogFood,Pro Plan Puppy 18lb,0.0,50.39
9924,NutriSource All Life Stages Performance 40lb,Nutrisource,073893230359,62.99,dogFood,Nutrisource ALS Performance 40lb,0.0,62.99
9929,Merrick Salmon & Sweet Potato 22 lb,Merrick,022808385738,72.44,dogFood,Merrick Salmon & Sweet Potato 22 lb,0.0,72.44
9933,Freshpet Chicken 2lb,Freshpet,851893001014,9.44,dogFood,Freshpet Chicken 2lb,0.0,9.44
9938,Freshpet Vital Grain Free Chicken 1.75lb,Freshpet,627975010546,14.69,dogFood,Grain Free Chicken 1.75lb,0.0,14.69
9956,"Vital Chicken, Salmon & Beef 1.75lb",Freshpet,627975013424,13.64,dogFood,"Vital Chick,Salm Y& Beef 1.75lb",0.0,13.64
9958,Freshpet Vital Beef & Lamb 1.75lb,Freshpet,627975013554,11.54,dogFood,Vital Beef & Lamb 1.75lb,0.0,11.54
9959,Whole Earth Farms Grain Free,Whole Earth,022808855408,64.04,dogFood,Whole Earth Farms Grain Free,0.0,64.04
9965,NutriSource Lamb Grain Free 13oz Can,Nutrisource,073893030010,3.70,dogFood,Lamb Grain Free,-2.0,3.7
2914,Nylabone Senior Fill & Treat,Nylabone,018214851660,15.29,dogTreats,Nylabone Senior Fill & Treat,0.0,14.69
3134,Kong Easy Treat Pepperoni,Kong,035585507224,10.89,dogTreats,Kong Easy Treat Pepperoni,0.0,10.49
3181,Kong Treatster Small,Kong,035585013800,9.89,dogTreats,Kong Treatster Small,0.0,9.44
4434,Redbarn Chewabulls Brush Small,RedBarn,785184011393,18.59,dogTreats,Redbarn Chewabulls Brush Small,0.0,17.84
4437,"10""collagen Sticks Original",Franklys,853651008884,3.29,dogTreats,Mega Beefy Chew Sticks 10'',-2.0,3.27
4440,"10"" Collagen Sticks Bacon",Franklys,853651008921,3.29,dogTreats,"10"" Collagen Sticks Bacon",-5.0,3.27
4456,Tuesdays Filled Hoof Peanut Butter,Tuesday's Natural Dog Company,096316700611,5.49,dogTreats,Zilla Terrarium Liner 55 Gallon,0.0,11.54
4463,Redbarn Bully Barbell,RedBarn,785184250129,7.69,dogTreats,Redbarn Bully Barbell,0.0,7.63
4465,Redbarn 9in Bully Stick,RedBarn,785184209004,10.89,dogTreats,Redbarn 9in Bully Stick,-4.0,10.49
4469,Zoo Med Iguana Adult Formula Wet Food,zoo med,097612400656,14.19,dogTreats,Redbarn Large 1/2 Deer Antler,0.0,13.64
4470,Redbarn Bully Ring,RedBarn,097612400724,19.69,dogTreats,Zoo Med Bearded Dragon Can 6oz,0.0,5.45
4471,Redbarn Collagen Ring,RedBarn,785184262061,6.59,dogTreats,Redbarn Collagen Ring,0.0,6.54
4483,Jones Pork Femur Bone,Jones Natural Chews,784099029172,6.59,dogTreats,Petcrest Two in One Pet Shampoo & Conditioner,0.0,8.73
4489,Redbarn Puff Collagen Braid,RedBarn,785184262054,5.49,dogTreats,Redbarn Puff Collagen Braid,0.0,5.45
4491,Redbarn Puffed Collagen Spring,RedBarn,785184262085,5.49,dogTreats,Redbarn Puffed Collagen Spring,0.0,5.45
4495,Redbarn 7in Bully Stick,RedBarn,009119771301,8.79,dogTreats,Redbarn 7in Bully Stick,0.0,8.73
4496,Redbarn 5in Bully Braid,RedBarn,009119771013,9.89,dogTreats,Redbarn 5in Bully Braid,0.0,9.44
4499,Health Extension Cheek Chew Chicken,Health Extension,784672108768,6.59,dogTreats,Health Extension Cheek Chew Ch,0.0,6.54
4502,Jones Small Center Bones,Jones Natural Chews,741956004314,5.49,dogTreats,Jones Small Center Bones,-2.0,5.45
4512,Happydog Small Sliced Elk Antler,Happy Dog of Cape Cod,610563285396,14.19,dogTreats,Happydog Small Sliced Elk Antl,0.0,13.64
4517,Happydog Extra Large Elk Antler,Happy Dog of Cape Cod,610563285631,35.99,dogTreats,Happydog Extra Large Elk Antle,-1.0,34.64
4519,Happydog Special Elk Ant,Happy Dog of Cape Cod,009761284004,35.99,dogTreats,Happydog Special Elk Ant,0.0,34.64
4521,Happydog Jumbo Elk Antler,Happy Dog,001556121852,29.49,dogTreats,Happydog Jumbo Elk Antler,0.0,28.34
4522,Tuesdays Rocky Mountain Oysters,Tuesday's Natural Dog Company,810723035308,10.89,dogTreats,Tuesdays Rocky Mountain Oyster,-3.0,10.49
4527,Redbarn Collagen Sticks,RedBarn,785184926208,18.59,dogTreats,Redbarn Collagen Sticks,-1.0,17.84
4528,Cadet Bully Hide Slices,Cadet,008317854751,14.19,dogTreats,Cadet Bully Hide Slices,0.0,13.64
4529,Benebone Small Beef Tripe Bone,Benebone,810054210382,15.29,dogTreats,Benebone Small Beef Tripe Bone,0.0,14.69
4530,Benebone Medium Beef Tripe Bone,Benebone,854111004019,18.59,dogTreats,Benebone Medium Beef Tripe Bon,0.0,17.84
4536,Benebone Large Bacon Stick,Benebone,854111004484,25.09,dogTreats,Benebone Large Bacon Stick,0.0,24.14
4537,Benebone Medium Bacon Stick,Benebone,854111004477,18.59,dogTreats,Benebone Medium Bacon Stick,0.0,17.84
4538,Benebone Small Bacon Stick,Benebone,854111004460,14.19,dogTreats,Benebone Small Bacon Stick,0.0,13.64
4540,Benebone Medium Maplestick,Benebone,854111004408,18.59,dogTreats,Benebone Medium Maplestick,0.0,17.84
4541,Benebone Large Maplestick,Benebone,854111004415,25.09,dogTreats,Benebone Large Maplestick,-1.0,24.14
4542,Benebone Small Ring Bacon,Benebone,9761262211,10.89,dogTreats,Benebone Small Ring Bacon,0.0,10.49
4553,"Bam-Bone Wishbone 7"" Bacon",Ethical Products,077234543153,7.69,dogTreats,"Bam-Bone Wishbone 7"" Bacon",0.0,7.63
4556,Bambne+ 7lg Chck,Ethical Products,077234544921,15.29,dogTreats,Bambne+ 7lg Chck,0.0,14.69
4557,Bambne + 6 Medium Beef,Ethical Products,9631670022,7.69,dogTreats,Bambne + 6 Medium Beef,0.0,7.63
4558,"Bam-bone 4"" Triple Chew Bison",Ethical Products,077234547724,5.49,dogTreats,"Bam-bone 4"" Triple Chew Bison",0.0,5.45
4567,Nylabone Popin Treat Chicken,Nylabone,018214855002,29.49,dogTreats,Nylabone Popin Treat Chicken,0.0,28.34
4585,Nylabone Healthy Edibles 8chews Bacon,Nylabone,018214838166,16.39,dogTreats,Nylabone Healthy Edibles 8chew,0.0,15.74
4586,Nylabone Healthy Edibles Small Bacn Chew,Nylabone,018214837824,5.49,dogTreats,Nylabone Puppy X Bone Beef,0.0,14.69
4587,Nylabone Healthy Edibles Medium Bacn Chew,Nylabone,018214838494,6.59,dogTreats,Nylabone Healthy Edibles Treat,0.0,18.89
4593,Nylabone Healthy Edibles Beef 4pk,Nylabone,018214816317,8.79,dogTreats,Nylabone Healthy Edibles Roast Beef 2ct Petite,0.0,6.54
4598,Nylabone Healthy Edibles Bison 2pk,Nylabone,018214834762,7.69,dogTreats,Nylabone Healthy Edibles Bison,0.0,7.63
4599,Nylabone Healthy Edibles Variety 3pk,Nylabone,018214813682,9.89,dogTreats,Nylabone Healthy Edibles Varie,0.0,9.44
4600,Nylabone Healthy Edibles Treats Venison,Nylabone,018214838494,19.69,dogTreats,Nylabone Healthy Edibles Treat,0.0,18.89
4601,Nylabone Healthy Edibles Chewy Bites Peanut Butter,Nylabone,018214845850,7.69,dogTreats,Nylabone Healthy Edibles Chewy Bites 6 oz,-1.0,7.63
4604,Benebone Medium Zaggler Chicken,Benebone,1665122135,16.39,dogTreats,Benebone Medium Zaggler Chicke,0.0,15.74
4606,Benebone Large Zaggler Bacon,Benebone,854111004590,23.99,dogTreats,Benebone Large Zaggler Bacon,0.0,23.09
4611,Benebone Giant Zaggler Peanut Butter,Benebone,810054210023,27.29,dogTreats,Benebone Giant Zaggler Peanut,0.0,26.24
4613,Benebone Fish Tiny 2pk,Benebone,810054210344,18.59,dogTreats,Benebone Fish Tiny 2pk,0.0,16.79
4614,Benebone Small Fishbone,Benebone,810054210061,14.19,dogTreats,Benebone Small Fishbone,0.0,13.64
4615,Benebone Giant Wishbone Chicken,Benebone,854111004965,27.29,dogTreats,Benebone Giant Wishbone Peanut,-1.0,26.24
4617,Benebone Medium Wishbone Chicken,Benebone,009119731005,16.39,dogTreats,Benebone Medium Wishbone Chick,0.0,15.74
4619,Benebone Giant Wishbone Peanut Butter,Benebone,854111004965,27.29,dogTreats,Benebone Giant Wishbone Peanut,-1.0,26.24
4624,SmartBones 16 Count Hip & Joint,SmartBones,810833020324,13.09,dogTreats,SmartBones 16 Count Hip & Join,0.0,12.59
4625,Himalayan Cheese Chew 3pk,Himalayan,853012004029,14.19,dogTreats,Himalayan Cheese Chew 3pk,0.0,13.64
4627,Himalayan Churros 4pk,Himalayan,857164007532,8.79,dogTreats,Himalayan Churros 4pk,0.0,8.73
4630,SmartBones Twists 50pk Peanut Butter,SmartBones,810833029433,17.49,dogTreats,SmartBones 4lg Churro,-1.0,18.89
4632,"SmartBones Kabobz Chicken, Pack,Duck",SmartBones,810833028238,18.59,dogTreats,"SmartBones Kabobz Chicken, Pac",-1.0,17.84
4638,SmartBones 6 Stuff Twist Pork,SmartBones,810833020669,11.99,dogTreats,SmartBones 6 Stuff Twist Pork,0.0,11.54
4641,SmartBones 24 Mini Chicken,SmartBones,892383008458,20.79,dogTreats,SmartBones 24 Mini Chicken,0.0,19.94
4649,N-bone Teething Rng 3pk,N-Bone,657546113055,8.79,dogTreats,N-bone Teething Rng 3pk,0.0,8.73
4651,Savory Prime Grillers,Savory Prime,810359005737,8.79,dogTreats,Savory Prime Grillers,0.0,8.73
4652,SmartBones 4lg Churro,SmartBones,810833029433,19.69,dogTreats,SmartBones 4lg Churro,-1.0,18.89
4655,N-bone Teething Plus Rings 3pk,N-Bone,657546912542,9.89,dogTreats,N-bone Teething Plus Rings 3pk,0.0,9.44
4656,Fresh Kisses Medium Double-Brush,Merrick,022808660262,14.19,dogTreats,Fresh Kisses Medium Double-Bru,0.0,13.64
4657,Fresh Kisses Small Double-Brush,Merrick,022808660217,13.09,dogTreats,Fresh Kisses Small Double-Brus,0.0,12.59
4659,Fresh Kisses Large Double-Brush,Merrick,022808660279,18.59,dogTreats,Fresh Kisses Large Double-Brus,0.0,17.84
4662,Fresh Kisses Medium Double-Brush Box,Merrick,022808660347,35.99,dogTreats,Fresh Kisses Medium Double-Bru,0.0,34.64
4663,Fresh Kisses Large Double-Brush Box,Merrick,022808660354,37.09,dogTreats,Fresh Kisses Large Double-Brus,0.0,35.69
4664,Fresh Kisses Large Mint Brush,Merrick,022808660439,11.99,dogTreats,Fresh Kisses Large Mint Brush,0.0,11.54
4671,Shepherd Boy Freeze Chicken Hearts,Shepherd Boy,097612326307,17.49,dogTreats,Shepherd Boy Freeze Chicken He,-1.0,16.79
4683,Rewards Jumpin Stix Venison 10oz,Natural Balance,723633014083,21.79,dogTreats,Natural Balance Pet Foods Rew,0.0,20.99
4684,Rewards Crunch Bison Small Breed Duck 8oz,Natural Balance,97612950175,7.69,dogTreats,Rewards Crunch Bison Small Bre,0.0,7.63
4685,Rewards Crunch Bison Small Breed Salmon 8oz,Natural Balance,97612950151,7.69,dogTreats,Rewards Crunch Bison Small Bre,0.0,7.63
4686,"Savory Prime Beggar Bones Pork Skin, Chicken & Veggie Wraps Dog Treats LG 3.4oz",Savory Prime,810359003597,9.89,dogTreats,Beggar Bones Mix Large 1pk,0.0,9.44
4688,Rewards Jumpin Stix Duck 4oz,Natural Balance,723633014731,10.89,dogTreats,Rewards Crunch Duck 14oz,0.0,13.64
4689,Rewards Crunch Duck 14oz,Natural Balance,723633014731,14.19,dogTreats,Rewards Crunch Duck 14oz,0.0,13.64
4690,Rewards Crunch Venison 14oz,Natural Balance,096316000490,14.19,dogTreats,Rewards Crunch Venison 14oz,0.0,13.64
4692,Good 'n' Fun 3 Flavor Wing,Good'n'Fun,091093833361,8.79,dogTreats,Good 'n' Fun 3 Flavor Wing,0.0,10.49
4694,Smokehouse Chicken Skewers,Smokehouse,078565250215,10.89,dogTreats,Smokehouse Chicken Skewers,0.0,10.49
4698,Charlee Bear Cheese & Egg 16oz,Charlee Bear,787108962903,8.79,dogTreats,Charlee Bear Cheese & Egg 16oz,0.0,8.73
4706,Fruitables Bacon & Apple,Fruitables,15561237802,7.69,dogTreats,Fruitables Bacon & Apple,0.0,7.63
4709,Nutrichomps 6 Count Chicken,Scott Pet,015958989284,10.89,dogTreats,Nutrichomps 6 Count Chicken,0.0,10.49
4711,Nutrichomps Mini 8 Count,Scott Pet,096316671560,8.79,dogTreats,Zilla Night Black 150 Watt,0.0,10.49
4712,Nutrichomps Braid Chicken 4 Count,Nutri-Vet,015958989048,9.89,dogTreats,Nutrichomps Braid Chicken 4 Co,0.0,9.44
4713,Crazy Dog Train-Me! Training Treat Minis Bacon 4 oz,Crazy Dog,012104891040,8.79,dogTreats,Crazy Dog Mini Bacon,0.0,8.73
4715,Crazy Dog Mini Beef,Crazy Dog,012104893044,8.79,dogTreats,Crazy Dog Mini Beef,0.0,8.73
4720,Dogswell Skin & Coat Jerky,Dogswell,096316671478,23.99,dogTreats,Zilla Night Red,-1.0,8.73
4724,Blue Buffalo Beef Stix,Blue Buffalo,859610007479,9.89,dogTreats,Blue Buffalo Beef Stix,0.0,9.44
4731,Blue Buffalo Biscuits Salmon,Blue Buffalo,859610007660,9.89,dogTreats,Wilderness Salmon,-14.0,1.54
4732,Blue Buffalo Wilderness Bits Chicken,Blue Buffalo,840243142750,9.89,dogTreats,Blue Buffalo Wilderness Bits C,0.0,9.44
4734,Blue Buffalo Sizzlers Bacon Style Cheddar Dog Treat 15 oz,Blue Buffalo,840243121991,17.49,dogTreats,Blue Buffalo Buffalo Sizzlers,0.0,17.84
4744,Health Extension Baked Lamb,Health Extension,784672108805,11.99,dogTreats,Health Extension Baked Lamb,-3.0,11.54
4758,Fromm Oven-Baked Lamb Recipe Treats,Fromm,097612151244,7.69,dogTreats,Fromm Oven-Baked Lamb Recipe T,0.0,7.63
4767,Merrick Power Bites Salmon,Merrick,022808785255,9.89,dogTreats,Merrick Power Bites Salmon,0.0,9.44
4782,NutriSource Little Bites Grain Free Trout Recipe Dog Treats,Nutrisource,15561221931,7.69,dogTreats,NutriSource Little Bites Grain,0.0,7.63
4788,NutriSource Big Bites Chicken Recipe Dog Treats,Nutrisource,73893800088,13.09,dogTreats,NutriSource Big Bites Chicken,0.0,12.59
4796,Finleys Baked Peanut Butter & Banana,Finley's,860001231250,9.89,dogTreats,Finleys Baked Peanut Butter &,-7.0,9.44
4797,Finleys Baked Apple & Cinnamon,Finley's,860001231281,10.89,dogTreats,Finleys Baked Apple & Cinnamon,0.0,10.49
4799,NutriSource Chompy Chompers Beef & Boar Recipe Dog Treats,Nutrisource,73893301028,8.79,dogTreats,NutriSource Chompy Chompers Be,0.0,8.73
4801,Rewards Mini Salmon,Natural Balance,723633852197,6.59,dogTreats,Rewards Mini Salmon,0.0,6.54
4802,Zignature Treats Ziggy Bars Duck 12oz,Zignature,888641132331,8.79,dogTreats,Zignature Treats Ziggy Bars Du,-1.0,8.73
4803,Zignature Treats Trout 12oz,Zignature,888641131006,7.69,dogTreats,Zignature Treats Trout 12oz,-1.0,7.63
4804,Zignature Treats Lamb 12oz,Zignature,97612924114,8.79,dogTreats,Zignature Treats Lamb 12oz,0.0,8.73
4806,Zignature Soft Salmon Bites,Zignature,810138351093,7.69,dogTreats,Zignature Soft Salmon Bites,-1.0,7.63
4807,Zignature Soft Lamb Bites,Zignature,888641137237,7.69,dogTreats,Zignature Soft Lamb Bites,0.0,7.63
4808,Zignature Soft Duck Bites,Zignature,810138351055,7.69,dogTreats,Zignature Soft Duck Bites,-1.0,7.63
4809,"4"" Pressed Bone",Loving Pets,097612923407,1.09,dogTreats,Repti Rock Food & Water dishes,0.0,31.49
4825,"Nothin' to Hide 10"" Large Roll Beef",Fieldcrest Farms,810002630521,8.79,dogTreats,"Nothin' to Hide 10"" Large Roll",0.0,8.73
4826,"Nothin' to Hide 10"" Large Roll Peanut Butter",Fieldcrest Farms,810002630682,8.79,dogTreats,"Nothin' to Hide 10"" Large Roll",-3.0,8.73
4834,"Nothin' to Hide 3"" Bagel Peanut Butter",Fieldcrest Farms,810002630712,4.39,dogTreats,"Nothin' to Hide 3"" Bagel Peanu",-1.0,4.36
4836,Nothin' to Hide Small Twist Stix Salmon,Fieldcrest Farms,810002633447,8.79,dogTreats,Nothin' to Hide Small Twist St,0.0,8.73
4839,Nothin' to Hide Beef Ring & Bones,Fieldcrest Farms,010838201258,9.89,dogTreats,Nothin' to Hide Beef Ring & Bo,0.0,9.44
4840,Nothin' to Hide Flip Chips Beef,Fieldcrest Farms,810002631566,17.49,dogTreats,Nothin' to Hide Flip Chips Bee,0.0,17.84
4845,Tuesdays Small Beef Tail,Tuesday's Natural Dog Company,046798162537,3.29,dogTreats,Repto Treat Sun Dried Shrimp .35oz,0.0,6.54
4848,Tuesday Beef Bladder,Tuesday Pet,046798162537,8.79,dogTreats,Repto Treat Sun Dried Shrimp .35oz,0.0,6.54
4851,"Tuesdays 5"" Beef Cheek Roll",Tuesday's Natural Dog Company,046798162537,9.89,dogTreats,Repto Treat Sun Dried Shrimp .35oz,0.0,6.54
4852,"Tuesdays 12"" Cllgen Peanut Butter",Tuesday's Natural Dog Company,046798292531,7.69,dogTreats,"Tuesdays 12"" Cllgen Peanut But",0.0,7.63
4855,"Tuesdays 10"" Beef Cheek Roll Dusted",Tuesday's Natural Dog Company,046798162537,14.19,dogTreats,Repto Treat Sun Dried Shrimp .35oz,0.0,6.54
4856,"Tuesdays 10"" Beef Cheek Peanut Butter",Tuesday's Natural Dog Company,840139122958,14.19,dogTreats,"Tuesdays 10"" Beef Cheek Peanut",0.0,13.64
4863,Wholesome Tanks Jerky Sticks,Wholesome,783178592613,15.29,dogTreats,Wholesome Tanks Jerky Sticks,0.0,14.69
4864,Wholesomes Bruno's Pork Grain Free Jerky Strips Moist Dog Treats,Wholesomes,034846727005,15.29,dogTreats,Wholesomes Bruno's Pork Grain,0.0,14.69
4865,Wholesomes Heidi's Chicken Grain Free Jerky Sticks Moist Dog Treats,Wholesomes,034846727036,15.29,dogTreats,Wholesomes Heidi's Chicken Gra,0.0,14.69
4866,Wholesomes Gourmet Rewards Nut'R'Nipz 2 lb,Wholesomes,034846550016,5.49,dogTreats,Wholesomes Gourmet Rewards Nut,-1.0,5.45
4936,"Greenies Dog Dental Treats
Teenie, Original,6 oz, 22 Count",Greenies,642863102912,13.09,dogTreats,Greenies Dog Dental Treats&#10;Tee,-3.0,12.59
4955,"Greenies Puppy 6+ Months Dog Dental Treats
Petite, 12 oz",Greenies,642863117619,25.09,dogTreats,Greenies Puppy 6+ Months Dog D,0.0,24.14
4977,Smokehouse Trachea 3 Chews,Smokehouse,078565840676,14.19,dogTreats,Smokehouse Trachea 3 Chews,-1.0,13.64
4978,Barkworthies Smoked Tendon Strips Dog Treat 3 Chews,Barkworthies,840139131752,11.99,dogTreats,Barkworthies Smoked Tendon Str,0.0,11.54
5244,Suzie's CBD Pumpkin 6oz,Suzie's CBD,728028488807,18.59,dogTreats,Suzie's CBD Pumpkin 6oz,0.0,17.84
5316,Sprats,Icelandic+,850003829128,10.89,dogTreats,Sprats,0.0,9.44
5998,Hill's Science Diet Soft-Baked Naturals Chicken & Carrots Dog Treats 8oz,Science Diet,052742244808,8.79,dogTreats,Hill's Soft Baked Chicken & Carrots,-5.0,9.44
6039,Natural Balance Plant 24lb,Natural Balance,723633014496,65.39,dogTreats,Natural Balance Plant 24lb,0.0,62.99
6412,Primal Freeze Dried Pork 14oz,Primal,895135000595,35.99,dogTreats,Primal Freeze Dried Pork 14oz,0.0,34.64
6414,Primal Freeze Dried Turkey & Sardine 14oz,Primal,895135000984,35.99,dogTreats,Primal Freeze Dried Turkey & S,0.0,34.64
6417,Primal Freeze Dried Beef 5.5oz,Primal,850334004317,15.29,dogTreats,Primal Freeze Dried Beef 5.5oz,0.0,14.69
6454,Hill's Science Diet Flexi-Stix Turkey Jerky Dog Treats,Science Diet,052742368016,8.79,dogTreats,Hill's Science Diet Flexi-Stix,0.0,8.73
6537,Greenies Small Top Beef 2oz,Greenies,642863117718,3.29,dogTreats,Greenies Small Top Beef 2oz,0.0,3.27
6538,Greenies Small Top Chicken 2oz,Greenies,642863117671,3.09,dogTreats,Greenies Small Top Chicken 2oz,0.0,3.27
6539,Greenies Small Top Chicken & Beef 2oz,Greenies,642863117732,3.09,dogTreats,Greenies Small Top Chicken & B,-6.0,3.27
6540,Greenies Small Top Chicken & Green Bean 2oz,Greenies,642863117657,3.29,dogTreats,Greenies Small Top Chicken & G,0.0,3.27
6541,"Greenies Chicken,Duck 8/2oz",Greenies,642863117824,25.09,dogTreats,"Greenies Chicken,Duck 8/2oz",0.0,24.14
7393,Nylabone Healthy Edibles Meaty Center Beef 2pk,Nylabone,018214853831,8.79,dogTreats,Nylabone Healthy Edibles Meaty,0.0,8.73
7394,Cadet Sweet Potato Steak Fries 1lb,Cadet,768303013867,16.39,dogTreats,Cadet Sweet Potato Steak Fries,0.0,15.74
7400,Fromm Oven-Baked Salmon with Sweet Potato Treats,Fromm,072705121304,7.69,dogTreats,Fromm Oven-Baked Salmon with S,-1.0,7.63
7497,Wholesomes Cleo's Fish Grain Free Jerky Sticks Moist Dog Treats 25oz,Wholesomes,034846727012,15.29,dogTreats,Wholesomes Cleo's Fish Grain F,0.0,14.69
7782,True Chews Chicken Morsel Dog 11 oz,Blue Buffalo,840243149407,21.79,dogTreats,True Chews Chicken Morsel Dog,0.0,20.99
7785,Barkworthies Little Barkers Beef Sticks with Collagen Dog Treat,Barkworthies,840139125515,9.89,dogTreats,Barkworthies Little Barkers Be,-1.0,9.44
7786,Natural Balance Pet Foods Rewards Bite-Size Crunchy Biscuits Small Breed Dog Treats Duck,Natural Balance,723633602082,7.69,dogTreats,Natural Balance Pet Foods Rew,0.0,7.63
7788,Natural Balance Pet Foods Rewards Bite-Size Crunchy Biscuits Small Breed Dog Treats Salmon,Natural Balance,723633605083,7.69,dogTreats,Natural Balance Pet Foods Rewa,0.0,7.63
7789,Natural Balance Pet Foods Rewards Jumpin' Stix Soft & Meaty Dog Treats Venison,Natural Balance,723633014083,21.79,dogTreats,Natural Balance Pet Foods Rew,0.0,20.99
7790,Natural Balance Pet Foods Rewards Bite-Size Crunchy Biscuits Small Breed Dog Treats Peanut Butter,Natural Balance,723633014625,7.69,dogTreats,Natural Balance Pet Foods Rew,0.0,7.63
7792,Natural Balance Pet Foods Rewards Crunchy Biscuits Dog Treats Venison,Natural Balance,723633606004,14.19,dogTreats,Natural Balance Crunchy Biscuits Venison,0.0,13.64
7794,Charlee Bear Original Crunch Dog Treats Turkey Liver & Cranberries,Charlee Bear,787108963900,9.89,dogTreats,Charlee Bear Original Crunch D,-6.0,9.44
7797,SmartBones SmartSticks Dog Treat Peanut Buttern 5 Sticks,Smart Bones,892383002364,8.79,dogTreats,SmartBones SmartSticks Dog Tr,-1.0,8.73
7798,SmartBones 4 Med Peanut Butter,Smart Bones,892383002166,18.59,dogTreats,SmartBones 4 Med Peanut Butter,0.0,17.84
7803,Benebone Tiny 2-pack,Benebone,854111004712,18.59,dogTreats,Benebone Tiny 2-pack,-1.0,17.84
7815,Icelandic Cod & Shrimp Mini Combo Bites,Icelandic,850003829746,6.59,dogTreats,Icelandic Cod & Shrimp Mini Co,-2.0,6.54
7818,tuesddays Ostrich Heart & Lung Mix 4oz,Tuesdays,810723036350,16.39,dogTreats,tuesddays Ostrich Heart & Lung,0.0,15.74
7821,Wild Eats Munch & Crunch Water Buffalo Treats,Wild Eats,611403460249,7.69,dogTreats,Wild Eats Munch & Crunch Water,0.0,7.63
9346,Milk-Bone Biscuits Small 24 oz,Milk Bone,079100902026,9.89,dogTreats,Milk-Bone Biscuits Small 24 oz,0.0,10.49
9347,"Milk-Bone Flavor Snacks Dog Treats SM/MD, 60 oz",Milk Bone,079100822393,16.39,dogTreats,Milk-Bone Flavor Snacks Dog Tr,-1.0,15.74
9510,Kong Stuff'N Bacon / Cheese Easy Treat 8oz,Kong,035585010489,10.89,dogTreats,Bacon&cheese kong easy treat,0.0,10.49
9520,Dogswell Skin & Coat Grain Free Salmon Jerky 10 oz,Dogswell,693804292377,22.89,dogTreats,Dogswell Skin and Coat Salmon Jerky,0.0,22.04
9577,Wholesomes Tank's Beef Grain Free Jerky Sticks Moist Dog Treats 25 oz,wholesome,034846727029,15.29,dogTreats,Wholesomes Jerkey Tanks,0.0,14.69
9616,True Chews Chicken Griller Dog 12 oz,Blue Buffalo,840243149278,21.79,dogTreats,Blue Chews Chicken Grillers,0.0,20.99
9647,Fieldcrest Farms Nothin' to Hide Bullly Twist Stix Dog Treats,Fieldcrest Farms,810002635229,9.89,dogTreats,Nothing To Hide Collagen & Bully Chew 10 pk Small,0.0,9.44
9648,Fieldcrest Farms Nothin' to Hide Flip Chip Bully Dog Treats,Fieldcrest Farms,810002635236,18.59,dogTreats,Nothin To Hide Flip Chips Beef Bully,0.0,17.84
9651,Orijen Freeze-Dried Dog Treats,Orijen,064992725990,70.34,dogTreats,Orijen Regional Red 13lb,0.0,70.34
9680,Milkbone Flavor Rolls Chicken,milk bone,079100654673,3.29,dogTreats,Milkbone Chicken Roll,0.0,3.27
9682,Nylabone Power Chew Original Bone Dog Chew Toy,Nylabone,018214816225,7.69,dogTreats,Nylabone Power Chew Bacon Sm,0.0,7.63
9683,Nylabone Strong Chew Textured Ring Dog Chew Toy,Nylabone,018214859765,16.39,dogTreats,Nylabone Chew Ring XL,0.0,15.74
804,TropiClean Ntrl Flea & Tick Soothing Spray,TropiClean,045095202542,14.19,healthcare,TropiClean Ntrl Flea & Tick So,0.0,13.64
808,Skouts Honor Flea Home Spray,Skout's Honor,10053870426,21.79,healthcare,Skouts Honor Flea Home Spray,0.0,20.99
812,Biothane-groom Repel 35,Bio Groom,021653080164,18.59,healthcare,Biothane-groom Repel 35,0.0,17.84
813,Biothane Groom Flea Shampoo,Bio Groom,21653101128,14.19,healthcare,Biothane Groom Flea Shampoo,0.0,13.64
815,Advantage Shampoo Cat,Elanco,24089792730,14.19,healthcare,Advantage Shampoo Cat,0.0,13.64
820,Adams Indoor Fogger,Adams,9079059817,23.99,healthcare,Adams Indoor Fogger,0.0,23.09
821,Adams Flea Spray,Adams,39079058971,30.59,healthcare,Adams Flea Spray,0.0,29.39
822,Adams Flea Spray 16floz,Adams,039079058964,16.39,healthcare,Adams Flea Spray 16floz,0.0,15.74
826,Adams Dog Large Flea Collar,Adams,039079007405,11.99,healthcare,Adams Dog Large Flea Collar,-2.0,11.54
833,Adams Dog Spot on 5-14lbs,Spot,039079003735,21.79,healthcare,Adams Dog Spot on 5-14lbs,0.0,20.99
1239,Espress Calming Waters,Espree,748406003330,11.99,healthcare,Espress Calming Waters,-1.0,11.54
1244,Beautifur Cologne,Beautifur,653373021310,17.49,healthcare,Beautifur Cologne,0.0,16.79
1247,Tropiclean Essentials Jojoba Spray,TropiClean,645095004245,16.39,healthcare,Tropiclean Essentials Jojoba S,0.0,15.74
1261,Skout's Honor Probiotic Hotspot Hydrogel,Skout's Honor,850004314739,23.99,healthcare,Skout's Honor Probiotic Hot Spot Hydrogel,0.0,24.14
1267,Magiccoat Prof Series Oats Puppy,Four Paws,045663976019,9.80,healthcare,Aqueon T8 Full Spec 18'l,0.0,9.44
1268,Magiccoat Prof Series Oats Shed Conditioner,Four Paws,045663976040,16.39,healthcare,Magiccoat Prof Series Oats She,0.0,15.74
1269,Magiccoat Profseries 2in1,Four Paws,045663976033,17.43,healthcare,Aqueon Led Max Blue Size 20,0.0,16.79
1271,Petcrest Shed Control,PetCrest,784099029127,15.29,healthcare,Petcrest Shed Control,-1.0,14.69
1275,Wash Away Lemon Verbena Shamp,TropiClean,850024364721,16.39,healthcare,Wash Away Lemon Verbena Shamp,-1.0,15.74
1277,Espree 2in1 Simple Soothe,Espree,748406003996,14.19,healthcare,Espree 2in1 Simple Soothe,-1.0,13.64
1286,Tropiclean Deepclean Wipes Berry,TropiClean,645095010109,14.19,healthcare,Tropiclean Berry & Coconut Pet Wipes,-2.0,13.64
1290,Tropiclean Bbypwder Pet Spray,TropiClean,645095861329,9.80,healthcare,Marineland Led Pod Color Enhnc,0.0,9.44
1297,Tropiclean Berry Breeze Spray,TropiClean,645095861312,11.99,healthcare,Tropiclean Berry Breeze Spray,0.0,11.54
1300,Tropiclean Lime & Coconutnut Spray,TropiClean,45095160026,11.99,healthcare,Tropiclean Lime & Coconutnut S,0.0,11.54
1307,Tropiclean Mango & Kiwi Spray,TropiClean,645095006157,14.19,healthcare,Tropiclean Watermelon Spray,0.0,13.64
1315,Tropiclean Dual Action Ear Cleaner,TropiClean,645095410022,11.99,healthcare,Tropiclean Dual Action Ear Cle,0.0,11.54
1317,Adams Ear mite Treatment 1/2 oz,Adams,039079090247,13.09,healthcare,Adams Ear Mite Treatme,0.0,11.54
1334,Zymox Shampoo,Zymox,667334229028,22.89,healthcare,Zymox Shampoo,0.0,22.04
1335,Zymox Leave on Conditioner,Zymox,667334229035,21.79,healthcare,Zymox Leave on Conditioner,0.0,20.99
1337,Bio-Groom Waterless Bath,Bio Groom,021653204089,13.09,healthcare,Bio-Groom Waterless Bath,0.0,12.59
1343,Furminator Senstive Skin Shampoo,FURminator,81179493319,13.09,healthcare,Furminator Senstive Skin Shamp,0.0,12.59
1345,Tropiclean Perfect Fur Tangle Remover,TropiClean,645095000124,13.09,healthcare,Tropiclean Perfect Fur Tangle,0.0,12.59
1363,Perfect Coat Unscented Shamp,Perfect Coat,026851872115,10.89,healthcare,Perfect Coat Unscented Shamp,0.0,10.49
1386,Banixx Paw Wipes,Banixx,97227002333,23.99,healthcare,Banixx Paw Wipes,0.0,23.09
1389,Evolutions Natruvet Advanced Allergy 90 chews,NaturVet,797801603461,29.49,healthcare,Evolutions Natruvet Advanced A,-1.0,28.34
1391,Evolutions Natruvet Probiotic,NaturVet,797801603522,26.19,healthcare,Evolutions Natruvet Probiotic,0.0,25.19
1399,Naturvet Arthrisoothe-gold 180 Chews,NaturVet,797801034920,57.79,healthcare,Naturvet Arthrisoothe-gold 180,0.0,55.64
1407,Sulfodene Hotspot Medicated Spray,Sulfodene,039079001878,9.89,healthcare,Sulfodene Hotspot Medicated Sp,-2.0,9.44
1410,Zymox Topical Spray,Zymox,667334229042,20.79,healthcare,Zymox Topical Spray,0.0,19.94
1415,Naturvet Quiet Moments,NaturVet,797801036955,17.49,healthcare,Naturvet Quiet Moments,-2.0,20.99
1423,Naturvet Aller-911 Hot Spot Foam,NaturVet,797801048040,14.19,healthcare,Naturvet Aller-911 Hot Spot Fo,0.0,13.64
1424,Naturvet Aller-911 Anti Lick Spray,NaturVet,797801048071,13.09,healthcare,Naturvet Aller-911 Anti Lick Spray,0.0,12.59
1428,Nylabone Oral Care Dental Spray,Nylabone,018214828075,10.89,healthcare,Nylabone Oral Care Dental Spra,0.0,12.59
1429,Freshbreathe Drops,TropiClean,645095001978,11.99,healthcare,Freshbreathe Drops,-1.0,11.54
1440,Naturvet No Toot,NaturVet,797801036726,11.99,healthcare,Naturvet No Toot,0.0,11.54
1443,Naturvet Digestive Enzymes,NaturVet,797801036450,23.99,healthcare,Naturvet Digestive Enzymes,0.0,23.09
1444,Naturvet Probiotic & Enzymes 70 Chews,NaturVet,797801037020,19.69,healthcare,Naturvet Probiotic & Enzymes 7,0.0,22.04
1447,Naturvet Cardiovascular Support,NaturVet,797801048439,32.69,healthcare,Naturvet Cardiovascular Suppor,0.0,31.49
1449,Nutri-vet Asprin,Nutri-Vet,69125024416,25.09,healthcare,Nutri-vet Asprin,0.0,24.14
1452,Grizzly Omega Salmon 16oz,Grizzly Pet Products,835953003118,32.69,healthcare,Grizzly Omega Salmon 16oz,0.0,31.49
1464,Durvet Naturals Deo Shampoo,Durvet,745801511026,11.99,healthcare,Durvet Naturals Deo Shampoo,0.0,11.54
1480,Durvet Activated Charcoal,Durvet,745801712508,21.79,healthcare,Durvet Activated Charcoal Gel,0.0,3.27
1482,Zenpet Wrap,ZenPet,683615359512,11.99,healthcare,Fluval 32.5us Fluval Tank & St,0.0,598.49
1483,Ideal Syrflex Bandage,Ideal,715501517864,4.39,healthcare,Marineland 60gal Tank & Stand,0.0,493.49
1485,Dogswell Liquid Bandage,Dogswell,012104434049,544.99,healthcare,Marineland 75 Tank & Stand,0.0,524.99
1493,Nylabone Dental Kit Ultra Clean,Nylabone,018214827924,15.29,healthcare,Nylabone Dental Kit Ultra Clea,0.0,14.69
1494,Nylabone Dental Kit Peanut Butter,Nylabone,018214846048,15.29,healthcare,Nylabone Dental Kit Peanut But,0.0,14.69
1497,Kong Dental Ball Medium,Kong,035585483009,8.79,healthcare,Kong Crunchair Ball Medium 3pk,0.0,9.44
1499,Freshbreathe Enticers Penut Kit,TropiClean,645095006379,14.19,healthcare,Freshbreathe Enticers Penut Ki,0.0,13.64
1502,Freshbreathe Gel,TropiClean,645095001077,13.09,healthcare,Freshbreathe Gel,0.0,12.59
1528,Safari Self Cleaning Slicker Medium,Safari,076484860010,20.79,healthcare,Safari Self Cleaning Slicker M,-2.0,20.99
1547,Safari Flea Comb Short/Medium Hair,Safari,076484577833,7.69,healthcare,Safari Flea Comb Short/Medium,0.0,7.63
1557,Hagen Le Salon Essentials Curry Brush,Hagen,022517912461,8.79,healthcare,Class Cable Sweater Red Extra,0.0,13.64
1567,Safari Nail Trimmer Medium,Safari,076484611308,13.09,healthcare,Safari Nail Trimmer Medium,0.0,13.64
1574,Li'l Pals Nail Trimmer,Li'l Pals,076484002298,9.89,healthcare,Li'l Pals Nail Trimmer,0.0,9.44
1576,Li'l Pals Combo Brush,Li'l Pals,076484962417,11.99,healthcare,Li'l Pals Combo Brush,0.0,11.54
1580,Petcrest Nail Trimmer,PetCrest,784099025938,9.89,healthcare,Petcrest Nail Trimmer,0.0,9.44
1583,Petcrest Slicker Brush Small,PetCrest,84099026034,10.89,healthcare,Petcrest Slicker Brush Small,0.0,10.49
1584,Petcrest Shedding Rake,PetCrest,784099026058,14.19,healthcare,Petcrest Shedding Rake,-1.0,13.64
1589,Petcrest Shedding Comb,PetCrest,784099026126,11.99,healthcare,Petcrest Shedding Comb,-1.0,11.54
1591,Petcrest Combo Brush,PetCrest,784099025945,11.99,healthcare,Petcrest Combo Brush,0.0,11.54
1631,Dogswell Diarrhea Aid,Dogswell,012104432083,13.09,healthcare,Dogswell Diarrhea Aid,0.0,12.59
1632,Dogswell Hydrocortisone,Dogswell,012104420042,16.39,healthcare,Dogswell Hydrocortisone,0.0,15.74
1844,Naturvet Off Limits Training Spray,NaturVet,013292820003,28.39,healthcare,Naturvet Off Limits Training S,0.0,27.29
1948,Safari Self Cleaning Slicker Cat,Safari,076484860027,19.69,healthcare,Safari Self Cleaning Slicker C,0.0,20.99
1960,Tropiclean Hypoallergenic Cat Sham,TropiClean,645095006096,7.69,healthcare,Tropiclean Hypoallergenic Cat,0.0,7.63
1969,NaturVet L-Lysine Immune Support Plus Antioxidants Cat Soft Chews 60 Chews,NaturVet,797801037327,11.99,healthcare,Naturvet L-lysine Cat 60 Chews,0.0,11.54
1972,Pet Honesty Digestive Probiotics Cat,Pet Honesty,850005524540,35.99,healthcare,Pet Honesty Digestive Probioti,0.0,34.64
1973,Petag Kmr 2nd Step Kitten Replacer Powder 14oz,PetAg,020279997047,21.79,healthcare,Petag Kmr 2nd Step Kitten Repl,0.0,20.99
1977,Four Paws Keep Off Cat & Kitten,Four Paws,045663170103,11.99,healthcare,Four Paws Keep Off Cat & Kitte,0.0,11.54
1978,Bio-Groom Cat Ear Mite Treatment 4oz,Bio Groom,039079090247,18.59,healthcare,Adams Ear Mite Treatme,0.0,11.54
1979,Bio-Groom Cat Earmite 1oz,Bio Groom,021653140011,14.19,healthcare,Bio-Groom Cat Earmite 1oz,0.0,13.64
1983,Nutri-stat Highcalorie Supplement,Nutri-Vet,030521067725,25.09,healthcare,Nutri-stat Highcalorie Supplem,0.0,24.14
1984,Tomlyn Hairball Relief Gel for Cats,Tomlyn,030521068098,22.89,healthcare,Tomlyn Hairball Relief Gel for,0.0,22.04
4887,PetOdor Creamy Vanilla Spray 7oz,Specialty Pet Products,734366037188,9.89,healthcare,PetOdor Creamy Vanilla Spray 7,0.0,9.44
4933,Banixx Spray 2fl oz,Banixx,097612210200,10.89,healthcare,Banixx Spray 2fl oz,0.0,10.49
4945,YummyCombs Small 12oz,YummyCombs,064992508012,28.39,healthcare,YummyCombs Small 12oz,0.0,27.29
7428,Vet's + Best Hot Spot Shampoo,Vet's Best,031658100101,23.99,healthcare,Vet's + Best Hot Spot Shampoo,-1.0,23.09
7525,Crazy Cat Wormer,Crazy Cat,012104975085,10.89,healthcare,Crazy Cat Wormer,0.0,10.49
7526,Pet5 Wormer,Dogs Well,012104436081,14.19,healthcare,Dogswell Pet Wormer,-1.0,13.64
7557,Suzie's CBD Hearts,Suzie's,728028454994,6.59,healthcare,Suzie's CBD Hearts,0.0,6.54
7616,Tropiclean Home Vet Ear Vet Strength 2oz,Tropiclean,645095008830,20.79,healthcare,Tropiclean Home Vet Ear Vet St,0.0,19.94
7617,Tropiclean Home Vet Enzymatic Ear Wash 4oz,Tropiclean,645095008816,9.89,healthcare,Tropiclean Home Vet Enzymatic,0.0,9.44
7621,Tropiclean Ear Wipes Mild Coconut 50 Wipes,Tropiclean,645095010116,10.89,healthcare,Tropiclean Ear Wipes Mild Coco,-1.0,10.49
7624,Vetericyn Hot Spot Spray 8oz,Vetericyn,852009002062,35.99,healthcare,Vetericyn Hot Spot Spray 8oz,0.0,34.64
7625,Vetericyn Triple Action Ear Treatment 1.5oz,Vetericyn,818582013536,35.99,healthcare,Vetericyn Triple Action Ear Tr,-2.0,34.64
7648,Pet Honesty 10 in 1 Multivitamin 12oz,Pet Honesty,850038728847,37.09,healthcare,Pet Honesty 10 in 1 Multivitam,0.0,35.69
8221,Coastal Safari Shed Magic Long Hair Small Dog,Coastal,076484961250,30.59,healthcare,Coastal Safari Shed Magic Long,0.0,29.39
699,Galapagos Flexible Bridge 2x3,Pangea,59834053088,18.59,leashesAndCollars,Galapagos Flexible Bridge 2x3,0.0,16.99
700,Galapagos Flexible Bridge 3x3,Pangea,759834053095,20.79,leashesAndCollars,Galapagos Flexible Bridge 3x3,0.0,18.99
1998,"Li'l Pals® Adjustable Breakaway Kitten Collar, Daisy Multi-Color, 5/16"" x 06""-08""",Li'l Pals,076484067259,6.59,leashesAndCollars,Li'l Pals Extra Small Collar D,0.0,6.23
2003,Li'l Pals Collar Leb08,Li'l Pals,076484672231,6.59,leashesAndCollars,Coastal Cat Collar Kitten LEB08,0.0,6.23
2004,Li'l Pals Collar Pby08,Li'l Pals,076484672255,6.59,leashesAndCollars,Li'l Pals Collar Pby08,-1.0,6.23
2005,"Li'l Pals® Adjustable Breakaway Kitten Collar, Purple Gear, 5/16"" x 06""-08""",Li'l Pals,076484672224,6.59,leashesAndCollars,Li'l Pals Collar Gpg08,0.0,6.23
2006,"Li'l Pals® Adjustable Breakaway Kitten Collar, Hunter Tropical Floral, 5/16"" x 06""-08""",Coastal,076484672248,6.59,leashesAndCollars,Li'l Pals Collar Htf08,0.0,6.23
2091,Comfort Walk Small Blue,PetSafe,842982071353,21.79,leashesAndCollars,Retro Bowl,0.0,7.63
2095,Comfort Walk Medium Blue,PetSafe,048081628096,20.79,leashesAndCollars,Playfuls Soung & Motion,0.0,7.63
2096,Comfort Walk Medium Black,PetSafe,048081628096,21.79,leashesAndCollars,Playfuls Soung & Motion,0.0,7.63
2097,Comfort Walk Medium Purple,PetSafe,048081628096,21.79,leashesAndCollars,Playfuls Soung & Motion,0.0,7.63
2414,Li'l Pals Leash Leb06,Li'l Pals,076484622625,13.19,leashesAndCollars,Li'l Pals Leash Leb06,0.0,12.09
2415,Li'l Pals Leash Zpk06,Li'l Pals,076484622694,13.89,leashesAndCollars,Li'l Pals Leash Zpk06,-1.0,12.69
2420,Li'l Pals Leash Dmc06,Li'l Pals,076484622601,13.89,leashesAndCollars,"Coastal Black20"" Leash",0.0,25.39
2422,Li'l Pals Leash Gnd06,Li'l Pals,076484622663,11.09,leashesAndCollars,Li'l Pals Leash Gnd06,0.0,10.09
2428,Li'l Pals Leash Top06,Li'l Pals,076484162046,15.99,leashesAndCollars,Li'l Pals Leash Top06,0.0,14.59
2430,Li'l Pals Leash Buz06,Li'l Pals,076484626616,17.79,leashesAndCollars,Li'l Pals Leash Buz06,0.0,16.29
2431,Li'l Pals Leash Orz06,Li'l Pals,076484626623,17.79,leashesAndCollars,Li'l Pals Leash Orz06,0.0,16.29
2432,Li'l Pals Leash Pnz06,Li'l Pals,076484626630,17.79,leashesAndCollars,Li'l Pals Leash Pnz06,0.0,16.29
2433,"Sunburst® Dog Leash, Black, X-Small/Small - 3/8"" x 6'",Sunburst,076484850608,11.99,leashesAndCollars,Coastal Leash Black,-1.0,10.99
2434,Li'l Pals Leash Npk06,Li'l Pals,076484410185,9.19,leashesAndCollars,Li'l Pals Leash Npk06,0.0,8.39
2437,Li'l Pals Extra Small Collar Leb08,Li'l Pals,076484672231,8.19,leashesAndCollars,Coastal Cat Collar Kitten LEB08,0.0,6.23
2438,Li'l Pals Extra Small Collar Zpk08,Li'l Pals,076484622236,8.19,leashesAndCollars,Li'l Pals Extra Small Collar Z,0.0,7.49
2439,Li'l Pals Extra Small Collar Lbp08,Li'l Pals,076484410130,8.19,leashesAndCollars,Li'l Pals Extra Small Collar B,0.0,7.79
2440,Li'l Pals Extra Small Collar Fmb07,Li'l Pals,076484066290,8.79,leashesAndCollars,Li'l Pals Collar XS Flame,0.0,8.31
2443,Li'l Pals Extra Small Collar,Li'l Pals,076484410147,8.19,leashesAndCollars,Li'l Pals Extra Small Collar P,0.0,8.31
2446,Li'l Pals Extra Small Collar Ptv08,Li'l Pals,076484410147,8.19,leashesAndCollars,Li'l Pals Extra Small Collar P,0.0,8.31
2449,"Li'l Pals® Adjustable Patterned Dog Collar, Teal Yellow Grey Stained Glass, Petite X-Small - 5/16"" x 6""-8""",Li'l Pals,076484622434,8.19,leashesAndCollars,Li'l Pals Extra Small Collar T,0.0,7.49
2450,Li'l Pals Extra Small Collar Dmc08,Li'l Pals,076484067259,6.19,leashesAndCollars,Li'l Pals Extra Small Collar D,0.0,6.23
2451,Li'l Pals Extra Small Collar Top08,Li'l Pals,076484162572,8.39,leashesAndCollars,Li'l Pals Extra Small Collar T,-1.0,7.69
2452,Li'l Pals Extra Small Collar Buz08,Li'l Pals,076484623417,8.99,leashesAndCollars,Li'l Pals Extra Small Collar B,-1.0,8.19
2453,Li'l Pals Extra Small Collar Orz08,Li'l Pals,076484623424,8.99,leashesAndCollars,Coastal Ww414 Collar,0.0,9.29
2454,Li'l Pals Extra Small Collar Bkz08,Li'l Pals,076484623400,8.99,leashesAndCollars,"Coastal Mtn26"" Collar",0.0,21.89
2455,Li'l Pals Extra Small Collar Npk08,Li'l Pals,076484029929,7.69,leashesAndCollars,Li'l Pals Extra Small Collar 1,0.0,12.49
2457,Li'l Pals Small Collar Gbn12,Li'l Pals,076484066634,10.89,leashesAndCollars,Li'l Pals Small Collar Gbn12,-1.0,9.99
2459,Li'l Pals Small Collar Zpk12,Li'l Pals,076484001215,8.19,leashesAndCollars,Li'l Pals Small Collar Zpk12,0.0,7.49
2461,Li'l Pals Small Collar Fmb12,Li'l Pals,076484001253,8.19,leashesAndCollars,Li'l Pals Small Collar 2bl12,0.0,12.49
2465,Li'l Pals Small Collar Gnd12,Li'l Pals,076484662287,7.79,leashesAndCollars,Li'l Pals Small Collar Pwh12,0.0,7.69
2468,Li'l Pals Small Collar Ryp12,Li'l Pals,076484001222,8.19,leashesAndCollars,Li'l Pals Small Collar Ryp12,0.0,7.49
2471,Li'l Pals Small Collar Pwh12,Li'l Pals,076484662287,8.39,leashesAndCollars,Li'l Pals Small Collar Pwh12,0.0,7.69
2474,Li'l Pals Small Collar Buz12,Li'l Pals,076484623516,9.59,leashesAndCollars,Li'l Pals Small Collar Buz12,0.0,8.79
2475,Li'l Pals Small Collar Bkz12,Li'l Pals,076484623509,9.59,leashesAndCollars,Li'l Pals Small Collar Bkz12,0.0,8.79
2478,Li'l Pals Harness Leb14,Li'l Pals,076484029745,17.49,leashesAndCollars,Li'l Pals Extra Small Harness,-2.0,24.99
2479,Li'l Pals Harness Zpk14,Li'l Pals,076484062582,16.39,leashesAndCollars,Li'l Pals Harness Zpk14,0.0,14.99
2482,Li'l Pals Harness Fmb14,Li'l Pals,076484264115,17.49,leashesAndCollars,Sublime Reversable Pink XXS,0.0,24.99
2485,Li'l Pals Harness Wdf14,Li'l Pals,076484264108,16.59,leashesAndCollars,Sublime Reversable Blue XXS,0.0,23.19
2487,Li'l Pals Harness Blu14,Li'l Pals,076484029738,16.59,leashesAndCollars,Li'l Pals Extra Small Harness,-1.0,24.29
2490,Li'l Pals Extra Small Collar Blu08,Li'l Pals,076484410130,8.59,leashesAndCollars,Li'l Pals Extra Small Collar B,0.0,7.79
2491,Li'l Pals Small Collar Blu10,Li'l Pals,076484066269,10.29,leashesAndCollars,Li'l Pals Small Collar Blu10,0.0,9.39
2492,Li'l Pals Small Collar 1ba12,Li'l Pals,076484322259,13.69,leashesAndCollars,"Sunburst Blue 10"" Collar",0.0,5.89
2493,Li'l Pals Small Collar 2bl12,Li'l Pals,076484001253,13.69,leashesAndCollars,Li'l Pals Small Collar 2bl12,0.0,12.49
2495,Li'l Pals Extra Small Collar Red08,Li'l Pals,076484410079,8.59,leashesAndCollars,Li'l Pals Extra Small Collar R,0.0,7.79
2496,Li'l Pals Small Collar Red10,Li'l Pals,076484322273,10.29,leashesAndCollars,Li'l Pals Small Collar Red10,0.0,12.49
2498,Li'l Pals Small Harness Tyspsm,Li'l Pals,076484624964,26.39,leashesAndCollars,&#10;Li'l Pals Small Harness Tysps,0.0,24.19
2499,Li'l Pals Small Harness Ptvpsm,Li'l Pals,076484624902,26.39,leashesAndCollars,Li'l Pals Small Harness Ptvpsm,0.0,24.19
2501,Li'l Pals Extra Small Harness Tgdpxs,Li'l Pals,076484624957,26.39,leashesAndCollars,Li'l Pals Extra Small Harness,0.0,24.19
2502,Li'l Pals Small Harness Tgdpsm,Li'l Pals,076484624940,26.39,leashesAndCollars,Li'l Pals Small Harness Tgdpsm,0.0,24.19
2503,Li'l Pals Extra Small Harness Tyspxs,Li'l Pals,076484624971,26.39,leashesAndCollars,Li'l Pals Extra Small Harness,0.0,24.19
2509,Li'l Pals Extra Small Collar 2pn08,Li'l Pals,076484029899,13.69,leashesAndCollars,Li'l Pals Extra Small Collar 2,0.0,12.49
2510,Li'l Pals Extra Small Collar 1bl08,Li'l Pals,076484029929,13.69,leashesAndCollars,Li'l Pals Extra Small Collar 1,0.0,12.49
2511,Li'l Pals Extra Small Collar 1ba08,Li'l Pals,076484029905,13.69,leashesAndCollars,Li'l Pals Extra Small Collar 1,0.0,12.49
2512,Li'l Pals Small Collar 2ba12,Li'l Pals,076484001239,13.69,leashesAndCollars,"Inaba Dashi Delights Chicken,",0.0,1.19
2514,Li'l Pals Extra Small Collar 2bl08,Li'l Pals,076484029899,13.69,leashesAndCollars,Li'l Pals Extra Small Collar 2,0.0,12.49
2515,Li'l Pals Extra Small Harness Pink,Li'l Pals,076484029745,27.29,leashesAndCollars,Li'l Pals Extra Small Harness,-2.0,24.99
2516,Li'l Pals Small Harness Pink,Li'l Pals,076484029776,27.29,leashesAndCollars,Li'l Pals Small Harness Pink,0.0,24.99
2517,Li'l Pals Extra Small Harness Blupxs,Li'l Pals,076484029738,26.49,leashesAndCollars,Li'l Pals Extra Small Harness,-1.0,24.29
2522,Li'l Pals Small Harness bllpsm,Li'l Pals,076484163838,23.99,leashesAndCollars,Li'l Pals Small Harness bllpsm,0.0,21.99
2523,Li'l Pals Extra Small Harness Ordpxs,Li'l Pals,076484163869,23.99,leashesAndCollars,Li'l Pals Extra Small Harness,-1.0,21.99
2525,Li'l Pals Extra Small Harness Bllpxs,Li'l Pals,076484624957,23.99,leashesAndCollars,Li'l Pals Extra Small Harness,0.0,24.19
2527,Li'l Pals Extra Small Harness Pkbpxs,Li'l Pals,076484638398,23.99,leashesAndCollars,Coastal Lime 3xs Harness,0.0,10.99
2528,Li'l Pals Small Harness Pkbpsm,Li'l Pals,076484638381,23.99,leashesAndCollars,Li'l Pals Small Harness Pkbpsm,0.0,21.99
2533,"Circle 14""tcr1786s Collar",Circle T,076484178627,9.44,leashesAndCollars,Freshpet Small Breed Multi Pro,0.0,9.44
2534,"Circle 16""tcr1786s Collar",Circle T,076484178665,30.49,leashesAndCollars,"Circle 16""tcr1786s Collar",0.0,27.89
2537,"Circle 18""tan 1106 Collar",Circle T,076484104343,18.49,leashesAndCollars,"Circle 18"" Tan 1106 Collar",0.0,16.89
2539,"Circle 10"" Tan 1103 Collar",Circle T,076484103544,9.49,leashesAndCollars,"Circle 10"" Tan 1103 Collar",0.0,8.69
2540,"Circle 12"" Tan 1103 Collar",Circle T,076484103742,9.49,leashesAndCollars,"Circle 12"" Tan 1103 Collar",0.0,8.69
2541,"Circle 14"" Tan 1105 Collar",Circle T,076484115561,16.49,leashesAndCollars,"Circle T Leather Collar Tan 14""",-1.0,15.09
2542,"Circle 16"" Tan 1105 Collar",Circle T,076484115578,16.49,leashesAndCollars,"Circle 16"" Tan 1105 Collar",0.0,15.09
2543,"Circle 18"" Tan 1106 Collar",Circle T,076484104343,18.49,leashesAndCollars,"Circle 18"" Tan 1106 Collar",0.0,16.89
2544,"Circle 20"" Tan 1106 Collar",Circle T,076484104541,18.49,leashesAndCollars,"Circle 20"" Tan 1106 Collar",0.0,15.49
2545,"Circle 22"" Tan 1108 Collar",Circle T,076484104718,26.79,leashesAndCollars,Valhoma 22 Red Collar,0.0,19.99
2546,"Circle 24"" Tan 1108 Collar",Circle T,076484104947,26.79,leashesAndCollars,"Circle T Leather Collar Tan 24""",0.0,24.49
2547,"Circle 10"" Red 1103 Collar",Circle T,076484103513,39.89,leashesAndCollars,Freshpet Vital Grain Free Beef,0.0,39.89
2548,"Circle 14"" Red 1105 Collar",Circle T,076484115547,16.49,leashesAndCollars,"Circle 14"" Red 1105 Collar",0.0,15.09
2549,"Circle 18"" Red 1106 Collar",Circle T,076484104312,18.49,leashesAndCollars,Valhoma Spike 18 Red Collar,0.0,28.99
2550,"Circle 20"" Red 1106 Collar",Circle T,076484104510,18.49,leashesAndCollars,"Circle 20"" Red 1206 Collar",0.0,27.69
2551,"Circle 22"" Red 1108 Collar",Circle T,076484104718,26.79,leashesAndCollars,Valhoma 22 Red Collar,0.0,19.99
2552,"Circle Red24"" Collar",Circle T,076484104916,26.79,leashesAndCollars,"Coastal Red24"" 2901 Collar",0.0,11.39
2553,"Circle Lat16"" Collar",Circle T,076484210204,15.19,leashesAndCollars,"Circle Black12"" Collar",0.0,8.69
2554,"Circle Lat18"" Collar",Circle T,076484118401,17.79,leashesAndCollars,"Circle Lat18"" Collar",0.0,16.29
2555,"Circle Lat22"" Collar",Circle T,076484118524,24.39,leashesAndCollars,"Circle Lat22"" Collar",0.0,22.29
2556,"Circle Lat24"" Collar",Circle T,076484118548,24.39,leashesAndCollars,"Circle Lat24"" Collar",0.0,22.29
2557,"Circle Black12"" Collar",Circle T,076484210204,9.49,leashesAndCollars,"Circle Black12"" Collar",0.0,8.69
2558,"Circle Black14"" Collar",Circle T,076484115509,16.49,leashesAndCollars,"Circle Black14"" Collar",0.0,15.09
2559,"Circle Black22"" Collar",Circle T,076484104701,26.79,leashesAndCollars,"Circle Black22"" Collar",0.0,24.49
2560,"Circle Black18"" Collar",Circle T,076484104305,17.59,leashesAndCollars,"Circle Black18"" Collar",0.0,16.09
2561,"Circle Black24"" Collar",Circle T,076484104909,26.79,leashesAndCollars,"Circle Black24"" Collar",0.0,24.49
2562,"Circle Black06"" Leash",Circle T,076484823084,50.09,leashesAndCollars,"Circle Black04"" Leash",-1.0,34.99
2563,"Circle Black04"" Leash",Circle T,076484823084,38.19,leashesAndCollars,"Circle Black04"" Leash",-1.0,34.99
2564,"Circle Black04"" Leash",Circle,076484114403,24.89,leashesAndCollars,"Circle Black04"" Leash",0.0,22.79
2565,"Circle Brk04"" Leash",Circle T,076484348006,41.39,leashesAndCollars,"Circle Brk04"" Leash",0.0,37.89
2566,Circle Tan04' Leash,Circle T,076484114847,24.89,leashesAndCollars,Circle Tan04' Leash,-1.0,31.29
2567,Circle Tan04' Leash,Circle,076484114441,34.19,leashesAndCollars,Circle T Leather Leash Tan 4',0.0,22.79
2568,"Circle 20""btl 1788s Collar",Circle T,076484178818,39.69,leashesAndCollars,"Circle 20"" Btl 1788s Collar",0.0,36.39
2569,"Circle 14""btl 1786s Collar",Circle T,076484178610,30.49,leashesAndCollars,"Circle 14""btl 1786s Collar",-1.0,27.89
2570,"Circle 16"" Btl 1786s Collar",Circle T,076484178658,31.99,leashesAndCollars,"Circle 16"" Btl 1786s Collar",0.0,29.29
2571,"Circle 16""bro 1786s Collar",Circle T,076484178641,27.99,leashesAndCollars,"Circle 16""bro 1786s Collar",0.0,25.59
2572,"Circle 14"" Bro 1786s Collar",Circle T,076484178603,30.49,leashesAndCollars,"Circle 14"" Bro 1786s Collar",0.0,27.89
2573,"Circle 20"" Bro 1788s Collar",Circle T,076484178801,39.69,leashesAndCollars,"Circle 20"" Bro 1788s Collar",0.0,36.39
2574,"Circle 10"" Black 1703k Collar",Circle T,076484514678,18.89,leashesAndCollars,"Circle 10"" Black 1703k Collar",-1.0,17.29
2575,"Circle 18"" Tan 1206 Collar",Circle T,076484108341,30.19,leashesAndCollars,"Circle 18"" Tan 1206 Collar",0.0,27.69
2576,"Circle 24""tan 1208 Collar",Circle T,076484108945,32.99,leashesAndCollars,"Circle 24""tan 1208 Collar",0.0,30.19
2577,"Circle 20"" Red 1206 Collar",Circle T,076484104510,30.19,leashesAndCollars,"Circle 20"" Red 1206 Collar",0.0,27.69
2578,"Circle 24"" Red 1208 Collar",Circle T,076484108914,34.29,leashesAndCollars,"Circle 24"" Red 1208 Collar",0.0,31.39
2579,"Circle 22"" Black 1208 Collar",Circle T,076484108709,35.99,leashesAndCollars,"Circle 22"" Black 1208 Collar",0.0,32.99
2580,"Circle 20"" Btl 1788s Collar",Circle T,076484178818,39.69,leashesAndCollars,"Circle 20"" Btl 1788s Collar",0.0,36.39
2581,"Circle 24"" Black 1208 Collar",Circle T,076484108907,34.29,leashesAndCollars,"Circle 24"" Black 1208 Collar",0.0,31.39
2582,"Circle 20"" Black 1206 Collar",Circle T,076484108501,30.19,leashesAndCollars,"Circle 20"" Black 1206 Collar",0.0,27.69
2601,Small LSU Collar,Pets First,849790155343,17.49,leashesAndCollars,LSU Teeshirt Small,0.0,20.99
2610,"Titan G2014"" Traincollarprg",Titan,076484560019,30.99,leashesAndCollars,"Titan Prong Collar w Latch Sm 14""",0.0,28.39
2611,Titan G3018 Traincollarprg,Titan,076484560026,32.69,leashesAndCollars,"Coastal Snp26"" Collar",0.0,16.39
2612,Titan G3320 Traincollarprg,Titan,076484560033,40.39,leashesAndCollars,Titan G3320 Traincollarprg,0.0,36.99
2637,"Titan Trincollar Heavy 18"" 5530",Titan,076484093302,11.49,leashesAndCollars,"Titan Trincollar Heavy 18"" 553",0.0,10.49
2638,"Titan Traincllr Heavy 20"" 5530",Titan,076484093319,11.49,leashesAndCollars,"Titan Traincllr Heavy 20"" 5530",0.0,10.49
2639,"Titan Traincllr Heavy 22"" 5530",Titan,076484093326,11.49,leashesAndCollars,"Titan Traincllr Heavy 22"" 5530",0.0,10.99
2646,"Titan Traincllr Xhvy 28"" 5540",Titan,076484093456,16.89,leashesAndCollars,"Titan Traincllr Xhvy 28"" 5540",0.0,15.49
2647,"Titan Traincllr Xhvy 30"" 5540",Titan,076484093463,16.89,leashesAndCollars,"Titan Traincllr Xhvy 30"" 5540",0.0,15.49
2649,"Titan Traincllr Xfine 12"" 5515",Titan,076484093128,7.39,leashesAndCollars,"Titan Traincllr Fine 16"" 5520",0.0,8.99
2650,"Titan® Chain Training Dog Collar, Chrome, 2.0 mm x 12""",Titan,076484093104,9.89,leashesAndCollars,"Titan Traincllr Fine 12"" 5520",0.0,8.99
2652,"Titan® Chain Training Dog Collar, Chrome, 2.0 mm x 16""",Titan,076484093128,9.89,leashesAndCollars,"Titan Traincllr Fine 16"" 5520",0.0,8.99
2656,"Titan Traincllr Medium 18"" 5525",Titan,076484093227,9.49,leashesAndCollars,"Titan Traincllr Medium 18"" 552",0.0,8.69
2659,Titan Leash Red04 4' Fine,Titan,076484092718,23.49,leashesAndCollars,Coastal Red04' 404 Leash,0.0,8.31
2661,Titan Leash Black04' Heavy 4',Titan,76484092800,26.79,leashesAndCollars,Titan Leash Black04' Heavy 4',0.0,24.49
2662,Titan Comfort Tips Xhvy,Titan,76484093753,3.39,leashesAndCollars,Titan Comfort Tips Xhvy,0.0,3.09
2663,Titan Comfort Tips Heavy,Titan,076484093746,4.19,leashesAndCollars,Titan Comfort Tips Heavy,0.0,3.79
2664,Titan Comfort Tips Medium,Titan,076484093739,3.39,leashesAndCollars,Titan Comfort Tips Medium,0.0,3.09
2665,Titan Comfort Tips Fine,Titan,076484093722,3.39,leashesAndCollars,Titan Comfort Tips Fine,0.0,3.09
3324,"Lupine Dapp 10""-16"" 1/2 in Collar",Lupine,015561227681,10.89,leashesAndCollars,"Lupine Dapp 15""-25"" 3/4in Coll",0.0,14.99
3333,"Lupine Dapp 15""-25"" 3/4in Collar",Lupine,015561227681,16.39,leashesAndCollars,"Lupine Dapp 15""-25"" 3/4in Coll",0.0,14.99
3472,Paw Patrol Small Harness,Paw Patrol,030172079986,25.09,leashesAndCollars,Paw Patrol Small Harness,0.0,22.99
3473,Wolfgang Los26 Collar,Wolfgang,9761262210,21.79,leashesAndCollars,Wolfgang Los26 Collar,0.0,19.95
3474,Valhoma 16 Large Collar,Valhoma,001556122730,21.79,leashesAndCollars,Valhoma 20 Large Collar,0.0,19.99
3475,Valhoma 18 Tq Collar,Valhoma,000011608541,21.79,leashesAndCollars,Valhoma 18 Tq Collar,0.0,19.99
3476,Valhoma 18 Large Collar,Valhoma,001556122730,21.79,leashesAndCollars,Valhoma 20 Large Collar,0.0,19.99
3477,Valhoma 20 Black Collar,Valhoma,8436993235,21.79,leashesAndCollars,Valhoma Spike 20 Black Collar,0.0,29.99
3478,Valhoma 20 Large Collar,Valhoma,001556122730,21.79,leashesAndCollars,Valhoma 20 Large Collar,0.0,19.99
3479,Valhoma 20 Pr Collar,Valhoma,001556122729,21.79,leashesAndCollars,Valhoma 20 Pr Collar,0.0,19.99
3480,Valhoma 20 Red Collar,Valhoma,076484108518,21.79,leashesAndCollars,Valhoma 20 Red Collar,0.0,19.99
3481,Valhoma 22 Large Collar,Valhoma,001556122620,21.79,leashesAndCollars,Valhoma 22 Large Collar,0.0,19.99
3482,Valhoma 22 Hp Collar,Valhoma,009631667110,21.79,leashesAndCollars,Valhoma 22 Hp Collar,0.0,19.99
3483,Valhoma 22 Pr Collar,Valhoma,009761262154,21.79,leashesAndCollars,Valhoma 22 Pr Collar,0.0,19.99
3484,Valhoma 22 Red Collar,Valhoma,076484104718,21.79,leashesAndCollars,Valhoma 22 Red Collar,0.0,19.99
3485,Valhoma 24 Hp Collar,Valhoma,009761262220,21.79,leashesAndCollars,Valhoma 24 Hp Collar,0.0,19.99
3486,Valhoma 24 Red Collar,Valhoma,076484410031,21.79,leashesAndCollars,Li'l Pals Extra Small Collar R,-1.0,7.27
3487,Valhoma 24 Pr Collar,Valhoma,005000583287,21.79,leashesAndCollars,Valhoma 24 Pr Collar,0.0,19.99
3488,Valhoma 24 Black Collar,Valhoma,9761262220,21.79,leashesAndCollars,Valhoma 24 Black Collar,0.0,19.99
3489,Valhoma 26 Black Collar,Valhoma,5003967285,21.79,leashesAndCollars,Valhoma Spike 26 Black Collar,0.0,31.99
3490,Valhoma 26 Red Collar,Valhoma,001083820165,21.79,leashesAndCollars,Valhoma 26 Pr Collar,0.0,19.99
3491,Valhoma 26 Ro Collar,Valhoma,001556123259,21.79,leashesAndCollars,Valhoma 26 Ro Collar,0.0,19.99
3492,Valhoma 26 Pr Collar,Valhoma,001083820165,21.79,leashesAndCollars,Valhoma 26 Pr Collar,0.0,19.99
3493,Valhoma 28 Ro Collar,Valhoma,009631670022,21.79,leashesAndCollars,Valhoma 28 Pr Collar,0.0,19.99
3494,Valhoma 28 Pr Collar,Valhoma,009631670022,21.79,leashesAndCollars,Valhoma 28 Pr Collar,0.0,19.99
3495,Valhoma Spike 16 Hp Collar,Valhoma,009761211850,31.69,leashesAndCollars,Valhoma Spike 16 Hp Collar,0.0,28.99
3497,Valhoma Spike 18 Large Collar,Valhoma,0011608541,32.69,leashesAndCollars,Valhoma Spike 18 Large Collar,0.0,29.99
3498,Valhoma Spike 26 Large Collar,Valhoma,009119770062,34.89,leashesAndCollars,Valhoma Spike 26 Large Collar,0.0,31.99
3499,Valhoma Spike 18 Red Collar,Valhoma,076484104312,31.69,leashesAndCollars,Valhoma Spike 18 Red Collar,0.0,28.99
3500,Valhoma Spike 24 Red Collar,Valhoma,9761211060,34.89,leashesAndCollars,Nylabone FlexiChew Giant,0.0,16.79
3501,Valhoma Spike 20 Black Collar,Valhoma,8436993235,32.69,leashesAndCollars,Valhoma Spike 20 Black Collar,0.0,29.99
3503,Valhoma Spike 16 Black Collar,Valhoma,9761262211,30.59,leashesAndCollars,Benebone Small Ring Bacon,0.0,10.49
3504,Valhoma Spike 26 Black Collar,Valhoma,5003967285,34.89,leashesAndCollars,Valhoma Spike 26 Black Collar,0.0,31.99
3507,Valhoma Spike 18 Pr Collar,Valhoma,9761240301,31.69,leashesAndCollars,Valhoma Spike 18 Pr Collar,0.0,28.99
3508,Valhoma Spike 26 Pr Collar,Valhoma,1083820165,34.89,leashesAndCollars,Valhoma Spike 26 Pr Collar,0.0,31.99
3510,Valhoma Spike 26 Tq Collar,Valhoma,9119770062,37.09,leashesAndCollars,Valhoma Spike 26 Tq Collar,0.0,33.99
3511,Valhoma Spike 16 Hy Collar,Valhoma,9761240143,32.69,leashesAndCollars,Valhoma Spike 16 Hy Collar,0.0,29.99
3512,Valhoma Spike 24 Hw Collar,Valhoma,009761211060,35.99,leashesAndCollars,Valhoma Spike 24 Hw Collar,0.0,32.99
3685,"Sunburst Blue 10"" Collar",Sunburst,076484322259,6.49,leashesAndCollars,"Sunburst Blue 10"" Collar",0.0,5.89
3688,"Sunburst Pink Flower 10"" Collar",Sunburst,443983200086,6.49,leashesAndCollars,"Sunburst Pink Flower 10"" Colla",0.0,5.89
3691,"Sunburst Pink Bone 12"" Collar",Sunburst,015561224260,6.49,leashesAndCollars,"Reptile UVB200 8w 12""",0.0,26.24
7684,Petsafe Come With Me Kitty Harness And Leash Blue Small,Petsafe,759023076133,21.79,leashesAndCollars,Petsafe Come With Me Kitty Har,0.0,19.99
7686,Petsafe Come With Me kitty Harness and Leash Black Small,Petsafe,759023085357,21.79,leashesAndCollars,Petsafe Come With Me kitty Har,0.0,19.99
7688,Petsafe Come With Me Kitty Black Medium,Petsafe,759023085364,21.79,leashesAndCollars,Petsafe Come With Me Kitty Bla,0.0,19.99
7689,coastal control harness small,Coastal,076484093760,24.19,leashesAndCollars,coastal control harness small,0.0,22.19
7690,coastal control harness medium,Coastal,076484093777,24.89,leashesAndCollars,coastal control harness medium,0.0,22.79
7691,coastal control harness large,Coastal,076484093784,24.89,leashesAndCollars,coastal control harness large,-1.0,22.79
7706,"coastal collar rwp26""",Coastal,076484619762,27.99,leashesAndCollars,"coastal collar rwp26""",-1.0,25.59
7711,coastal collar ybc 12,Coastal,076484647185,17.59,leashesAndCollars,"Coastal Collar Ybc12""",0.0,16.09
7715,coastal collar psf 18,Coastal,076484471049,20.79,leashesAndCollars,coastal collar psf 18,0.0,18.99
7735,li'l pals harness blu14,Li'l Pals,076484624537,16.59,leashesAndCollars,li'l pals harness blu14,0.0,15.19
7740,li'l pals harness npk14,Li'l Pals,076484421839,17.49,leashesAndCollars,li'l pals harness npk14,0.0,15.99
7742,li'l pals collar blk10,Li'l Pals,076484302459,11.99,leashesAndCollars,"Coastal Black14"" 4201 Collar",0.0,11.59
7744,li'l pals collar npk10,Li'l Pals,076484302466,14.19,leashesAndCollars,Li'l Pals Collar Sm Pink Spike,0.0,12.99
7749,li'l pals collar fmb12,Li'l Pals,076484662232,8.19,leashesAndCollars,li'l pals collar fmb12,0.0,7.49
7757,li'l pals collar tel10,Li'l Pals,076484701634,10.89,leashesAndCollars,li'l pals collar tel10,0.0,9.99
7758,li'l pals collar tel08,Li'l Pals,076484701610,10.89,leashesAndCollars,Li'l Pals Collar XS,0.0,8.99
8037,Coastal Single-Ply Dog Leash 00906 PKF06,Coastal,076484731235,21.79,leashesAndCollars,Coastal Single-Ply Dog Leash 0,0.0,19.99
8038,Coastal Single-Ply Dog Leash 00904 PKF04,Coastal,076484730184,18.59,leashesAndCollars,Coastal Single-Ply Dog Leash 0,0.0,16.99
8039,Coastal Single-Ply Dog Leash 00606 PKF06,Coastal,076484731310,13.09,leashesAndCollars,Coastal Single-Ply Dog Leash 0,0.0,11.99
8040,Coastal Single-Ply Dog Leash 00406 PKF06,Coastal,076484731396,10.89,leashesAndCollars,Coastal Single-Ply Dog Leash 0,0.0,9.99
8041,Coastal Single-Ply Dog Leash 00404 PKF04,Coastal,076484731358,10.89,leashesAndCollars,Coastal Single-Ply Dog Leash 0,0.0,9.99
8042,Coastal Single-Ply Dog Leash 00306 PKF06,Coastal,076484733376,7.69,leashesAndCollars,Coastal Single-Ply Dog Leash 0,0.0,7.27
8043,Coastal Single-Ply Dog Leash 00304 PKF04,Coastal,076484733338,7.69,leashesAndCollars,Coastal Single-Ply Dog Leash 0,0.0,7.27
8044,Coastal Single-Ply Dog Leash 00906 BLL06,Coastal,076484731211,20.79,leashesAndCollars,Coastal Single-Ply Dog Leash 0,0.0,18.99
8045,Coastal Single-Ply Dog Leash 00904 BLL04,Coastal,076484730160,18.59,leashesAndCollars,Coastal Single-Ply Dog Leash 0,0.0,16.99
8046,Coastal Single-Ply Dog Leash 00606 BLL06,Coastal,076484731297,13.09,leashesAndCollars,Coastal Single-Ply Dog Leash 0,0.0,11.99
8047,Coastal Single-Ply Dog Leash 00604 BLL04,Coastal,076484731259,10.89,leashesAndCollars,Coastal Single-Ply Dog Leash 0,0.0,9.99
8050,Coastal Single-Ply Dog Leash 00306 BLL06,Coastal,076484733352,7.69,leashesAndCollars,Coastal Single-Ply Dog Leash 0,0.0,7.27
8052,Coastal Single-Ply Dog Leash 00906 TEL06,Coastal,076484900396,21.79,leashesAndCollars,Coastal Single-Ply Dog Leash 0,0.0,19.99
8053,Coastal Single-Ply Dog Leash,Coastal,076484900389,18.59,leashesAndCollars,Coastal Single-Ply Dog Leash,0.0,16.99
8054,Coastal Single-Ply Dog Leash 00606 TEL06,Coastal,076484600401,13.09,leashesAndCollars,Coastal Single-Ply Dog Leash 0,0.0,11.99
8055,Coastal Single-Ply Dog Leash 00604 TEL04,Coastal,076484600395,10.89,leashesAndCollars,Coastal Single-Ply Dog Leash 0,0.0,9.99
8056,Coastal Single-Ply Dog Leash 00406 TEL06,Coastal,076484400407,10.89,leashesAndCollars,Coastal Single-Ply Dog Leash 0,0.0,9.99
8057,Coastal Single-Ply Dog Leash 00404 TEL04,Coastal,076484400391,9.89,leashesAndCollars,Coastal Single-Ply Dog Leash 0,0.0,8.99
8058,Coastal Single-Ply Dog Leash 00306 TEL06,Coastal,076484300400,7.69,leashesAndCollars,Coastal Wwl06 Leash,0.0,30.39
8059,Coastal Single-Ply Dog Leash 00304 TEL04,Coastal,076484300394,7.69,leashesAndCollars,Coastal Single-Ply Dog Leash 0,0.0,7.27
8061,Coastal Single-Ply Dog Leash 00904 ORD04,Coastal,076484904080,18.59,leashesAndCollars,Coastal Single-Ply Dog Leash 0,0.0,16.99
8062,Coastal Single-Ply Dog Leash 00606 ORD06,Coastal,076484606052,13.09,leashesAndCollars,Coastal Single-Ply Dog Leash 0,0.0,11.99
8063,Coastal Single-Ply Dog Leash 00604 ORD04,Coastal,076484604119,10.89,leashesAndCollars,Coastal Single-Ply Dog Leash 0,0.0,9.99
8065,Coastal Single-Ply Dog Leash 00404 ORD04,Coastal,076484040498,9.89,leashesAndCollars,Coastal Orange 6' 404 Leash,-1.0,8.31
8066,Coastal Single-Ply Dog Leash 00306 ORD06,Coastal,076484306051,7.69,leashesAndCollars,Coastal Red06' 306 Leash,0.0,6.69
8067,Coastal Single-Ply Dog Leash 00304 ORD04,Coastal,076484304057,7.69,leashesAndCollars,Coastal Single-Ply Dog Leash 0,0.0,7.27
8068,Coastal Single-Ply Dog Leash 00904 LIM04,Coastal,076484904073,18.59,leashesAndCollars,Coastal Single-Ply Dog Leash 0,0.0,16.99
8069,Coastal Single-Ply Dog Leash 00606 LIM06,Coastal,076484606045,13.09,leashesAndCollars,Coastal Single-Ply Dog Leash 0,0.0,11.99
8070,Coastal Single-Ply Dog Leash 00604 LIM04,Coastal,076484604102,10.89,leashesAndCollars,Coastal Single-Ply Dog Leash 0,0.0,9.99
8071,Coastal Single-Ply Dog Leash 00406 LIM06,Coastal,076484040641,10.89,leashesAndCollars,Coastal Single-Ply Dog Leash 0,0.0,9.99
8072,Coastal Single-Ply Dog Leash 00404 LIM04,Coastal,076484040481,10.89,leashesAndCollars,Coastal Lime 6' 404 Leash,0.0,8.31
8073,Coastal Single-Ply Dog Leash 00306 LIM06,Coastal,076484306044,7.69,leashesAndCollars,Coastal Single-Ply Dog Leash 0,0.0,7.27
8074,Coastal Single-Ply Dog Leash 00304 LIM04,Coastal,076484304040,7.69,leashesAndCollars,Coastal Single-Ply Dog Leash 0,0.0,7.27
8075,Coastal Single-Ply Dog Leash 00906 PKB06,Coastal,076484090677,21.79,leashesAndCollars,Coastal Single-Ply Dog Leash 0,0.0,18.39
8076,Coastal Single-Ply Dog Leash 00904 PKB04,Coastal,076484090400,18.59,leashesAndCollars,Coastal Single-Ply Dog Leash 0,0.0,16.99
8077,Coastal Single-Ply Dog Leash 00606 PKB06,Coastal,076484606007,13.09,leashesAndCollars,Coastal Single-Ply Dog Leash 0,0.0,10.99
8078,Coastal Single-Ply Dog Leash 00604 PKB04,Coastal,076484604065,10.89,leashesAndCollars,Coastal Single-Ply Dog Leash 0,0.0,9.99
8079,Coastal Single-Ply Dog Leash 00406 PKB06,Coastal,076484406034,10.89,leashesAndCollars,Coasta; Pkb6' 406 Leash,-1.0,9.59
8080,Coastal Single-Ply Dog Leash 00404 PKB04,Coastal,076484404115,10.89,leashesAndCollars,Coastal Blue 4' 404 Leash,0.0,8.31
8081,Coastal Single-Ply Dog Leash 00306 PKB06,Coastal,076484030635,7.69,leashesAndCollars,Coastal Single-Ply Dog Leash 0,0.0,7.27
8082,Coastal Single-Ply Dog Leash 00304 PKB04,Coastal,076484030437,7.69,leashesAndCollars,Coastal Single-Ply Dog Leash 0,0.0,7.27
8086,Coastal Single-Ply Dog Leash 00404 HUN04,Coastal,076484035388,9.89,leashesAndCollars,Coastal Single-Ply Dog Leash 04' 404,-1.0,8.31
8088,Coastal Single-Ply Dog Leash 00304 HUN04,Coastal,076484009761,7.69,leashesAndCollars,Coastal Single-Ply Dog Leash 0,0.0,7.27
8095,Coastal Single-Ply Dog Leash 00306 PUR06,Coastal,076484009952,7.69,leashesAndCollars,Coastal Single-Ply Dog Leash 0,0.0,7.27
8096,Coastal Single-Ply Dog Leash 00304 PUR04,Coastal,076484009754,7.69,leashesAndCollars,Coastal 6' Llamas 969 Leash,0.0,20.49
8101,Coastal Single-Ply Dog Leash 00406 NPK06,Coastal,076484035500,10.89,leashesAndCollars,Coastal Neon Pink leash 6' 406,0.0,9.99
8103,"Coastal® Single-Ply Dog Leash, Neon Pink, X-Small - 3/8"" x 6'",Coastal,076484009907,7.69,leashesAndCollars,Coastal Single-Ply Dog Leash 0,0.0,7.27
8104,Coastal Single-Ply Dog Leash 00304 NPK04,Coastal,076484009709,7.69,leashesAndCollars,Coastal Single-Ply Dog Leash 0,0.0,7.27
8111,Coastal Single-Ply Dog Leash 00304 BLU04,Coastal,076484009624,7.69,leashesAndCollars,Coastal Single-Ply Dog Leash 0,0.0,7.27
8119,Coastal Single-Ply Dog Leash 00304 RED04,Coastal,076484009617,7.69,leashesAndCollars,Coastal Single-Ply Dog Leash 0,0.0,7.27
8121,"Coastal® Single-Ply Dog Leash, Black, Large - 1"" x 4'",Coastal,076484059803,18.59,leashesAndCollars,Coastal Single-Ply Dog Leash 0,0.0,16.99
8122,Coastal Single-Ply Dog Leash 00606 BLK06,Coastal,076484044205,11.99,leashesAndCollars,Coastal Black06' 606 Leash,-1.0,10.99
8123,Coastal Single-Ply Dog Leash 00604 BLK04,Coastal,076484044007,10.89,leashesAndCollars,Coastal Single-Ply Dog Leash 0,0.0,9.99
8124,"Coastal® Single-Ply Dog Leash, Black, Small - 5/8"" x 6'",Coastal,076484035401,11.99,leashesAndCollars,Coastal Single-Ply Dog Leash 0,-1.0,10.99
8126,"Coastal® Single-Ply Dog Leash, Black, X-Small - 3/8"" x 6'",Coastal,076484009808,7.69,leashesAndCollars,Coastal Single-Ply Dog Leash 0,0.0,7.27
8127,Coastal Single-Ply Dog Leash 00304 BLK04,Coastal,076484009600,7.69,leashesAndCollars,Coastal Single-Ply Dog Leash 0,0.0,7.27
8128,Coastal Double-Ply Dog Leash 02906 TEL06,Coastal,076484901898,27.29,leashesAndCollars,Coastal Double-Ply Dog Leash 0,0.0,24.99
8129,Coastal Double-Ply Dog Leash 02904 TEL04,Coastal,076484901881,22.89,leashesAndCollars,Coastal Double-Ply Dog Leash 0,0.0,20.99
8130,Coastal Double-Ply Dog Leash 02906 PKF06,Coastal,076484780462,27.29,leashesAndCollars,Coastal Double-Ply Dog Leash 0,0.0,24.99
8131,Coastal Double-Ply Dog Leash 02904 PKF04,Coastal,076484780424,22.89,leashesAndCollars,Coastal Double-Ply Dog Leash 0,0.0,20.99
8143,"Coastal® Double-Ply Dog Leash, Black, Medium/Large - 1"" x 6'",Coastal,076484068706,28.39,leashesAndCollars,Coastal Double-Ply Dog Leash 0,0.0,25.99
8144,"Coastal® Double-Ply Dog Leash, Black, Medium/Large - 1"" x 4'",Coastal,076484067303,23.99,leashesAndCollars,Coastal Double-Ply Dog Leash 0,0.0,21.99
8146,Coastal Double-Ply Dog Leash 02904 ORD04,Coastal,076484029462,22.89,leashesAndCollars,Coastal Double-Ply Dog Leash 0,0.0,20.99
8147,Coastal Double-Ply Dog Leash 02906 LIM06,Coastal,076484029660,27.29,leashesAndCollars,Coastal Double-Ply Dog Leash 0,0.0,24.99
8148,Coastal Double-Ply Dog Leash 02904 LIM04,Coastal,076484029448,22.89,leashesAndCollars,Coastal Double-Ply Dog Leash 0,0.0,20.99
8150,Coastal Double-Ply Dog Leash 02904 PKB04,Coastal,076484002946,22.89,leashesAndCollars,Coastal Double-Ply Dog Leash 0,0.0,20.98
8151,Coastal Double-Ply Dog Collar 02901 TEL26,Coastal,076484901874,14.19,leashesAndCollars,Coastal Double-Ply Dog Collar,0.0,12.99
8152,Coastal Double-Ply Dog Collar 02901 TEL24,Coastal,076484901867,14.19,leashesAndCollars,Coastal Double-Ply Dog Collar,0.0,12.99
8153,Coastal Double-Ply Dog Collar 02901 TEL22,Coastal,076484901850,14.19,leashesAndCollars,Coastal Double-Ply Dog Collar,0.0,12.99
8154,Coastal Double-Ply Dog Collar 02901 TEL20,Coastal,076484901843,14.19,leashesAndCollars,Coastal Double-Ply Dog Collar,0.0,12.99
8155,Coastal Double-Ply Dog Collar 02901 TEL18,Coastal,076484901836,14.19,leashesAndCollars,Coastal Double-Ply Dog Collar,0.0,12.99
8156,Coastal Double-Ply Dog Collar 02901 PKF26,Coastal,076484780349,14.19,leashesAndCollars,Coastal Double-Ply Dog Collar,0.0,12.99
8157,Coastal Double-Ply Dog Collar 02901 PKF24,Coastal,076484780301,14.19,leashesAndCollars,Coastal Double-Ply Dog Collar,0.0,12.99
8158,Coastal Double-Ply Dog Collar 02901 PKF22,Coastal,076484780264,14.19,leashesAndCollars,Coastal Double-Ply Dog Collar,0.0,12.99
8159,Coastal Double-Ply Dog Collar 02901 PKF20,Coastal,076484780226,14.19,leashesAndCollars,Coastal Double-Ply Dog Collar,0.0,12.99
8160,Coastal Double-Ply Dog Collar 02901 PKF18,Coastal,076484780189,14.19,leashesAndCollars,Coastal Double-Ply Dog Collar,0.0,12.99
8169,Coastal Double-Ply Dog Collar 02901 ORD18,Coastal,076484290954,14.19,leashesAndCollars,Coastal Double-Ply Dog Collar,0.0,12.99
8170,Coastal Double-Ply Dog Collar 02901 LIM26,Coastal,076484290947,14.19,leashesAndCollars,Coastal Double-Ply Dog Collar,0.0,12.99
8171,Coastal Double-Ply Dog Collar 02901 LIM24,Coastal,076484290930,14.19,leashesAndCollars,Coastal Double-Ply Dog Collar,0.0,12.99
8172,Coastal Double-Ply Dog Collar 02901 LIM22,Coastal,076484290923,14.19,leashesAndCollars,Coastal Double-Ply Dog Collar,0.0,12.99
8173,Coastal Double-Ply Dog Collar,Coastal,076484290916,14.19,leashesAndCollars,Coastal Double-Ply Dog Collar,0.0,12.99
8174,Coastal Double-Ply Dog Collar 02901 LIM18,Coastal,076484290909,14.19,leashesAndCollars,Coastal Double-Ply Dog Collar,0.0,12.99
8178,Coastal Double-Ply Dog Collar 02901 HUN20,Coastal,076484064081,14.19,leashesAndCollars,Coastal Double-Ply Dog Collar,0.0,12.99
8179,Coastal Double-Ply Dog Collar 02901 HUN18,Coastal,076484063886,14.19,leashesAndCollars,Coastal Double-Ply Dog Collar,0.0,12.99
8185,Coastal Double-Ply Dog Collar 02901 PUR18,Coastal,076484063855,14.19,leashesAndCollars,Coastal Double-Ply Dog Collar,0.0,12.99
8189,"Coastal® Double-Ply Dog Collar, Neon Pink, Medium - 1"" x 20""",Coastal,076484064012,14.19,leashesAndCollars,Coastal Double-Ply Dog Collar,0.0,12.99
8190,Coastal Double-Ply Dog Collar 02901 NPK18,Coastal,076484063817,14.19,leashesAndCollars,Coastal Double-Ply Dog Collar,0.0,12.99
8195,Coastal Double-Ply Dog Collar 02901 BLU18,Coastal,076484063725,14.19,leashesAndCollars,Coastal Double-Ply Dog Collar,0.0,12.99
8200,Coastal Double-Ply Dog Collar 02901 RED18,Coastal,076484063718,14.19,leashesAndCollars,Coastal Double-Ply Dog Collar,0.0,12.99
8203,"Coastal® Double-Ply Dog Collar, Black, Large - 1"" x 22""",Coastal,076484064104,14.19,leashesAndCollars,Coastal Double-Ply Dog Collar,0.0,12.99
8209,Coastal Double-Ply Dog Collar 02901 PKB20,Coastal,076484029042,14.19,leashesAndCollars,Coastal Double-Ply Dog Collar,0.0,12.99
8210,Coastal Double-Ply Dog Collar 02901 BLU18,Coastal,076484063725,14.19,leashesAndCollars,Coastal Double-Ply Dog Collar,0.0,12.99
8211,Coastal Double-Ply Dog Collar 02901 RED18,Coastal,076484063718,14.19,leashesAndCollars,Coastal Double-Ply Dog Collar,0.0,12.99
8212,Coastal Double-Ply Dog Collar 02901 BLK18,Coastal,076484063701,14.19,leashesAndCollars,Coastal Double-Ply Dog Collar,0.0,12.99
8213,Coastal Double-Ply Dog Collar 02901 PKB18,Coastal,076484029035,14.19,leashesAndCollars,Coastal Double-Ply Dog Collar,0.0,12.99
8223,"Styles Adjustable Dog Collar, Bright Tie Dye, X-Small - 3/8"" x 8""-12""",Coastal,076484632648,8.79,leashesAndCollars,Coastal Small Unicorns14 Colla,0.0,8.31
8251,"Coastal Black20"" Leash",Coastal,076484622601,27.69,leashesAndCollars,"Coastal Black20"" Leash",0.0,25.39
8252,"Coastal Red30"" Leash",Coastal,076484092817,37.69,leashesAndCollars,"Coastal Red30"" Leash",0.0,34.49
8255,"Coastal Red14"" No Slip",Coastal,7648407216,11.29,leashesAndCollars,"Coastal Red14"" No Slip",0.0,10.29
8256,"Coastal Blu24"" Coupler",Coastal,076484630323,12.99,leashesAndCollars,Coastal Charm Blue18,0.0,11.59
8258,"Coastal Black24"" Coupler",Coastal,7648406296,11.29,leashesAndCollars,"Coastal Black24"" Coupler",0.0,10.29
8259,"Coastal Red24"" Coupler",Coastal,076484906946,12.39,leashesAndCollars,"Coastal Red24"" Coupler",0.0,11.29
8260,"Coastal Blue24"" Coupler",Coastal,076484630323,12.39,leashesAndCollars,Coastal Charm Blue18,0.0,11.59
8261,"Coastal Red36"" Coupler",Coastal,076484689002,17.69,leashesAndCollars,"Coastal Red36"" Coupler",0.0,16.19
8262,"Coastal Blue36"" Coupler",Coastal,076484609345,16.79,leashesAndCollars,"Coastal Blue36"" Coupler",0.0,15.39
8271,"Coastal Mbn20"" Security Collar",Coastal,076484693526,14.99,leashesAndCollars,Coastal Styles Collar Med Dinsaur,0.0,10.99
8272,"Coastal Mpw26"" Security Collar",Coastal,076484693526,15.89,leashesAndCollars,Coastal Styles Collar Med Dinsaur,0.0,10.99
8273,"Coastal Mpw20"" Security Collar",Coastal,076484693526,14.99,leashesAndCollars,Coastal Styles Collar Med Dinsaur,0.0,10.99
8277,"Coastal Black12"" Security Collar",Coastal,076484693526,10.69,leashesAndCollars,Coastal Styles Collar Med Dinsaur,0.0,10.99
8278,"Coastal Black14"" Security Collar",Coastal,076484981258,11.29,leashesAndCollars,"Coastal Black14"" Security Coll",0.0,10.29
8281,"Coastal Gry16"" Training Collar",Coastal,076484693526,15.89,leashesAndCollars,Coastal Styles Collar Med Dinsaur,0.0,10.99
8282,"Coastal Gry22"" Training Collar",Coastal,076484693526,18.29,leashesAndCollars,Coastal Styles Collar Med Dinsaur,0.0,10.99
8283,"Coastal Red16"" Training Collar",Coastal,076484693526,15.89,leashesAndCollars,Coastal Styles Collar Med Dinsaur,0.0,10.99
8284,"Coastal Red22"" Training Collar",Coastal,076484693526,18.29,leashesAndCollars,Coastal Styles Collar Med Dinsaur,0.0,10.99
8287,"Coastal Red10"" 301 Collar",Coastal,076484301018,5.19,leashesAndCollars,"Coastal Red10"" 301 Collar",-1.0,4.69
8288,"Coastal Red12"" Buc Collar",Coastal,076484467554,7.69,leashesAndCollars,"Coastal Red12"" Buc Collar",0.0,7.27
8289,"Coastal Red14"" 401 Collar",Coastal,084369931709,6.19,leashesAndCollars,"Coastal Red14"" 401 Collar",0.0,5.59
8293,"Coastal Red18"" 601 Collar",Coastal,076484043505,6.79,leashesAndCollars,"Coastal Pink 18"" 601",-1.0,6.23
8294,"Coastal Red16"" 601 Collar",Coastal,076484043307,6.49,leashesAndCollars,"Coastal Purple16"" 601 Collar",0.0,6.19
8295,"Coastal Red20"" Mbuc Collar",Coastal,076484693349,17.59,leashesAndCollars,"Coastal Red20"" Mbuc Collar",0.0,16.09
8296,"Coastal Red18"" 901 Collar",Coastal,076484012907,9.89,leashesAndCollars,"Coastal Blue 18"" 2901 Collar",0.0,11.99
8297,Coastal Red20' 901 Collar,Coastal,076484012914,10.39,leashesAndCollars,"Coastal Orange 20"" 2901 Collar",0.0,9.89
8300,"Coastal Red20"" 2901 Collar",Coastal,076484012914,13.09,leashesAndCollars,"Coastal Orange 20"" 2901 Collar",0.0,9.89
8302,"Coastal Red24"" 2901 Collar",Coastal,076484104916,12.49,leashesAndCollars,"Coastal Red24"" 2901 Collar",0.0,11.39
8303,"Coastal Red26"" 2901 Collar",Coastal,076484021240,10.59,leashesAndCollars,"Coastal Red26"" 2901 Collar",0.0,9.69
8304,"Coastal Red26"" Buc Collar",Coastal,076484301445,13.09,leashesAndCollars,"Coastal Red26"" Buc Collar",0.0,11.99
8305,"Coastal Red26"" Mbuc Collar",Coastal,076484609316,20.69,leashesAndCollars,"Coastal Red26"" Mbuc Collar",0.0,18.89
8306,Coastal Red06' 306 Leash,Coastal,076484306051,7.39,leashesAndCollars,Coastal Red06' 306 Leash,0.0,6.69
8307,Coastal Red04' 404 Leash,Coastal,076484092718,8.79,leashesAndCollars,Coastal Red04' 404 Leash,0.0,8.31
8312,Coastal Red04' 2904 Leash,Coastal,076484094959,21.79,leashesAndCollars,Coastal Red04' 2904 Leash,0.0,19.99
8314,"Coastal Blue12"" Buc Collar",Coastal,076484693526,7.69,leashesAndCollars,Coastal Styles Collar Med Dinsaur,0.0,10.99
8315,"Coastal Blue14"" 4201 Collar",Coastal,076484693526,12.69,leashesAndCollars,Coastal Styles Collar Med Dinsaur,0.0,10.99
8316,"Coastal Blue10"" 301 Collar",Coastal,076484850202,5.19,leashesAndCollars,"Coastal Blue10"" 301 Collar",0.0,4.69
8319,"Coastal® Single-Ply Dog Collar, Purple, Small - 5/8"" x 14""",Coastal,076484034558,6.59,leashesAndCollars,"Coastal Blue14"" 401 Collar",0.0,6.23
8321,"Coastal Blue14"" Buc Collar",Coastal,076484693526,8.39,leashesAndCollars,Coastal Styles Collar Med Dinsaur,0.0,10.99
8322,"Coastal Blue14"" Mbuc Collar",Coastal,076484693526,15.29,leashesAndCollars,Coastal Styles Collar Med Dinsaur,0.0,10.99
8323,"Coastal Blue16"" 601 Collar",Coastal,076484043307,6.79,leashesAndCollars,"Coastal Purple16"" 601 Collar",0.0,6.19
8324,"Coastal Blue18"" 601 Collar",Coastal,076484043505,6.79,leashesAndCollars,"Coastal Pink 18"" 601",-1.0,6.23
8325,"Coastal Blue20"" Mbuc Collar",Coastal,076484693526,16.69,leashesAndCollars,Coastal Styles Collar Med Dinsaur,0.0,10.99
8326,"Coastal Blue18"" 901 Collar",Coastal,076484012907,10.39,leashesAndCollars,"Coastal Blue 18"" 2901 Collar",0.0,11.99
8328,"Coastal Blue26"" Mbuc Collar",Coastal,076484706569,20.69,leashesAndCollars,"Coastal Blue26"" Mbuc Collar",0.0,18.89
8330,Coastal Blue06' 406 Leash,Coastal,076484040606,10.49,leashesAndCollars,Coastal Blue 6' 406 Leash,0.0,9.59
8335,Coastal Blue04' 2904 Leash,Coastal,076484290416,21.79,leashesAndCollars,Coastal Blue04' 2904 Leash,0.0,19.99
8336,Coastal Blue06' 2906 Leash,Coastal,076484807761,25.79,leashesAndCollars,Coastal Blue06' 2906 Leash,0.0,23.59
8338,"Coastal Hunter12"" 301 Collar",Coastal,076484693526,4.39,leashesAndCollars,Coastal Styles Collar Med Dinsaur,0.0,10.99
8339,"Coastal Hunter12"" Buc Collar",Coastal,076484693526,7.69,leashesAndCollars,Coastal Styles Collar Med Dinsaur,0.0,10.99
8340,"Coastal Hunter12"" 401 Collar",Coastal,076484693526,6.19,leashesAndCollars,Coastal Styles Collar Med Dinsaur,0.0,10.99
8341,"Coastal Hunter14"" 401 Collar",Coastal,076484693526,6.19,leashesAndCollars,Coastal Styles Collar Med Dinsaur,0.0,10.99
8342,"Coastal Hunter16"" 401 Collar",Coastal,076484693526,4.99,leashesAndCollars,Coastal Styles Collar Med Dinsaur,0.0,10.99
8343,"Coastal Hunter14"" Buc Collar",Coastal,076484693526,8.79,leashesAndCollars,Coastal Styles Collar Med Dinsaur,0.0,10.99
8344,"Coastal Hunter14"" Mbuc Collar",Coastal,076484693526,15.29,leashesAndCollars,Coastal Styles Collar Med Dinsaur,0.0,10.99
8345,"Coastal Hunter16"" 601 Collar",Coastal,076484043307,6.49,leashesAndCollars,"Coastal Purple16"" 601 Collar",0.0,6.19
8346,"Coastal Hunter18"" 601 Collar",Coastal,076484043505,5.69,leashesAndCollars,"Coastal Pink 18"" 601",-1.0,6.23
8347,"Coastal Hunter20"" Buc Collar",Coastal,076484693526,9.99,leashesAndCollars,Coastal Styles Collar Med Dinsaur,0.0,10.99
8348,"Coastal Hunter20"" Mbuc Collar",Coastal,076484693526,16.69,leashesAndCollars,Coastal Styles Collar Med Dinsaur,0.0,10.99
8349,"Coastal Hunter18"" 901 Collar",Coastal,076484012907,8.89,leashesAndCollars,"Coastal Blue 18"" 2901 Collar",0.0,11.99
8350,"Coastal Hunter20"" Buc Collar",Coastal,076484693526,11.59,leashesAndCollars,Coastal Styles Collar Med Dinsaur,0.0,10.99
8351,"Coastal Hunter20"" Mbuc Collar",Coastal,076484693526,19.89,leashesAndCollars,Coastal Styles Collar Med Dinsaur,0.0,10.99
8352,"Coastal Hunter24"" 2901 Collar",Coastal,076484693526,12.49,leashesAndCollars,Coastal Styles Collar Med Dinsaur,0.0,10.99
8353,"Coastal Hunter26"" 2901 Collar",Coastal,076484693526,11.29,leashesAndCollars,Coastal Styles Collar Med Dinsaur,0.0,10.99
8354,"Coastal Hunter22"" 2901 Collar",Coastal,076484693526,12.49,leashesAndCollars,Coastal Styles Collar Med Dinsaur,0.0,10.99
8355,"Coastal Hunter20"" 2901 Collar",Coastal,076484012914,12.49,leashesAndCollars,"Coastal Orange 20"" 2901 Collar",0.0,9.89
8356,"Coastal Hunter26"" Buck Collar",Coastal,076484693526,11.59,leashesAndCollars,Coastal Styles Collar Med Dinsaur,0.0,10.99
8357,"Coastal Hunter26"" Martingale Collar",Coastal,076484693526,19.69,leashesAndCollars,Coastal Styles Collar Med Dinsaur,0.0,10.99
8368,"Coastal Neon Pink12"" 301 Collar",Coastal,076484706714,5.19,leashesAndCollars,"Coastal Neon Pink12"" 301 Colla",0.0,4.69
8371,"Coastal Neon Pink16"" 401 Collar",Coastal,7648403919,6.19,leashesAndCollars,"Coastal Orange 10"" 301 Collar",0.0,3.79
8372,"Coastal Neon Pink14"" Buck Collar",Coastal,7648404613,8.79,leashesAndCollars,"Coastal Neon Pink14"" Buck Coll",0.0,8.31
8373,"Coastal Neon Pink14"" Martingale Collar",Coastal,7648406687,15.29,leashesAndCollars,"Coastal Neon Pink26"" Martingal",0.0,18.89
8374,"Coastal Neon Pink16"" 601 Collar",Coastal,076484043307,6.79,leashesAndCollars,"Coastal Purple16"" 601 Collar",0.0,6.19
8375,"Coastal Neon Pink18"" 601 Collar",Coastal,076484043505,6.79,leashesAndCollars,"Coastal Pink 18"" 601",-1.0,6.23
8377,"Coastal Neon Pink20"" Mbuc Collar",Coastal,076484302466,17.59,leashesAndCollars,Li'l Pals Collar Sm Pink Spike,0.0,12.99
8378,"Coastal Neon Pink18"" 901 Collar",Coastal,076484012907,10.39,leashesAndCollars,"Coastal Blue 18"" 2901 Collar",0.0,11.99
8379,"Coastal Neon Pink20"" Mbuc Collar",Coastal,7648461985,19.89,leashesAndCollars,"Coastal Orange 14"" Buck Collar",0.0,7.69
8380,"Coastal Neon Pink24"" 2901 Collar",Coastal,7648406441,13.09,leashesAndCollars,"Coastal Orange 24"" 2901 Collar",0.0,11.39
8381,"Coastal Neon Pink26"" 2901 Collar",Coastal,7648406461,12.49,leashesAndCollars,"Coastal Orange 26"" 2901 Collar",0.0,9.89
8382,"Coastal Neon Pink22"" 2901 Collar",Coastal,076484043307,13.09,leashesAndCollars,"Coastal Purple16"" 601 Collar",0.0,6.19
8383,"Coastal Neon Pink20"" 2901 Collar",Coastal,076484012914,13.09,leashesAndCollars,"Coastal Orange 20"" 2901 Collar",0.0,9.89
8384,"Coastal Neon Pink26"" Buck Collar",Coastal,076484410024,12.29,leashesAndCollars,"Coastal Pink Bright16"" 401 Col",0.0,5.59
8385,"Coastal Neon Pink26"" Martingale Collar",Coastal,7648406687,20.69,leashesAndCollars,"Coastal Neon Pink26"" Martingal",0.0,18.89
8386,Coastal Neon Pink06' 306 Collar,Coastal,7648400990,7.39,leashesAndCollars,Coastal Neon Pink06' 306 Colla,0.0,6.69
8387,Coastal Neon Pink04' 404 Collar,Coastal,076484647154,8.79,leashesAndCollars,Coastal Neon Pink04' 404 Colla,0.0,8.31
8388,Coastal Neon Pink06' 606 Collar,Coastal,7648406886,11.59,leashesAndCollars,Coastal Neon Pink06' 2906 Coll,0.0,23.59
8390,Coastal Neon Pink06' 606 Collar,Coastal,076484043505,11.59,leashesAndCollars,"Coastal Pink 18"" 601",-1.0,6.23
8391,Coastal Neon Pink04' 904 Collar,Coastal,076484322266,17.29,leashesAndCollars,Coastal Neon Pink04' 904 Colla,0.0,15.79
8394,Coastal Neon Pink06' 2906 Collar,Coastal,7648406886,25.79,leashesAndCollars,Coastal Neon Pink06' 2906 Coll,0.0,23.59
8395,"Coastal Black14"" 4201 Collar",Coastal,076484302459,12.69,leashesAndCollars,"Coastal Black14"" 4201 Collar",0.0,11.59
8398,"Coastal Black12"" Buck Collar",Coastal,076484269387,7.69,leashesAndCollars,Sublime Collar Med Palm Tree,0.0,11.79
8400,"Coastal Black14"" 401 Collar",Coastal,076484401367,6.19,leashesAndCollars,"Coastal Blue 16"" 401 Collar",-1.0,5.59
8401,"Coastal Black16"" 401 Collar",Coastal,076484322242,6.19,leashesAndCollars,"Coastal Black16"" 401 Collar",0.0,5.59
8402,"Coastal Black14"" Buck Collar",Coastal,076484086304,8.79,leashesAndCollars,"Coastal Black14"" Buck Collar",0.0,8.31
8403,"Coastal Black14"" Martingale Collar",Coastal,076484088704,15.29,leashesAndCollars,"Coastal Black14"" Martingale Co",0.0,13.99
8404,"Coastal Black16"" 601 Collar",Coastal,076484043307,6.49,leashesAndCollars,"Coastal Purple16"" 601 Collar",0.0,6.19
8405,"Coastal Black18"" 601 Collar",Coastal,076484043505,6.49,leashesAndCollars,"Coastal Pink 18"" 601",-1.0,6.23
8406,"Authorized Dealer Exclusive Styles Dog Collar, Dinosaurs, Medium - 1"" x 14""-20""",Coastal,076484693526,11.99,leashesAndCollars,Coastal Styles Collar Med Dinsaur,0.0,10.99
8408,"Coastal Black18"" 901 Collar",Coastal,076484012907,10.39,leashesAndCollars,"Coastal Blue 18"" 2901 Collar",0.0,11.99
8409,"Coastal Black20"" 901 Collar",Coastal,076484012914,10.39,leashesAndCollars,"Coastal Orange 20"" 2901 Collar",0.0,9.89
8410,"Coastal Black20"" Buck Collar",Coastal,076484086328,11.59,leashesAndCollars,"Coastal Black20"" Buck Collar",0.0,10.59
8411,"Coastal Black20"" Martingale Collar",Coastal,076484088728,19.89,leashesAndCollars,"Coastal Black20"" Martingale Co",0.0,18.19
8412,"Coastal Black20"" 2901 Collar",Coastal,076484290107,13.09,leashesAndCollars,"Coastal Black20"" 2901 Collar",0.0,11.99
8416,"Coastal Black26"" Martingale Collar",Coastal,076484088735,20.69,leashesAndCollars,"Coastal Black26"" Martingale Co",0.0,18.89
8417,Coastal Black06' 606 Leash,Coastal,015561237802,11.59,leashesAndCollars,Exo Terra Swamp 50W,0.0,24.14
8418,Coastal Black04' 404 Leash,Coastal,076484040409,8.79,leashesAndCollars,Coastal Black04' 404 Leash,0.0,8.31
8419,Coastal Black06' 406 Leash,Coastal,076484040606,10.49,leashesAndCollars,Coastal Blue 6' 406 Leash,0.0,9.59
8420,Coastal Black04' 604 Leash,Coastal,076484060409,9.89,leashesAndCollars,Coastal Black04' 604 Leash,0.0,8.99
8421,"Coastal® Single-Ply Dog Leash, Black, Medium - 3/4"" x 6'",Coastal,076484044205,11.99,leashesAndCollars,Coastal Black06' 606 Leash,-1.0,10.99
8422,Coastal Black06' 906 Leash,Coastal,076484090609,20.09,leashesAndCollars,Coastal Black06' 2906 Leash,0.0,23.59
8423,Coastal Black06' 2906 Leash,Coastal,076484090609,25.79,leashesAndCollars,Coastal Black06' 2906 Leash,0.0,23.59
8425,"Coastal Purple14"" 401 Collar",Coastal,076484693526,6.19,leashesAndCollars,Coastal Styles Collar Med Dinsaur,0.0,10.99
8427,"Coastal Purple12"" 401 Collar",Coastal,076484041125,6.19,leashesAndCollars,"Coastal Purple12"" 401 Collar",0.0,5.59
8428,"Coastal Purple10"" 301 Collar",Coastal,050005832560,5.19,leashesAndCollars,"Coastal Purple10"" 301 Collar",0.0,4.69
8429,"Coastal Purple12"" 301 Collar",Coastal,076484693489,5.19,leashesAndCollars,"Coastal Purple12"" 301 Collar",0.0,4.69
8430,"Coastal Purple12"" Buck Collar",Coastal,7648404699,7.69,leashesAndCollars,"Coastal Purple12"" Buck Collar",0.0,7.27
8432,"Coastal Purple14"" Martingale Collar",Coastal,076484693526,15.29,leashesAndCollars,Coastal Styles Collar Med Dinsaur,0.0,10.99
8433,"Coastal Purple18"" 601 Collar",Coastal,076484043505,6.79,leashesAndCollars,"Coastal Pink 18"" 601",-1.0,6.23
8434,"Coastal Purple16"" 601 Collar",Coastal,076484043307,6.79,leashesAndCollars,"Coastal Purple16"" 601 Collar",0.0,6.19
8435,"Coastal Purple20"" 61601 Buc Collar",Coastal,7648461604,9.99,leashesAndCollars,"Coastal Purple20"" 61601 Buc Co",0.0,9.09
8437,"Coastal Purple18"" 901 Collar",Coastal,076484012907,10.39,leashesAndCollars,"Coastal Blue 18"" 2901 Collar",0.0,11.99
8438,"Coastal Purple20"" 901 Collar",Coastal,076484012914,10.39,leashesAndCollars,"Coastal Orange 20"" 2901 Collar",0.0,9.89
8439,"Coastal Purple20"" Buck Collar",Coastal,7648404720,11.59,leashesAndCollars,"Coastal Purple26"" Buck Collar",0.0,10.59
8440,"Coastal Purple20"" Martingale Collar",Coastal,076484693526,19.89,leashesAndCollars,Coastal Styles Collar Med Dinsaur,0.0,10.99
8441,"Coastal Purple26"" 2901 Collar",Coastal,076484693526,11.99,leashesAndCollars,Coastal Styles Collar Med Dinsaur,0.0,10.99
8442,"Coastal Purple24"" 2901 Collar",Coastal,076484693526,12.49,leashesAndCollars,Coastal Styles Collar Med Dinsaur,0.0,10.99
8443,"Coastal Purple22"" 2901 Collar",Coastal,076484693526,13.09,leashesAndCollars,Coastal Styles Collar Med Dinsaur,0.0,10.99
8444,"Coastal Purple20"" 2901 Collar",Coastal,076484012914,11.29,leashesAndCollars,"Coastal Orange 20"" 2901 Collar",0.0,9.89
8445,"Coastal Purple26"" Buck Collar",Coastal,7648404720,11.59,leashesAndCollars,"Coastal Purple26"" Buck Collar",0.0,10.59
8446,"Coastal Purple26"" Martingale Collar",Coastal,076484693526,20.69,leashesAndCollars,Coastal Styles Collar Med Dinsaur,0.0,10.99
8455,"Coastal Pink Bright12"" Buck Collar",Coastal,7648406307,7.69,leashesAndCollars,"Coastal Pink Bright12"" Buck Co",0.0,7.27
8456,"Coastal Pink Bright12"" 301 Collar",Coastal,7648440135,5.19,leashesAndCollars,"Coastal Pink Bright12"" 401 Col",0.0,5.59
8457,"Coastal Pink Bright10"" 301 Collar",Coastal,076484774050,5.19,leashesAndCollars,"Coastal Pink Bright14"" Marting",0.0,13.99
8458,"Coastal Pink Bright12"" 401 Collar",Coastal,7648440135,6.19,leashesAndCollars,"Coastal Pink Bright12"" 401 Col",0.0,5.59
8459,"Coastal Pink Bright16"" 401 Collar",Coastal,076484410024,6.19,leashesAndCollars,"Coastal Pink Bright16"" 401 Col",0.0,5.59
8461,"Coastal Blue 12"" Buck Collar",Coastal,076484467394,7.69,leashesAndCollars,"Coastal Blue 12"" Buck Collar",0.0,7.27
8462,"Coastal Blue 10"" 301 Collar",Coastal,076484301025,5.19,leashesAndCollars,"Coastal Blue 10"" 301 Collar",0.0,4.69
8464,"LazerBrite® Patterned Reflective Collar, Blue Multi Bone, X Small - 3/8"" x 8""-12""",Coastal,076484633119,6.19,leashesAndCollars,"Coastal Blue 12"" 401 Collar",0.0,5.59
8466,"Coastal Blue 16"" 401 Collar",Coastal,076484401367,6.19,leashesAndCollars,"Coastal Blue 16"" 401 Collar",-1.0,5.59
8467,"Coastal Pink Bright14"" Buck Collar",Coastal,7648464010,8.79,leashesAndCollars,"Coastal Pink Bright14"" Buck Co",0.0,8.31
8468,"Coastal Pink Bright20"" Buck Collar",Coastal,7648406603,8.59,leashesAndCollars,"Coastal Orange 20"" Buck Collar",0.0,16.09
8469,"Coastal Pink Bright26"" Buck Collar",Coastal,7648406603,10.19,leashesAndCollars,"Coastal Orange 20"" Buck Collar",0.0,16.09
8470,"Coastal Pink Bright14"" Martingale Collar",Coastal,076484774050,15.29,leashesAndCollars,"Coastal Pink Bright14"" Marting",0.0,13.99
8471,"Coastal Pink Bright20"" Martingale Collar",Coastal,076484769733,11.69,leashesAndCollars,Coadtal Woods & Water Collar Med,0.0,10.69
8473,"Coastal Blue 14"" Buck Collar",Coastal,076484085604,8.79,leashesAndCollars,"Coastal Blue 14"" Buck Collar",0.0,8.31
8474,"Coastal Blue 20"" Buck Collar",Coastal,076484085628,8.59,leashesAndCollars,"Coastal Blue 20"" Buck Collar",0.0,7.79
8475,"Coastal Blue 26"" Buck Collar",Coastal,076484085635,10.19,leashesAndCollars,"Coastal Blue 26"" Buck Collar",0.0,9.29
8476,"Coastal Blue 14"" Martingale Collar",Coastal,076484668302,15.29,leashesAndCollars,Comfort Soft Wrap Harness Blue Sm,0.0,20.99
8480,"Coastal Pink Bright24"" 2901 Collar",Coastal,076484129162,13.09,leashesAndCollars,"Coastal Pink Bright24"" 2901 Co",0.0,11.99
8481,"Coastal Pink Bright22"" 2901 Collar",Coastal,7648402905,13.09,leashesAndCollars,"Coastal Pink Bright22"" 2901 Co",0.0,11.99
8482,"Coastal Pink Bright18"" 2901 Collar",Coastal,076484012907,6.79,leashesAndCollars,"Coastal Blue 18"" 2901 Collar",0.0,11.99
8483,"Coastal Pink Bright20"" 2901 Collar",Coastal,076484012914,13.09,leashesAndCollars,"Coastal Orange 20"" 2901 Collar",0.0,9.89
8484,"Coastal Blue 18"" 2901 Collar",Coastal,076484012907,13.09,leashesAndCollars,"Coastal Blue 18"" 2901 Collar",0.0,11.99
8485,"Coastal Blue 20"" 2901 Collar",Coastal,076484290138,13.09,leashesAndCollars,"Coastal Blue 20"" 2901 Collar",0.0,11.99
8486,"Coastal Blue 22"" 2901 Collar",Coastal,076484290121,12.49,leashesAndCollars,"Coastal Blue 22"" 2901 Collar",0.0,11.39
8487,"Coastal Blue 24"" 2901 Collar",Coastal,076484290114,10.59,leashesAndCollars,"Coastal Blue 24"" 2901 Collar",0.0,9.69
8489,Coastal Pink Bright4' 306 Leash,Coastal,076484801770,10.59,leashesAndCollars,Coastal Pink Bright4' 306 Leas,0.0,9.69
8490,Coastal Pink Bright4' 404 Leash,Coastal,7648440411,8.79,leashesAndCollars,Coastal Pink Bright4' 404 Leas,0.0,8.31
8491,Coasta; Pkb6' 406 Leash,Coastal,076484406034,10.49,leashesAndCollars,Coasta; Pkb6' 406 Leash,-1.0,9.59
8493,Coastal Pink Bright6' 2906 Leash,Coastal,7648402901,25.79,leashesAndCollars,Coastal Pink Bright6' 2906 Lea,0.0,23.59
8494,Coastal Blue 4' 304 Leash,Coastal,076484030409,6.69,leashesAndCollars,Coastal Blue 4' 304 Leash,0.0,6.09
8495,Coastal Blue 4' 404 Leash,Coastal,076484404115,8.79,leashesAndCollars,Coastal Blue 4' 404 Leash,0.0,8.31
8496,Coastal Blue 6' 406 Leash,Coastal,076484040606,10.49,leashesAndCollars,Coastal Blue 6' 406 Leash,0.0,9.59
8497,Coastal Blue 6' 2904 Leash,Coastal,076484290409,21.79,leashesAndCollars,Coastal Blue 6' 2904 Leash,0.0,19.99
8499,Coastal Pink Bright38 Harness,Coastal,076484634628,29.29,leashesAndCollars,Coastal Charm Skz18,-1.0,24.49
8504,Coastal Lime 38 Harness,Coastal,076484638039,28.89,leashesAndCollars,Comfort Soft Sport Wrap Harness Pink XXXS,0.0,13.99
8505,Coastal Neon Pink38 Harness,Coastal,076484634628,28.89,leashesAndCollars,Coastal Charm Skz18,-1.0,24.49
8506,Coastal Black38 Harness,Coastal,076484906953,28.89,leashesAndCollars,Coastal Black38 Harness,0.0,26.49
8508,"Comfort Soft® Wrap Adjustable Dog Harness, Orchid, XX-Small - 3/8"" x 14""-16"" | 5-7 lb",Coastal,076484630873,18.59,leashesAndCollars,Coastal Blue 38 Harness Purple XS,0.0,16.99
8509,Coastal Pink Bright30 Harness,Coastal,076484634628,21.29,leashesAndCollars,Coastal Charm Skz18,-1.0,24.49
8510,Coastal Lime 30 Harness,Coastal,076484634628,21.39,leashesAndCollars,Coastal Charm Skz18,-1.0,24.49
8512,Coastal Blue30 Harness,Coastal,076484634598,19.69,leashesAndCollars,Harness,0.0,12.09
8513,Coastal Orange 30 Harness,Coastal,076484634628,21.79,leashesAndCollars,Coastal Charm Skz18,-1.0,24.49
8514,Coastal Hunter30 Harness,Coastal,076484445613,21.39,leashesAndCollars,Coastal Hunter30 Harness,0.0,19.59
8516,Coastal Pink30 Harness,Coastal,076484069338,21.39,leashesAndCollars,Coastal Comfort Wrap Harness Lrg Blaack,0.0,26.49
8517,Coastal Blue 30 Harness,Coastal,076484044045,20.89,leashesAndCollars,Coastal Blue 30 Harness,0.0,19.09
8518,Coastal Neon Pink18 Harness,Coastal,076484035500,14.19,leashesAndCollars,Coastal Neon Pink leash 6' 406,0.0,9.99
8519,"Comfort Soft® Sport Wrap Adjustable Dog Harness, Grey with Red, X-Small - 5/8"" x 16""-19"" | 7-10 lb",Coastal,076484648021,25.09,leashesAndCollars,Comfort Soft Sport Wrap Harness Red XS,0.0,22.99
8522,Coastal Blue 24 Harness,Coastal,076484633607,17.09,leashesAndCollars,Coastal Blue 24 Harness,0.0,15.59
8526,Coastal Red24 Harness,Coastal,076484265136,17.09,leashesAndCollars,Coastal Red24 Harness,0.0,15.59
8528,Coastal Pink18 Harness,Coastal,076484564536,14.19,leashesAndCollars,Coastal Pink18 Harness,0.0,12.99
8529,Coastal Pink Bright24 Harness,Coastal,076484634628,17.09,leashesAndCollars,Coastal Charm Skz18,-1.0,24.49
8531,Coastal Neon Pink24 Harness,Coastal,076484044069,17.09,leashesAndCollars,Coastal Comfort Wrap Harness XS Pink,-1.0,12.99
8534,Coastal Blue 18 Harness,Coastal,076484564529,14.19,leashesAndCollars,Coastal K9 Explorer Harness XS Blue,0.0,34.19
8538,Coastal Red18 Harness,Coastal,076484041207,15.69,leashesAndCollars,Coastal Red18 Harness,0.0,14.39
8540,"Coastal Lime 10"" 301 Collar",Coastal,076484992148,10.89,leashesAndCollars,Coastal Water & Woods Collar Sm,-1.0,9.99
8541,"Coastal Lime 12"" 301 Collar",Coastal,076484345320,5.19,leashesAndCollars,"Coastal Lime 12"" 301 Collar",0.0,4.69
8542,"Coastal Lime 12"" 401 Collar",Coastal,076484269370,6.19,leashesAndCollars,Sublime Collar Med Yellow Stripes,0.0,11.79
8544,"Coastal Lime 16"" 401 Collar",Coastal,7648403919,5.79,leashesAndCollars,"Coastal Orange 10"" 301 Collar",0.0,3.79
8545,"Coastal Orange 10"" 301 Collar",Coastal,7648403919,4.19,leashesAndCollars,"Coastal Orange 10"" 301 Collar",0.0,3.79
8546,"Coastal Orange 12"" 301 Collar",Coastal,076484301063,5.19,leashesAndCollars,Coastal Collar Sog12,0.0,9.49
8547,"Coastal Orange 12"" 401 Collar",Coastal,076484345353,6.19,leashesAndCollars,"Coastal Orange 12"" 401 Collar",0.0,5.59
8549,"Coastal Orange 16"" 401 Collar",Coastal,076484964584,5.19,leashesAndCollars,"Coastal Orange 16"" 401 Collar",0.0,4.69
8552,"Coastal Lim20"" Buck Collar",Coastal,076484693526,9.99,leashesAndCollars,Coastal Styles Collar Med Dinsaur,0.0,10.99
8553,"Coastal Lim26"" Buck Collar",Coastal,076484614200,12.29,leashesAndCollars,"Coastal Lim26"" Buck Collar",0.0,11.19
8555,"Coastal Lime 20"" Buck Collar",Coastal,7648461985,16.69,leashesAndCollars,"Coastal Orange 14"" Buck Collar",0.0,7.69
8556,"Coastal Lime 26"" Buck Collar",Coastal,7648406461,16.59,leashesAndCollars,"Coastal Orange 26"" 2901 Collar",0.0,9.89
8557,"Coastal Ord14"" Buck Collar",Coastal,076484693526,15.29,leashesAndCollars,Coastal Styles Collar Med Dinsaur,0.0,10.99
8558,"Coastal Orange 20"" Buck Collar",Coastal,7648406603,17.59,leashesAndCollars,"Coastal Orange 20"" Buck Collar",0.0,16.09
8559,"Coastal Orange 14"" Buck Collar",Coastal,7648461985,8.39,leashesAndCollars,"Coastal Orange 14"" Buck Collar",0.0,7.69
8560,"Coastal Orange 26"" Buck Collar",Coastal,7648406461,11.19,leashesAndCollars,"Coastal Orange 26"" 2901 Collar",0.0,9.89
8561,"Coastal Lime 26"" 2901 Collar",Coastal,7648406441,10.59,leashesAndCollars,"Coastal Orange 24"" 2901 Collar",0.0,11.39
8562,"Coastal Lime 24"" 2901 Collar",Coastal,076484964560,12.49,leashesAndCollars,"Coastal Lime 24"" 2901 Collar",0.0,11.39
8563,"Coastal Lime 22"" 2901 Collar",Coastal,076484262449,12.49,leashesAndCollars,"Coastal Lime 22"" 2901 Collar",-1.0,11.39
8564,"Coastal Lime 18"" 601 Collar",Coastal,076484043505,6.49,leashesAndCollars,"Coastal Pink 18"" 601",-1.0,6.23
8565,"Coastal Lime 20"" 2901 Collar",Coastal,076484012914,13.09,leashesAndCollars,"Coastal Orange 20"" 2901 Collar",0.0,9.89
8566,"Coastal Orange 20"" 2901 Collar",Coastal,076484012914,10.79,leashesAndCollars,"Coastal Orange 20"" 2901 Collar",0.0,9.89
8567,"Coastal Orange 24"" 2901 Collar",Coastal,7648406441,12.49,leashesAndCollars,"Coastal Orange 24"" 2901 Collar",0.0,11.39
8568,"Coastal Orange 26"" 2901 Collar",Coastal,7648406461,10.79,leashesAndCollars,"Coastal Orange 26"" 2901 Collar",0.0,9.89
8570,"Coastal Orange 18"" 601 Collar",Coastal,076484043505,6.49,leashesAndCollars,"Coastal Pink 18"" 601",-1.0,6.23
8571,Coastal Lime 6' 306 Leash,Coastal,7648463454,7.39,leashesAndCollars,Coastal Lime Extra Extra Small,0.0,11.99
8572,Coastal Lime 6' 404 Leash,Coastal,076484040481,8.79,leashesAndCollars,Coastal Lime 6' 404 Leash,0.0,8.31
8574,Coastal Lime 6' 2906 Leash,Coastal,076484209802,22.19,leashesAndCollars,Coastal Lime 6' 2906 Leash,0.0,20.29
8575,Coastal Orange 6' 404 Leash,Coastal,076484040498,8.79,leashesAndCollars,Coastal Orange 6' 404 Leash,-1.0,8.31
8580,"K9 Explorer ® Brights Reflective Front-Connect Harness, Lake, X-Small - 5/8"" x 12""-18"" | 5-10 lb",Coastal,076484564529,37.29,leashesAndCollars,Coastal K9 Explorer Harness XS Blue,0.0,34.19
8581,Coastal Blue Small Pwrwalker,Coastal,076484668302,39.29,leashesAndCollars,Comfort Soft Wrap Harness Blue Sm,0.0,20.99
8582,"Comfort Soft® Wrap Adjustable Dog Harness, Blue, XX-Small - 3/8"" x 14""-16"" | 5-7 lb",Coastal,076484630842,18.59,leashesAndCollars,Coastal Lime Extra Small Harne,0.0,16.99
8583,"Power Walker® Dog Retractable Leash, Black, Up to 110 lbs - Large",Coastal,076484088049,53.49,leashesAndCollars,Power Walker Lrg Black,0.0,49.99
8588,Coastal Pink Small Pwrwalker,Coastal,076484648267,40.39,leashesAndCollars,Comfort Soft Reflective Wrap Harness Pink Sm,0.0,30.99
8590,"Comfort Soft® Reflective Wrap Adjustable Dog Harness, Neon Pink, Medium - 3/4"" x 22""-28"" | 19-50 lb",Coastal,076484668630,40.39,leashesAndCollars,Reflective Harrness M Pink,0.0,36.99
8592,"Coastal Raf20"" Collar",Coastal,076484769962,15.09,leashesAndCollars,Coastal Water & Woods Collar Med,0.0,14.29
8608,"Coastal Bzs12"" Collar",Coastal,076484850219,11.99,leashesAndCollars,"Coastal Bzs12"" Collar",0.0,10.99
8612,Coastal Raf06' Leash,Coastal,015561237802,18.29,leashesAndCollars,Exo Terra Swamp 50W,0.0,24.14
8614,Coastal Shb06' Leash,Coastal,009631609627,18.29,leashesAndCollars,Coastal Des06' Leash,0.0,24.09
8616,Coastal Mlm06' Leash,Coastal,009631609627,18.29,leashesAndCollars,Coastal Des06' Leash,0.0,24.09
8618,Coastal Bzs06' Leash,Coastal,009631609627,18.29,leashesAndCollars,Coastal Des06' Leash,0.0,24.09
8620,Coastal Dgm06' Leash,Coastal,009631609627,18.29,leashesAndCollars,Coastal Des06' Leash,0.0,24.09
8621,Coastal Dgm06' Leash,Coastal,076484209857,24.19,leashesAndCollars,Coastal Dgm06' Leash,0.0,22.19
8624,Coastal Black Large Harness,Coastal,076484663949,45.29,leashesAndCollars,Coastal Black Large Harness,0.0,41.49
8625,Coastal Solid Large Harness,Coastal,076484634628,46.49,leashesAndCollars,Coastal Charm Skz18,-1.0,24.49
8628,Coastal Blue Extra Large Harness,Coastal,076484664960,46.49,leashesAndCollars,Coastal Blue Extra Large Harne,0.0,42.59
8629,Coastal Gray Purple Large Harness,Coastal,7648469864,43.39,leashesAndCollars,Coastal Gray Purple Large Harn,0.0,39.79
8630,Coastal Gray Red Large Harness,Coastal,076484003486,43.39,leashesAndCollars,Coastal Charm Red18 Com,0.0,18.59
8633,Coastal Gray Pink Extra Extra Small Harness,Coastal,7648464864,14.29,leashesAndCollars,Coastal Gray Purple Extra Smal,0.0,20.19
8635,Coastal Lime Large Harness,Coastal,076484634628,42.79,leashesAndCollars,Coastal Charm Skz18,-1.0,24.49
8636,Coastal Orange Large Harness,Coastal,076484634628,42.79,leashesAndCollars,Coastal Charm Skz18,-1.0,24.49
8638,Coastal Cyn30 Harness,Coastal,076484265112,50.99,leashesAndCollars,Sublime Reversable Pink XS,0.0,24.99
8643,Coastal Black Medium Harness,Coastal,076484890536,42.99,leashesAndCollars,Coastal Black Medium Harness,0.0,39.39
8644,Coastal Purple Medium Harness,Coastal,076484634628,42.99,leashesAndCollars,Coastal Charm Skz18,-1.0,24.49
8646,Coastal Gray Blue Medium Harness,Coastal,7648463801,38.69,leashesAndCollars,Coastal Gray Blue 3xs Harness,0.0,12.69
8647,Coastal Gray Purple Medium Harness,Coastal,7648464864,38.69,leashesAndCollars,Coastal Gray Purple Extra Smal,0.0,20.19
8648,Coastal Gray Red Medium Harness,Coastal,076484003486,37.79,leashesAndCollars,Coastal Charm Red18 Com,0.0,18.59
8649,Coastal Gray Pink Medium Hrnss,Coastal,076484864843,38.69,leashesAndCollars,Coastal Gray Pink Medium Hrnss,0.0,35.49
8650,Coastal Gray Blue 3xs Harness,Coastal,7648463801,13.89,leashesAndCollars,Coastal Gray Blue 3xs Harness,0.0,12.69
8652,Coastal Gray Red 3xs Harness,Coastal,076484003486,14.29,leashesAndCollars,Coastal Charm Red18 Com,0.0,18.59
8653,Coastal Lime Medium Harness,Coastal,076484634628,35.69,leashesAndCollars,Coastal Charm Skz18,-1.0,24.49
8656,Coastal Orange Medium Harness,Coastal,076484634628,37.09,leashesAndCollars,Coastal Charm Skz18,-1.0,24.49
8658,"Comfort Soft® Wrap Adjustable Dog Harness, Orchid, XXX-Small - 3/8"" x 11""-13"" | Under 5 lb",Coastal,076484062858,15.29,leashesAndCollars,"Coastal Mdw24"" Harness",0.0,13.99
8662,Coastal Black Small Harness,Coastal,076484663918,34.59,leashesAndCollars,Coastal Black White Stripe Ext,0.0,23.19
8666,Coastal Gray Blue Small Harness,Coastal,7648464805,20.89,leashesAndCollars,Coastal Solid Extra Small Harn,0.0,31.69
8667,"Comfort Soft® Wrap Adjustable Dog Harness, Pink Bright, Small - 5/8"" x 19""-23"" | 11-18 lb",Coastal,076484668319,26.19,leashesAndCollars,Coastal Gray Purple Small Harn,0.0,23.99
8668,Coastal Gray Red Small Harness,Coastal,076484003486,24.99,leashesAndCollars,Coastal Charm Red18 Com,0.0,18.59
8674,Coastal Pink Bright Small Harness,Coastal,76484163272,22.89,leashesAndCollars,Coastal Pink Bright Small Harn,0.0,20.99
8677,Coastal Solid Extra Small Harness,Coastal,7648464805,34.59,leashesAndCollars,Coastal Solid Extra Small Harn,0.0,31.69
8678,Coastal Purple Extra Small Harness,Coastal,7648463087,34.59,leashesAndCollars,Coastal Purple Extra Small Har,0.0,31.69
8679,Coastal Black Extra Small Harness,Coastal,076484663918,35.49,leashesAndCollars,Coastal Black White Stripe Ext,0.0,23.19
8680,Coastal Blue Extra Small Harness,Coastal,076484664908,35.99,leashesAndCollars,Coastal Blue Extra Extra Small,0.0,11.99
8681,Coastal Lime Extra Small Harness,Coastal,076484630842,35.49,leashesAndCollars,Coastal Lime Extra Small Harne,0.0,16.99
8683,Coastal Gray Blue Extra Small Harness,Coastal,076484664908,22.09,leashesAndCollars,Coastal Blue Extra Extra Small,0.0,11.99
8684,Coastal Gray Purple Extra Small Harness,Coastal,7648464864,22.09,leashesAndCollars,Coastal Gray Purple Extra Smal,0.0,20.19
8685,Coastal Gray Red Extra Small Harness,Coastal,076484638657,22.09,leashesAndCollars,Coastal Gray Red Extra Small H,0.0,20.19
8687,Coastal Lime 3xs Harness,Coastal,076484638398,11.99,leashesAndCollars,Coastal Lime 3xs Harness,0.0,10.99
8688,Coastal Pink Bright3xs Harness,Coastal,076484634628,12.79,leashesAndCollars,Coastal Charm Skz18,-1.0,24.49
8689,Coastal Lime Extra Extra Small Harness,Coastal,7648463454,13.09,leashesAndCollars,Coastal Lime Extra Extra Small,0.0,11.99
8690,Coastal Gray Blue Extra Extra Small Harness,Coastal,076484664908,14.29,leashesAndCollars,Coastal Blue Extra Extra Small,0.0,11.99
8691,Coastal Blue Extra Extra Small Harness,Coastal,076484664908,13.09,leashesAndCollars,Coastal Blue Extra Extra Small,0.0,11.99
8697,Coastal Rainbow Medium Harness,Coastal,076484634628,34.29,leashesAndCollars,Coastal Charm Skz18,-1.0,24.49
8702,"Comfort Soft® Reflective Wrap Adjustable Dog Harness, Neon Pink, Small - 5/8"" x 19""-23"" | 11-18 lb",Coastal,076484648267,33.79,leashesAndCollars,Comfort Soft Reflective Wrap Harness Pink Sm,0.0,30.99
8703,Coastal Pink Teal Extra Extra Small Harness,Coastal,7648464699,25.29,leashesAndCollars,Coastal Pink Teal Extra Extra,0.0,23.19
8705,Coastal Sunflower Extra Small Harness,Coastal,7648426515,25.09,leashesAndCollars,Coastal Sunflower Extra Small,0.0,22.99
8706,Coastal Sunflower Extra Extra Small Harness,Coastal,7648426415,25.29,leashesAndCollars,Coastal Sunflower Extra Extra,0.0,23.19
8708,Coastal Black White Stripe Small Harness,Coastal,076484663918,34.29,leashesAndCollars,Coastal Black White Stripe Ext,0.0,23.19
8709,Coastal Black White Stripe Extra Small Harness,Coastal,076484663918,25.29,leashesAndCollars,Coastal Black White Stripe Ext,0.0,23.19
8710,Coastal Black White Stripe Extra Extra Small Harness,Coastal,076484663918,25.29,leashesAndCollars,Coastal Black White Stripe Ext,0.0,23.19
8711,Coastal Snake Print Medium Harness,Coastal,7648540926,34.29,leashesAndCollars,Coastal Snake Print Medium Har,0.0,31.39
8713,Coastal Snake Print Extra Small Harness,Coastal,7648540916,25.29,leashesAndCollars,Coastal Snake Print Extra Smal,0.0,23.19
8714,Coastal Snake Print Extra Extra Small Harness,Coastal,7648540906,25.29,leashesAndCollars,Coastal Snake Print Extra Extr,0.0,23.19
8715,Coastal Solid Medium Harness,Coastal,076484634628,34.29,leashesAndCollars,Coastal Charm Skz18,-1.0,24.49
8718,"Coastal Pkt26"" Collar",Coastal,076484626609,17.89,leashesAndCollars,"Coastal Pkt26"" Collar",0.0,16.39
8722,"Coastal Rbg26"" Collar",Coastal,076484129186,17.89,leashesAndCollars,"Coastal Rbg26"" Collar",0.0,16.39
8723,"Coastal Snp26"" Collar",Coastal,076484560026,17.89,leashesAndCollars,"Coastal Snp26"" Collar",0.0,16.39
8726,"Coastal Black White Stripe 12"" Collar",Coastal,076484129117,10.89,leashesAndCollars,"Coastal Black White Stripe 12""",-1.0,9.99
8733,"Coastal Sls12"" Collar",Coastal,076484471032,10.89,leashesAndCollars,"Coastal Sls12"" Collar",0.0,9.99
8735,"Coastal Snp12"" Collar",Coastal,076484364624,10.89,leashesAndCollars,K9 Explorer Collar XS Red,-1.0,12.39
8738,Coastal Suf06' Leash,Coastal,076484129476,20.89,leashesAndCollars,Coastal Suf06' Leash,-1.0,19.09
8740,Coastal Rbg06' Leash,Coastal,076484954221,20.89,leashesAndCollars,Coastal Rbg06' Leash,0.0,19.09
8741,Coastal Snp06' Leash,Coastal,076484204661,20.89,leashesAndCollars,Coastal Leash Btd06' 466,0.0,13.79
8751,"Coastal Mtn26"" Collar",Coastal,076484623400,23.89,leashesAndCollars,"Coastal Mtn26"" Collar",0.0,21.89
8753,"Coastal Cyn14"" Collar",Coastal,076484954146,17.49,leashesAndCollars,Coastal Inspire Collar Med,0.0,13.79
8758,"Coastal Mdw12"" Collar",Coastal,076484471025,16.89,leashesAndCollars,"Coastal Mdw12"" Collar",0.0,15.49
8760,"Coastal Mtn12"" Collar",Coastal,076484351024,16.89,leashesAndCollars,Coastal Extra Small Aliens12 C,0.0,7.69
8762,Coastal Cyn06' Leash,Coastal,009631609627,27.59,leashesAndCollars,Coastal Des06' Leash,0.0,24.09
8765,Coastal Oce06' Leash,Coastal,076484633638,28.19,leashesAndCollars,Coastal Oce06' Leash,0.0,25.79
8766,Coastal Des06' Leash,Coastal,009631609627,26.29,leashesAndCollars,Coastal Des06' Leash,0.0,24.09
8767,Coastal Des06' Leash,Coastal,076484079203,28.19,leashesAndCollars,Coastal Des06' Leash,0.0,25.79
8768,Coastal Mdw06' Leash,Coastal,076484886626,27.59,leashesAndCollars,Coastal Mdw06' Leash,0.0,25.29
8769,Coastal Mdw06' Leash,Coastal,076484305656,28.99,leashesAndCollars,Coastal Mdw06' Leash,0.0,26.59
8770,Coastal Mtn06' Leash,Coastal,076484305663,27.59,leashesAndCollars,Coastal Mtn06' Leash,0.0,25.29
8771,Coastal Mtn06' Leash,Coastal,076484892608,27.59,leashesAndCollars,Coastal Woods & Water Leash 6',0.0,17.99
8772,"Coastal Fsa38"" Soy Harness",Coastal,008317859341,35.49,leashesAndCollars,"Coastal Fsa38"" Soy Harness",0.0,32.49
8773,"Coastal Sla30"" Soy Harness",Coastal,001556121993,29.79,leashesAndCollars,"Coastal Sla30"" Soy Harness",0.0,27.29
8774,"Coastal Sla38"" Soy Harness",Coastal,076484149542,39.19,leashesAndCollars,New Earth Harness Lrg Blue,0.0,35.89
8777,"Coastal Ony30"" Soy Harness",Coastal,076484689309,30.59,leashesAndCollars,"Coastal Ony30"" Soy Harness",0.0,27.99
8778,"Coastal Ony38"" Soy Harness",Coastal,008436993140,39.19,leashesAndCollars,"Coastal Ony38"" Soy Harness",0.0,35.89
8784,"Coastal Crn24"" Harness",Coastal,076484698330,43.89,leashesAndCollars,Comfort Soft Wrap Harness Lrg Pink,0.0,40.19
8785,"Coastal Ony18"" Harness",Coastal,076484564505,16.49,leashesAndCollars,K9 Explorer Harness Red XS,0.0,29.09
8786,"Coastal Ony24"" Harness",Coastal,076484265143,24.89,leashesAndCollars,"Coastal Ony24"" Harness",0.0,22.79
8787,"Coastal Fsa08"" Soy Collar",Coastal,076484693526,8.79,leashesAndCollars,Coastal Styles Collar Med Dinsaur,0.0,10.99
8788,"Coastal Fsa12"" Soy Collar",Coastal,076484146015,10.29,leashesAndCollars,New Earth Collar S/M Red,0.0,10.89
8789,"Coastal Fsa18"" Soy Collar",Coastal,076484693526,11.89,leashesAndCollars,Coastal Styles Collar Med Dinsaur,0.0,10.99
8790,"Coastal Sla08"" Soy Collar",Coastal,076484774027,8.79,leashesAndCollars,Coastal Collar Pdt12,0.0,8.31
8791,Coastal Sla12' Soy Collar,Coastal,076484693526,10.29,leashesAndCollars,Coastal Styles Collar Med Dinsaur,0.0,10.99
8792,"Coastal Sla18"" Soy Collar",Coastal,076484954153,11.39,leashesAndCollars,Coastal Inspire Collar Lrg,0.0,13.79
8794,"Coastal Crn12"" Soy Collar",Coastal,076484693526,10.29,leashesAndCollars,Coastal Styles Collar Med Dinsaur,0.0,10.99
8796,"Coastal Ony08"" Soy Collar",Coastal,076484693526,8.79,leashesAndCollars,Coastal Styles Collar Med Dinsaur,0.0,10.99
8797,"Coastal Ony12"" Soy Collar",Coastal,076484693526,10.29,leashesAndCollars,Coastal Styles Collar Med Dinsaur,0.0,10.99
8798,Coastal Fsa06' Soy Leash,Coastal,076484078465,16.89,leashesAndCollars,Coastal Fsa06' Soy Leash,0.0,15.49
8806,"Coastal Crn26"" Soy Collar",Coastal,076484992261,15.69,leashesAndCollars,Coastal Woods & Water Collar Large,0.0,10.99
8810,Coastal Ww220 Collar,Coastal,009631609951,20.09,leashesAndCollars,Coastal Ww220 Collar,0.0,18.39
8811,Coastal Ww226 Collar,Coastal,076484262180,20.09,leashesAndCollars,Coastal Ww226 Collar,-1.0,11.19
8813,Coastal Ww214 Collar,Coastal,076484670374,10.19,leashesAndCollars,Coastal Cat Collar GXN12,0.0,9.99
8814,Coastal Ww414 Collar,Coastal,076484623424,10.19,leashesAndCollars,Coastal Ww414 Collar,0.0,9.29
8820,"Li'l Pals® Adjustable Breakaway Kitten Collar, Blue Shark, 5/16"" x 06""-08""",Coastal,076484672279,6.59,leashesAndCollars,Coastal Cat Collar Kitten SRK08,0.0,6.23
8824,Coastal Ww226 Collar,Coastal,076484633157,11.99,leashesAndCollars,Lazer Brite Collar Rainbow XS,0.0,8.31
8836,Coastal Cto06 Leash,Coastal,076484046568,18.09,leashesAndCollars,Coastal Cto06 Leash,0.0,16.59
8837,Coastal Ctn06 Leash,Coastal,076484209819,18.09,leashesAndCollars,Sublime Leash 6' Pink TieDye,-1.0,19.09
8838,Coastal Wwo06 Leash,Coastal,076484886603,31.59,leashesAndCollars,Coastal Wwo06 Leash,0.0,28.89
8839,Coastal Wwl06 Leash,Coastal,076484300400,33.19,leashesAndCollars,Coastal Wwl06 Leash,0.0,30.39
8840,"Coastal Blue Bone18"" Harness",Coastal,076484401336,15.59,leashesAndCollars,Lil Pals Toy,0.0,7.63
8841,"Coastal Org26"" Waterproof Collar",Coastal,076484976988,17.09,leashesAndCollars,"Coastal Org26"" Waterproof Coll",0.0,15.59
8842,"Coastal Org14"" Waterproof Collar",Coastal,076484992748,12.69,leashesAndCollars,"Coastal Org14"" Waterproof Coll",0.0,11.59
8846,"Li'l Pals® Adjustable Breakaway Kitten Collar, Camo Brown, 5/16"" x 06""-08""",Coastal,076484672200,6.59,leashesAndCollars,Coastal Lil Pals Collar,0.0,6.23
8848,"Coastal Autumn26"" Collar",Coastal,076484129100,14.99,leashesAndCollars,"Coastal Autumn26"" Collar",0.0,13.69
8849,"Coastal Fwt14"" Collar",Coastal,076484262166,12.29,leashesAndCollars,"Coastal Fwt14"" Collar",0.0,11.19
8854,"Coastal Autumn12"" Collar",Coastal,076484262432,10.89,leashesAndCollars,"Coastal Autumn12"" Collar",0.0,9.99
8855,Coastal Fwt06' 12926 Leash,Coastal,076484129452,23.49,leashesAndCollars,Coastal Fwt06' 12926 Leash,0.0,21.49
8856,Coastal Pwy06' 12626 Leash,Coastal,076484262272,19.29,leashesAndCollars,Coastal Pwy06' 12626 Leash,0.0,17.69
8857,Coastal Pwy06' 12926 Leash,Coastal,076484129445,23.49,leashesAndCollars,Coastal Pwy06' 12926 Leash,0.0,21.49
8859,Coastal Lwo06' 12926 Leash,Coastal,076484944562,23.49,leashesAndCollars,Coastal Lwo06' 12926 Leash,0.0,21.49
8860,Coastal Autumn06' 12626 Leash,Coastal,076484262296,19.29,leashesAndCollars,Coastal Autumn06' 12626 Leash,0.0,17.69
8862,"Coastal Leash Bmb06"" 46436",Coastal,7648464367,24.09,leashesAndCollars,"Coastal Leash Bmb06"" 46436",0.0,22.09
8863,Coastal Leash Bmb06' 46936,Coastal,7648469392,32.19,leashesAndCollars,Coastal Leash Bmb06' 46936,0.0,29.49
8865,Coastal Leash Hrw06' 46936,Coastal,76484994654,32.19,leashesAndCollars,Coastal 6' Pineapples 469 Leas,0.0,17.49
8867,"Coastal Leash Gxy06"" 46936",Coastal,76484994654,32.19,leashesAndCollars,Coastal 6' Pineapples 469 Leas,0.0,17.49
8868,Coastal Leash Pmf06' 46336,Coastal,009631609625,19.19,leashesAndCollars,Coastal Leash Pmf06' 46336,0.0,17.59
8869,Coastal Leash Pmf06' 46936,Coastal,76484994654,30.69,leashesAndCollars,Coastal 6' Pineapples 469 Leas,0.0,17.49
8872,Coastal Leash Bmb06' 46336,Coastal,7648469360,19.19,leashesAndCollars,Coastal Leash Bmb06' 46336,0.0,17.59
8881,"Coastal Collar Lks12""",Coastal,076484706590,8.79,leashesAndCollars,"Coastal Collar Lks12""",0.0,8.31
8882,"Coastal Collar Bmb18""",Coastal,076484162558,12.49,leashesAndCollars,"Coastal Collar Bmb18""",0.0,11.39
8887,"Coastal Collar Gxy26""",Coastal,076484560019,19.89,leashesAndCollars,"Titan Prong Collar w Latch Sm 14""",0.0,28.39
8890,"Coastal Collar Biothane Blue14""",Coastal,076484693526,15.89,leashesAndCollars,Coastal Styles Collar Med Dinsaur,0.0,10.99
8891,"Coastal Collar Biothane Org14""",Coastal,076484693526,17.99,leashesAndCollars,Coastal Styles Collar Med Dinsaur,0.0,10.99
8892,"Coastal Collar Biothane Green14""",Coastal,076484693526,16.79,leashesAndCollars,Coastal Styles Collar Med Dinsaur,0.0,10.99
8893,"Coastal Collar 14""",Coastal,076484769764,17.99,leashesAndCollars,Coastal Water & Woods Collar Med,0.0,10.69
8894,"Coastal Collar Biothane Red24""",Coastal,076484147128,19.69,leashesAndCollars,"Coastal Collar Biothane Red24""",0.0,17.99
8895,"Coastal Collar Biothane Ylw24""",Coastal,076484693526,21.09,leashesAndCollars,Coastal Styles Collar Med Dinsaur,0.0,10.99
8896,"Coastal Collar Biothane Ylw21""",Coastal,076484640100,21.09,leashesAndCollars,"Coastal Light Pink 10""-14"" 6401 Plastic",0.0,8.31
8897,"Coastal Collar Biothane Green21""",Coastal,076484693526,19.69,leashesAndCollars,Coastal Styles Collar Med Dinsaur,0.0,10.99
8898,"Coastal Collar Biothane Green24""",Coastal,076484693526,18.59,leashesAndCollars,Coastal Styles Collar Med Dinsaur,0.0,10.99
8899,"Coastal Collar Biothane Blue24""",Coastal,076484693526,21.09,leashesAndCollars,Coastal Styles Collar Med Dinsaur,0.0,10.99
8901,"Coastal Collar Nbp18""",Coastal,076484730085,19.49,leashesAndCollars,"Coastal Light Blue 10""-14"" 6401 Plastic",-1.0,8.31
8906,Coastal Leash Ppa6' 61976,Coastal,076484620096,23.59,leashesAndCollars,Coastal Leash Ppa6' 61976,0.0,21.59
8908,Coastal Leash Nbp6' 61976,Coastal,076484619595,23.59,leashesAndCollars,Coastal Leash Nbp6' 61976,-1.0,21.59
8911,Coastal Leash Ybc6' 61476,Coastal,076484009754,14.69,leashesAndCollars,Coastal 6' Llamas 969 Leash,0.0,20.49
8921,"Coastal Leash Black Bones 6""' 666",Coastal,076484166761,15.89,leashesAndCollars,"Coastal Leash Black Bones 6""'",0.0,14.49
8924,"Coastal Leash Red Bones 06""' 966",Coastal,076484166815,19.29,leashesAndCollars,"Coastal Leash Red Bones 06""' 9",0.0,17.69
8927,"Coastal Leash Black Skulls 06""' 666",Coastal,076484188060,16.39,leashesAndCollars,"Coastal Leash Black Skulls 06""",0.0,14.99
8939,"Coastal Collar Ybc12""",Coastal,076484647185,17.59,leashesAndCollars,"Coastal Collar Ybc12""",0.0,16.09
8943,Coastal Leash Btd06' 466,Coastal,076484204661,15.09,leashesAndCollars,Coastal Leash Btd06' 466,0.0,13.79
8944,"Styles Dog Leash, Wildflower, X-Small - 3/8"" x 6'",Coastal,076484036699,14.19,leashesAndCollars,Coastal Leash Wdf06 366,0.0,12.99
8946,Coastal Leash Tdp06' 366,Coastal,000011685460,13.09,leashesAndCollars,Coastal Leash Tdp06' 366,0.0,11.99
8947,Coastal Leash Tdp06' 466,Coastal,076484850684,15.09,leashesAndCollars,Coastal Leash Tdp06' 466,-1.0,10.69
8958,Coastal Leash Pdt06' 366,Coastal,076484774324,13.79,leashesAndCollars,Coastal Leash Pdt06' 366,0.0,12.59
8959,Coastal Leash Pdt06' 466,Coastal,076484774263,16.39,leashesAndCollars,Coastal Leash Pdt06' 466,0.0,14.99
8966,"Coastal Collar Csr12""",Coastal,076484632655,7.59,leashesAndCollars,"Coastal Collar Csr12""",0.0,6.89
8972,"Coastal Collar Tdp12""",Coastal,076484266515,7.59,leashesAndCollars,"Coastal Collar Tdp12""",0.0,6.89
8976,"Coastal Collar Special Paws 12""""",Coastal,076484551024,7.69,leashesAndCollars,Coastal Collar Special Paws 12,0.0,7.27
8981,"Styles Adjustable Dog Collar, Pink Dots, Small - 5/8"" x 10""-14""",Coastal,076484774058,9.89,leashesAndCollars,"Coastal Collar Pdt14""",-1.0,8.99
9001,Coastal Small Pineapples14 Collar,Coastal,076484693526,9.09,leashesAndCollars,Coastal Styles Collar Med Dinsaur,0.0,10.99
9002,Coastal Extra Small Pineapples12 Collar,Coastal,076484632648,8.39,leashesAndCollars,Coastal Small Unicorns14 Colla,0.0,8.31
9005,"Styles Adjustable Dog Collar, Bright Tie Dye, X-Small - 3/8"" x 8""-12""",Coastal,076484632648,8.79,leashesAndCollars,Coastal Small Unicorns14 Colla,0.0,8.31
9008,Coastal Extra Small Frosted Donuts12 Collar,Coastal,076484148082,8.39,leashesAndCollars,Coastal Collar Sou12,0.0,8.29
9009,Coastal Small Aliens14 Collar,Coastal,076484693526,9.09,leashesAndCollars,Coastal Styles Collar Med Dinsaur,0.0,10.99
9010,Coastal Extra Small Aliens12 Collar,Coastal,076484351024,8.39,leashesAndCollars,Coastal Extra Small Aliens12 C,0.0,7.69
9014,Coastal 6' Pineapples 469 Leash,Coastal,76484994654,19.09,leashesAndCollars,Coastal 6' Pineapples 469 Leas,0.0,17.49
9015,Coastal 6' Llamas 969 Leash,Coastal,076484009754,22.39,leashesAndCollars,Coastal 6' Llamas 969 Leash,0.0,20.49
9020,Coastal 6' Frosted Donuts 469 Leash,Coastal,076484965644,19.09,leashesAndCollars,Coastal 6' Frosted Donuts 469,0.0,17.49
9026,Coastal Medium Pineapples20 Collar,Coastal,076484693526,11.69,leashesAndCollars,Coastal Styles Collar Med Dinsaur,0.0,10.99
9028,Coastal Medium Llamas20 Collar,Coastal,076484890512,11.69,leashesAndCollars,Coastal Medium Llamas20 Collar,0.0,10.69
9036,Coastal Medium Dinosaurs20 Collar,Coastal,076484826274,11.69,leashesAndCollars,Coastal Medium Dinosaurs20 Col,0.0,10.69
9037,"Cirlce 20"" Tnv 1789s Collar",Coastal,076484178832,41.69,leashesAndCollars,"Cirlce 20"" Tnv 1789s Collar",0.0,38.19
9038,"Cirlce 16""tnv 1786s Collar",Coastal,076484178672,30.49,leashesAndCollars,"Cirlce 16""tnv 1786s Collar",0.0,27.89
9039,"Cirlce 20""tcr 1786s Collar",Coastal,76484178825,41.69,leashesAndCollars,"Cirlce 20""tcr 1786s Collar",0.0,38.19
9041,Li'l Pals Extra Small Collar Black08,Coastal,076484410048,7.19,leashesAndCollars,Li'l Pals Extra Small Collar B,0.0,6.59
9043,Li'l Pals Extra Small Collar Blu08,Coastal,076484410062,7.69,leashesAndCollars,Li'l Pals Extra Small Collar B,0.0,7.27
9044,Li'l Pals Extra Small Collar Red08,Coastal,076484410031,7.69,leashesAndCollars,Li'l Pals Extra Small Collar R,-1.0,7.27
9046,Li'l Pals Small Collar Red10,Coastal,076484322273,13.69,leashesAndCollars,Li'l Pals Small Collar Red10,0.0,12.49
9047,Coastal Harness/Leash Gray Small,Coastal,076484807688,29.79,leashesAndCollars,Coastal Harness/Leash Gray Sma,0.0,27.29
9049,Coastal Cat Soft Mesh Harness Black,Coastal,076484706670,12.39,leashesAndCollars,Coastal Cat Soft Mesh Harness,0.0,11.29
9050,Coastal Cat Soft Mesh Harness Blue,Coastal,076484029752,12.39,leashesAndCollars,Coastal Cat Soft Mesh Harness,0.0,11.29
9051,"Comfort Soft® Adjustable Cat Harness, Pink Bright, XX-Small - Girth: 11""-14"", Neck: 7""-10"", Weight: 8-10lbs",Coastal,076484630330,14.19,leashesAndCollars,Coastal Cat Soft Mesh Harness,0.0,12.99
9056,Coastal Charm Red18 Com,Coastal,076484003486,20.29,leashesAndCollars,Coastal Charm Red18 Com,0.0,18.59
9057,Coastal Charm Blue18,Coastal,076484630323,12.69,leashesAndCollars,Coastal Charm Blue18,0.0,11.59
9060,Coastal Charm Combo Black Extra Small,Coastal,7648406370,19.69,leashesAndCollars,Coastal Charm Combo Black Extr,0.0,17.99
9062,Coastal Charm Skz18,Coastal,076484634628,26.79,leashesAndCollars,Coastal Charm Skz18,-1.0,24.49
9068,Coastal Collar Sou12,Coastal,076484148082,9.09,leashesAndCollars,Coastal Collar Sou12,0.0,8.29
9074,Coastal Collar Scb12,Coastal,076484262456,10.39,leashesAndCollars,Coastal Collar Scb12,0.0,9.49
9078,Coastal Collar Gxn12,Coastal,076484647147,9.89,leashesAndCollars,Coastal Collar Pink 12,0.0,9.49
9083,"Coastal Collar Black Skulls 12""",Coastal,7648439703,9.09,leashesAndCollars,Coastal Collar Black Skulls 12,0.0,8.29
9084,Coastal Collar Leb12,Coastal,076484954023,9.09,leashesAndCollars,Coastal Inspire XS MLM,0.0,10.99
9089,Coastal Collar Pcg12,Coastal,076484467448,9.09,leashesAndCollars,Coastal Collar Pcg12,0.0,8.29
9090,Coastal Collar Pdt12,Coastal,076484774027,8.79,leashesAndCollars,Coastal Collar Pdt12,0.0,8.31
9092,Coastal Collar Btr12,Coastal,076484701610,9.09,leashesAndCollars,Li'l Pals Collar XS,0.0,8.99
9093,Coastal Collar Wrp12,Coastal,076484623530,9.09,leashesAndCollars,Coastal Collar Wrp12,0.0,8.29
9101,Coastal Collar Blue12,Coastal,076484269370,9.49,leashesAndCollars,Sublime Collar Med Yellow Stripes,0.0,11.79
9111,"Safe Cat® Fashion Adjustable Breakaway Collar, Skulls Pink, 3/8"" x 8""-12""",Coastal,076484067082,11.99,leashesAndCollars,Coastal Cat Collar SKZ12,0.0,8.99
9114,Coastal Collar Prl12,Coastal,076484067273,7.99,leashesAndCollars,Coastal Cat Collar SSO12,0.0,8.69
9116,Coastal Collar Cmo12,Coastal,076484262463,8.19,leashesAndCollars,Coastal Collar Cmo12,0.0,7.49
9118,Coastal Collar Sog12,Coastal,076484301063,10.39,leashesAndCollars,Coastal Collar Sog12,0.0,9.49
9121,Coastal Collar Pink 12,Coastal,076484647147,10.39,leashesAndCollars,Coastal Collar Pink 12,0.0,9.49
9122,Coastal Collar Gbt12,Coastal,076484269394,11.99,leashesAndCollars,Coastal Collar Gbt12,-1.0,10.99
9130,Coastal Collar Ggs12,Coastal,076484301049,11.99,leashesAndCollars,Coastal Collar Ggs12,0.0,10.99
9147,Coastal Red 30' Cotton Train Leash,Coastal,076484094971,40.99,leashesAndCollars,Coastal Red 30' Cotton Train L,0.0,37.59
9148,Coastal Black 30' Cotton Train Leash,Coastal,076484948293,40.99,leashesAndCollars,Coastal Black 30' Cotton Train,0.0,37.59
9700,"Coastal® Single-Ply Dog Collar, Neon Pink, Small - 3/8"" x 12""",Coastal,076484008504,5.49,leashesAndCollars,Coastal Pink 12'' 301,-1.0,5.19
9705,"Coastal® Single-Ply Dog Collar, Neon Pink, Small - 5/8"" x 12""",Coastal,076484034305,6.59,leashesAndCollars,"Coastal Pink 12"" 401",0.0,6.23
9708,"Coastal® Single-Ply Dog Collar, Purple, Small - 5/8"" x 12""",Coastal,076484034350,6.59,leashesAndCollars,"Coastal Purple 12"" 401",0.0,6.23
9709,"Coastal® Single-Ply Dog Collar, Purple, Small - 5/8"" x 12""",Coastal,076484034350,6.59,leashesAndCollars,"Coastal Purple 12"" 401",0.0,6.23
9711,"Coastal® Single-Ply Dog Collar, Pink Bright, Small - 5/8"" x 12""",Coastal,076484401350,6.59,leashesAndCollars,"Coastal Pwy12"" Collar",0.0,6.23
9712,"Authorized Dealer Exclusive Styles Dog Leash, Dinosaurs, Small/Medium - 5/8"" x 6'",Coastal,076484994654,20.79,leashesAndCollars,Coastal Styles Leash Sm Dinosaur,0.0,18.99
9714,"Best Fit® Adjustable Mesh Dog Muzzle, Black, 7"" (05)",Coastal,076484076084,20.79,leashesAndCollars,Coastal Mesh Muzzle Size 5,0.0,19.94
9715,"Coastal® 2 Dog Walker Tangle-Free Adjustable Leash, Black, 5/8"" x 4'",Coastal,076484039508,29.49,leashesAndCollars,Coastal Ww406 Leash,0.0,26.99
9716,"Comfort Soft® Wrap Adjustable Dog Harness, Blue, XXX-Small - 3/8"" x 11""-13"" | Under 5 lb",Coastal,076484062834,15.29,leashesAndCollars,Comfort Soft Wrap Harness Blue XXXS,0.0,13.99
9722,"Coastal® Adjustable Dog Collar with Plastic Buckle, Black, Small - 5/8"" x 10""-14""",Coastal,076484046001,8.79,leashesAndCollars,"Coastal Black 10""-14"" Plastic 6401",0.0,8.31
9723,"Coastal® Adjustable Dog Collar with Plastic Buckle, Blue, Small - 5/8"" x 10""-14""",Coastal,076484046025,9.89,leashesAndCollars,Blue 14,0.0,8.99
9724,"Coastal® Adjustable Dog Collar with Plastic Buckle, Neon Pink, Small - 5/8"" x 10""-14""",Coastal,076484046131,8.79,leashesAndCollars,Coastal NPK14'',0.0,8.31
9726,"Coastal® Adjustable Dog Collar with Plastic Buckle, Neon Pink, Extra Small - 3/8"" x 8""-12""",Coastal,076484046957,8.79,leashesAndCollars,Coastal NPK12'',0.0,8.31
9730,"Authorized Dealer Exclusive Styles Dog Collar, Aliens, Small - 5/8"" x 10""-14""",Coastal,076484996443,9.89,leashesAndCollars,Coastal Styles Collar Sm Alien,0.0,8.99
9731,"Coastal® Comfort Wrap® Adjustable Dog Harness, Blue, Small - 5/8"" x 16-24",Coastal,076484064548,17.49,leashesAndCollars,Coastal Comfort Wrap Harness Sm Blue,0.0,15.99
9738,"Coastal® Adjustable Dog Collar with Plastic Buckle, Neon Pink, Medium - 3/4"" x 14""-20""",Coastal,076484047138,10.89,leashesAndCollars,Coastal Neon Pink 20'',0.0,9.99
9747,"Li'l Pals® Elastic Kitten Collar, Hearts, 5/16"" x 8""",Coastal,076484077500,7.69,leashesAndCollars,Coastal Collar HTS08,0.0,7.27
9748,"Authorized Dealer Exclusive Styles Dog Collar, Dinosaurs, Small - 5/8"" x 10""-14""",Coastal,076484996450,9.89,leashesAndCollars,Coastal Styles Collar Sm Dinosaur,0.0,8.99
9762,"Power Walker® Dog Retractable Leash, Pink, Up to 64 lbs - Medium",Coastal,076484089794,51.29,leashesAndCollars,Power Walker Med Pink,0.0,46.99
9763,"Power Walker® Dog Retractable Leash, Red, Up to 64 lbs - Medium",Coastal,076484088025,51.29,leashesAndCollars,Power Walker Med Red,0.0,46.99
9767,"Sublime® Adjustable Dog Collar, Tattoo Sleeve, Large - 1 1/2"" x 18""-26""",Coastal,076484004964,18.59,leashesAndCollars,Sumblime Collar TSV26,0.0,16.99
9778,"Power Walker® Dog Retractable Leash, Blue, Up to 16 lbs - X-Small",Coastal,076484087851,40.39,leashesAndCollars,Power Walker XS Blue,0.0,36.99
9779,"Power Walker® Dog Retractable Leash, Black, Up to 16 lbs - X-Small",Coastal,076484087844,40.39,leashesAndCollars,Power Walker XS Black,0.0,36.99
9780,"New Earth® Soy Adjustable Dog Collar, Fuchsia, X-Small - 5/8"" x 8""-12""",Coastal,076484440243,11.99,leashesAndCollars,New Earth Collar XS Pink,0.0,10.99
9792,"Coastal® Adjustable Dog Collar with Plastic Buckle, Purple, Extra Small - 3/8"" x 8""-12""",Coastal,076484046995,7.69,leashesAndCollars,"Coastal Purple 8""-12"" 6301 Plastic",0.0,7.27
9793,"Water & Woods™ Blaze Adjustable Patterned Dog Collar, Neon Pink Tree, Medium - 1"" x 14""-20""",Coastal,076484769917,11.99,leashesAndCollars,Coastal Water & Woods Collar Med,0.0,10.99
9794,"Coastal® Single-Ply Dog Collar, Purple, Extra Small - 3/8"" x 10""",Coastal,076484008351,5.19,leashesAndCollars,"Coastal Purple 10"" 301",0.0,4.69
9795,"Coastal® Single-Ply Dog Collar, Purple, Small - 3/8"" x 12""",Coastal,076484008559,5.19,leashesAndCollars,"Coastal Purple 12"" 301",0.0,4.69
9807,"Coastal® Adjustable Dog Collar with Metal Buckle, Blue, Small - 5/8"" x 10""-14""",Coastal,076484614019,16.39,leashesAndCollars,"Coastal Blue 10""-14"" 61401 Metal",0.0,14.99
19,Lizard Ladder,Penn-Plax,030172064937,8.79,reptiles,Lizard Ladder,0.0,8.73
28,Exo Terra Bahariya Black Stone Desert Substrate 11 lb,Exo Terra,015561234173,17.49,reptiles,Exo Terra Bahariya Black Stone,0.0,16.79
42,Exo Terra Snake Bedding,Exo Terra,015561227681,22.89,reptiles,"Lupine Dapp 15""-25"" 3/4in Coll",0.0,14.99
43,Galapagos Arid Environment Terrarium Starter Kit,Galapagos,759834053514,26.19,reptiles,Galapagos Terrarium Starter Kit,0.0,25.19
54,Zoo Med Ecoearth 3 Pack,Zoo Med,097612790207,9.89,reptiles,Zoo Med Ecoearth 3 Pack,0.0,13.64
55,Zoo Med Vita Sand White,Zoo Med,097612762150,16.39,reptiles,Zoo Med Vita Sand White,0.0,15.74
56,Zilla Desert Blend 25qt,Zilla,096316700482,29.49,reptiles,Zilla Desert Blend 25qt,0.0,28.34
57,Zilla Desert Blend 10qt,Zilla,096316700468,14.19,reptiles,Zilla Desert Blend 10qt,0.0,13.64
58,Zilla Desert Blend 5qt,Zilla,096316700451,8.79,reptiles,Zilla Desert Blend 5qt,-1.0,8.73
60,Zoo Med Creature Eco Soil Coconut Fiber Substrate,Zoo Med,097612008708,3.29,reptiles,Zoo Med Creature Eco Soil Coco,0.0,3.27
71,Buffalo Worm Dish,Exo Terra,015561228084,15.29,reptiles,Buffalo Worm Dish,0.0,14.69
72,Exo Terra Canopy Worm Dish,Exo Terra,015561228251,27.29,reptiles,Exo Terra Canopy Worm Dish,-1.0,26.24
75,Exoterr Small Sand Mat,Exo Terra,015561225625,26.19,reptiles,Exoterr Small Sand Mat,0.0,26.24
78,Exo Terra 40 Gallon Sand Mat,Exo Terra,015561225670,38.19,reptiles,Exo Terra 40 Gallon Sand Mat,0.0,36.74
80,Galapagos MossVine for Hanging & Climbing,Galapagos,759834052661,19.69,reptiles,Galapagos MossVine for Hanging,-1.0,19.94
84,Zoo Med Small Mesh,Zoo Med,097612201314,5.49,reptiles,Zoo Med Siperwood Small,0.0,9.44
91,Living Natural Coco Mat 10x20,Komodo,784369933550,11.99,reptiles,Living Natural Coco Mat 10x20,-1.0,11.54
98,Zilla Grey Liner 30g,Zilla,096316700574,9.89,reptiles,Zilla Terrarium Liner 30 Gallon,0.0,9.44
101,Zilla Green Terrarium Liner 55g,Zilla,096316700611,11.99,reptiles,Zilla Terrarium Liner 55 Gallon,0.0,11.54
103,Zoo Med Adult High Fiber Dragon Food,Zoo Med,097612402797,16.39,reptiles,Zoo Med Adult High Fiber Drago,0.0,15.74
104,Rep-Cal Research Labs Growth Formula Juvenile Iguana Dry Food 6oz,Rep-Cal,788286004010,8.79,reptiles,Rep-Cal Research Labs Growth F,0.0,8.73
106,Gourmet Iguana Food,Penn-Plax,030172011948,21.79,reptiles,Gourmet Iguana Food,0.0,20.99
107,Zoo Med All Natural Adult Iguana Dry Food 20oz,Zoo Med,097612400762,11.99,reptiles,Zoo Med Natural Adult Bearded,-1.0,7.63
109,Fluker's Buffet Blend Juvenile Bearded Dragon Veggie Variety Freeze Dried Food 5oz,Fluker's,091197760525,10.89,reptiles,Fluker's Buffet Blend Juvenile,0.0,10.49
112,Rep-Cal Research Labs Growth Formula Juvenile Bearded Dragon Dry Food 6oz,Rep-Cal,788286008124,8.79,reptiles,Rep-Cal Research Labs Growth F,-1.0,8.73
115,Zoo Med Zoo Menu Bearded Food,Zoo Med,097612402056,5.49,reptiles,Zoo Med Crested Gecko Food Sam,0.0,24.14
122,Nature Zone Natural Bites & Bits for Juvenile Bearded Dragons,Nature Zone,783178562265,10.89,reptiles,Nature Zone Natural Bites & Bi,0.0,10.49
125,Exo Terra Crickets,Exo Terra,015561219600,7.69,reptiles,Exo Terra Crickets,0.0,7.63
126,Exo Terra Earthworms,Exo Terra,015561219686,7.69,reptiles,Exo Terra Earthworms,-1.0,7.63
128,Exo Terra Black Soldier Fly Larvae,Exo Terra,015561219662,7.69,reptiles,Exo Terra Black Soldier Fly La,-2.0,7.63
129,Exo Terra Grasshoppers,Exo Terra,015561219501,7.69,reptiles,Exo Terra Grasshoppers,0.0,7.63
130,Zoo Med Can O Crickets,Zoo Med,097612400304,7.69,reptiles,Zoo Med Can O Crickets,0.0,7.63
132,Fluker's Gourmet-Style Canned Small Dubia Roaches 1.2oz,Fluker's,091197780301,10.89,reptiles,Fluker's Gourmet-Style Canned,-1.0,10.49
133,Zoomed Crested Gecko Can,Zoo Med,9761240301,18.59,reptiles,Valhoma Spike 18 Pr Collar,0.0,28.99
138,Zilla Cricket Drink with Calcium 16oz,Zilla,096316700031,8.79,reptiles,Zilla Cricket Drink with Calci,0.0,8.73
140,Fluker's Calcium Fortified Cricket Quencher,Fluker's,009119771201,6.59,reptiles,Fluker's Calcium Fortified Cri,0.0,6.54
146,Big Jelly Pots,Komodo,8436993140,2.09,reptiles,Big Jelly Pots,0.0,2.07
148,Exo Terra Calcium Liquid,Exo Terra,1556121851,9.89,reptiles,Exo Terra Calcium 3.2 oz,0.0,5.45
150,Nature Zone Mite Guard Parasite Preventative Liquid,Nature Zone,8317859341,14.19,reptiles,Nature Zone Mite Guard Parasit,0.0,13.64
151,Jurassipet JurassiMite Parasite Control Spray,Jurrasipet,0011685460,14.19,reptiles,Jurassimite,0.0,11.54
160,Exo Terra Calcium + D3,Exo Terra,1556121852,4.39,reptiles,Exo Terra Calcium 15.9 oz,0.0,12.59
161,Exo Terra Calcium 15.9 oz,Exo Terra,1556121852,13.09,reptiles,Exo Terra Calcium 15.9 oz,0.0,12.59
162,Exo Terra Calcium 3.2 oz,Exo Terra,1556121851,5.49,reptiles,Exo Terra Calcium 3.2 oz,0.0,5.45
168,Rep-Cal Research Labs Herptivite with Beta Carotene Multivitamins Reptile Supplement,Zoo Med,788286003006,7.69,reptiles,Rep-Cal Research Labs Herptivi,0.0,14.69
169,Nature Zone Coccidia Guard,Nature Zone,8317859351,11.99,reptiles,Nature Zone Coccidia Guard,0.0,11.54
171,Nature Zone Bearded Elctro,Nature Zone,8317854714,9.89,reptiles,Nature Zone Bearded Elctro,0.0,9.44
172,Nature Zone Bearded Dragon Vitamins & Probiotics Supplement,Nature Zone,783178547415,10.89,reptiles,Nature Zone Bearded Dragon Vit,0.0,10.49
174,Nature Zone Rot Guard for Enhancing Immune System in Herp,Nature Zone,008317859331,9.89,reptiles,Nature Zone Rot Guard for Enha,0.0,9.44
175,Flukers Xsmall Repta Leash,Fluker's,9119731001,9.89,reptiles,Flukers Xsmall Repta Leash,0.0,9.44
176,Flukers Xxsmall Repta Leash,Fluker's,9119731000,9.89,reptiles,Flukers Xxsmall Repta Leash,0.0,9.44
177,Flukers Medium Repta Leash,Fluker's,9119731003,11.99,reptiles,Flukers Medium Repta Leash,0.0,11.54
179,Flukers Large Repta Leash,Fluker's,9119731004,13.09,reptiles,Flukers X Large Repta Leash,0.0,12.59
180,Flukers X Large Repta Leash,Fluker's,9119731004,13.09,reptiles,Flukers X Large Repta Leash,0.0,12.59
187,Petcrest Screen Clips 5-25g,PetCrest,002671680592,4.39,reptiles,Petcrest Screen Clips 5-25g,0.0,4.36
190,Zilla Non Locking Clips 29 or Smaller,Zilla,9631667109,4.39,reptiles,Zilla Non Locking Clips 29 or,0.0,4.36
191,Zilla Non Locking Clips 30g,Zilla,9631667110,4.39,reptiles,Zilla Non Locking Clips 30g,0.0,4.36
194,Zoo Med Mealworm Feeder,Zoo Med,9761262220,5.49,reptiles,Valhoma 24 Black Collar,0.0,19.99
195,Pangea Humitidy Hide Sponge,Pangea,5000583229,6.59,reptiles,Pangea Humitidy Hide Sponge,0.0,6.54
196,Pangea Ecodish Mossy Pine,Pangea,5000583287,11.99,reptiles,Pangea Ecodish Mossy Pine,0.0,11.54
197,Pangea Ecodish Gray Marble,Pangea,5000583283,11.99,reptiles,Pangea Ecodish Gray Marble,0.0,11.54
198,Pangea Extra Small Micro Dish,Pangea,5003967285,10.89,reptiles,Valhoma Spike 26 Black Collar,0.0,31.99
199,Pangea L Micro Dish,Pangea,5003967289,18.59,reptiles,Pangea L Micro Dish,0.0,17.84
203,Exo Terra Replacement Sponge for Cricket Den 2 pc,Exo Terra,1556122288,4.39,reptiles,Exo Terra Replacement Sponge f,0.0,4.36
204,Zoo Med Creatures Isopod Banquet Blocks,Zoo Med,097612118513,2.19,reptiles,Zoo Med Small Animal Mineral B,0.0,2.17
207,Zoo Med Crested Gecko Food Sampler Value Pack,Zoo Med,097612402056,25.09,reptiles,Zoo Med Crested Gecko Food Sam,0.0,24.14
213,Fluker's Crafted Cuisine Garden Blend Food 6.75oz,Fluker's,091197700620,14.19,reptiles,Fluker's Crafted Cuisine Garde,0.0,12.59
214,Pangea Gecko Diet Watermelon,Pangea,5473200425,14.19,reptiles,Pangea Gecko Diet Watermelon,0.0,13.64
215,Pangea Gecko Diet Insect,Pangea,5473200438,14.19,reptiles,Pangea Gecko Diet Insect,0.0,13.64
220,Zoo Med Lizard Flower Topper,Zoo Med,9761240143,3.29,reptiles,Valhoma Spike 16 Hy Collar,0.0,29.99
222,Komodo Dandelion Kit,Komodo,8436993180,7.69,reptiles,Komodo Dandelion Kit,0.0,7.63
223,Fluker's Grub Bag Bearded Dragon Omnivore Blend Treats 4oz,Fluker's,091197720345,10.89,reptiles,Fluker's Grub Bag Bearded Drag,-1.0,11.54
232,Exo Terra Ceramic 100w,Exo Terra,1556122046,45.79,reptiles,Exo Terra Ceramic 100w,0.0,44.09
233,Exo Terra Ceramic 60w,Exo Terra,1556122045,47.99,reptiles,Exo Terra Ceramic 60w,0.0,46.19
235,Exo Terra Halogen 100w,Exo Terra,1556122183,27.29,reptiles,Exo Terra Halogen 100w,0.0,26.24
239,Exo Terra Daylight Basking 100w,Exo Terra,1556122132,16.39,reptiles,Exo Terra Daylight Basking 100,0.0,15.74
244,Exo Terra Infrared Basking 100w,Exo Terra,1556122144,18.59,reptiles,Exo Terra Infrared Basking 100,0.0,17.84
246,Exo Terra Intense Basking 150w,Exo Terra,015561221405,17.49,reptiles,Exo Terra Intense 150w,0.0,16.79
251,Exo Terra Night Heat 150w,Exo Terra,1556122059,11.99,reptiles,Exo Terra Night Heat 150w,0.0,11.54
253,Exo Terra Nigh Heat Lamp 75w,Exo Terra,015561221306,8.79,reptiles,Exo Terra Nigh Heat 75w,0.0,8.73
257,Exo Terra Night Heat 15w,Exo Terra,1556122120,7.69,reptiles,Exo Terra Night Heat 15w,0.0,7.63
259,Exo Terra Daytime Heat 100w,Exo Terra,1556122112,11.99,reptiles,Exo Terra Daytime Heat 100w,0.0,11.54
261,Exo Terra Daytime Heat 40w,Exo Terra,015561221047,9.89,reptiles,Exo Terra Daytime Heat 40w,0.0,9.44
263,Exo Terra Daytime Heat 15w,Exo Terra,1556122100,9.89,reptiles,Exo Terra Daytime Heat 15w,0.0,9.44
266,Zilla Desert Mini Compact Fluorescent Bulb,Zilla,096316280908,23.99,reptiles,Zilla Desert Mini Compact Fluo,0.0,23.09
267,Zilla Mini Led Plant Bulb,Zilla,9631600047,25.09,reptiles,Zilla Mini Led Plant Bulb,0.0,24.14
274,Zilla Canopy Series Tropical 13w,Zilla,096316280953,29.49,reptiles,Zilla Canopy Series Fluorescen,0.0,22.04
277,"Zilla Slimeline T8 Tropical Fixture 18""",Zilla,96316007260,76.29,reptiles,Zilla Slimeline T8 Tropical Fi,0.0,73.49
279,"Zilla Desert Series 50 T8 18"" 15w",Zilla,096316670921,31.69,reptiles,"Zilla Desert Series 50 T8 24""",0.0,31.49
280,"Zilla Desert Series 50 T8 24"" 17w",Zilla,096316670921,32.69,reptiles,"Zilla Desert Series 50 T8 24""",0.0,31.49
284,Zilla Dual Low Profile Fixture,Zilla,096316000346,58.89,reptiles,Zilla Dual Low Profile Fixture,0.0,56.69
286,Zilla Mini Heat & UVB Fixture,Zilla,096316280830,61.09,reptiles,Zilla Mini Heat & UVB Fixture,0.0,58.79
287,Exo Terra Heatwave Rock Small,Exo Terra,15561220040,42.59,reptiles,Exo Terra Heatwave Rock Small,0.0,40.94
290,Flukers Sunglow Coil Bulb,Fluker's,091197230059,35.99,reptiles,Flukers Sunglow Coil Bulb,0.0,34.64
291,"Zoo Med Reptisun 46""t5 54w",Zoo Med,097612348545,44.69,reptiles,"Zoo Med Reptisun 46""t5 54w",0.0,43.04
294,"Zoo Med Reptisun 18"" T8 15w",Zoo Med,097612210026,50.19,reptiles,Zoo Med 18x18x24 Tall,0.0,157.49
295,Zoo Med ReptiSun 5.0 UVB Tropical Compact Fluorescent Lamp 26w,Zoo Med,097612320930,34.89,reptiles,"Zoo Med T5 Hood ""36",0.0,83.99
297,"Zoo Med ReptiSun 10.0 UVB T5 HO High Output Lamp 12""",Zoo Med,097612348156,29.49,reptiles,Zoo Med ReptiSun 10.0 UVB T5 H,0.0,28.34
298,Zoo Med Reptisun 5.0 Tropical 13w,Zoo Med,097612340068,18.59,reptiles,Zoo Med Reptisun 5.0 UVB,0.0,28.34
303,Zoo Med ReptiSun Nano UVB Lamp 5w,Zoo Med,097612340020,19.69,reptiles,Zoo Med Nano LED Daylight Lamp 5w,0.0,20.99
304,Zoo Med Nano LED Daylight Lamp 5w,Zoo Med,097612340020,14.19,reptiles,Zoo Med Nano LED Daylight Lamp 5w,0.0,20.99
305,Zoo Med Nano Halogen Heat Lamp,Zoo Med,097612970357,7.69,reptiles,Zoo Med Nano Halogen Heat Lamp 35w,-1.0,9.44
313,"Zoo Med T8 Hood 20""",Zoo Med,097612326000,75.29,reptiles,"Zoo Med T8 Hood 20""",0.0,72.44
314,"Zoo Med ReptiSun T8 Terrarium Hood 24""",Zoo Med,097612326109,86.19,reptiles,Zoo Med ReptiSun T8 Terrarium,0.0,82.94
315,"Zoo Med ReptiSun T8 Terrarium Hood 36""",Zoo Med,097612326307,85.09,reptiles,Shepherd Boy Freeze Chicken He,-1.0,16.79
316,"Zoo Med T5 Hood ""36",Zoo Med,097612320930,87.19,reptiles,"Zoo Med T5 Hood ""36",0.0,83.99
318,Exo Terra Mister 2qt,Exo Terra,15561224918,15.29,reptiles,Exo Terra Mister 2qt,0.0,14.69
323,Exo Terra Monsoon Multi,Exo Terra,015561242011,207.09,reptiles,Exo Terra Monsoon Multi Progra,-1.0,199.49
324,Exo Terra Monsoon Solo,Exo Terra,015561242011,136.29,reptiles,Exo Terra Monsoon Multi Progra,-1.0,199.49
325,Exo Terra Humidifier,Exo Terra,015561220811,108.99,reptiles,Exo Terra Humidifier,0.0,104.99
328,Zoo Med Multiport Fogger Attachment,Zoo Med,97612950175,13.09,reptiles,Rewards Crunch Bison Small Bre,0.0,7.63
334,Zilla Spring Cave,Zilla,096316000490,87.19,reptiles,Rewards Crunch Venison 14oz,0.0,13.64
340,Zoo Med Lamp Stand Small,Zoo Med,097612370072,54.49,reptiles,Paludarium 3 in 1 Lamp,0.0,47.24
342,Exo Terra Uvb150 13w Desert,Exo Terra,1556122146,35.99,reptiles,Exo Terra Uvb150 13w Desert,0.0,34.64
344,Exo Terra Uvb100 13w Tropical,Exo Terra,1556122133,32.69,reptiles,Exo Terra Uvb100 13w Tropical,0.0,31.49
350,Exo Terra Swamp 50w,Exo Terra,015561237802,25.09,reptiles,Exo Terra Swamp 50W,0.0,24.14
354,Zilla Black Heat Bulb 50w,Zilla,096316671560,7.69,reptiles,Zilla Night Black 150 Watt,0.0,10.49
355,Zilla Black Heat Spot Bulb 150w,Zilla,096316671560,10.89,reptiles,Zilla Night Black 150 Watt,0.0,10.49
356,Zilla Black Heat Spot Bulb 100w,Zilla,096316671553,9.89,reptiles,Zilla Black Heat Spot Bulb 100,0.0,9.44
360,Zilla Day Blue Light 100w,Zilla,96316671430,8.79,reptiles,Zilla Day Blue Light 100w,0.0,8.73
362,Zilla Day Blue Light 50w,Zilla,096316671416,8.79,reptiles,Zilla Day Blue Light 50w,0.0,8.73
363,Zilla Night Red Heat 150w,Zilla,096316671485,11.99,reptiles,Zilla Night Red Heat 150w,0.0,11.54
364,Zilla Night Red Heat 100w,Zilla,096316671478,10.89,reptiles,Zilla Night Red,-1.0,8.73
371,Zilla Day White Light Bulb 150w,Zilla,096316671362,9.89,reptiles,Zilla Day White Light Bulb 150 watt,0.0,9.44
372,Zilla Day White Light Bulb 100w,Zilla,096316671355,8.79,reptiles,Zilla Day White Light Bulb 100 Watt,0.0,8.73
373,Zilla Day White Light Bulb 50w,Zilla,096316671331,8.79,reptiles,Zilla Day White Light Bulb 50w,0.0,10.49
378,Exo Terra Screen Cover 30gal,Exo Terra,15561227155,28.39,reptiles,Exo Terra Screen Cover 30gal,0.0,27.29
380,Exo Terra Terraskyuv 9w,Exo Terra,015561224253,81.79,reptiles,Exo Terra Terraskyuv 9w,0.0,78.74
383,"Exo Terra T5 Top 54w 47""",Exo Terra,15561242585,92.69,reptiles,"Exo Terra T5 Top 54w 47""",0.0,89.24
384,"Reptile System T5 Zone 3 Unit 39w 35""",Reptile Systems,3443981210285,108.99,reptiles,Reptile System T5 Zone 3 Unit,0.0,104.99
386,"Reptile System T5 Zone 1 Unit 24w 23""",Reptile Systems,3443981210230,108.99,reptiles,Sunburst Blue 6' Leash,0.0,10.69
391,Exo Terra Repuvb200 T5 39w 7%,Exo Terra,15561223409,38.19,reptiles,Exo Terra Repuvb200 T5 39w 7%,0.0,36.74
393,Reptile System T5 Zone 3 24w 12%,Reptile Systems,3443981170060,38.19,reptiles,Reptile System T5 Zone 3 24w 1,0.0,36.74
394,"Reptile System T5 Zone 2 24w 6""",Reptile Systems,3443981170039,43.59,reptiles,Reptile System T5 Zone 1 24w 2,0.0,41.99
396,Reptile System T5 Zone 1 24w 2.4%,Reptile Systems,3443981170039,43.59,reptiles,Reptile System T5 Zone 1 24w 2,0.0,41.99
400,Exo Terra Repuvb100 T5 8w 3%,Exo Terra,015561223805,25.09,reptiles,"Exo Terra Reptile UVB 8w 12""",0.0,26.24
401,Exoterrra T5 Terraium Mounting Clips,Exo Terra,015561242592,10.89,reptiles,Exoterrra T5 Terraium Mounting,0.0,10.49
412,Exo Terra Glow Light Small,Exo Terra,015561220521,40.39,reptiles,Exo Terra Glow Light Small,0.0,38.84
415,"Zilla Premium Reflector 8.5""",Zilla,096316670365,27.29,reptiles,Zilla Premium Reflector Dome 8,0.0,41.99
422,Exo Terra Day & Night Led 3w,Exo Terra,015561223362,21.79,reptiles,Exo Terra Day & Night Led 3w,0.0,20.99
424,Exo Terra Solar Glo 80w,Exo Terra,015561223348,57.79,reptiles,Exo Terra Solar Glo 80w,0.0,55.64
426,Exo Terra Solar Glo 160w,Exo Terra,15561221931,68.69,reptiles,NutriSource Little Bites Grain,0.0,7.63
427,Flukers Mini Sun Dome,Fluker's,091197270048,32.69,reptiles,Flukers Mini Sun Dome,0.0,31.49
429,Zoo Med Nano Dome 40w,Zoo Med,097612119091,25.09,reptiles,Zoo Med Nano Dome 40w,0.0,24.14
430,Zoo Med Nano Combo Dome 80w,Zoo Med,097612325608,57.79,reptiles,Zoo Med Nano Combo Dome 80w,0.0,55.64
431,Zoo Med Creatures Dome 40w,Zoo Med,97612008357,25.09,reptiles,Zoo Med Creatures Dome 40w,0.0,24.14
440,Zoo Med Deep Dome,Zoo Med,097612321708,38.19,reptiles,Zoo Med Deep Dome,0.0,39.89
445,Zoo Med Corner Bowl Medium,Zoo Med,097612450002,38.19,reptiles,Zoo Med Corner Bowl Medium,0.0,36.74
446,Zoo Med Corner Bowl Small,Zoo Med,097612450019,14.19,reptiles,Zoo Med Corner Bowl Small,0.0,13.64
450,Zoo Med Reptirock Medium,Zoo Med,97612910278,14.19,reptiles,Zoo Med Reptirock Medium,0.0,13.64
460,Zilla Durable Dish M,Zilla,96316117617,5.49,reptiles,Zilla Durable Dish M,0.0,5.45
461,Zilla Durable Dish S,Zilla,096316116580,3.29,reptiles,Bionic Bone Large,0.0,23.09
469,Zilla Terraium Dish Small,Zilla,096316001541,5.49,reptiles,Zilla Micro Terrestial Habitat,0.0,28.34
470,Zilla Terraium Dish Medium,Zilla,96316685222,6.59,reptiles,Zilla Herp Hotel Medium,0.0,17.84
473,Exo Terra Water Dish X-Small,Exo Terra,015561228077,8.79,reptiles,Exo Terra Water Dish X-Small,0.0,8.73
476,Exo Terra Water Dish Large,Exo Terra,15561228039,20.79,reptiles,Exo Terra Water Dish Large,0.0,19.94
485,Zoo Med Floating Dock Mini,Zoo Med,097612660050,17.49,reptiles,Zoo Med Floating Dock Mini,0.0,19.94
486,Exo Terra Turtle Bank,Exo Terra,015561238007,20.79,reptiles,Exo Terra Turtle Bank,0.0,19.94
493,Reptomin Floating Turtle Sticks 1.94 oz,Tetra,046798292524,5.49,reptiles,Reptomin Floating Turtle Stick,0.0,7.63
495,Repto Treat Turtle,Reptology,46798162537,6.59,reptiles,Repto Treat Turtle,0.0,6.54
501,Zoo Med Gourmet Box Turtle Food,Zoo Med,097612400908,11.99,reptiles,Zoo Med Gourmet Box Turtle Foo,0.0,11.54
502,Zoo Med Gourmet Tortoise Food,Zoo Med,97612401011,9.89,reptiles,Zoo Med Gourmet Tortoise Food,0.0,9.44
507,Nature Zone Turtle Shell Saver,Nature Zone,783178592613,10.89,reptiles,Wholesome Tanks Jerky Sticks,0.0,14.69
509,Nature Zone Turtle Fungus Bath,Nature Zone,783178592415,10.89,reptiles,Nature Zone Turtle Fungus Bath,0.0,10.49
510,Flukers Repta Rinse Eye Rinse,Fluker's,91197730405,7.69,reptiles,Flukers Repta Rinse Eye Rinse,0.0,7.63
513,TetraFauna Reptofilter Large 3 Pack,Tetra,046798260493,17.49,reptiles,TetraFauna Reptofilter Large 3,-1.0,16.79
514,Turtle Pier Extender Clips,Zoo Med,030172100161,10.89,reptiles,Turtle Pier Extender Clips,0.0,10.49
515,Komodo Tortoise Hay,Komodo,84369931709,14.19,reptiles,Komodo Tortoise Hay,0.0,13.64
516,Turtle Dock Suction Cups,Zoo Med,097612661040,3.29,reptiles,Turtle Dock Suction Cups,-2.0,3.27
518,Reptology Carbon Cartridge 175,Reptology,0172060861,9.89,reptiles,Reptology Carbon Cartridge 175,0.0,9.44
520,Reptology Biothane Sponge 70 Replace,Reptology,30172060830,9.89,reptiles,Reptology Biothane Sponge 70 R,0.0,9.44
523,Zilla Turtle Pure Water Care,Zilla,096316003293,7.69,reptiles,Zilla Turtle Pure Water Care,0.0,7.63
524,Exo Terra Turtle Island,Exo Terra,15561230681,20.79,reptiles,Exo Terra Turtle Island,0.0,19.94
525,Exo Terra Hippo Island,Exo Terra,015561230667,16.39,reptiles,Exo Terra Hippo Island,0.0,15.74
530,Zoo Med Tortoise Flower Food Topper,Zoo Med,097612401431,3.29,reptiles,Zoo Med Tortoise Flower Food T,0.0,3.27
531,Exo Terra Moss Ball,Exo Terra,15561224789,9.89,reptiles,Exo Terra Moss Ball,0.0,9.44
533,Flukers Tortoise Diet,Fluker's,9119770060,10.89,reptiles,Flukers Tortoise Diet,0.0,10.49
535,Zilla Aquatic Turtle Sticks,Zilla,096316003026,7.69,reptiles,Zilla Aquatic Turtle Sticks,0.0,7.63
537,Reptology Climber Vines W Leaves,Reptology,030172060267,18.59,reptiles,Reptology Climber Vines W Leav,-1.0,17.84
538,Zoo Med Reptivine,Zoo Med,097612241419,10.89,reptiles,Zoo Med Betta Tools Aquarium C,0.0,10.49
539,Zoo Med Naturalistic Flora,Zoo Med,97612180527,17.49,reptiles,Zoo Med Naturalistic Flora,0.0,16.79
548,Zoo Med Amazonian Phyllo Medium,Zoo Med,097612180213,8.79,reptiles,Zoo Med Naturalistic Flora,-1.0,8.73
561,Exo Terra Moss Vine Small,Exo Terra,015561230704,16.39,reptiles,Exo Terra Small Jungle Tree,0.0,14.69
565,Flukers Purple Coleus,Fluker's,91197510168,19.69,reptiles,Flukers Purple Coleus,0.0,18.89
568,Pangea Brown Reptile Vine,Pangea,850005832324,17.49,reptiles,Pangea Brown Reptile Vine,-1.0,16.79
569,Flukers Bend a Branch,Fluker's,091197510205,23.99,reptiles,Flukers Bend a Branch,0.0,23.09
570,Pangea Green Repltile Vine,Pangea,850005832317,17.49,reptiles,Pangea Green Repltile Vine,0.0,16.79
571,Reptile Climber Vines with Leaves 5',Reptology,030172060274,33.79,reptiles,Reptile Climber Vines with Lea,0.0,32.54
573,Galopagos 24in Mossy Sticks,Galapagos,9834053217,16.39,reptiles,Galopagos 24in Mossy Sticks,0.0,15.74
574,Galopagoos 18in Mossy Sticks,Galapagos,759834053200,14.19,reptiles,Galopagoos 18in Mossy Sticks,0.0,15.74
576,Exo Terra Small Jungle Tree,Exo Terra,015561230704,15.29,reptiles,Exo Terra Small Jungle Tree,0.0,14.69
577,Zoo Med Small Cork Round,Zoo Med,097612210200,8.79,reptiles,Banixx Spray 2fl oz,0.0,10.49
578,Zoo Med Cork Round Medium,Zoo Med,097612210217,13.09,reptiles,Zoo Med Cork Round Medium,0.0,13.64
579,Zoo Med Cork Round Lar,Zoo Med,097612210224,27.29,reptiles,Zoo Med Cork Round Lar,0.0,26.24
580,Zoo Med Cork Round Jumbo,Zoo Med,097612210248,59.99,reptiles,Zoo Med Cork Round Jumbo,0.0,57.74
585,Zoo Med Grapevine M,Zoo Med,097612580082,18.59,reptiles,Zoo Med Grapevine M,0.0,17.84
588,Exo Terra Forest Branch Large,Exo Terra,15561229890,4.35,reptiles,Aqualife Thermal Temp,0.0,4.36
589,Zilla Heat Mat Mini,Zilla,9631600073,32.69,reptiles,Zilla Heat Mat Large,0.0,47.24
590,Zilla Heat Mat Small,Zilla,096316680340,28.39,reptiles,Zilla Heat Mat Small,0.0,27.29
591,Zilla Heat Mat Medium,Zilla,6316680357,39.29,reptiles,Zilla Heat Mat Medium,0.0,37.79
592,Zilla Heat Mat Large,Zilla,9631600073,49.09,reptiles,Zilla Heat Mat Large,0.0,47.24
596,Zoo Med Under Tank Heater 50-60 Gal,Zoo Med,097612300079,44.69,reptiles,Zoo Med Under Tank Heater 50-6,0.0,40.94
602,Zoo Med Paludarium Filter 20,Zoo Med,097612510119,34.89,reptiles,Zoo Med Paludarium Filter 20,0.0,33.59
603,Zoo Med Paludarium Platform Small,Zoo Med,97612520019,32.69,reptiles,Zoo Med Paludarium Platform Sm,0.0,31.49
608,Zoo Med Digital Thermo,Zoo Med,097612370607,11.99,reptiles,Zoo Med Digital Thermo,0.0,11.54
610,Zoo Med Terrarum Timer,Zoo Med,097612104011,19.69,reptiles,Turtle Bone,0.0,5.45
616,Exo Terra Mini/Max Thermo,Exo Terra,15561224772,23.99,reptiles,Exo Terra Mini/Max Hygrometer,0.0,35.69
617,Exo Terra Hygrometer,Exo Terra,15561224666,8.79,reptiles,Exo Terra Hygrometer,0.0,8.73
619,Zoo Med Mini/Max Thermo,Zoo Med,097612370669,18.59,reptiles,Zoo Med Mini/Max Thermo,0.0,17.84
620,Exo Terra Mini/Max Hygrometer,Exo Terra,15561224772,37.09,reptiles,Exo Terra Mini/Max Hygrometer,0.0,35.69
622,Exo Terra Mini/Max Combometer,Exo Terra,015561224703,49.09,reptiles,Exo Terra Combometer,-2.0,47.24
625,Reptology Ledge and Cave Hideout Small,Reptology,30172041686,21.79,reptiles,Reptology Ledge and Cave Hideo,0.0,20.99
626,Exo Terra Tortoise Skeleton,Exo Terra,015561229272,11.99,reptiles,Exo Terra Tortoise Skeleton,-1.0,11.54
628,Komodo Raptor Skull,Komodo,784369932126,17.49,reptiles,Komodo Raptor Skull,-1.0,16.79
631,Zilla Herp Hotel Medium,Zilla,96316685222,18.59,reptiles,Zilla Herp Hotel Medium,0.0,17.84
635,Zilla Basking Platform W Ramp Corner Large,Zilla,096316685062,35.99,reptiles,Zilla Basking Platform W Ramp,-1.0,34.64
636,Exo Terra Wet Rock Large,Exo Terra,015561231732,14.19,reptiles,Exo Terra Big Rock Large,0.0,65.09
637,Exo Terra Wet Rock Medium,Exo Terra,015561231930,9.89,reptiles,Exo Terra Big Rock Medium,0.0,31.49
638,Exo Terra Wet Rock Small,Exo Terra,015561231923,5.49,reptiles,Exo Terra Big Rock Small,0.0,18.89
641,Reptology Granite Stone Hideaway Large,Reptology,30172079887,25.09,reptiles,Reptology Granite Stone Hideaw,0.0,31.49
642,Reptology Granite Stone Hideaway Extra Large,Reptology,30172079887,32.69,reptiles,Reptology Granite Stone Hideaw,0.0,31.49
643,Pangea Medium Humid Hide,Pangea,50005832560,14.19,reptiles,Pangea Medium Humid Hide,0.0,13.64
644,Pangea Small Humid Hide,Pangea,768303705557,9.89,reptiles,Pangea Small Humid Hide,0.0,9.44
645,Extra Large Humid Hide,Penn-Plax,030172102912,35.99,reptiles,Colorful Wood Parrot Playpen,0.0,36.74
650,Exo Terra Conrner Cave Medium,Exo Terra,015561231961,11.99,reptiles,Exo Terra Conrner Cave Medium,0.0,11.54
651,Exo Terra Corner Cave Large,Exo Terra,015561231978,16.39,reptiles,Exo Terra Corner Cave Large,0.0,15.74
653,Komodo Forest Log,Komodo,84369932317,20.79,reptiles,Komodo Forest Log,0.0,19.94
657,Reptology Ledge and Cave Hideout Extra Large,Reptology,30172101786,70.89,reptiles,Reptology Ledge and Cave Hideo,0.0,68.24
659,Exo Terra Grow Mushrooms,Exo Terra,015561228435,31.69,reptiles,Exo Terra Grow Mushrooms,0.0,30.44
660,Exo Terra Crocodile Skull,Exo Terra,15561228565,20.79,reptiles,Exo Terra Trex Skull,0.0,25.19
661,Exo Terra Trex Skull,Exo Terra,15561228565,26.19,reptiles,Exo Terra Trex Skull,0.0,25.19
664,Exo Terra Primate Skull,Exo Terra,015561228596,23.99,reptiles,Exo Terra T-Rex Skull,0.0,25.19
667,Zilla Large Rock Denn,Zilla,096316116641,27.29,reptiles,Zilla Durable Den,0.0,13.64
668,Exo Terra Tortoie Cave,Exo Terra,015561229227,52.39,reptiles,Exo Terra Tortoise Cave,0.0,50.39
669,Redline Science Incubator,Penn-Plax,680660859776,10.89,reptiles,Redline Science Incubator,0.0,10.49
672,Zoo Med Coconut House,Zoo Med,097612200867,5.49,reptiles,Zoo Med Coconut House,-1.0,5.45
673,Exo Terra Finger Cactus,Exo Terra,015561229838,11.99,reptiles,Exo Terra Finger Cactus,0.0,11.54
675,Reptology Lava Rock Plant,Reptology,30172098192,15.29,reptiles,Reptology Lava Rock Plant,0.0,14.69
677,Zoo Med Tillandsia Air Plant,Zoo Med,097612180640,14.19,reptiles,Zoo Med Tillandsia Air Plant,0.0,13.64
678,Zoo Med Chestnut Bromeland,Zoo Med,097612270204,14.19,reptiles,Zoo Med Chestnut Bromeland,0.0,13.64
680,Zilla Rock Liar Small,Zilla,96316685031,31.69,reptiles,Zilla Rock Liar Small,0.0,30.44
684,Komodo Begonia,Komodo,784369933727,14.16,reptiles,"Aqualife 23"" Bubble Wall",0.0,13.64
686,Exo Terra Anthurium Bush,Exo Terra,015561229920,10.89,reptiles,Marina Air Curtain,0.0,10.49
689,Exo Terra Boxwood Bush,Exo Terra,015561229944,15.29,reptiles,Exo Terra Boxwood Bush,0.0,14.69
692,Exo Terra Big Rock Large,Exo Terra,015561231732,67.59,reptiles,Exo Terra Big Rock Large,0.0,65.09
693,Exo Terra Big Rock Medium,Exo Terra,015561231930,32.69,reptiles,Exo Terra Big Rock Medium,0.0,31.49
694,Exo Terra Big Rock Small,Exo Terra,015561231923,19.69,reptiles,Exo Terra Big Rock Small,0.0,18.89
695,Pangea Gecko Feeding Ledge,Pangea,854732004504,27.29,reptiles,Pangea Gecko Feeding Ledge,0.0,26.24
702,Galap Mossy Dome Hide Small,Pangea,756144053668,22.89,reptiles,Galap Mossy Dome Hide Small,0.0,22.04
705,"Zoo Med Habba Hut Terrarium Hideaway Brown


Zoo Med Habba Hut Terrarium Hideaway
Brown Giant",Zoo Med,097612200850,43.59,reptiles,Zoo Med Habba Hut Giant,-2.0,41.99
709,Zilla Durable Den Large,Zilla,096316116634,11.99,reptiles,Zilla Durable Den Medium,0.0,7.63
710,Zilla Durable Den Medium,Zilla,096316116597,7.69,reptiles,Zilla Durable dish Medium,0.0,5.45
711,Zilla Durable Den Small,Zilla,096316116580,5.49,reptiles,Bionic Bone Large,0.0,23.09
712,Zoo Med Hermit Crab Habitat Kit,Zoo Med,097612810509,92.69,reptiles,Zoo Med Hermit Crab Habitat Ki,0.0,89.24
713,Galapagos Hermit Crab Sub,Pangea,759834050827,16.39,reptiles,Galapagos Hermit Crab Sub,0.0,15.74
717,Hermit Beach,Penn-Plax,030172064944,9.89,reptiles,Hermit Beach,0.0,9.44
719,Zoo Med Hermit Crab Sponge,Zoo Med,097612009507,3.29,reptiles,Zoo Med Hermit Crab Sponge,0.0,3.27
720,Zoo Med Neon Crab Shells,Zoo Med,097612009415,2.19,reptiles,Zoo Med Neon Crab Shells,0.0,2.17
721,Zoo Med Mixed Fancy Shells,Zoo Med,097612009408,3.29,reptiles,Zoo Med Mixed Fancy Shells,0.0,3.27
725,Zoo Med Hermit Crab Food,Zoo Med,097612410112,6.59,reptiles,Zoo Med Hermit Crab Food,-1.0,7.63
731,Zoo Med Crab Combo Gauge,Zoo Med,97612009118,14.19,reptiles,Zoo Med Crab Combo Gauge,0.0,13.64
733,Zoo Med Crab Drinking Water Conditioner,Zoo Med,097612810448,6.59,reptiles,Zoo Med Crab Drinking Water Co,0.0,6.54
734,Zoo Med Crab Salt Water Conditioner,Zoo Med,097612810455,5.49,reptiles,Zoo Med Crab Salt Water Condit,0.0,5.45
737,Zoo Med Growth Shells Small,Zoo Med,097612118513,6.59,reptiles,Zoo Med Small Animal Mineral B,0.0,2.17
743,Zoo Med Desert Starter Kit 10g,Zoo Med,097612091557,108.99,reptiles,Zoo Med Desert Starter Kit 10g,-1.0,104.99
744,Exo Terra Snake Starter Kit 20gal,Exo Terra,015561238977,217.99,reptiles,Exo Terra Snake Starter Kit 20,0.0,209.99
745,Exo Terra Mini X-tall,Exo Terra,015561225953,98.09,reptiles,Exo Terra Mini X-tall,0.0,94.49
746,Zoo Med 18x18x24 Tall,Zoo Med,097612210026,163.49,reptiles,Zoo Med 18x18x24 Tall,0.0,157.49
748,Zoo Med Reptihabitat 40 Gal,Zoo Med,097612090512,301.99,reptiles,Zoo Med Reptihabitat 40 Gal,0.0,290.84
749,Zilla Micro Arboreal Habitat,Zilla,096316001558,29.49,reptiles,Zilla Micro Arboreal Habitat,0.0,28.34
750,Zilla Micro Terrestial Habitat,Zilla,096316001541,29.49,reptiles,Zilla Micro Terrestial Habitat,0.0,28.34
751,Exo Terra Leo Gecko Starter Kit 10g,Exo Terra,015561238960,152.59,reptiles,Exo Terra Leo Gecko Starter Ki,0.0,146.99
752,Zilla Deluxe Snake Kit,Zilla,96316002593,103.59,reptiles,Zilla Deluxe Snake Kit,0.0,99.74
753,Zilla Tropical Kit,Zilla,9631670005,71.99,reptiles,Zilla Tropical Kit,0.0,69.29
755,Zoo Med Tortoise Play Pen,Zoo Med,097612090413,7.62,reptiles,Spectrastone Red 5lb,0.0,7.63
756,TetraFauna 75reptohabitat 75g,Tetra,47497269237,8.71,reptiles,Spectrastone Mini Black Lag 5l,0.0,8.73
757,Zilla Creature Cage 30g,Zilla,96316660267,190.79,reptiles,Zilla Creature Cage 30g,0.0,183.74
758,Zilla Aquatic Turtle Kit 20l,Zilla,96316003286,283.39,reptiles,Zilla Aquatic Turtle Kit 20l,0.0,272.99
760,Zilla Basic Tropical Kit,Zilla,096316660441,108.99,reptiles,Zilla Basic Tropical Kit,0.0,104.99
761,Zoo Med Leopard Gecko Kit 10g,Zoo Med,097612400762,163.49,reptiles,Zoo Med Natural Adult Bearded,-1.0,7.63
765,Exo Terra Mini Wide,Exo Terra,015561226004,65.39,reptiles,Mini Natural Wide Terrarium,0.0,62.99
771,Zoo Med Creatures Den Low Profile,Zoo Med,097612091076,56.69,reptiles,Zoo Med Creatures Den Low Prof,0.0,62.99
777,Exo Terra Faunarium Jumbo,Exo Terra,15561222655,22.89,reptiles,Exo Terra Faunarium Jumbo,0.0,22.04
778,Exo Terra Large Wide,Exo Terra,15561226134,343.39,reptiles,Exo Terra Large Wide,0.0,330.74
779,Exo Terra Medium Wide,Exo Terra,15561230766,217.99,reptiles,Exo Terra Medium Wide,0.0,209.99
780,Zilla Critter Cage 20l,Zilla,096316660274,108.99,reptiles,Zilla Critter Cage 40G,-2.0,209.99
781,Tetrafaune Deluxe Reptohabitat 40,Tetra,047497269176,305.19,reptiles,Tetrafaune Deluxe Reptohabitat,-2.0,283.49
782,Tetra Fauna 10g Repto hab,Tetra015905002516,047497269190,54.49,reptiles,Tetra Fauna 10g Repto hab,0.0,52.49
783,Exo Terra Large Low,Exo Terra,15561230216,217.99,reptiles,Exo Terra Large Low,0.0,209.99
785,Faunariam Low Small,Exo Terra,015561223003,20.79,reptiles,Faunariam Low Small,-1.0,19.94
786,Reptile Ranch Small,Exo Terra,010838200503,32.69,reptiles,Reptile Ranch Small,0.0,31.49
787,Small World Habitat 4gal,Penn-Plax,030172091032,10.89,reptiles,Sinkers Blom Ludwig Green Supe,0.0,10.49
789,Small World Habitat 1g,Penn-Plax,030172091032,10.89,reptiles,Sinkers Blom Ludwig Green Supe,0.0,10.49
790,Small World .6gal,Penn-Plax,030172091254,7.69,reptiles,2.3 Gallon Habitat,0.0,26.24
7003,Zoo Med Axalotl 11oz,Zoo Med,097612402278,16.39,reptiles,Zoo Med Axalotl 11oz,0.0,15.74
7183,Zoo Med Feeder Bottom 7 Day,Zoo Med,097612380088,3.29,reptiles,Zoo Med Feeder Bottom 7 Day,0.0,3.27
7310,Zoo Med Leaf,Zoo Med,097612241419,10.89,reptiles,Zoo Med Betta Tools Aquarium C,0.0,10.49
7384,"ReptiFauna Pink Fittonia - Tropical 2"" Pot",ReptiFauna,073893002314,7.69,reptiles,ReptiFauna Pink Fittonia - Tro,0.0,7.63
7385,"ReptiFauna Hope Peperomia - Tropical 2"" Pot",ReptiFauna,738933103015,7.69,reptiles,ReptiFauna Hope Peperomia - Tr,0.0,7.63
7441,Exo Terra Tortoise Cave,Exo Terra,015561229227,52.39,reptiles,Exo Terra Tortoise Cave,0.0,50.39
7444,Galapagos Flexible Bridge 3ft,Galapagos,759834059095,26.19,reptiles,Galapagos Flexible Bridge 3ft,0.0,25.19
7450,Exo Terra Combometer,Exo Terra,015561224703,49.09,reptiles,Exo Terra Combometer,-2.0,47.24
7465,Repti Rock Food & Water dishes,Zoo Med,097612923407,32.69,reptiles,Repti Rock Food & Water dishes,0.0,31.49
7478,Turtle Bone,Zoo Med,097612104011,5.49,reptiles,Turtle Bone,0.0,5.45
7482,Repto Treat Sun Dried Shrimp .35oz,Tetra,046798162537,6.59,reptiles,Repto Treat Sun Dried Shrimp .35oz,0.0,6.54
7484,Deluxe Round Turtle Lagoon,Lees,010838201050,18.59,reptiles,Deluxe Round Turtle Lagoon,0.0,17.84
7485,Kidney Shaped Turtle Lagoon,Lees,010838201357,14.19,reptiles,Kidney Shaped Turtle Lagoon,-1.0,13.64
7515,Zoo Med Repti Chips Substrate 24qt,Zoo Med,097612753240,25.09,reptiles,Zoo Med Repti Chips Substrate,-1.0,24.14
7516,Zilla Reptile Comfort Bedding,Zilla,096316003767,13.09,reptiles,Zilla Reptile Comfort Bedding,0.0,12.59
7517,Fluker's Premium Tropical Cypress Bedding,Flukers,091197360114,11.99,reptiles,Fluker's Premium Tropical Cyp,-1.0,11.54
7561,Komodo Dried Oak Leaves,Komodo,784369933185,9.89,reptiles,Komodo Large Hide,0.0,41.99
7576,"Reptile UVB 300 54w 46""",Exo Terra,015561224338,32.69,reptiles,"Reptile UVB 300 54w 46""",0.0,31.49
7582,Zilla Shed-Ease Reptile Bath,Zilla,096316700116,9.89,reptiles,Zilla Shed-Ease Reptile Bath,0.0,9.44
7587,Zoo Med Natural Adult Bearded Dragon Dry Food 10oz,Zoo Med,097612400762,7.69,reptiles,Zoo Med Natural Adult Bearded,-1.0,7.63
7588,Fluker's Buffet Blend Adult Bearded Dragon Formula Freeze Dried Food 7.5oz,Flukers,091197760440,16.39,reptiles,Fluker's Buffet Blend Adult Be,-1.0,15.74
7589,Rep-Cal Research Labs Maintenance Formula Adult Bearded Dragon Dry Food 4oz,Rep-cal,788286008148,7.69,reptiles,Rep-Cal Research Labs Mainten,-1.0,7.63
7597,"Reptile UVB200 8w 12""",Exo Terra,015561224260,27.29,reptiles,"Reptile UVB200 8w 12""",0.0,26.24
7598,"Exo Terra Reptile UVB 8w 12""",Exo Terra,015561223805,27.29,reptiles,"Exo Terra Reptile UVB 8w 12""",0.0,26.24
7600,Exo Terra Monsoon Multi Programable System,Exo Terra,015561242011,207.09,reptiles,Exo Terra Monsoon Multi Progra,-1.0,199.49
7603,Exo Tedrra Waterfall Small,Exo Terra,015561229104,50.19,reptiles,Exo Tedrra Waterfall Small,-1.0,48.29
7608,Hikari USA Herptile CrestGel™ Reptile Food 2.11oz,Hikari,042055206112,10.89,reptiles,Hikari USA Herptile CrestGel™,-1.0,10.49
7609,Hikari USA Herptile DragonGel™ Reptile Food 2.11oz,Hikari,042055206167,10.89,reptiles,Hikari USA Herptile DragonGel™,-1.0,10.49
7611,Zoo Med Lizard Flower Food Topper 1.4oz,Zoo Med,097612401448,7.69,reptiles,Zoo Med Lizard Flower Food To,-2.0,7.63
7613,Zoo Med Deluxe Shovel Scooper,Zoo Med,097612623017,10.89,reptiles,Zoo Med Deluxe Shovel Scooper,0.0,10.49
7955,Zilla Canopy Series Fluorescent UVB/UVA Bulbs,Zilla,096316280953,22.89,reptiles,Zilla Canopy Series Fluorescen,0.0,22.04
7957,Zilla Day White Light Bulb 75w,Zilla,096316671348,9.89,reptiles,Zilla Day White Light Bulb 75w,0.0,9.44
7991,"Zoo Med ReptiSun 10.0 UVB T8 Fluorescent Lamp 36""",Zoo Med,097612343366,46.89,reptiles,Zoo Med ReptiSun 10.0 UVB T8 F,-1.0,45.14
7992,"Zilla Premium Reflector Dome 8.5""",Zilla,096316670365,33.79,reptiles,Zilla Premium Reflector Dome 8,0.0,41.99
9460,Fluker's Calcium Fortified Cricket Quencher 16oz,Flukers,091197712012,8.79,reptiles,Flukers Cricket Quencher 16oz,0.0,8.73
9462,Komodo Corner Hut Hideout LG,Komodo,784369933185,43.59,reptiles,Komodo Large Hide,0.0,41.99
9466,Zilla Silver Reflector Domes 8.5in,Zilla,096316670648,25.09,reptiles,"Zilla Reflector Dome 8.5""",0.0,31.49
9468,"Zoo Med Habba Hut Terrarium Hideaway Brown, XL",Zoo Med,097612200843,17.49,reptiles,Zoo Med Habba Hut XL,0.0,26.24
9505,Stone Desert 11 LB,,015561231350,14.19,reptiles,Exo Terra Desert Stone Outback Red 11lb,-1.0,13.64
9512,"Exo Terra Terrarium Cabinet Large 36""",,015561227087,239.79,reptiles,"Exo Terra Terrarium Cabinet Large 36""",0.0,230.99
9634,Reptology™ Flexible Climber-Vine - Green,Pennplax,030172057588,38.19,reptiles,Reptology Green Climing Vine,0.0,36.74
9653,Fluker's Bend-A-Branch for Reptiles,Flukers,091197510199,16.39,reptiles,Flukers Bend A Branch,0.0,15.74
9655,Zilla Basking Bulb,Zilla,096316671430,11.99,reptiles,Zilla 100 Watt Day Blue Light,0.0,11.54
9691,Zoo Med Natural Cork Flats Background Jumbo,Zoo Med,097612210149,76.29,reptiles,Zoo Med Show Jumbo Flat,0.0,73.49
4372,Oxbow Animal Health Enriched Life Crazy Hay Ball Small Animal Toy,Oxbow,744845963273,6.59,smallAnimalSupplies,Oxbow Crazy Hay Ball,0.0,6.54
9484,A & E Cages Nibbles Natural Circle Hay Small Animal Chew Stackers,A&E,644472014303,10.89,smallAnimalSupplies,A & E Small Animal Chew,0.0,10.49
9485,A & E Cages Happy Beaks The Excursion Small Animal Pet Carrier Black MD,A&E,644472017229,43.59,smallAnimalSupplies,A&E Travel Carrier Lrg,0.0,41.99
9491,Kaytee Large My First Home Cage LG,Kaytee,045125602296,98.09,smallAnimalSupplies,Kaytee My First Home,0.0,94.49
9608,A & E Cages Nibbles Log Cabin Small Animal Hut w/Ramp,A&E,644472014464,9.89,smallAnimalSupplies,Nibbles Chew Hide,0.0,9.44
9637,Petmate Cat Litter Scoop with Microban,Petmate,029695291135,4.39,smallAnimalSupplies,Scoop Giant,0.0,4.36
9660,Kaytee Natural Snack with Superfoods Sweet Potato & Cranberry,Kaytee,071859006338,6.59,smallAnimalSupplies,Kaytee Sweet Potatoe & Cranberry 3oz,0.0,6.54
9675,Tiny Friends Farm Russel Rabbit Crunchers w/Carrot,Tiny Friends Farm,730582205455,4.39,smallAnimalSupplies,Tiny Friends Farm Crunchers,0.0,4.36
1137,Oasis VITA E-Z-Mist Multivitamin Spray for Ferrets 2 fl oz,Kordon,048054810589,14.16,smallanimal,Forza Replace Fzpuv Cartridge,0.0,13.64
4028,Kaytee Timwmint Hay 24oz,Kaytee,045125619058,14.19,smallanimal,Kaytee Alfalfa Hay 24oz,0.0,11.54
4029,Kaytee Alfalfa Hay 24oz,Kaytee,045125619058,11.99,smallanimal,Kaytee Alfalfa Hay 24oz,0.0,11.54
4031,Round Lake Timothy Hay 48 oz,Round Lake Farm,97612009361,22.88,smallanimal,Caribsea Aragonite 15lb,0.0,22.04
4032,Round Lake Timothy Hay 48 oz,Round Lake Farm,850032686099,9.89,smallanimal,Round Lake Timothy Hay 18oz,0.0,9.44
4044,Oxbow Animal Health Hay Blends Western Timothy & Orchard Grass Hay Blends 90 oz,Oxbow,744845810072,27.29,smallanimal,Oxbow Timothy Blend 90oz,0.0,26.24
4053,CareFRESH Complete Comfort Small Pet Bedding,Carefresh,066380004199,25.09,smallanimal,Carefresh White 23 L,0.0,26.24
4065,Marshals Duck Soup 4.5oz,Marshall,766501003413,7.69,smallanimal,Marshals Duck Soup 4.5oz,0.0,8.73
4066,Vetrx Rabbit Aid 2oz,Goodwinol,048054800627,20.79,smallanimal,Oasis Vita Drops Rabbit,0.0,19.94
4078,Marshall Pet Products Furo-Tone Skin and Coat Supplement for Ferrets 6oz,Marshall,030172091032,10.89,smallanimal,Sinkers Blom Ludwig Green Supe,0.0,10.49
4080,"Kaytee Forti-Diet Mouse, Rat, Hamster 3lb",Kaytee,071859002316,11.99,smallanimal,"Kaytee Forti-Diet Mouse, Rat,",0.0,11.54
4086,Oxbow Mouse & Young Rat Garden Select,Oxbow,744845963631,10.89,smallanimal,Oxbow Mouse & Young Rat Garden,0.0,10.49
4089,Vitagarden Rat & Mouse 2.5 lb,Vitakraft,077234023778,8.79,smallanimal,Spot Rattle Clatter Mouse,0.0,5.45
4090,Sunburst Rat & Mouse 2.5 lb,Higgins,077234023778,10.89,smallanimal,Spot Rattle Clatter Mouse,0.0,5.45
4092,Kaytee Gourmet Hamster & Gerbil 3lb,Kaytee,071859000541,9.89,smallanimal,Kaytee Gourmet Hamster & Gerbi,0.0,9.44
4107,Kaytee Fiesta Guinea Pig 4.5lb,Kaytee,071859426549,21.79,smallanimal,Kaytee Fiesta Guinea Pig 4.5lb,0.0,20.99
4121,Kaytee Juvenile Rabbit 5lb,Kaytee,071859999838,13.09,smallanimal,Kaytee Juvenile Rabbit 5lb,0.0,12.59
4130,Kaytee Gravity Bin Feeder,Kaytee,045125619218,20.79,smallanimal,Kaytee Gravity Bin Feeder,0.0,19.94
4132,Kaytee Tree Trunk Hide Large,Kaytee,76484228582,17.49,smallanimal,Kaytee Tree Trunk Hide Large,0.0,16.79
4137,Ware Wood Den,Ware,030172902178,32.69,smallanimal,Bird Life 3in Wooden Bird Swing,0.0,5.45
4141,Marshall Hideaway Hut,Marshall,076484835292,17.49,smallanimal,Marshall Hideaway Hut,0.0,16.79
4150,Kaytee Come Along Carrier Large,Kaytee,045125623055,40.39,smallanimal,Kaytee Come Along Carrier Larg,0.0,38.84
4152,Happy Beaks Carrier,Happy,644472008043,35.99,smallanimal,Happy Beaks Carrier,0.0,34.64
4153,Happy Beaks Hamster Cage,Happy,644472008685,43.59,smallanimal,Marina Naturals Large,0.0,41.99
4157,Kaytee Itty Bitty Igloo,Kaytee,045125604030,5.49,smallanimal,Kaytee Itty Bitty Igloo,0.0,5.45
4159,Kaytee Chinhut,Kaytee,618940313113,15.25,smallanimal,"Aqualife Plant Scapes 10""",0.0,14.69
4161,Kaytee Chewbular Medium,Kaytee,045125604740,7.69,smallanimal,Kaytee Chewbular Medium,0.0,7.63
4163,Oxbow Enriched Life Run Around Ball,Oxbow,744845963365,17.49,smallanimal,Oxbow Roll Arounds,0.0,7.63
4171,Prevue Hendrix Small Grass Tunnel,Prevue,048081010921,8.79,smallanimal,Prevue Hendrix Small Grass Tun,0.0,8.73
4172,Prevue Hendrix Small Grass Ball,Prevue,048081010938,5.49,smallanimal,Bionic Ball Small,0.0,6.54
4185,Kaytee Hamtrac Exercise Loop,Kaytee,644472002355,21.79,smallanimal,Kaytee Hamtrac Exercise Loop,0.0,20.99
4188,Prevue Hendrix Corner Litter Pan,Prevue,079441004687,13.09,smallanimal,Prevue Hendrix Corner Litter P,0.0,12.59
4191,Kaytee Giant Comfort Wheel,Kaytee,071859942360,31.69,smallanimal,Kaytee Giant Comfort Wheel,0.0,30.44
4198,"Kaytee 7"" Runabout Ball Rainbow",Kaytee,046706321650,11.99,smallanimal,"Kaytee 7"" Runabout Ball Rainbo",0.0,11.54
4200,Prevue Hendrix Playpen Cover Mat,Prevue,048081400968,25.09,smallanimal,Prevue Hendrix Playpen Cover M,0.0,24.14
4211,Oxbow Ecostraw 20lb,Oxbow,744845402727,31.69,smallanimal,Oxbow Chinchilla 10 lb.,0.0,28.34
4227,Pennplax Hydrator 1l,Penn-Plax,030172058714,13.09,smallanimal,Pennplax Hydrator 1l,0.0,12.59
4228,Pennplax Hydrator 237ml,Penn-Plax,030172058707,7.69,smallanimal,Pennplax Hydrator 237ml,0.0,7.63
4229,Kaytee Cool Crock Large,Kaytee,045125618525,6.59,smallanimal,Kaytee Cool Crock Large,0.0,6.54
4238,Kaytee Critter Bottle,Kaytee,045125605181,10.89,smallanimal,Kaytee Critter Bottle,0.0,10.49
4240,Kaytee Water Bottle Holder Small,Kaytee,045125619478,7.69,smallanimal,Kaytee Water Bottle Holder Sma,0.0,7.63
4247,Petwtrbttl 16oz,Penn-Plax,030172041709,7.69,smallanimal,Petwtrbttl 16oz,0.0,7.63
4256,Herb Smack Red Veggies,Vitapol,87535360694,7.69,smallanimal,Herb Smack Red Veggies,0.0,7.63
4257,Herb Smack Gpaw Orchard,Vitapol,048081623954,7.69,smallanimal,Wacky Wood,0.0,13.64
4261,Menu Flakes Carrot & Beetroot,Vitakraft,048081003701,5.49,smallanimal,Perch Birdie Basics S/M,-1.0,3.27
4273,Vitakraft Sticks Popgrain & Honey,Vitakraft,051233316871,7.69,smallanimal,Hippie Hounds 500mg Dog Drops,0.0,31.49
4274,Vitakraft Sticks Carrot & Honey,Vitakraft,051233316956,7.69,smallanimal,Vitakraft Sticks Carrot & Hone,0.0,7.63
4291,Kaytee Healthy Toppings Pap,Kaytee,071859942551,4.39,smallanimal,Kaytee Healthy Toppings Pap,0.0,4.36
4293,Kaytee Health Top Mix Fruit,Kaytee,071859942728,4.39,smallanimal,Kaytee Health Top Mix Fruit,0.0,4.36
4294,Higgins InTune Duets Chicken & Turkey,Higgins,030172082832,7.69,smallanimal,Higgins InTune Duets Chicken &,0.0,7.63
4308,Ware Salt Lick,Ware,030172021398,4.39,smallanimal,Ware Salt Lick,0.0,4.36
4312,Zoo Med Small Animal Mineral Black,Zoo Med,097612118513,2.19,smallanimal,Zoo Med Small Animal Mineral B,0.0,2.17
4324,Nibbles Barnyard,Nibbles,077234541838,6.59,smallanimal,Nibbles Barnyard,0.0,6.54
4330,Kaytee Lava Block,Kaytee,44472002034,4.39,smallanimal,Kaytee Lava Block,0.0,4.36
4333,Nibbles Small Pet Chew,Benebone,854111004460,4.39,smallanimal,Benebone Small Bacon Stick,0.0,13.64
4335,Nibbles Small Pet Chew,Kaytee,810054210061,4.39,smallanimal,Benebone Small Fishbone,0.0,13.64
4344,Kaytee Crispy Garden Chew,Kaytee,071859998527,7.69,smallanimal,Kaytee Crispy Garden Chew,0.0,7.63
4351,Kaytee Carrot Patch,Kaytee,045125611038,5.49,smallanimal,Kaytee Carrot Patch,0.0,5.45
4354,Mystery Mineral Black,Penn-Plax,030172064760,3.29,smallanimal,Mystery Mineral Black,0.0,3.27
4355,Nibbles Barnyard Treats,Nibbles,644472016338,1.49,smallanimal,Nibbles Barnyard Treats,0.0,1.41
4356,Grassy Nibbler Carrot,Prevue,048081010822,5.49,smallanimal,Grassy Nibbler Carrot,0.0,5.45
4369,Oxbow Timothy Club,Oxbow,744845810072,6.59,smallanimal,Oxbow Timothy Blend 90oz,0.0,26.24
4376,Oxbow Tumble Ntoss,Oxbow,744845968353,7.69,smallanimal,Oxbow Tumble Ntoss,0.0,7.63
4377,Oxbow Roll Arounds,Oxbow,744845963365,7.69,smallanimal,Oxbow Roll Arounds,0.0,7.63
4385,Oxbow Timothy Apples & Sticks,Oxbow,744845963150,6.59,smallanimal,Oxbow Timothy Apples & Sticks,0.0,5.45
4386,Oxbow Animal Health Enriched Life Apple Stick Bundle Small Animal Toy,Oxbow,744845963167,7.69,smallanimal,Oxbow Applestick Bundle,0.0,7.63
4388,Oxbow Timothy Apple Slice,Oxbow,744845960234,6.59,smallanimal,Oxbow Timothy Apple Slice,0.0,6.54
4391,Oxbow Small Hidenseek Mat,Oxbow,744845965475,14.19,smallanimal,Oxbow Small Hidenseek Mat,0.0,13.64
4395,Oxbow Extra Large Play Yard Cover,Oxbow,744845963518,27.29,smallanimal,Oxbow Extra Large Play Yard Co,0.0,26.24
4397,Zzzz Hammock,Penn-Plax,030172041730,11.99,smallanimal,Zzzz Hammock,0.0,11.54
4416,Marshall Octo-play,Marshall,048081625644,32.69,smallanimal,Marshall Octo-play,0.0,31.49
4422,Medium Oval Basket Nest,Penn-Plax,030172082023,10.89,smallanimal,Medium Oval Basket Nest,0.0,10.49
4423,Small Oval Basket Nest,Penn-Plax,030172082016,7.69,smallanimal,Small Oval Basket Nest,0.0,7.63
7434,Zilla Durable Den Medium,Zilla,096316116634,7.69,smallanimal,Zilla Durable Den Medium,0.0,7.63
7435,Zilla Durable Den Small,Zilla,096316116627,5.49,smallanimal,Zilla Durable Den Small,0.0,5.45
7839,A & E Nibbles Small animal Chew,A & E,644472009705,4.39,smallanimal,A & E Nibbles Small animal Che,0.0,4.36
7842,A & E Nibbles Small Animal Chew,A & E,644472009552,4.39,smallanimal,A & E Nibbles Small Animal Che,0.0,4.36
8250,Nibbles Small Pet Chew,Coastal,018214829270,5.49,smallanimal,Nibbles Small Pet Chew,0.0,5.45
835,Turbo Cat Ball,Turbo,076484835322,2.19,toys,Turbo Cat Ball,-2.0,2.17
836,Turbo Yarn Ball,Turbo,076484835278,2.19,toys,Yarn Cat Toy,-1.0,2.17
837,Turbo Octopus,Turbo,076484228612,3.29,toys,Turbo Octopus,-5.0,3.27
838,Turbo Sports Ball,Turbo,076484855313,2.19,toys,Turbo Sports Ball,0.0,2.17
840,Turbo Sponge Ball,Turbo,076484835339,2.19,toys,Turbo Sponge Ball,-2.0,2.17
841,Turbo Birds,Turbo,76484228582,3.29,toys,Kaytee Tree Trunk Hide Large,0.0,16.79
843,Turbo Animal Prints,Turbo,076484835247,2.19,toys,Turbo Animal Prints,-9.0,2.17
844,Turbo Stick and Ball,Turbo,076484536090,5.49,toys,Cat toy,-11.0,3.27
847,Turbo Fish,Turbo,76484536014,2.19,toys,Turbo Fish,0.0,2.17
849,Turbo Hairy,Turbo,076484835254,2.19,toys,Turbo Hairy,-2.0,2.17
850,Turbo Twine Ball,Turbo,076484835292,2.19,toys,Marshall Hideaway Hut,0.0,16.79
1048,Prevue Hendrix Naturals Rope Ladder,Prevue,048081628065,9.89,toys,Prevue Hendrix Naturals Rope L,0.0,9.44
1101,Playfuls Club,Prevue,04808162606,18.59,toys,Playfuls Club,0.0,17.84
1989,Catit Home Scratcher Orange,Catit,022517524183,20.79,toys,Catit Home Scratcher Orange,0.0,19.94
1990,Catit Home Scratcher Purple,Catit,022517524190,20.79,toys,Catit Home Scratcher Purple,0.0,19.94
1991,Cat Scratcher Replacement Pad,Catit,030172101465,13.09,toys,Cat Scratcher Replacement Pad,0.0,12.59
2102,Turbo Race Track Scratcher,Turbo,076484533815,29.49,toys,Turbo Race Track Scratcher,0.0,28.34
2123,Kong Nibbies Cat Chicken,Kong,035585516004,5.49,toys,Kong Nibbies Chicken,0.0,5.45
2156,Turbo Infiniti Scratcher,Turbo,076484596025,26.19,toys,Turbo Infiniti Scratcher,0.0,25.19
2169,Spot Slotted Balls 4pk,Spot,077234028483,3.29,toys,Spot Lattice Balls 4pk,-1.0,4.36
2170,Spot Lattice Balls 4pk,Spot,077234028483,4.39,toys,Spot Lattice Balls 4pk,-1.0,4.36
2174,Spot Catch & Release Cat Toy,Spot,077234521106,4.39,toys,Spot Catch & Release Cat Toy,0.0,4.36
2178,Spot House Mouse Helen,Spot,077234520826,5.49,toys,Spot House Mouse Helen,0.0,5.45
2184,Spot Birds of a Feather,Spot,077234028292,6.59,toys,Spot Song Bird,0.0,8.73
2189,Spot Love the Earth Butterfly,Spot,077234521762,6.59,toys,Spot Love the Earth Butterfly,0.0,6.54
2190,Spot Dolphin Laser Wand,Spot,077234521199,10.89,toys,Spot Dolphin Laser Wand,0.0,10.49
2195,Spot Rattle Clatter Mouse,Spot,077234023778,5.49,toys,Spot Rattle Clatter Mouse,0.0,5.45
2196,Spot Song Bird,Spot,077234028292,8.79,toys,Spot Song Bird,0.0,8.73
2199,Spot American Take-out,Spot,077234521991,6.59,toys,Spot American Take-out,0.0,6.54
2201,Spot Cuddly & Colorful 3pk,Spot,077234522271,6.59,toys,Spot Cuddly & Colorful 3pk,0.0,6.54
2208,Spot Funfetti,Spot,077234549308,4.39,toys,Spot Lil Spots,0.0,7.63
2212,Spot Led Mouse Pointer,Spot,030172104077,8.79,toys,Spot Led Mouse Pointer,-2.0,8.73
2215,Spot Led Motion Activated Ball,Spot,077234400166,5.49,toys,Spot Led Motion Activated Ball,0.0,5.45
2219,Spot Skinneeez Cat,Spot,077234026816,5.49,toys,Spot Skinneeez Cat,0.0,5.45
2223,Kong Vibes Batabout 2pk,Kong,035585440071,6.59,toys,Kong Vibes Batabout 2pk,0.0,6.54
2224,Kong Feather Top Carrot,Kong,763034610026,6.59,toys,Kong Feather Top Carrot,0.0,6.54
2225,Kong Cat Wubba Fish,Kong,035585256153,10.89,toys,Kong Wubba Octopus Small,0.0,11.54
2229,Kong Batabout Vibez Butterfly 2pk,Kong,035585534015,6.59,toys,Kong Scrattles Panda 2pk,0.0,7.63
2230,Kong Flingaroo Tutu,Kong,035585459516,6.59,toys,Kong Flingaroo Corny,0.0,7.63
2231,Kong Scrattles Panda 2pk,Kong,035585534015,7.69,toys,Kong Scrattles Panda 2pk,0.0,7.63
2232,Kong Butterfly Teaser,Kong,035585460055,5.49,toys,Kong Teaser Pursuite Butterfly,0.0,15.74
2233,Kong Scrattles Acoustix 2pk,Kong,035585517001,6.59,toys,Kong Scrattles Acoustix 2pk,0.0,6.54
2235,Kong Active Scrunchie,Kong,035585459165,5.49,toys,Kong Active Scrunchie,0.0,5.45
2238,Kong Flingaroo Corny,Kong,035585459516,7.69,toys,Kong Flingaroo Corny,0.0,7.63
2241,Kong Squirell,Kong,763034610088,7.69,toys,Kong Squirell,0.0,7.63
2242,"KONG Cat Luvs Cat Toy
Lizard",Kong,035585462158,7.69,toys,Kong Cat Luvs Lizard,-1.0,7.63
2244,Kong Blissy Mesh Ball/Catnip,Kong,035585506456,6.59,toys,Kong Blissy Mesh Ball/Catnip,0.0,6.54
2245,Kong Infused Cat Gyro,Kong,035585034393,9.89,toys,Kong Infused Cat Gyro,0.0,9.44
2247,Kong Rewards Rocker Cheese,Kong,035585530062,9.89,toys,Kong Rewards Rocker Cheese,-1.0,9.44
2248,Kong Pullapartjamz,Kong,035585524078,6.59,toys,Kong Pullapartjamz,0.0,6.54
2251,Kong Tropics Pals 2pk,Kong,035585530000,10.89,toys,Kong Tropics Pals 2pk,0.0,10.49
2252,Kong Cat Active Caps 2pk,Kong,035585459332,6.59,toys,Kong Cat Active Caps 2pk,0.0,6.54
2255,Kong Teaser Pursuite Butterfly,Kong,035585460055,16.39,toys,Kong Teaser Pursuite Butterfly,0.0,15.74
2256,Kong Rewards Picnic,Kong,035585524054,14.19,toys,Kong Rewards Picnic,0.0,13.64
2259,Kong Comfort Key Play Mat,Kong,035585530130,21.79,toys,Kong Comfort Key Play Mat,0.0,20.99
2267,Kong Playspaces Rave Cave,Kong,035585524160,35.99,toys,Kong Playspaces Rave Cave,0.0,31.49
2666,Li'l Pals Potty Bells,Li'l Pals,076484121623,38.69,toys,Li'l Pals Potty Bells,0.0,37.26
2669,Rascals Jumbo Burger,Rascals,076484093999,7.69,toys,Rascals Jumbo Burger,0.0,7.63
2670,"Rascals 6.5"" Paper",Rascals,076484093920,5.49,toys,"Rascals 6.5"" Paper",0.0,5.45
2672,"Rascals 3"" Frog",Rascals,076484830150,5.49,toys,"Rascals 3"" Frog",-1.0,5.45
2678,"Rascals 4"" Football",Rascals,076484827709,7.62,toys,Fluval Color Enhancing 1.6oz,0.0,7.63
2680,Multipet Globken Mini Assorted,Multipet,784369203257,7.69,toys,Multipet Globken Mini Assorted,0.0,7.63
2681,"Rascals 5.5"" Frkfurtr",Rascals,076484093906,4.39,toys,"Rascals 5.5"" Frkfurtr",0.0,4.36
2682,"Rascals 6.25"" Pig",Rascals,076484830518,10.89,toys,"Rascals 6.25"" Pig",0.0,10.49
2684,"NatureFlex Tinytots T-rex 4.5""",Penn-Plax,030172713081,6.59,toys,"NatureFlex Tinytots T-rex 4.5""",0.0,6.54
2685,NatureFlex Brontosaurus,Penn-Plax,030172713088,6.59,toys,NatureFlex Brontosaurus,0.0,6.54
2686,NatureFlex Triceratops,Penn-Plax,030172713095,6.59,toys,NatureFlex Triceratops,0.0,6.54
2687,"Rascals 3"" Crab",Rascals,076484830693,6.59,toys,"Rascals 3"" Crab",0.0,6.54
2689,"Li'l Pals 2.75"" Duck",Li'l Pals,076484832055,4.39,toys,"Li'l Pals 2.75"" Duck",0.0,4.36
2690,"Li'l Pals 4"" Monkey",Li'l Pals,076484832802,7.69,toys,"Li'l Pals 4"" Monkey",-1.0,7.63
2691,JW Pet Pet Pet Pet Puppy Hol-ee Roller,JW Pet,618940431107,9.89,toys,JW Pet Pet Pet Pet Puppy Hol-e,0.0,9.44
2693,Li'l Pals Plushlion,Li'l Pals,076484799105,9.89,toys,Li'l Pals Plushlion,0.0,9.44
2695,Li'l Pals Plush Duck,Li'l Pals,076484799013,8.79,toys,Li'l Pals Plush Duck,0.0,9.44
2696,Li'l Pals Fleece Toy,Li'l Pals,76484842030,5.49,toys,Li'l Pals Fleece Toy,0.0,5.45
2700,JW Pet Pet Pet Pet Hol-ee Roller Medium,JW Pet,618940431114,10.89,toys,JW Pet Pet Pet Pet Hol-ee Roll,0.0,12.59
2704,"Rascals 2.75"" Pig",Rascals,076484830105,5.49,toys,"Rascals 2.75"" Pig",0.0,5.45
2706,"Rascals 3"" Ball",Rascals,076484825149,5.49,toys,"Rascals 3"" Ball",0.0,5.45
2709,"Jolly Pets 4""jolly Sccrball",Jolly Pets,788169720426,13.09,toys,"Jolly Pets 4""jolly Sccrball",0.0,12.59
2717,"Jolly Pets 8"" Soccerball Blue",Jolly Pets,788169720822,23.99,toys,"Jolly Pets 8"" Soccerball Blue",0.0,23.09
2720,"Li'l Pals 8"" Spiky Gator",Li'l Pals,076484832147,8.79,toys,"Li'l Pals 8"" Spiky Gator",0.0,8.73
2723,Li'l Pals Latex Cofee Macroons,Li'l Pals,076484321085,13.09,toys,Li'l Pals Latex Cofee Macroons,0.0,12.59
2724,"Rascals 3"" Hdghog",Rascals,076484830280,8.79,toys,"Rascals 3"" Hdghog",0.0,8.73
2726,JW Pet Pet Pet Pet Small Isqueakbone,JW Pet,618940430353,7.69,toys,JW Pet Pet Pet Pet Small Isque,0.0,7.63
2727,Li'l Pals Plush Ball,Li'l Pals,076484842092,6.59,toys,Li'l Pals Plush Ball,0.0,6.54
2731,Li'l Pals Secret Garden Toys,Li'l Pals,076484324826,13.09,toys,Li'l Pals Secret Garden Toys,0.0,14.69
2732,Li'l Pals Fiesta Toys,Li'l Pals,076484324840,13.09,toys,Li'l Pals Fiesta Toys,0.0,12.59
2733,"Rascals 7"" Grunt Gator",Rascals,076484830846,10.89,toys,"Rascals 7"" Grunt Gator",0.0,10.49
2734,JW Pet Pet Pet Pet Bad Cuz Medium,JW Pet,618940431688,10.89,toys,JW Pet Pet Pet Pet Bad Cuz Med,0.0,10.49
2736,"Li'l Pals 8.5"" Cow Rope",Li'l Pals,076484832154,7.69,toys,"Li'l Pals 8.5"" Cow Rope",0.0,7.63
2737,"Rascals 5"" Foot",Rascals,076484827709,7.62,toys,Fluval Color Enhancing 1.6oz,0.0,7.63
2738,"Li'l Pals 2"" Pink Ball",Li'l Pals,076484832086,3.29,toys,"Li'l Pals 2"" Pink Ball",0.0,5.45
2741,Jolly Tug,Jolly Pets,788169050516,21.79,toys,Jolly Tug,0.0,20.99
2748,Li'l Pals Happy Birthday Combo,Li'l Pals,076484742309,16.39,toys,Li'l Pals Happy Birthday Combo,0.0,15.74
2754,Spot Chirpies,Spot,077234549339,13.09,toys,Spot Squirrel 7in,0.0,12.59
2759,Spot Skinneez Squirell,Spot,077234053683,14.19,toys,Spot Skinneez Squirell,0.0,13.64
2763,Spot Skinz Ext Trpl Squeak Crock,Spot,077234540961,13.09,toys,Spot Skinz Ext Trpl Squeak Cro,0.0,12.59
2765,Spot Skinz Mallard Duck,Spot,077234055458,10.89,toys,Spot Skinz Mallard Duck,0.0,10.49
2767,Spot Sknz Crinklers Large Bird,Spot,077234043127,14.19,toys,Spot Sknz Crinklers Large Bird,0.0,13.64
2771,Spot Sknz Ex Quilted Mini Fox,Spot,077234542163,10.89,toys,Spot Sknz Ex Quilted Mini Fox,-1.0,10.49
2774,Spot Sknz Ex Quilted Squirell,Spot,077234541890,16.39,toys,Spot Sknz Ex Quilted Squirell,0.0,15.74
2775,Spot Sknz Stretch & Squeak,Spot,077234548271,11.99,toys,Spot Sknz Stretch & Squeak,-1.0,11.54
2780,Mr. Bill Toy,Multipet,84369167153,16.39,toys,Mr. Bill Toy,0.0,15.74
2781,Woody Woodpecker Toy,Multipet,784369372441,16.39,toys,Woody Woodpecker Toy,0.0,15.74
2782,Zippy Paws Squickie Can,ZippyPaws,810032680015,7.69,toys,Zippy Paws Squickie Can,0.0,7.63
2786,Spot Fun Beverage Pawpsii,Spot,077234547625,7.69,toys,Spot Fun Beverage Pawpsii,0.0,7.63
2788,Spot Fun Candy Twisted Whisker,Spot,077234546239,8.79,toys,Spot Fun Candy Twisted Whisker,0.0,8.73
2814,Multipet Birthday Present,Multipet,784369487091,9.89,toys,Multipet Birthday Present,0.0,9.44
2816,Squishmallows Dog Toy,Jazwares,191726514428,20.79,toys,Squishmallows Dog Toy,0.0,19.94
2820,Zippy Paws Donutz Rainbow,ZippyPaws,810032680213,9.89,toys,Zippy Paws Donutz Rainbow,0.0,9.44
2821,Zippy Paws Donutz Buddies Frog,ZippyPaws,810032680343,10.89,toys,Zippy Paws Donutz Buddies Frog,0.0,10.49
2828,Spot Lvtheearth Stuff Free Crock,Ethical Pet,077234547526,10.89,toys,Spot Lvtheearth Stuff Free Cro,0.0,10.49
2833,Multipet Duckworth Mini,Multipet,784369377064,5.49,toys,Multipet Duckworth Mini,0.0,5.45
2834,Multipet Loofa Squeak Mat,Multipet,784369479140,13.09,toys,Multipet Loofa Squeak Mat,0.0,12.59
2836,Spot Double Knot Tug String Flex,Ethical Pet,77234549056,14.19,toys,Spot Double Knot Tug String Fl,0.0,13.64
2841,Tuffy Tug Ring,Tuffy,180181905339,28.39,toys,Tuffy Mega,0.0,27.29
2843,Tuffy Small-octopus,Tuffy,180181007019,22.89,toys,Tuffy Small-octopus,-1.0,22.04
2844,Tuffy Turtle,Tuffy,180181020308,20.79,toys,Tuffy Turtle,0.0,19.94
2848,Tuffy T-oc-shark-em,Tuffy,180181909498,22.89,toys,Tuffy T-oc-shark-em,0.0,22.04
2849,Tuffy alligator,Tuffy,180181910036,27.29,toys,Tuffy alligator,0.0,26.24
2851,Tuffy T-oc- Dolphin,Tuffy,180181023668,27.29,toys,Tuffy T-oc- Dolphin,0.0,26.24
2861,Tuffy T-u-b-rp,Tuffy,180181002014,8.71,toys,Tetra Glo Gravel Black Lagoon,0.0,8.73
2862,Tuffy T-ff-hotdog,Tuffy,180181020957,21.79,toys,Tuffy T-ff-hotdog,0.0,20.99
2864,Tuffy T-junior-r-rp,Tuffy,180181011016,14.19,toys,Tuffy T-junior-r-rp,0.0,13.64
2866,Tuffy Jr. Boomerang,Tuffy,180181016011,20.79,toys,Tuffy Jr. Boomerang,0.0,19.94
2869,Mammoth Small Monkey Fist Ball,Mammoth,746772200865,8.79,toys,Mammoth Small Monkey Fist Ball,0.0,8.73
2871,Mammoth Tire Biter Ball With Extra 2 Knot Bone,Mammoth,746772352045,14.19,toys,Mammoth Tire Biter Ball With E,0.0,13.64
2884,Mamm Medium Color Bone,Mammoth,746772200124,5.49,toys,Mamm Medium Color Bone,0.0,7.63
2885,Mammoth Medium Extra Monkey Fist,Mammoth,746772251867,13.09,toys,Mammoth Medium Extra Monkey Fi,-1.0,12.59
2887,Mammoth Extra Fresh 2 Knot Bone Large,Mammoth,746772255063,9.89,toys,Mammoth Extra Fresh 2 Knot Bon,0.0,9.44
2889,Mammoth Small Extra Monkey Fist,Mammoth,746772250204,9.89,toys,Mammoth Small Extra Monkey Fis,-1.0,9.44
2890,Mammoth Medium Tire Biter End/Extra Loop,Mammoth,746772352083,14.19,toys,Mammoth Medium Tire Biter End/,0.0,13.64
2894,Chuckit Ultralinks,Chuckit!,029695323560,19.69,toys,Chuckit Ultralinks,0.0,18.89
2895,Chuckit Launcher Junior 18m,Chuckit!,660048061007,15.29,toys,Chuckit Launcher Junior 18m,0.0,14.69
2896,Chuckit Sport 14s,Chuckit!,660048069003,13.09,toys,Chuckit Sport 14s,0.0,13.64
2903,Chuckit Air Fetch Ball Small 2pk,Chuckit!,029695319310,15.29,toys,Chuckit Air Fetch Ball Small 2,-1.0,14.69
2906,Chuckit Ultra Ball Medium,Chuckit!,660048001683,9.89,toys,Chuckit Ultra Ball Medium,0.0,9.44
2908,Chuckit Rugged Flyer Medium,Chuckit!,029695313424,19.69,toys,Chuckit Rugged Flyer Medium,0.0,18.89
2909,Chuckit Tennis Ball Large,Chuckit!,660048000426,7.69,toys,Chuckit Tennis Ball Large,-1.0,7.63
2915,Nylabone Durachew Bacon Wlf,Nylabone,018214823285,21.79,toys,Nylabone DuraChew Petite Bacon,0.0,5.45
2916,Nylabone Rhino Cone Wolf,Nylabone,018214846550,16.39,toys,Nylabone Rhino Cone Wolf,0.0,15.74
2918,Nylabone Puppyx Bone Petite,Nylabone,018214837824,14.19,toys,Nylabone Puppy X Bone Beef,0.0,14.69
2920,Nylabone Sneaky Snacker Wolf,Nylabone,018214853480,17.49,toys,Nylabone Sneaky Snacker Wolf,0.0,16.79
2921,Nylabone Puppy Chew Dental Dinosaur Teething Dog Toy,Nylabone,018214837053,13.09,toys,Nylabone Puppy Dinosaur,0.0,12.59
2926,Nylabone Axis Bone Regular,Nylabone,018214850014,13.09,toys,Nylabone Axis Bone Regular,0.0,12.59
2930,Nylabone Puppy Teethe N Tug,Nylabone,018214837428,15.29,toys,Nylabone Puppy Teethe N Tug,-1.0,14.69
2932,Kong Wubba Assorted Large,Kong,035585799988,17.49,toys,Kong Wub Friend Ballistic Larg,0.0,13.64
2937,KONG Wubba Ballastic Friends Dog Toy,Kong,035585799971,10.89,toys,Kong Wubba Puppy Assorted Smal,-1.0,11.54
2938,Kong Wubba Friends Ballistic Small,Kong,035585800004,10.89,toys,Kong Wubba Friends Ballistic S,0.0,10.49
2939,Kong Wubba Camo Small,Kong,035585800141,10.89,toys,Kong Wubba Camo Small,0.0,11.54
2940,Kong Wubba Octopus Small,Kong,035585256153,11.99,toys,Kong Wubba Octopus Small,0.0,11.54
2942,Kong Comfrt Pups Peanut Small,Kong,035585523354,13.09,toys,Kong Comfrt Pups Peanut Small,0.0,12.59
2943,Kong Comfrt Pups Boss Small,Kong,035585523385,15.29,toys,Kong Comfrt Pups Boss Small,0.0,14.69
2946,Kong Frizzles Zazzle Medium,Kong,035585323077,14.19,toys,Kong Frizzles Zazzle Medium,0.0,13.64
2948,Kong Scamp Lion Medium,Kong,035585499925,14.19,toys,Kong Ringaroos Elephant Medium,-1.0,15.74
2952,Kong Snuzzle Hippo Extra Large,Kong,035585507118,17.49,toys,Kong Snuzzle Hippo Extra Large,0.0,16.79
2953,Kong Wub Friend Ballistic Large,Kong,035585799988,14.19,toys,Kong Wub Friend Ballistic Larg,0.0,13.64
2955,Kong Wub Ballis Highviz Large,Kong,035585800646,14.19,toys,Kong Wub Ballis Highviz Large,0.0,13.64
2956,Kong Wub Zoo Koala Large,Kong,035585502908,16.39,toys,Kong Wub Zoo Koala Large,0.0,15.74
2959,Kong Tuggz Sloth Extra Large,Kong,035585485454,21.79,toys,Kong Shak Crump Sloth Extra La,0.0,22.04
2960,KONG Floppy Knots Fox Dog Toy,Kong,035585402017,14.19,toys,Kong Lwstff Fox Medium,0.0,15.74
2964,Kong Snuzz Kid Elephant Small,Kong,035585498478,14.19,toys,Kong Snuzz Kid Elephant Small,0.0,13.64
2965,Kong Snuzz Kid Sloth Small,Kong,035585498485,11.99,toys,Kong Comfort Kid Elephant Extr,0.0,13.64
2966,Kong Sheilds Tropics Gecko Medium,Kong,035585503141,15.29,toys,Kong Sheilds Tropics Gecko Med,0.0,14.69
2967,Kong Scrump Bunny Medium,Kong,035585498751,17.49,toys,Kong Scrump Bunny Medium,0.0,16.79
2968,Kong Comfort Hedge hog Puppy Extra Small,Kong,035585421315,9.89,toys,Kong Comfort Hedge hog Puppy E,0.0,9.44
2969,Kong Comfort Hedge Hog Puppy medium,Kong,035585421278,14.19,toys,Kong Comfort HedgeHug Md,0.0,13.64
2970,Kong Cuteseas Rufflez Crab Small,Kong,035585498997,13.09,toys,Kong Shak Honk Turkey Large,0.0,16.79
2971,Kong Shackers Shimmy Crab Medium,Kong,035585498492,15.29,toys,Kong Shackers Shimmy Crab Medi,-1.0,14.69
2972,Kong Shakers Bobz Pig Medium,Kong,035585498539,13.09,toys,Kong Shakers Bobz Pig Medium,0.0,12.59
2973,Kong Shakers Honkers Dragon Small,Kong,035585498775,10.89,toys,Kong Shakers Honkers Dragon Sm,-1.0,10.49
2975,Kong Wild Shield Perch Medium,Kong,035585523224,14.19,toys,Kong Wild Shield Perch Medium,0.0,16.79
2976,Kong Sheild Tropical Frog Medium,Kong,035585503134,16.39,toys,Kong Sheild Tropical Frog Medi,0.0,17.84
2990,Kong Ringaroos Elephant Medium,Kong,035585499925,18.59,toys,Kong Ringaroos Elephant Medium,-1.0,15.74
2991,Kong Wild Knots Fox Small/Medium,Kong,035585509389,10.89,toys,Kong Wild Knots Fox Small/Medi,0.0,10.49
2992,Kong Wild Knots Giraffe Small/Medium,Kong,035585509402,10.89,toys,Kong Wild Knots Giraffe Small/,0.0,10.49
2993,Kong Wild Knts Bear Assorted Medium/Large,Kong,035585533001,17.49,toys,Kong Wild Knts Bear Assorted M,0.0,16.79
2994,Kong Wild Knts Fox Medium/Large,Kong,035585509358,16.39,toys,Kong Wild Knts Fox Medium/Larg,0.0,15.74
2997,Kong Medium/Large Scrunch Squirell,Kong,035585455983,18.59,toys,Kong Medium/Large Scrunch Squi,0.0,17.84
2998,Kong Medium/Large Scrunch Knots Raccoon,Kong,035585455976,18.59,toys,Kong Medium/Large Scrunch Knot,0.0,17.84
2999,Kong Shak Crump Sloth Extra Large,Kong,035585485454,22.89,toys,Kong Shak Crump Sloth Extra La,0.0,22.04
3000,Kong Shak Crump Elephant Extra Large,Kong,035585498911,22.89,toys,Kong Knots Frog Large/Extra La,0.0,22.04
3002,Kong Shak Honk Turkey Large,Kong,035585498997,17.49,toys,Kong Shak Honk Turkey Large,0.0,16.79
3004,Kong Scryff Chicken Medium/Large,Kong,035585360775,17.49,toys,Kong Scryff Chicken Medium/Lar,0.0,20.99
3007,Kong Maxx Rhino Large,Kong,035585509334,20.79,toys,Kong Maxx Rhino Large,0.0,19.94
3008,Kong Maxx Turtle Medium,Kong,035585509341,21.79,toys,Kong Maxx Turtle Medium,0.0,20.99
3010,Kong Floof Shak Giraffe Medium,Kong,035585360584,13.09,toys,Kong Floof Shak Giraffe Medium,0.0,15.74
3014,Kong Knots Frog Large/Extra Large,Kong,035585498911,22.89,toys,Kong Knots Frog Large/Extra La,0.0,22.04
3015,Kong Maxx Star Small/Medium,Kong,035585509327,18.59,toys,Kong Maxx Star Small/Medium,0.0,17.84
3017,Kong Comfrt Tykes Fox Small,Kong,035585499802,10.89,toys,Kong Comfrt Tykes Fox Small,0.0,10.49
3018,Kong Layerz Forage Hedgehog Medium,Kong,035585506203,15.29,toys,Kong Layerz Forage Hedgehog Me,-1.0,14.69
3020,Kong Comfort Kid Elephant Extra Small,Kong,035585498485,8.79,toys,Kong Comfort Kid Elephant Extr,0.0,13.64
3022,Kong Ballistic Alligator Medium/Large,Kong,035585529011,13.09,toys,Kong Zoom Groom,0.0,16.79
3030,Kong Floppy Bunny Large,Kong,035585402062,19.69,toys,Kong Floppy Bunny Large,0.0,18.89
3031,Kong Floppy Elephant Medium/Large,Kong,035585402062,19.69,toys,Kong Floppy Bunny Large,0.0,18.89
3033,Kong Floppy Hippo Small/Medium,Kong,035585402031,13.09,toys,Kong Floppy Hippo Small/Medium,0.0,15.74
3045,Kong Extreme Flyer,Kong,035585123189,18.59,toys,Kong Extreme Flyer,-1.0,20.99
3049,Kong Airdog Bone Medium,Kong,035585775296,11.99,toys,Kong Airdog Bone Medium,0.0,11.54
3059,Kong Sport Softies Ball 3pk Small,Kong,035585529097,9.89,toys,Kong Sport Softies Ball 3pk Sm,0.0,9.44
3060,Kong Rope Rally Bone Medium,Kong,035585505572,14.19,toys,Kong Rope Rally Bone Medium,0.0,13.64
3062,Kong Airdog Squeak Knob Ball Medium/Large,Kong,035585502151,6.59,toys,Kong Airdog Squeak Knob Ball M,0.0,6.54
3063,Kong Crunchair Ball Medium 3pk,Kong,035585483009,9.89,toys,Kong Crunchair Ball Medium 3pk,0.0,9.44
3066,Kong Sport Soft Balls 2pk Large,Kong,035585529110,10.89,toys,Kong Sport Soft Balls 2pk Larg,0.0,10.49
3067,Kong Sign Sport Balls 3pk Extra Small,Kong,035585503189,6.59,toys,Kong Sign Sport Balls 3pk Extr,0.0,6.54
3068,KONG Daily Newspaper Dog Toy XL,Kong,035585507187,22.89,toys,Kong Knots Monkey Large,0.0,22.04
3070,Kong Squeez Goomz Football Large,Kong,035585495064,18.59,toys,Kong Squeez Goomz Football Lar,-1.0,17.84
3072,Kong Sport Assorted Extra Small,Kong,035585775661,5.49,toys,Kong Sport Assorted Extra Smal,-1.0,5.45
3073,Kong Cozie King Lion Medium,Kong,035585159034,11.99,toys,Kong Cozie King Lion Medium,-1.0,11.54
3088,Kong Jumbler Tug Medium/Large,Kong,03558509440,22.89,toys,Kong Jumbler Tug Medium/Large,0.0,22.04
3094,Kong Large/Extra Large Jumbler Ball,Kong,035585034133,21.79,toys,Kong Large/Extra Large Jumbler,0.0,20.99
3100,Kong Sqeeez Stick Medium,Kong,035585032115,14.19,toys,Kong Sqeeez Stick Medium,0.0,13.64
3110,Kong Twitz Ring Large,Kong,035585494067,18.59,toys,Kong Twitz Ring Large,0.0,17.84
3117,Kong Dental Bone Medium,Kong,03558506241,16.39,toys,Kong Dental Bone Medium,0.0,15.74
3119,Kong Ziggies Enhance Medium/Large 8oz,Kong,035585361864,14.19,toys,Kong Ziggies Enhance Medium/La,0.0,13.64
3121,Kong Ziggies Enhance Puppy M/L 8oz,Kong,035585361888,14.19,toys,Kong Ziggies Enhance Puppy M/L,-1.0,13.64
3123,Kong Jerky Chicken Medium/Large,Kong,035585361598,9.89,toys,Kong Jerky Chicken Medium/Larg,-2.0,9.44
3127,Kong Sncks Bacon & Cheese Large,Kong,035585213002,11.99,toys,Kong Sncks Bacon & Cheese Larg,0.0,11.54
3131,Kong Stuffn Sweetpot 5oz,Kong,035585191010,6.59,toys,Kong Stuffn Sweetpot 5oz,0.0,6.54
3138,Kong Squeeez Ball Medium,Kong,0355850323,7.69,toys,Kong Squeeez Ball Medium,0.0,7.63
3141,Kong Stuff-a-ball Large,Kong,035585141114,11.99,toys,Kong Stuff-A-Ball Large,0.0,13.64
3142,Kong Stuff-a-ball Medium,Kong,035585141213,11.99,toys,Kong Stuff-a-ball Medium,0.0,11.54
3145,Kong Goodie Ribbon Medium,Kong,035585356259,14.19,toys,Kong Goodie Ribbon Medium,0.0,13.64
3146,Kong Extreme Goodie Bone Large,Kong,035585356006,20.79,toys,Kong Extreme Goodie Bone Large,0.0,19.94
3154,Kong Dental Stick Large,Kong,035585121123,14.19,toys,Kong Dental Stick Large,0.0,13.64
3155,Kong Dental Stick Medium,Kong,035585121222,10.89,toys,Kong Dental Stick Medium,0.0,10.49
3156,Kong Biscuit Ball Small,Kong,035585111377,15.29,toys,Kong Biscuit Ball Small,0.0,14.69
3163,Kong Puppy Tires Small,Kong,35585365051,8.79,toys,Kong Puppy Tires Small,0.0,8.73
3170,Kong Puppy Activity Ball Medium,Kong,035585131245,11.99,toys,Kong Puppy Activity Ball Mediu,0.0,11.54
3173,Kong Rewards Wally Medium/Large,Kong,035585498270,16.39,toys,Kong Rewards Wally Medium/Larg,-1.0,15.74
3175,Kong Rewards Tinker Small,Kong,03558552933,21.79,toys,Kong Rewards Tinker Small,0.0,20.99
4559,Nylabone DuraChew Wishbone Wolf,Nylabone,018214843832,14.19,toys,Nylabone Nyla Stick Wolf,0.0,12.59
4561,Nylabone Blue Wishbone,Nylabone,1556122620,6.59,toys,Nylabone Blue Wishbone,0.0,6.54
4562,Nylabone Pink Wish Bone,Nylabone,018214846970,7.69,toys,Nylabone Pink Wish Bone,0.0,8.73
4566,Nylabone Pink Bone Extra Small,Nylabone,018214852667,7.69,toys,Nylabone Pink Bone Extra Small,0.0,7.63
4570,Nylabone DuraChew Regular,Nylabone,018214813682,5.49,toys,Nylabone Healthy Edibles Varie,0.0,9.44
4572,Nylabone DuraChew Giant Bacon,Nylabone,018214816249,16.39,toys,Nylabone DuraChew Giant Bacon,0.0,15.74
4573,Nylabone DuraChew Wolf Bacon,Nylabone,018214823285,10.89,toys,Nylabone DuraChew Petite Bacon,0.0,5.45
4574,Nylabone DuraChew Regular Bacon,Nylabone,018214823285,7.69,toys,Nylabone DuraChew Petite Bacon,0.0,5.45
4575,Nylabone DuraChew Petite Bacon,Nylabone,018214823285,5.49,toys,Nylabone DuraChew Petite Bacon,0.0,5.45
4576,Nylabone FlexiChew Giant,Nylabone,9761211060,17.49,toys,Nylabone FlexiChew Giant,0.0,16.79
4577,Nylabone Nyla Stick Wolf,Nylabone,018214843832,13.09,toys,Nylabone Nyla Stick Wolf,0.0,12.59
4578,Nylabone FlexiChew Regular,Nylabone,018214813682,8.79,toys,Nylabone Healthy Edibles Varie,0.0,9.44
4579,Nylabone FlexiChew Petite,Nylabone,018214812784,6.59,toys,Nylabone FlexiChew Petite,0.0,6.54
4580,Nylabone Dental Wolf,Nylabone,018214828006,14.19,toys,Nylabone Oral Care Senior Dental Kit,0.0,14.69
4582,Nylabone Dental Chew Petite,Nylabone,018214828006,6.59,toys,Nylabone Oral Care Senior Dental Kit,0.0,14.69
4816,Bionic Urban Stick Large,Bionic,096316116597,23.99,toys,Zilla Durable dish Medium,0.0,5.45
4817,Bionic Bone Large,Bionic,096316116580,23.99,toys,Bionic Bone Large,0.0,23.09
4822,Bionic Ball Small,Bionic,048081010938,6.59,toys,Bionic Ball Small,0.0,6.54
7675,Penn Plax Crincle Ball,Penn Plax,030172034961,2.19,toys,Penn Plax Crincle Ball,-6.0,2.17
7701,Nylabone Puppy Tactile Stick,Nylabone,018214854579,14.19,toys,Nylabone Puppy Tactile Stick,0.0,13.64
7708,Mammoth X Large Color Bone,Mammoth,746772200087,10.89,toys,Mammoth X Large Color Bone,0.0,10.49
7714,Mammoth Tug With Ball Small,Mammoth,746772252406,7.69,toys,Mammoth Tug With Ball Small,0.0,7.63
7717,Mammoth Tire Biter Medium,Mammoth,746772350089,11.99,toys,Mammoth Tire Biter Medium,0.0,11.54
7726,Tuffy Mighty Ball,Tuffy,180181907449,14.19,toys,Tuffy Mighty Ball,0.0,13.64
7730,Spot Fleece Slipper,Spot,077234050224,9.89,toys,Spot Fleece Slipper,0.0,9.44
7980,Spot Lil Spots,Spot,077234549308,7.69,toys,Spot Lil Spots,0.0,7.63
9000,"Rascals 3"" Hamburger",Coastal,076484093890,6.59,toys,"Rascals 3"" Hamburger",0.0,6.54
9580,KONG Knots Teddy Dog Toy,,035585499567,17.49,toys,Kong Knots,0.0,16.79
9584,KONG Wubba Sport Dog Toy,Kong,035585508238,17.49,toys,Kong Wubba Soccer Ball,0.0,16.79
9586,KONG Floppy Knots Hippo Dog Toy,Kong,035585541037,10.89,toys,Kong Floppy Hippo XS,0.0,9.44
9587,Mammoth Pet Products Twister Bone w/2 Tennis Balls Dog Toy,mammoth,746772530023,13.09,toys,Mammoth Twist With Balls,0.0,12.59
9613,Jolly Pet Romp-n-Roll Dog Toy Durable,JOLLY PET,788169060829,37.09,toys,Romp & Roll Blue 8 Inch,0.0,35.69
9819,"Turbo® Bulk Catnip Resealable Pouch, No Color, 0.5 oz",Coastal,076484810848,7.69,toys,Turbo Catnip 0.5oz,-1.0,7.63
