Name,Brand,SKU,Category,SubCategory,Color,Size,In Stock,Price
TetraPro Goldfish 3.03 oz,Tetra,046798770763,Aquatics,,,,2.00,$10.49
TetraPro Goldfish 7.9 oz,Tetra,046798770770,Aquatics,,,,3.00,$26.24
Aqueon Goldfish Granules 5.8 o,Aqueon,015905060530,Aquatics,,,,4.00,$7.63
Tetra Goldfish 0.42 oz,Tetra,046798770251,Aquatics,,,,4.00,$2.17
Tetra Goldfish 1 oz,Tetra,046798771265,Aquatics,,,,2.00,$4.36
Aqueon Omnivore Shrimp Aqueon Disc Fo,,015905001106,Aquatics,,,,1.00,$11.54
Tetra Goldfish 2.2 oz,Tetra,046798771272,Aquatics,,,,2.00,$8.73
Aqueon Herbivore Shrimp Aqueon Disc F,,015905001090,Aquatics,,,,2.00,$11.54
Tetra Goldfish 7.6 oz,Tetra,046798161400,Aquatics,,,,2.00,$18.89
Zoo Med Axolotl & Aquatic Newt,Zoo Med,097612401837,Aquatics,,,,1.00,$5.45
Fluval Bug Bites Cichlid Granu,Fluval,015561165808,Aquatics,,,,0.00,$7.63
Zoo Med Axolotl & Aquatic Newt,Zoo Med,097612401844,Aquatics,,,,1.00,$17.84
Fluval Bug Bites Color Enhance,Fluval,015561165891,Aquatics,,,,3.00,$7.63
Omega One Super Color Cichlid,Omega One,698220854314,Aquatics,,,,0.00,$13.64
Fluval Bug Bites Cichlid Pelle,Fluval,015561165815,Aquatics,,,,2.00,$11.54
Hikari USA Bio-Pure Spirulina,Hikari,042055335515,Aquatics,,,,3.00,$9.44
Aqueon Cichlid Pellets Medium,Aqueon,015905061827,Aquatics,,,,3.00,$5.45
Ocean Nutrition Shrimp Wafers,Ocean Nutrition,098731096003,Aquatics,,,,2.00,$8.73
TetraMin 7.6 oz,Tetra,046798161066,Aquatics,,Brown,7.06,2.00,$28.34
TetraMin+ 7.6 oz,Tetra,046798772439,Aquatics,,Brown,7.06,2.00,$28.34
Seachem Laboratories Neutral R,Seachem,000116030601,Aquatics,,Blue,8.8oz,0.00,$11.54
Seachem PhosGuard,Seachem,000116018302,Aquatics,,,,0.00,$17.84
Valhoma 18 Tq Collar,Valhoma,000011608541,Leashes And Collars,,,,0.00,$19.99
Seachem Laboratories PhosBond,Seachem,000116126106,Aquatics,,,,0.00,$16.79
Coastal Leash Tdp06' 366 Coastal,,000011685460,Leashes And Collars,,,,0.00,$11.99
Zoo Med Pleco Banquet Fish Fee,Zoo Med,097612119084,Aquatics,,,,1.00,$3.27
Zoo Med Mini Original Banquet Fish,Zoo Med,097612113006,Aquatics,,,,2.00,$3.27
Dr. Elseys Cat Litter,Fromm,000338007207,Accessories,Teal,,10lb,0.00,$28.34
Valhoma 26 Pr Collar,Valhoma,001083820165,Leashes And Collars,,,,0.00,$19.99
Vacation Feeder 0.71 oz,Penn Plax,030172005381,Aquatics,,,,1.00,$4.36
Vacation Feeder 1.23 oz,Penn Plax,030172019630,Aquatics,,,,3.00,$5.45
Marina Betta Buffet Blocks,Marina,015561166768,Aquatics,,,,0.00,$3.27
Zoo Med Betta Banquet 7 Zoo Med Day Re,,097612117103,Aquatics,,,,3.00,$3.27
Vacation Feeder 0.3 oz,Penn Plax,030172085932,Aquatics,,,,1.00,$4.36
Seachem Laboratories Cupramine,Seachem,000116056403,Aquatics,,Blue,1.7oz,2.00,$9.44
API Freshwater Aquarium API Salt 3,,317163021064,Aquatics,,Pink,33oz,1.00,$12.59
API Freshwater Aquarium API Salt 1,,317163011065,Aquatics,,Pink,16oz,2.00,$7.63
API Safe & Easy Aquarium Clean,API,317163041239,Aquatics,,Pink,8oz,1.00,$9.44
Advantage Treatment spray cat,Elanco,724089113450,Accessories,,,,2.00,$12.59
API Proper pH 7.0 Aquarium Wat,API,317163030363,Aquatics,,Pink,9.2oz,1.00,$17.84
API Proper pH 7.5 Aquarium Wat,API,317163030370,Aquatics,,Blue,9.2oz,1.00,$17.84
API Proper pH 6.5 Aquarium Wat,API,317163030356,Aquatics,,Green,8.5oz,1.00,$16.79
Fluval Clarify Bio 4oz,Fluval,015561183673,Aquatics,,Purple,4oz,4.00,$7.63
Four Paws Wee-Wee Cat Four Paws Pads Fre,,045663976903,Accessories,,,,1.00,$24.14
Fluval Biological Cleaner Fluval 8.4o,,015561183550,Aquatics,,Purple,8.4oz,2.00,$14.69
Fluval AquaPlus Water Conditio,Fluval,015561183444,Aquatics,,Blue,16.9oz,3.00,$11.54
Four Paws Wee Wee Pads Super A,Four Paws,045663971137,Accessories,,,,1.00,$31.49
Fluval AquaPlus Water Conditio,Fluval,015561183437,Aquatics,,Blue,8.4oz,2.00,$7.63
Fluval Cycle Biological Enhanc,Fluval,015561183512,Aquatics,,Red,16.9oz,2.00,$20.99
Four Paws Wee-Wee Super Absorb,Four Paws,045663972288,Accessories,,,,0.00,$12.59
Fluval Cycle Biological Enhanc,Fluval,015561183482,Aquatics,,Red,4oz,3.00,$7.63
Arm & Hammer Double Duty Dual,Arm & Hammer,033200975113,Accessories,,,,2.00,$31.49
Fluval Plant Micro Nutrient 8.,Fluval,015561183604,Aquatics,,Green,8.4oz,3.00,$13.64
Intersand Fresh & Natural Fresh & Scen,Natural,777979156105,Accessories,20lb,,,-1.00,$20.99
World's Best Cat Litter Multip Litter 15lb,World's Best Cat,322591006156,Accessories,,,,1.00,$36.74
Arm & Hammer Clump & Arm & Seal Slid,Hammer,033200973546,Accessories,,,,2.00,$25.19
Naturally Fresh Herbal Attract,Naturally Fresh,750244220060,Accessories,,,,1.00,$29.39
Cascade(R)Corner Filter Rep,Penn Plax,030172072604,Aquatics,,,,2.00,$6.54
Cascade(R)Corner Filter Rep,Penn Plax,030172072598,Aquatics,,,,2.00,$5.45
Cascade(R)Corner Filter Rep,Penn Plax,030172072581,Aquatics,,,,3.00,$4.36
Marina Slim Filter Zeolite Marina Plu,,015561102933,Aquatics,,,,3.00,$7.63
Marina Slim Filter Carbon Marina Plus,,015561102919,Aquatics,,,,3.00,$7.63
Marina Top Filter Cartridge fo,Marina,015561133159,Aquatics,,,,5.00,$7.63
Marineland Black Diamond Premi,Marineland,047431901377,Aquatics,,,,1.00,$15.74
Marineland Black Diamond Premi,Marineland,047431901384,Aquatics,,,,1.00,$25.19
Tetra Whisper Bio-Bag Cartridg,Tetra,046798261698,Aquatics,,,,0.00,$10.49
Forza FZ7 UV Canister Filter,Aquatop,819603016413,Aquatics,,,,1.00,$188.99
Aquatop Internal Filter with U,Aquatop,819603016208,Aquatics,,,,1.00,$83.99
Aquatop Internal Filter with U,Aquatop,819603016192,Aquatics,,,,1.00,$73.49
600 Internal Filter - 175 Penn Plax gph,,030172024337,Aquatics,,,,1.00,$41.99
Aqua Clear Powerhead 20,Aqua Clear,015561105859,Aquatics,,,,1.00,$47.24
Aqua Clear Power Head Aqua Clear 30,,015561105866,Aquatics,,,,2.00,$55.64
Aqua Clear Powerhead 50,Aqua Clear,015561105651,Aquatics,,,,2.00,$66.14
Aqua Clear Power Head Aqua Clear Attachme,,015561105750,Aquatics,,,,0.00,$14.69
Under Gravel Filter 10 Gallon,Penn Plax,030172390807,Aquatics,,,,1.00,$16.79
Cascade Under Water LED Light,Penn Plax,030172094941,Aquatics,,,,3.00,$15.74
Milk-Bone Flavor Snacks Milk Bone Dog Tr,,079100822393,Treats,,,60oz,-1.00,$15.74
Milk-Bone Biscuits Small Milk Bone 24 oz,,079100902026,Treats,,,,0.00,$10.49
Milk-Bone Peanut Buttery Milk Bone Bites,,079100579648,Treats,,,,1.00,$7.63
Fluval AquaSky 3.0 LED Fluval 35 watt,,015561166430,Aquatics,,,,0.00,$173.24
Marina Decor Wood Ornament Ext,Marina,015561120630,Aquatics,,,,2.00,$20.99
shorefins(R)Bubble Wall Penn Plax UE Filt,,030172335075,Aquatics,,,,3.00,$6.54
Cascade(R)Aqua-Mist(R) Penn Plax Air Stone,,030172333040,Aquatics,,,,0.00,$3.27
shorefins(R)Super-Flex Airline Pink,Penn Plax,030172105333,Aquatics,,,,4.00,$4.36
shorefins(R)Super-Flex Airline,Penn Plax,030172105340,Aquatics,,,,3.00,$4.36
Aquatop Check Valve/Air Aquatop Filter,,810281018652,Aquatics,,,,3.00,$4.36
Action-Air(R)Skeleton at Penn Plax Wheel,,030172010750,Aquatics,,,,3.00,$22.04
Action-Air(R)Treasure Diver - M,Penn Plax,030172010651,Aquatics,,,,2.00,$22.04
Action-Air(R)Giant Clam - Penn Plax Mediu,,030172010514,Aquatics,,,,1.00,$18.89
Aquarium Solutions Bacto-Surge,Hikari,042055960441,Aquatics,,,,2.00,$12.59
shorefins(R)Decorative Aquarium,Penn Plax,030172105791,Aquatics,,,,2.00,$31.49
shorefins(R)Bubble Bug Air Pump,Penn Plax,030172087776,Aquatics,,,,2.00,$17.84
shorefins(R)Air-Tech 2K4 - For,Penn Plax,030172290510,Aquatics,,,,2.00,$36.74
Air-Tech 2K1 10 Gal,Penn Plax,030172290480,Aquatics,,,,3.00,$20.99
Cascade(R)Air Pod AC/DC Aquariu,Penn Plax,030172047541,Aquatics,,,,1.00,$69.29
Cascade(R)Lok-Tite(R) 2- Penn Plax Gang Valv,,030172191206,Aquatics,,,,1.00,$8.73
Lee's Two Way Plastic Valve,Lee,010838141141,Aquatics,,,,0.00,$1.37
Zoo Med Digital Aquarium Zoo Med Therm,,097612300260,Aquatics,,,,1.00,$11.54
LCR Aquarium Thermometer,lcr Hallcrest,034637309618,Aquatics,,,,11.00,$3.27
LCR Aquarium Thermometer,lcr Hallcrest,034637309724,Aquatics,,,,3.00,$4.36
AquaLife Therma-Temp Penn Plax,,030172371035,Aquatics,,,,4.00,$5.45
Cascade(R)Therma- Temp(R)Floating,Penn Plax,030172371011,Aquatics,,,,6.00,$5.45
Mag-Float Floating Magnet Glas,Mag Float,790950000303,Aquatics,,,,1.00,$27.29
shorefins(R)Plant-Air Tubing,Penn Plax,030172277016,Aquatics,,,,1.00,$9.44
Marina EZ Care Plus Betta Aqua,Marina,015561133364,Aquatics,,White,,1.00,$36.74
Marina EZ Care Plus Betta Aqua,Marina,015561133371,Aquatics,,Blue,,1.00,$30.44
Tetra Water Wonders Aquarium K,Tetra,046798291374,Aquatics,,,,1.00,$47.24
Tetra LED Trapezoid Betta Tank,Tetra,046798290506,Aquatics,,,,0.00,$23.09
Marina LED Aquarium Kit 10 gal,Marina,015561152563,Aquatics,,,,2.00,$104.99
GloFish Cresent Aquarium Kit B,Tetra,046798290452,Aquatics,,,,0.00,$83.99
GloFish Glass Aquarium Kit Bla,Tetra,047497331798,Aquatics,,,,1.00,$125.99
GloFish Betta Trilogy Aquarium,Tetra,046798784081,Aquatics,,,,1.00,$104.99
shorefins(R)Betta Tank Kit Penn Plax with,,030172097690,Aquatics,,,,1.00,$41.99
Cascade(R)Glass Tank Kit with L,Penn Plax,030172099298,Aquatics,,,,1.00,$94.49
Aqueon Standard Glass Aqueon Rectangl,,015905100106,Aquatics,,,,7.00,$20.99
NANO FILTER & AIR PUMP USB POW,Penn Plax,030172106200,Aquatics,,,,1.00,$19.94
Zoo Med Betta Mopani Wood Brow,Zoo Med,097612242102,Aquatics,,,,2.00,$3.27
shorefins(R)Betta World Shorefins Pump &,,030172391286,Aquatics,,,,2.00,$30.44
Zoo Med Betta Bling Diver Aqua,Zoo Med,097612242225,Aquatics,,,,2.00,$7.63
Zoo Med Betta Bling Mermaid Aq,Zoo Med,097612242218,Aquatics,,,,0.00,$7.63
Zoo Med Floating Betta Log Aqu,Zoo Med,097612240023,Aquatics,,,,2.00,$13.64
Zoo Med Betta Catappa Zoo Med Leaf,,097612242119,Aquatics,,,,2.00,$3.27
Zoo Med Betta Plant Window Lea,Zoo Med,097612241259,Aquatics,,,,2.00,$4.36
Zoo Med Betta Plant Salvia Gre,Zoo Med,097612241235,Aquatics,,,,1.00,$4.36
Zoo Med Betta Plant Philo Zoo Med Gree,,097612241204,Aquatics,,,,0.00,$4.36
Valhoma Spike 18 Large Valhoma Collar,And Collars,0011608541,Leashes And Collars,,,,0.00,$29.99
Fluval Betta Tropical Almond L,Fluval,015561148443,Aquatics,,,,0.00,$10.49
Fluval Betta Yellow Parrot's F,Fluval,015561148511,Aquatics,,,,1.00,$11.54
Active Betta Water 33.8fl Active Betta oz,,029904109619,Reptiles,,,,0.00,$6.54
Fritz Betta Water Purified Fritz Wat,,080531111130,Aquatics,,,,0.00,$7.63
Marina Decorative Gravel Marina Surf,,015561123945,Aquatics,,,,2.00,$4.36
Jurassimite,Jurrasipet,0011685460,Reptiles,,,,0.00,$11.54
shorefins(R)Betta World Aquatic,Penn Plax,030172093036,Aquatics,,,,2.00,$10.49
shorefins(R)Betta World Aquatic,Penn Plax,030172093029,Aquatics,,,,0.00,$8.73
Betta World LED Clip On Penn Plax Aquari,,030172071430,Aquatics,,,,1.00,$26.24
Marina Decor Wood Ornament Min,Hagen,015561120555,Aquatics,,,,1.00,$5.45
Hikari USA Betta BioGold Hikari Pelle,,042055191012,Aquatics,,,,4.00,$3.27
Aquarium Solutions Betta Aquarium Ultim,Solutions,853889001008,Aquatics,,,,1.00,$3.27
Aqueon Betta Filters Cartridge,Aqueon,015905001823,Aquatics,,,,1.00,$7.63
"Aqueon Betta Filters Volcano,",Aqueon,015905001861,Aquatics,,,,2.00,$15.74
Aqueon Betta Filters Natural P,Aqueon,015905001847,Aquatics,,,,1.00,$13.64
Zoo Med Betta Bed Leaf Zoo Med Hammock,,097612240030,Aquatics,,,,2.00,$4.36
Zoo Med Betta Bed Leaf Zoo Med Hammock,,097612240085,Aquatics,,,,2.00,$5.45
Fluval 3 in 1 Waster Remover/F,Fluval,015561110952,Aquatics,,,,2.00,$7.63
Zoo Med Betta Tunnel,Zoo Med,097612240719,Aquatics,,,,2.00,$8.73
Zoo Med Betta Floating Lounge,Zoo Med,097612240702,Aquatics,,,,2.00,$9.44
shorefins(R)Betta World Decorat,Penn Plax,030172093180,Aquatics,,,,2.00,$8.73
Tide & Treasure(R)Glow in the D,Penn Plax,030172089046,Aquatics,,,,4.00,$4.36
Tide & Treasure(R) Moneywort - G,Penn Plax,030172069048,Aquatics,,,,8.00,$3.27
Pro Plan Live Clear Allergen R,Pro Plan,038100191366,Cat Food,Bag,lb,,5.00,$44.09
Vital Essentials Lamb & White,Vital Essentials,840199680238,Dog Food Bag,lb,,,1.00,$31.49
Vital Essentials Beef & Salmon,Vital Essentials,840199680214,Dog Food Bag,lb,,,0.00,$30.44
Happydog Jumbo Elk Antler,Happy Dog,001556121852,Dog Treats,,,,0.00,$28.34
Pro Plan Chicken & Rice Small,Pro Plan,038100113689,Dog Food,Bag,,5lb,-1.00,$20.99
Valhoma 22 Large Collar,Valhoma,001556122620,Leashes And Collars,,,,0.00,$19.99
Pro Plan Beef & Rice Small Breed,Pro Plan,038100190697,Dog Food Bag,18lb,,,1.00,$51.44
Pro Plan Complete Essentials S,Pro Plan,038100160546,Dog Food,Bag,,33lb,1.00,$78.74
Pro Plan Complete Essentials S,Pro Plan,038100160515,Dog Food,Bag,,5lb,0.00,$19.94
Pro Plan Sensitive Skin & Pro Plan Stom,,038100175649,Dog Food,Bag,,4lb,1.00,$27.29
Petmate Pup Top Food Can Toppe,Petmate,029695268045,Accessories,,,,0.00,$3.27
Critter Trail Run About Habita,Kaytee Animal,045125605167,Small,,,,1.00,$94.49
Petmate Indigo Dog House Taupe,Petmate,029695259463,Dog Cages,,,,-1.00,$251.99
Barnhome Small,Petmate,029695251122,Dog Cages,,,,2.00,$94.49
Skudo Small Travel Carrier X-L,Mid West,027773027379,Dog Cages,Large,,,1.00,$241.49
Skudo Small Travel Carrier Lar,Mid West,027773018292,Dog Cages,Large,,,1.00,$178.49
Skudo Travel Carrier XX- Small,Mid West,027773018247,Dog Cages,XX-Small,,,1.00,$39.89
Skudo Small Travel Carrier,Mid West,027773018261,Dog Cages,Small,,,2.00,$49.34
Valhoma 20 Large Collar,Valhoma,001556122730,Leashes And Collars,,,,0.00,$19.99
Catit Carrier Small Blue,Catit,022517413814,Dog Cages,,,,1.00,$41.99
Taste Of The Wild Ancient Moun,Taste Of The Wild,074198614592,Dog Food,Bag,,28lb,1.00,$55.64
Taste Of The Wild Wetlands 28l,Taste Of The Wild,074198613915,Dog Food,Bag,,28lb,2.00,$55.64
Taste Of The Wild Pacific Stre,Taste Of The Wild,074198613939,Dog Food,Bag,,28lb,1.00,$55.64
Taste Of The Wild High Prairi,Taste Of The Wild,074198613953,Dog Food,Bag,,28lb,1.00,$55.64
Professional Grain Free Lamb &,Diamond,074198613793,Dog Food,Bag,,28lb,1.00,$41.99
Tast Of The Wild Puppy High Pr,Taste Of The Wild,074198613984,Dog Food,Bag,,14lb,4.00,$36.74
Diamond GF Chicken & Sweet Potato 28 lb,Diamond,074198611522,Dog Food,Bag,,28lb,1.00,$48.29
Diamond Naturals Small & Mediu,Diamond,074198608256,Dog Food,Bag,,40lb,3.00,$56.69
Pro Plan Weight Management Tur,Pro Plan,038100026873,Dog Food,Can,Green,13oz,6.00,$3.15
Catit Recipes Double Fusion Sk,Catit,022517445389,Cat Food,Bag,Blue,4lb,4.00,$25.19
Catit Recipes Double Fusion Se,Catit,022517445426,Cat Food,Bag,Teal,4lb,2.00,$25.19
Catit Recipes Double Fusion Ad,Catit,022517445266,Cat Food,Bag,Orange,4lb,5.00,$23.09
Catit Recipes Double Fusion In,Catit,022517445303,Cat Food,Bag,Purple,4lb,1.00,$23.09
Royal Canin Breed Health Royal Nutri,Canin,030111416735,Dog Food,Bag,,30lb,2.00,$106.04
Royal Canin Breed Health Royal Nutri,Canin,030111520807,Dog Food,Bag,,30lb,2.00,$106.04
Hill's Adult Oral Care Diet,Science,052742310800,Dog Food,Bag,,28.5lb,1.00,$75.59
Hill's Adult Perfect Digestive 7+,Science Diet,052742041346,Dog Food,Bag,,3.5lb,1.00,$24.14
Hill's Science Diet Adult Science Perf,Diet,052742041414,Dog Food,Bag,,12lb,0.00,$54.59
Natural Balance Digestive Natural & Joint 3.5 lb,Balance,723633007191,Dog Food,Bag,,3.5lb,2.00,$18.89
Natural Balance Sensitive Natural Skin & Stomach 22 lb,Balance,723633007146,Dog Food,Bag,,22lb,1.00,$69.29
Natural Balance Sensitive Natural Skin & Stomach 3.5 lb,Balance,723633007139,Dog Food,Bag,,3.5lb,1.00,$18.89
Natural Balance Digestive Natural & Imune 22 lb,Balance,723633007184,Dog Food,Bag,,22lb,2.00,$69.29
Natural Balance Digestive Natural & Imune 3.5 lb,Balance,723633007177,Dog Food,Bag,,3.5lb,2.00,$18.89
Natural Balance Joint & Muscle 22 lb,Natural Balance,723633007160,Dog Food,Bag,,22lb,2.00,$69.29
Natural Balance Joint & Muscle 3.5 lb,Natural Balance,723633007153,Dog Food,Bag,,3.5lb,2.00,$18.89
Canidae Pure Duck & Sweet Potato 22 lb,Canidae,640461015900,Dog Food,Bag,,22lb,2.00,$70.34
Canidae Pure Salmon & Canidae Sweet Potato 4 lb,,640461015931,Dog Food,Bag,,4lb,1.00,$19.94
Canidae Pure Salmon & Canidae Sweet Potato 22 lb,,640461013401,Dog Food,Bag,,22lb,2.00,$70.34
Canidae Pure Salmon & Canidae Sweet Potato 4 lb,,640461013432,Dog Food,Bag,,4lb,2.00,$18.89
Catit Recipes Double Fusion We,Catit,022517445341,Cat Food,Bag,Red,10lb,3.00,$25.19
Catit Recipes Adult Chicken En,Catit,022517450031,Cat Food,Can,Orange,3oz,39.00,$1.73
Catit Recipes Indoor Chicken E,Catit,022517450055,Cat Food,Can,Pink,3oz,40.00,$1.41
Catit Recipes Weight Control C,Catit,022517450130,Cat Food,Can,Orange,3oz,-1.00,$1.41
Catit Recipes Kitten Chicken E,Catit,022517450017,Cat Food,Can,Pink,3oz,-3.00,$1.41
Catit Recipes Adult Chicken En,Catit,022517450048,Cat Food,Can,Orange,5.5oz,11.00,$2.50
Catit Recipes Indoor Chicken E,Catit,022517450062,Cat Food,Can,Pink,5.5oz,9.00,$2.50
Catit Recipes Skin & Coat Catit Chic,,022517450161,Cat Food,Can,Blue,5.5oz,11.00,$2.50
Catit Recipes Weight Control C,Catit,022517450147,Cat Food,Can,Orange,5.5oz,12.00,$2.50
Acana Beef & Liver 17 lb,Acana,064992723415,Dog Food,Bag,,17lb,3.00,$79.79
Daishi Delights Tune with Salm,Inaba,810100854676,Cat Food,Can,Pink,2.5oz,11.00,$1.84
Daishi Delights Tuna Recipe,Inaba,810100854645,Cat Food,Can,Blue,2.5oz,11.00,$1.84
Daishi Delights Tuna with Boni,Inaba,810100854669,Cat Food,Can,Green,2.5oz,7.00,$1.84
Daishi Delights Tuna with Chee,Inaba,810100854652,Cat Food,Can,Orange,2.5oz,12.00,$1.84
Daishi Delights Chicken with T,Inaba,810100850814,Cat Food,Can,Blue,2.5oz,5.00,$1.73
Blue Buffalo Wilderness RMR Re,Blue Buffalo,840243148271,Dog Food,Bag,,4.5lb,0.00,$32.54
BB Wilderness Salmon 4.5 lb,Blue Buffalo,840243148707,Dog Food,Bag,,4.5lb,1.00,$32.54
Daishi Delights Chicken with T,Inaba,810100850852,Cat Treats,,Green,2.5oz,5.00,$1.63
BB Wilderness GF Salmon 24 lb,Blue Buffalo,840243105373,Dog Food,Bag,,24lb,1.00,$81.89
Against the Grain Captain's Ca,Against the Grain,077627800054,Cat Food,Can,Tan,2.8oz,14.00,$1.30
"Midwest 30"" ConTour Double Doo",MidWest X 31H in,027773022046,Dog Cages,30L,X,19W,2.00,$103.94
Against the Grain Shrimp Daddy,Against the Grain,077627800092,Cat Food,Can,Red,2.8oz,9.00,$1.30
"Midwest 48"" ConTour Double Doo Midwest 48"" ConTour Double Doo",MidWest $157.49 X 33H in,027773022077,Dog Cages,,,,1.00,$178.49
"Midwest 42"" ConTour Double Doo",MidWest X 30L in,027773022060,Dog Cages,42L,X,28W,0.00,$157.49
BFF PLAY Paté Tuna & Salmon O,BFF,813778016063,Cat Food,Can,Orange,3oz,3.00,$1.52
"Midwest 36"" ConTour Double Doo 24.57H in",MidWest 23.43W X,027773022053,Dog Cages,36.74L,X,,0.00,$104.99
BFF PLAY Paté Tuna & BFF Chicken,,813778016070,Cat Food,Can,Blue,3oz,6.00,$1.52
"Midwest 42"" ConTour Single Doo",MidWest X 30L in,027773022008,Dog Cages,42L,X,28W,1.00,$136.49
Earthborn Holistic Harbor Earthborn Harv,,034846715132,Cat Food,Can,Pink,3oz,22.00,$1.62
Fromm FOUR STAR GF Fromm HASEN DUCKE,,072705114603,Dog Food Bag,26lb,,,0.00,$82.94
Fromm FOUR STAR GF Fromm BEEF Fritta,,072705114108,Dog Food Bag,26lb,,,1.00,$82.94
Tuffy's Gold Chicken & Rice Fo,Tuffys,073893025504,Dog Food Can,Green,,12.5oz,16.00,$2.50
Tuffy's Gold Chicken & Fish Fo,Tuffys,073893025511,Dog Food Can,Blue,,12.5oz,11.00,$2.50
Fromm GOLD WEIGHT Fromm MANAGEMENT D,,072705105731,Dog Food Bag,15lb,,,0.00,$37.79
Harvest Selects Northern Nutrisource Feast,,073893020370,Dog Food Can,Blue,,13oz,2.00,$2.82
Nutrisource Harvest Selects Fi,Nutrisource,073893020363,Dog Food Can,Burgundy,,13oz,0.00,$2.82
Natural Balance Joint & Muscle,Natural Balance,723633007085,Dog Food Can,Blue,,12.7oz,9.00,$4.57
Natural Balance Digestive Natural & Imune,Balance,723633007092,Dog Food Can,Green,,12.7oz,8.00,$4.57
Natural Balance Sensitive Natural Skin,Balance,723633007078,Dog Food Can,Pink,,12.7oz,12.00,$4.57
Wellness Casserole Chicken,Wellness,076344090373,Dog Food Can,Maroon,,3oz,13.00,$2.61
Blue Buffalo Tastefuls Sensiti,Blue Buffalo,859610006007,Cat Food,Bag,Pink,7lb,1.00,$41.99
Fromm Salmon À La Veg Fromm Recipe 4,,072705116706,Cat Food,Bag,Pink,4lb,3.00,$19.94
Valhoma 24 Pr Collar,Valhoma,005000583287,Leashes And Collars,,,,0.00,$19.99
Nutrisource Chicken & Rice Sen,Nutrisource,073893041016,Dog Food Can,Grey,,12.3oz,11.00,$3.48
Nutrisource Chicken & Rice Pup,Nutrisource,073893040026,Dog Food Can,Purple,,12.3oz,15.00,$3.37
Fruitables Pumpkin Digestive S,Fruitables,895352002082,Healthcare,Orange,,15oz,9.00,$5.45
Fromm Venison & Lentil Fromm Pâté 12,,072705119127,Dog Food Can,Purple,,12.5oz,10.00,$4.13
Fromm Diner Breakfast Sam's St,Fromm,072705132645,Dog Food Can,Yellow,,12.5oz,0.00,$6.42
Fromm Frommbo Gumbo Fromm Chicken,,072705134021,Dog Food Can,Orange,,12.5oz,3.00,$5.44
Safari Nail Trimmer Small Coastal Dogs Coastal Elevated Feeder Coastal,$46.19,076484510656,Healthcare,,,,3.00,$17.84
Coastal 15' Big Dog Tie Out,Coastal,076484082504,Accessories,,,,1.00,$17.63
Coastal 10' Big Dog Tie Out,Coastal,076484082405,Accessories,,,,1.00,$15.74
Coastal Red 10' Cotton Trainin,Coastal And Collars,076484042133,Leashes And Collars,,,,1.00,$16.99
Coastal Black 10' Cotton Train,Coastal And Collars,076484042119,Leashes And Collars,,,,1.00,$17.99
Coastal Black 15' Cotton Train,Coastal And Collars,076484043079,Leashes And Collars,,,,1.00,$21.89
Coastal Red 15' Cotton Train L,Coastal And Collars,076484043086,Leashes And Collars,,,,1.00,$21.89
Coastal Black 20' Cotton Train,Coastal And Collars,076484043277,Leashes And Collars,,,,1.00,$26.99
Coastal Black 30' Cotton Train,Coastal And Collars,076484948293,Leashes And Collars,,,,0.00,$37.59
Coastal Red 30' Cotton Train L,Coastal And Collars,076484094971,Leashes And Collars,,,,0.00,$37.59
Coastal Auto Tether,Coastal,076484986000,Accessories,,,,0.00,$24.14
Basket Muzzle Size 4,Coastal,076484136085,Accessories,,,,2.00,$32.54
Basket Muzzle Size 3,Coastal,076484136078,Accessories,,,,1.00,$28.34
Basket Muzzle Size 5,Coastal,076484136092,Accessories,,,,2.00,$36.74
Basket Muzzle Size 2,Coastal,076484136061,Accessories,,,,2.00,$25.19
Basket Muzzle Size 6,Coastal,076484136108,Accessories,,,,2.00,$41.99
Basket Muzzle Size 1,Coastal,076484136054,Accessories,,,,3.00,$24.14
Coastal Mesh Muzzle Size 4,Coastal,076484076077,Accessories,,,,2.00,$19.94
Coastal Mesh Muzzle Size 8,Coastal,076484076121,Accessories,,,,2.00,$20.99
"Coastal Fsa38"" Soy Harness",Coastal And Collars,008317859341,Leashes And Collars,,,,0.00,$32.49
"Coastal Ony38"" Soy Harness",Coastal And Collars,008436993140,Leashes And Collars,,,,0.00,$35.89
Coastal Mesh Muzzle Size 7,Coastal,076484076107,Accessories,,,,1.00,$20.99
Coastal Mesh Muzzle Size 6,Coastal,076484706770,Accessories,,,,0.00,$16.79
Coastal Mesh Muzzle Size 7xl,Coastal,076484076114,Accessories,,,,0.00,$17.84
Safari Cat Nail Trimmer,Coastal,076484006074,Healthcare,,,,1.00,$12.59
Safari Shedding Comb,Coastal,076484959509,Healthcare,,,,1.00,$12.27
Coastal Collar Ggs12 And Collars Coastal Collar Gpq12 And Collars Coastal Collar Gls12 And Collars Coastal Collar Gof12 And Collars Coastal Collar Gbf12 And Collars Coastal Collar Gpl12 And Collars Coastal Collar Gbg12 And Collars Coastal Collar Goc12,Coastal $10.99 $10.99 $10.99 $10.99 $10.99 $10.99 $10.99,076484301049,Leashes And Collars,,,,0.00,$10.99
Coastal Collar Gbt12,Coastal,076484269394,Leashes And Collars,,,,-1.00,$10.99
CaribSea Super Naturals Caribsea Aquari Coastal Collar Dmb12 And Collars Coastal Collar Sbe12 And Collars Coastal Collar Bsr12,$9.49 $9.49 $7.29,008479058478,Aquatics,,,,5.00,$6.54
Coastal Collar Cmo12,Coastal,076484262463,Leashes And Collars,,,,0.00,$7.49
Lazer Brite Collar Teal Lrg Coastal,,076484693298,Leashes And Collars,,,,1.00,$18.19
Coastal Cat Collar SSO12 Coastal,,076484067273,Leashes And Collars,,,,0.00,$8.69
K9 Explorer Collar XS Green Coastal Collar Gsw12,Coastal And Collars $10.99,076484364655,Leashes And Collars,,,,2.00,$15.49
Coastal Cat Collar SKZ12 Coastal And Collars Coastal Collar Tzx12 And Collars Coastal Collar Mtm12 And Collars Coastal Collar Csf12 And Collars Coastal Collar Tpe12,$10.59 $10.99 $9.59 $10.99,076484067082,Leashes And Collars,,,,0.00,$8.99
Coastal Collar FHB12'' And Collars Coastal Collar Mpy12 And Collars Coastal Collar Gsa12 And Collars Coastal Collar Mgd12,Coastal $10.59 $10.59 $10.99,076484067501,Leashes And Collars,,,,1.00,$9.99
Coastal Cat Collar SHN12 Coastal,,076484670398,Leashes And Collars,,,,2.00,$8.69
Aquatop Vibrant Pass Pink Plan,Aquatop,009079059817,Aquatics,,,,0.00,$14.69
Sublime Collar Sm Waves Coastal,,076484266508,Leashes And Collars,,,,1.00,$9.99
Coastal Collar CST12 And Collars Coastal Collar Slv12,Coastal $8.69,076484761010,Leashes And Collars,,,,2.00,$9.99
Coastal Cat Collar UNS12 Coastal And Collars Coastal Collar Pur12,$8.69,076484761072,Leashes And Collars,,,,2.00,$8.29
Comfort Soft Wrap Harness Blue Med,Coastal And Collars,076484688300,Leashes And Collars,,,,1.00,$33.99
Coastal Collar Wrp12 And Collars Coastal Collar Lts12,Coastal $8.29,076484623530,Leashes And Collars,,,,0.00,$8.29
Valhoma Spike 26 Large Collar,Valhoma And Collars,009119770062,Leashes And Collars,,,,0.00,$31.99
Coastal Collar Pcg12 And Collars Coastal Collar Mch12 And Collars Coastal Collar Wdf12 And Collars Coastal Collar Zeb12 And Collars Coastal Collar Zpk12,Coastal $8.31 $8.31 $8.29 $8.29,076484467448,Leashes And Collars,,,,0.00,$8.29
Coastal Inspire XS MLM,Coastal,076484954023,Leashes And Collars,,,,0.00,$10.99
Coastal Collar Black Skulls 12 Coastal Collar Pby08 And Collars Coastal Collar Fsd12 And Collars Coastal Collar Smw12 And Collars Coastal Collar Raf12,Coastal And Collars $8.29 $10.99 $10.99 $8.99,7648439703,Leashes And Collars,,,,0.00,$8.29
Coastal Des06' Leash And Collars Coastal Collar Shn12,Coastal $8.99,009631609627,Leashes And Collars,,,,0.00,$24.09
Coastal Inspire XS RAF And Collars Coastal Collar Ptr12,Coastal $8.99,076484954030,Leashes And Collars,,,,2.00,$11.99
Coastal Collar Scb12 And Collars Coastal Collar Fhb12 And Collars Coastal Collar Dab12 And Collars Coastal Collar Ldb12 And Collars Coastal Collar Mgn12 And Collars Coastal Collar Hph12,Coastal $8.29 $8.29 $8.29 $8.29 $8.29,076484262456,Leashes And Collars,,,,0.00,$9.49
Sublime Collar Med Waves Coastal Collar Uns12 And Collars Coastal Collar Tig12,Coastal And Collars $8.29 $8.29,076484269349,Leashes And Collars,,,,1.00,$11.79
Coastal Charm Tig18,Coastal,076484634703,Leashes And Collars,,,,2.00,$24.49
Coastal Charm Combo Black Extr Coastal Charm Combo Pink Blue,Coastal And Collars $17.99 And Collars,7648406370,Leashes And Collars,,,,0.00,$17.99
Valhoma 22 Hp Collar,Valhoma,009631667110,Leashes And Collars,,,,0.00,$19.99
Valhoma 28 Pr Collar,Valhoma,009631670022,Leashes And Collars,,,,0.00,$19.99
Valhoma Spike 24 Hw Collar,Valhoma And Collars,009761211060,Leashes And Collars,,,,0.00,$32.99
Valhoma 24 Hp Collar,Valhoma,009761262220,Leashes And Collars,,,,0.00,$19.99
Aquatop Vibrant Wild Purple Pl,Aquatop,010053870426,Aquatics,,,,0.00,$11.54
Coastal Cat Soft Mesh Harness,Coastal And Collars,076484029752,Leashes And Collars,,,,0.00,$11.29
Coastal Cat Soft Mesh Harness,Coastal And Collars,076484706670,Leashes And Collars,,,,0.00,$11.29
Coastal Cat Soft Mesh Harness Red,Coastal And Collars,076484630347,Leashes And Collars,,,,1.00,$11.29
Coastal Harness/Leash Gray Sma,Coastal And Collars,076484807688,Leashes And Collars,,,,0.00,$27.29
Li'l Pals Extra Small Collar B,Coastal And Collars,076484410062,Leashes And Collars,,,,0.00,$7.27
Li'l Pals Extra Small Collar N,Coastal And Collars,076484301438,Leashes And Collars,,,,1.00,$10.99
Li'l Pals Extra Small Collar B,Coastal And Collars,076484410048,Leashes And Collars,,,,0.00,$6.59
Li'l Pals Extra Small Harness,Coastal And Collars,076484638350,Leashes And Collars,,,,2.00,$21.99
"Cirlce 20""tcr 1786s Collar",Coastal,76484178825,Leashes And Collars,,,,0.00,$38.19
"Cirlce 20"" Tnv 1789s Collar",Coastal And Collars,076484178832,Leashes And Collars,,,,0.00,$38.19
Coastal Medium Dinosaurs20 Col,Coastal And Collars,076484826274,Leashes And Collars,,,,0.00,$10.69
Simplesolution Small Washable Diaper,Simple Solution,010279105924,Accessories,,,,1.00,$36.74
Coastal Styles Collar Lrg Coastal Lama,And Collars,076484693830,Leashes And Collars,,,,2.00,$12.39
Marineland 75 Tank & Stand,Marineland,012104434049,Aquatics,,,,0.00,$524.99
Fluval 307 Cannister Filter Fluval,,015561104463,Aquatics,,,,1.00,$220.49
Coastal Large Unicorns26 Coastal Colla,And Collars,076484693854,Leashes And Collars,,,,1.00,$12.39
Coastal Medium Llamas20 Collar,Coastal And Collars,076484890512,Leashes And Collars,,,,0.00,$10.69
Fluval Impeller Brush Set Fluval,,015561106801,Aquatics,,,,2.00,$5.45
Coastal Styles Leash Sm Coastal Lama,And Collars,076484994678,Leashes And Collars,,,,2.00,$17.49
Coastal 6' Aliens 469 Leash,Coastal And Collars,076484065651,Leashes And Collars,,,,2.00,$20.49
Coastal 6' Aliens 969 Leash,Coastal And Collars,076484969065,Leashes And Collars,,,,2.00,$20.49
Coastal 6' Frosted Donuts Coastal 469,And Collars,076484965644,Leashes And Collars,,,,0.00,$17.49
Coastal 6' Frosted Donuts Coastal 969,And Collars,076484969003,Leashes And Collars,,,,1.00,$21.99
Fluval Ac 20 Filter,Fluval,015561195959,Aquatics,,,,3.00,$37.79
Lazer Brite Leash Teal Lrg,Coastal And Collars,076484693939,Leashes And Collars,,,,1.00,$29.49
Fluval Ac50 Clear Carbon Fluval,,015561196277,Aquatics,,,,6.00,$6.54
Coastal Cat Collar PTR12 Coastal,,076484670282,Leashes And Collars,,,,3.00,$9.99
Fluval Ac20 Ac30 Carbon Fluval,,015561196413,Aquatics,,,,5.00,$4.36
Exo Terra Heat Wave Rock,SmartBone s,015561220002,Dog Treats,,,,1.00,$40.94
Coastal Cat Collar DPM12,Coastal And Collars,076484670213,Leashes And Collars,,,,2.00,$9.99
Exo Terra Heat Wave Rock,Exo Terra,015561220026,Reptiles,,,,3.00,$47.24
Coastal Styles Collar XS Lama,Coastal And Collars,076484428432,Leashes And Collars,,,,2.00,$7.69
Power Walker Sm Pink,Coastal,076484089800,Leashes And Collars,,,,1.00,$40.99
Exo Terra Heat Wave Rock Large,SmartBone s,015561220040,Dog Treats,,,,3.00,$68.24
Exo Terra Glow Light Large,Exo Terra,015561220569,Reptiles,,,,1.00,$55.64
"Coastal Collar Pbo26""",Coastal,076484774102,Leashes And Collars,,,,2.00,$11.79
Coastal Collar Black Skulls 26,Coastal And Collars,076484397172,Leashes And Collars,,,,1.00,$11.79
Coastal Collar Black Skulls 20,Coastal And Collars,076484188091,Leashes And Collars,,,,2.00,$9.99
Coastal Collar Special Paws 26,Coastal And Collars,076484184628,Leashes And Collars,,,,3.00,$11.79
"Coastal Collar Red Bones Coastal 26""""",And Collars,076484166693,Leashes And Collars,,,,1.00,$11.79
"Coastal Collar Red Bones Coastal 20""""",And Collars,076484166679,Leashes And Collars,,,,2.00,$9.99
Exo Terra Humidifier,Exo Terra,015561220811,Reptiles,,,,0.00,$104.99
"Coastal Collar Black Bones 20""",Coastal And Collars,076484166662,Leashes And Collars,,,,1.00,$10.99
"Coastal Collar Tpd26""",Coastal,076484698255,Leashes And Collars,,,,2.00,$11.79
"Coastal Collar Tpd20""",Coastal,076484668210,Leashes And Collars,,,,1.00,$9.99
Exo Terra UVB 100 13W Lucy's,Grandma,015561221863,Reptiles,,,,2.00,$31.49
"Coastal Collar Btd26""",Coastal,076484264269,Leashes And Collars,,,,2.00,$11.79
"Coastal Collar Btd20""",Coastal,076484264245,Leashes And Collars,,,,1.00,$9.99
"Coastal Collar Csr26""",Coastal,076484264276,Leashes And Collars,,,,2.00,$11.79
"Coastal Collar Csr20""",Coastal,076484264252,Leashes And Collars,,,,2.00,$9.99
"Coastal Collar Pdt14""",Coastal,076484774058,Leashes And Collars,,,,-1.00,$8.99
"Coastal Collar Pbo14""",Coastal,076484774041,Leashes And Collars,,,,2.00,$8.09
Coastal Collar Black Skulls 14,Coastal And Collars,076484397103,Leashes And Collars,,,,1.00,$8.09
Coastal Collar Black Skulls 12,Coastal And Collars,076484397035,Leashes And Collars,,,,2.00,$6.89
Coastal Collar Special Paws 12,Coastal And Collars,076484551024,Leashes And Collars,,,,0.00,$7.27
"Coastal Collar Red Bones Coastal 14""""",And Collars,076484166655,Leashes And Collars,,,,1.00,$8.09
"Coastal Collar Black Bones 12""",Coastal And Collars,076484551055,Leashes And Collars,,,,1.00,$6.89
"Coastal Collar Tpd14""",Coastal,076484648816,Leashes And Collars,,,,1.00,$8.99
"Coastal Collar Tdp12""",Coastal,076484266515,Leashes And Collars,,,,0.00,$6.89
Reptile UVB 100,Exo Terra,015561221870,Reptiles,,,,2.00,$31.49
"Coastal Collar Wdf20""",Coastal,076484621628,Leashes And Collars,,,,2.00,$9.99
"Coastal Collar Btd14""",Coastal,076484264221,Leashes And Collars,,,,1.00,$8.09
"Coastal Collar Csr14""",Coastal,076484264238,Leashes And Collars,,,,2.00,$8.09
"Coastal Collar Csr12""",Coastal,076484632655,Leashes And Collars,,,,0.00,$6.89
"Coastal Collar Ybc26""",Coastal,076484619151,Leashes And Collars,,,,2.00,$25.59
"Coastal Collar Tsa26""",Coastal,076484619014,Leashes And Collars,,,,1.00,$25.59
"Coastal Collar HPH12 And Collars Coastal Collar Ppa26"" And Collars Coastal Collar Ppa12""",Coastal $25.59 $16.09,076484761027,Leashes And Collars,,,,2.00,$8.99
"Coastal Collar lss26""",Coastal,076484197307,Leashes And Collars,,,,1.00,$25.59
Coastal Leash Pdt06' 466 Coastal,,076484774263,Leashes And Collars,,,,0.00,$14.99
Coastal Leash Pdt06' 366 Coastal,,076484774324,Leashes And Collars,,,,0.00,$12.59
Coastal Leash Pbo06' 466,Coastal And Collars,076484774256,Leashes And Collars,,,,1.00,$13.79
Coastal Leash Pbo06' 366,Coastal And Collars,076484774317,Leashes And Collars,,,,1.00,$12.59
Exo Terra Reptoile UVB 150 26W,Exo Terra,015561221894,Reptiles,,,,2.00,$32.54
"Coastal Leash Special Paws 06""",Coastal And Collars,076484184864,Leashes And Collars,,,,1.00,$14.99
"Coastal Leash Special Paws 06""",Coastal And Collars,076484167829,Leashes And Collars,,,,1.00,$12.99
"Coastal Leash Red Bones Coastal 06""' 4",And Collars,076484166730,Leashes And Collars,,,,2.00,$13.79
"Coastal Leash Red Bones Coastal 06""' 3",And Collars,076484167867,Leashes And Collars,,,,1.00,$11.99
"Coastal Leash Black Bones 06""'",Coastal And Collars,076484166723,Leashes And Collars,,,,1.00,$13.79
"Coastal Leash Black Bones 06""'",Coastal And Collars,076484167843,Leashes And Collars,,,,2.00,$12.59
Coastal Leash Tdp06' 466 Coastal,,076484850684,Leashes And Collars,,,,-1.00,$10.69
Exo Terra Solar Glo 160W,Exo Terra,015561221931,Reptiles,,,,3.00,$66.14
Coastal Leash Wdf06' 466,Coastal And Collars,076484466229,Leashes And Collars,,,,2.00,$13.79
Coastal Leash Wdf06 366 Coastal,,076484036699,Leashes And Collars,,,,0.00,$12.99
Exo Terra Compact Top Exo Terra Mini,,015561222259,Reptiles,,,,2.00,$44.09
Coastal Leash Csr06' 466 Coastal,,076484204678,Leashes And Collars,,,,2.00,$13.79
"Exo Terra Compact Top Medium Coastal Collar Ybc18"" And Collars Coastal Collar Tsa12"" And Collars Coastal Collar Lss18"" And Collars Coastal Collar Ppa18""",Exo Terra $17.79 $16.09 $17.79 $17.79,015561222273,Reptiles,,,,2.00,$78.74
"Sublime Collar Lrg Pink TieDye Coastal Collar Rwp12""",Coastal And Collars $16.09,076484239519,Leashes And Collars,,,,2.00,$16.39
Coastal Leash Pdt06' 966 Coastal,,076484774140,Leashes And Collars,,,,1.00,$17.69
Coastal Leash Pdt06' 666 Coastal,,076484774201,Leashes And Collars,,,,1.00,$14.49
Coastal Leash Pbo06' 966,Coastal And Collars,076484774133,Leashes And Collars,,,,2.00,$17.69
Coastal Leash Pbo06' 666,Coastal And Collars,076484774195,Leashes And Collars,,,,1.00,$13.79
Exo Terra Cricket Pen Large,Exo Terra,015561222877,Reptiles,,,,1.00,$28.34
"Coastal Leash Black Skulls 06""",Coastal And Collars,076484188060,Leashes And Collars,,,,0.00,$14.99
"Coastal Leash Special Paws 06""",Coastal And Collars,076484184680,Leashes And Collars,,,,2.00,$17.69
"Coastal Leash Special Paws 06""",Coastal And Collars,076484184772,Leashes And Collars,,,,4.00,$12.59
"Coastal Leash Red Bones Coastal 06""' 9",And Collars,076484166815,Leashes And Collars,,,,0.00,$17.69
"Coastal Leash Red Bones Coastal 06""' 6",And Collars,076484166778,Leashes And Collars,,,,2.00,$14.49
"Coastal Leash Black Bones 6""'",Coastal And Collars,076484166761,Leashes And Collars,,,,0.00,$14.49
Coastal Leash Tpd6' 966 Coastal,,076484966811,Leashes And Collars,,,,2.00,$18.99
Coastal Leash Tpd6' 666 Coastal,,076484068935,Leashes And Collars,,,,3.00,$13.79
Coastal Leash Wdf6' 966 Coastal,,076484966224,Leashes And Collars,,,,2.00,$17.69
Coastal Leash Wdf6' 666 Coastal,,076484666124,Leashes And Collars,,,,1.00,$14.99
Exo Terra Nano Reptile Dome,Exo Terra,015561223614,Reptiles,,,,1.00,$36.74
Coastal Leash Btd6' 666,Coastal,076484204685,Leashes And Collars,,,,2.00,$14.99
Coastal Leash Csr6' 966,Coastal,076484309656,Leashes And Collars,,,,2.00,$16.89
Coastal Leash Csr6' 666,Coastal,076484204692,Leashes And Collars,,,,2.00,$14.49
Coastal Leash Ybc6' 61976,Coastal And Collars,076484620119,Leashes And Collars,,,,2.00,$20.49
Coastal Leash Tsa6' 61976,Coastal And Collars,076484197352,Leashes And Collars,,,,1.00,$21.59
"Exo Terra Reptile UVB 8w Exo Terra 12""",,015561223805,Reptiles,,,,0.00,$26.24
Coastal Leash Nbp6' 61976,Coastal And Collars,076484619595,Leashes And Collars,,,,-1.00,$21.59
Coastal Leash Nbp6' 61476,Coastal And Collars,076484615030,Leashes And Collars,,,,2.00,$13.39
Coastal Leash Ppa6' 61976,Coastal And Collars,076484620096,Leashes And Collars,,,,0.00,$21.59
Coastal Leash Ppa6' 61476,Coastal And Collars,076484615054,Leashes And Collars,,,,1.00,$13.39
Coastal Leash Rwp6' 61976 Coastal Leash Rwp6' 61476,Coastal And Collars $13.39 And Collars,076484619793,Leashes And Collars,,,,1.00,$21.59
"Coastal Light Blue 10""-14"" Coastal 6401 Plastic",And Collars,076484730085,Leashes And Collars,,,,-1.00,$8.31
"Reptile UVB100 24w 22"" Exo Terra",,015561223812,Reptiles,,,,2.00,$29.39
"Exo Terra UVB 100 34""",Exo Terra,015561223829,Reptiles,,,,1.00,$36.74
"Coastal Light Pink 10""-14"" Coastal 6401 Plastic",And Collars,076484640100,Leashes And Collars,,,,0.00,$8.31
"Reptile UVB 100 54w 48"" Exo Terra",,015561223836,Reptiles,,,,2.00,$41.99
"Coastal Collar Biothane Red24""",Coastal And Collars,076484147128,Leashes And Collars,,,,0.00,$17.99
Coastal Water & Woods Collar Med,Coastal And Collars,076484769764,Leashes And Collars,,,,0.00,$10.69
"Reptile UVB200 8w 12"" Coastal Collar Lsk26"" And Collars Coastal Collar Lsk18""",Exo Terra $18.19 $11.99,015561224260,Reptiles,,,,0.00,$26.24
"Reptile UVB200 24w 22"" Coastal Collar Gxy18"" And Collars Coastal Collar Hrw18""",Exo Terra $11.99 $11.99,015561224277,Reptiles,,,,3.00,$31.49
Coastal Water & Woods Coastal Collar Sm,And Collars,076484994142,Leashes And Collars,,,,1.00,$11.99
Coastal Inspire Collar Lrg Coastal,,076484954191,Leashes And Collars,,,,1.00,$13.79
"Coastal Collar Bmb18""",Coastal,076484162558,Leashes And Collars,,,,0.00,$11.39
"Coastal Collar Lks12"" And Collars Coastal Collar Pmf18"" And Collars Coastal Collar Pmf12""",Coastal $11.99 $8.31,076484706590,Leashes And Collars,,,,0.00,$8.31
K9 Explorer Collar XS Orange,Coastal And Collars,076484364631,Leashes And Collars,,,,1.00,$15.49
Lazer Brite Leash Purple Sm,Coastal And Collars,076484336140,Leashes And Collars,,,,1.00,$18.99
"Sublime Collar Sm Sunflower Coastal Collar Bmb12""",Coastal And Collars $8.31,076484266553,Leashes And Collars,,,,2.00,$9.99
Coastal Leash Bmb06' 46336,Coastal And Collars,7648469360,Leashes And Collars,,,,0.00,$17.59
Exo Terra Repuvb200 T5 Exo Terra 54w 7%,,015561224291,Reptiles,,,,1.00,$41.99
"Reptile UVB300 8w 12""",Exo Terra,015561224307,Reptiles,,,,1.00,$26.24
Coastal Leash Pmf06' 46336,Coastal And Collars,009631609625,Leashes And Collars,,,,0.00,$17.59
Exo Terra Thermometer,Exo Terra,015561224659,Reptiles,,,,3.00,$7.63
Coastal Leash Bmb06' 46936,Coastal And Collars,7648469392,Leashes And Collars,,,,0.00,$29.49
"Coastal Leash Bmb06"" 46436 Coastal Autumn6' 12926 Coastal Leash",Coastal And Collars $21.49 And Collars,7648464367,Leashes And Collars,,,,0.00,$22.09
Coastal Autumn06' 12626 Coastal Leash,And Collars,076484262296,Leashes And Collars,,,,0.00,$17.69
Coastal Lwo06' 12926 Leash Coastal Lwo06' 12626 Leash,Coastal And Collars $16.89 And Collars,076484944562,Leashes And Collars,,,,0.00,$21.49
Coastal Pwy06' 12926 Leash,Coastal And Collars,076484129445,Leashes And Collars,,,,0.00,$21.49
Coastal Pwy06' 12626 Leash,Coastal And Collars,076484262272,Leashes And Collars,,,,0.00,$17.69
Coastal Fwt06' 12926 Leash,Coastal And Collars,076484129452,Leashes And Collars,,,,0.00,$21.49
"Coastal Autumn12"" Collar Coastal",,076484262432,Leashes And Collars,,,,0.00,$9.99
"Coastal Light Blue 10""-14"" Coastal 61401 Coastal Lwo12"" Collar And Collars Coastal Pwy14"" Collar",And Collars $9.99 $11.19,076484614224,Leashes And Collars,,,,3.00,$13.99
Exo Terra Hygrometer,Exo Terra,015561224666,Reptiles,,,,2.00,$8.73
"Coastal Fwt14"" Collar",Coastal,076484262166,Leashes And Collars,,,,0.00,$11.19
"Coastal Autumn26"" Collar Coastal And Collars Coastal Autumn20"" Collar Coastal",$12.49,076484129100,Leashes And Collars,,,,0.00,$13.69
"Coastal Lil Pals Collar And Collars Coastal Lwo260"" Collar",Coastal $12.49,076484672200,Leashes And Collars,,,,0.00,$6.23
"Coastal Purple 14""-20"" 61962 Metal Coastal Pwy26"" Collar",Coastal And Collars $11.69,076484619908,Leashes And Collars,,,,2.00,$18.99
"Coastal Org14"" Waterproof Coll",Coastal And Collars,076484992748,Leashes And Collars,,,,0.00,$11.59
"Coastal Org26"" Waterproof Coll",Coastal And Collars,076484976988,Leashes And Collars,,,,0.00,$15.59
Lil Pals Toy,Coastal,076484401336,Toys,,,,0.00,$7.63
Coastal Wwo06 Leash,Coastal,076484886603,Leashes And Collars,,,,0.00,$28.89
Sublime Leash 6' Pink TieDye,Coastal And Collars,076484209819,Leashes And Collars,,,,-1.00,$19.09
Coastal Cto06 Leash And Collars Coastal Ww506 Leash,Coastal $18.89,076484046568,Leashes And Collars,,,,0.00,$16.59
Coastal Ww406 Leash And Collars Coastal Ww206 Leash,Coastal $18.89,076484039508,Leashes And Collars,,,,0.00,$26.99
Coastal Inspire Leash Sm Coastal BZS,And Collars,076484954207,Leashes And Collars,,,,2.00,$16.69
Exo Terra Combometer Coastal Wwl26 Collar And Collars Coastal Ww026 Collar And Collars Coastal Ctn26 Collar,Exo Terra $16.19 $16.99 $11.89,015561224703,Reptiles,,,,-2.00,$47.24
Coastal Bright Pink Xs And Collars Coastal Ww426 Collar,Coastal $10.99,076484063077,Leashes And Collars,,,,1.00,$8.31
"Lazer Brite Collar Rainbow XS Coastal Ww226"" Leash And Collars Coastal Wwl20 Collar And Collars Coastal Ww020 Collar",Coastal And Collars $17.49 $14.29 $14.29,076484633157,Leashes And Collars,,,,0.00,$8.31
Coastal Cat Collar Kitten SRK08,Coastal And Collars,076484672279,Leashes And Collars,,,,0.00,$6.23
Lazer Brite Collar Rainbow S/M Coastal Ww420 Collar,Coastal And Collars $10.69,076484643354,Leashes And Collars,,,,2.00,$11.99
Coastal Cat Collar RED12 Coastal,,076484670725,Leashes And Collars,,,,2.00,$10.99
Coastal Ww224 Collar,Coastal,076484730122,Leashes And Collars,,,,1.00,$17.49
Exo Terra Sand Mat Medium,Exo Terra,015561225632,Reptiles,,,,2.00,$26.24
Coastal Cat Collar GXN12 Coastal And Collars Coastal Ww222 Collar,$18.39,076484670374,Leashes And Collars,,,,0.00,$9.99
Coastal Ww226 Collar,Coastal,076484262180,Leashes And Collars,,,,-1.00,$11.19
Coastal Ww220 Collar,Coastal,009631609951,Leashes And Collars,,,,0.00,$18.39
Coastal Cat Collar Butterfly,Coastal And Collars,076484761003,Leashes And Collars,,,,2.00,$14.39
Mini Natural Wide Terrarium,,015561226004,Reptiles,,,,0.00,$62.99
Coastal Woods & Water Coastal Collar Large,And Collars,076484992261,Leashes And Collars,,,,0.00,$10.99
Spectrastone lb Black 25lb,Spectraston e,015561226134,Aquatics,,,,0.00,$27.29
Exo Terra Screen Cover Exo Terra 10 Gallon,,015561227117,Reptiles,,,,1.00,$17.84
Exo Terra Screen Cover Exo Terra 55 Gal,,015561227155,Reptiles,,,,1.00,$33.59
Exo Terra Screen Cover Exo Terra 40 Breeder,,015561227162,Reptiles,,,,2.00,$32.54
Coastal Fsa06' Soy Leash Coastal,,076484078465,Leashes And Collars,,,,0.00,$15.49
"Lupine Dapp 15""-25"" 3/4in Lupine Coll",And Collars,015561227681,Leashes And Collars,,,,0.00,$14.99
New Earth Leash Sm Red Coastal,,076484144097,Leashes And Collars,,,,1.00,$15.49
New Earth Leash Lrg Red Coastal,,076484149054,Leashes And Collars,,,,1.00,$25.49
Coastal Inspire Collar Lrg Coastal,,076484954153,Leashes And Collars,,,,0.00,$13.79
Exo Terra Water Dish Small,Exo Terra,015561228015,Reptiles,,,,4.00,$9.44
Exo-Terra Water Dish Medium,Fieldcrest Farms,015561228022,Reptiles,,,,3.00,$10.49
New Earth Collar S/M Red,Coastal And Collars,076484146015,Leashes And Collars,,,,0.00,$10.89
"Coastal Ony24"" Harness",Coastal,076484265143,Leashes And Collars,,,,0.00,$22.79
K9 Explorer Harness Red Coastal XS,And Collars,076484564505,Leashes And Collars,,,,0.00,$29.09
Comfort Soft Wrap Harness Lrg Pink,Coastal And Collars,076484698330,Leashes And Collars,,,,0.00,$40.19
"Coastal Cat Harness And Collars Coastal Sla24"" Soy Harness Coastal Sla18"" Soy Harness Coastal Fsa24"" Soy Harness Coastal Fsa18"" Soy Harness",Coastal $23.29 And Collars $15.49 And Collars $23.29 And Collars $15.49 And Collars,076484630309,Leashes And Collars,,,,1.00,$11.29
Exo Terra Large Water Dish,Exo Terra,015561228039,Reptiles,,,,2.00,$19.94
"Coastal Ony30"" Soy Harness",Coastal And Collars,076484689309,Leashes And Collars,,,,0.00,$27.99
New Earth Harness Lrg Red,Coastal And Collars,076484149450,Leashes And Collars,,,,2.00,$35.89
"Coastal Sla30"" Soy Harness",Coastal And Collars,076484264504,Leashes And Collars,,,,2.00,$25.29
New Earth Harness Lrg Blue,Coastal And Collars,076484149542,Leashes And Collars,,,,0.00,$35.89
"Coastal Sla30"" Soy Harness",Coastal And Collars,001556121993,Leashes And Collars,,,,0.00,$27.29
Exo Terra Water Dish Med,Exo Terra,015561228114,Reptiles,,,,3.00,$11.54
Coastal Woods & Water Leash 6',Coastal And Collars,076484892608,Leashes And Collars,,,,0.00,$17.99
Coastal Mtn06' Leash,Coastal,076484305663,Leashes And Collars,,,,0.00,$25.29
Coastal Mdw06' Leash,Coastal,076484305656,Leashes And Collars,,,,0.00,$26.59
Coastal Mdw06' Leash,Coastal,076484886626,Leashes And Collars,,,,0.00,$25.29
Coastal Des06' Leash,Coastal,076484079203,Leashes And Collars,,,,0.00,$25.79
Coastal Oce06' Leash,Coastal,076484633638,Leashes And Collars,,,,0.00,$25.79
Exo Terra Large Feeding Exo Terra Dish,,015561228121,Reptiles,,,,1.00,$22.04
"Sublime Leash 6' Palm Tree Coastal Mtn14"" Collar",Coastal And Collars $15.99,076484209840,Leashes And Collars,,,,1.00,$19.09
"Exo Terra XL Feeding Dish Coastal Mdw14"" Collar",Exo Terra $13.69,015561228138,Reptiles,,,,3.00,$30.44
"Coastal Mdw12"" Collar And Collars Coastal Des14"" Collar",Coastal $14.59,076484471025,Leashes And Collars,,,,0.00,$15.49
Sublime Collar Sm Palm Tree,Coastal And Collars,076484266546,Leashes And Collars,,,,1.00,$9.99
"Coastal Oce14"" Collar And Collars Coastal Oce12"" Collar",Coastal $15.49,076484614026,Leashes And Collars,,,,1.00,$13.99
"Coastal Inspire Collar Med Coastal Cyn12"" Collar And Collars Coastal Mtn18"" Collar And Collars Coastal Mdw26"" Collar And Collars Coastal Mdw18"" Collar And Collars Coastal Des26"" Collar And Collars Coastal Des18"" Collar And Collars Coastal Oce26"" Collar",Coastal And Collars $15.49 $21.59 $20.49 $21.59 $22.79 $21.59 $19.09,076484954146,Leashes And Collars,,,,0.00,$13.79
K9 Explorer Collar Med Teal,Coastal And Collars,076484369773,Leashes And Collars,,,,2.00,$21.59
Coastal Woods & Water Collar Large,Coastal And Collars,076484994265,Leashes And Collars,,,,1.00,$10.99
K9 Explorer Collar Med Orange,Coastal And Collars,076484369735,Leashes And Collars,,,,2.00,$21.59
Exo Terra Tortoise Cave,Exo Terra,015561229227,Reptiles,,,,0.00,$50.39
Coastal Rbg06' Leash,Coastal,076484954221,Leashes And Collars,,,,0.00,$19.09
Coastal Woods & Water Leash 6',Coastal And Collars,076484769979,Leashes And Collars,,,,2.00,$30.39
Coastal Suf06' Leash And Collars Coastal Black White Stripe 06',Coastal $19.09 And Collars,076484129476,Leashes And Collars,,,,-1.00,$19.09
K9 Explorer Leash Lrg Black,Coastal And Collars,076484369889,Leashes And Collars,,,,1.00,$25.29
"K9 Explorer Collar XS Red Coastal Rbg12"" Collar",Coastal And Collars $9.99,076484364624,Leashes And Collars,,,,-1.00,$12.39
"Coastal Sls12"" Collar And Collars Coastal Suf12"" Collar And Collars Coastal Nsn12"" Collar",Coastal $9.99 $9.79,076484471032,Leashes And Collars,,,,0.00,$9.99
"Lazer Brite Collar Purple S/M Coastal Rbg18"" Collar",Coastal And Collars $11.79,076484643149,Leashes And Collars,,,,1.00,$12.99
"Coastal Light Blue 14""-20"" Coastal 61601 Metal Coastal Suf18"" Collar",And Collars $11.79,076484616464,Leashes And Collars,,,,1.00,$16.09
"Coastal Black White Stripe 12"" Coastal Pkt18"" Collar",Coastal And Collars $11.79,076484129117,Leashes And Collars,,,,-1.00,$9.99
Marina Air Curtain,Marineland,015561229920,Aquatics,,,,0.00,$10.49
"Coastal Rbg26"" Collar And Collars Coastal Sls26"" Collar And Collars Coastal Suf26"" Collar And Collars Coastal Black White Stripe 26""",Coastal $16.39 $16.39 $16.39 And Collars,076484129186,Leashes And Collars,,,,0.00,$16.39
"Coastal Pkt26"" Collar",Coastal,076484626609,Leashes And Collars,,,,0.00,$16.39
Power Walker XS Pink And Collars Coastal Solid Small Harness,Coastal $31.39 And Collars,076484087868,Leashes And Collars,,,,1.00,$36.99
Coastal Snake Print Extra Coastal Extr,And Collars,7648540906,Leashes And Collars,,,,0.00,$23.19
Coastal Snake Print Extra Coastal Smal,And Collars,7648540916,Leashes And Collars,,,,0.00,$23.19
Comfort Soft Wrap Harness Sm Purple,Coastal And Collars,076484668333,Leashes And Collars,,,,1.00,$23.99
Coastal Snake Print Medium Har,Coastal And Collars,7648540926,Leashes And Collars,,,,0.00,$31.39
Exo Terra Boxwood Bush Exo Terra,,015561229944,Reptiles,,,,0.00,$14.69
Exo Terra Fern Medium,Exo Terra,015561229951,Reptiles,,,,1.00,$19.94
Power Walker Med Black Coastal,,076484088018,Leashes And Collars,,,,1.00,$46.99
Coastal Sunflower Extra Extra,Coastal And Collars,7648426415,Leashes And Collars,,,,0.00,$23.19
Coastal Sunflower Extra Small Coastal Sunflower Medium Harne,Coastal And Collars $31.39 And Collars,7648426515,Leashes And Collars,,,,0.00,$22.99
Coastal Pink Teal Extra Extra,Coastal And Collars,7648464699,Leashes And Collars,,,,0.00,$23.19
Jungle Plant Amapallo Large,Exo Terra,015561230216,Reptiles,,,,2.00,$15.74
Jungle Plant Mandarin Large Coastal Rainbow Extra Small Ha,Exo Terra $23.19 And Collars,015561230223,Reptiles,,,,1.00,$15.74
Coastal Orchid XSmall Harness,Coastal And Collars,076484068447,Leashes And Collars,,,,1.00,$19.99
Jungle Plant Abutilon Small,Exo Terra,015561230322,Reptiles,,,,2.00,$8.73
Exo Terra Jumgle Plant,Exo Terra,015561230421,Reptiles,,,,2.00,$12.59
Jungle Plant Abutilon Large,Exo Terra,015561230520,Reptiles,,,,2.00,$17.84
Coastal Gray Red Extra Small H,Coastal And Collars,076484638657,Leashes And Collars,,,,0.00,$20.19
Exo Terra Small Jungle Tree,Exo Terra,015561230704,Reptiles,,,,0.00,$14.69
Coastal Purple Extra Small Har,Coastal And Collars,7648463087,Leashes And Collars,,,,0.00,$31.69
Forest Branch Medium,Exo Terra,015561230766,Reptiles,,,,3.00,$16.79
Coastal Comfort Wrap Harness Sm Light Pink,Coastal And Collars,076484064401,Leashes And Collars,,,,1.00,$15.59
Comfort Soft Sport Wrap Coastal Harness Pink Sm,And Collars,076484648076,Leashes And Collars,,,,1.00,$27.99
Coastal Pink Bright Small Coastal Harn,And Collars,76484163272,Leashes And Collars,,,,0.00,$20.99
Exo Terra Forest Moss 2 Exo Terra Paco,,015561230957,Reptiles,,,,5.00,$11.54
Coastal Lime Small Harness,Coastal And Collars,076484668326,Leashes And Collars,,,,2.00,$20.69
Exo Terra Big Rock Large Exo Terra,,015561231732,Reptiles,,,,0.00,$65.09
Coastal Gray Purple Small Harn,Coastal And Collars,076484668319,Leashes And Collars,,,,0.00,$23.99
Exo Terra Big Rock Small Exo Terra,,015561231923,Reptiles,,,,0.00,$18.89
Exo Terra Big Rock Medium,Exo Terra,015561231930,Reptiles,,,,0.00,$31.49
Exo Terra Swamp 50W,Exo Terra,015561237802,Reptiles,,,,0.00,$24.14
Sublime Reversable Yellow Sm,Coastal And Collars,076484266133,Leashes And Collars,,,,1.00,$31.39
Comfort Soft Sport Wrap Coastal Harness Pink Lrg,And Collars,076484698033,Leashes And Collars,,,,1.00,$39.79
"Coastal Mdw24"" Harness Coastal",,076484062858,Leashes And Collars,,,,0.00,$13.99
Exo Terra Swamp 75W,Exo Terra,015561237819,Reptiles,,,,1.00,$24.14
Exo Terra Aquatic Turtle Starter Kit,Exo Terra,015561238939,Reptiles,,,,1.00,$209.99
Exo Terra Monsoon solo Coastal Blue3xs Harness Coastal,Exo Terra $11.69,015561242004,Reptiles,,,,1.00,$131.24
Coastal Gray Pink Medium Hrnss,Coastal And Collars,076484864843,Leashes And Collars,,,,0.00,$35.49
Exo Terra Monsoon Multi Progra,Exo Terra,015561242011,Reptiles,,,,-1.00,$199.49
Coastal Woods & Water Leash 6',Coastal And Collars,076484892615,Leashes And Collars,,,,2.00,$17.99
Hand Feeding Formula Supplies,Hagen,015561822633,Bird,,,,1.00,$33.59
Coastal Black Medium Harness,Coastal And Collars,076484890536,Leashes And Collars,,,,0.00,$39.39
Natures Mircale No Mark Nature's Spray,Miracle,018065284020,Accessories,,,,1.00,$15.74
Sublime Reversable Black Coastal Sm,And Collars,076484266140,Leashes And Collars,,,,1.00,$31.39
Sublime Reversable Pink Coastal XS,And Collars,076484265112,Leashes And Collars,,,,0.00,$24.99
Nature's Miracle Advance Nature's No Sp,Miracle,018065284044,Accessories,,,,2.00,$16.79
PetOdor Woofstock Spray Specialty Pet Products,,018065983756,Accessories,,,,-1.00,$11.54
Coastal Gray Red Extra Coastal Extra S,And Collars,076484068423,Leashes And Collars,,,,1.00,$19.99
Natures Miracle Bird Cage Cleaner,Hippie Supplies,018065984692,Bird,,,,2.00,$13.64
Nature's Miracle Skunk Citrus,Nature's Miracle,018065984821,Healthcare,,,,1.00,$17.84
Coastal Gray Purple Large Harn,Coastal And Collars,7648469864,Leashes And Collars,,,,0.00,$39.79
Coastal Blue Extra Large Coastal Harne,And Collars,076484664960,Leashes And Collars,,,,0.00,$42.59
Nylabone Healthy Edibles Nylabone Varie,,018214813682,Dog Treats,,,,0.00,$9.44
Comfort Soft Reflective Wrap Harness Pink Lrg,Coastal And Collars,076484698637,Leashes And Collars,,,,1.00,$41.99
Coastal Black Large Harness,Coastal And Collars,076484663949,Leashes And Collars,,,,0.00,$41.49
K9 Explorer Leash Sm Blue,Coastal And Collars,076484364815,Leashes And Collars,,,,2.00,$25.29
Coastal Comfort Wrap Harness Med Light Purple,Coastal And Collars,076484664540,Leashes And Collars,,,,1.00,$19.99
Coastal Dgm06' Leash And Collars Coastal Bzs06' Leash,Coastal $22.19,076484209857,Leashes And Collars,,,,0.00,$22.19
Nylabone Healthy Edibles Nylabone Chick,,018214813736,Dog Treats,,,,1.00,$12.59
Coastal Woods & Water Coastal Collar Large,And Collars,076484709227,Leashes And Collars,,,,1.00,$26.99
Coastal Woods & Water Coastal Leash 6',And Collars,076484769986,Leashes And Collars,,,,2.00,$28.29
"Nylabone Healthy Edibles Nylabone Roast Coastal Raf06' Leash And Collars Coastal Dgm14"" Collar And Collars Coastal Dgm12"" Collar",$22.19 $10.99 $10.99,018214816324,Dog Treats,,,,2.00,$9.44
Coastal Inspire Sm MLM,Coastal,076484954078,Leashes And Collars,,,,2.00,$10.99
"Coastal Bzs12"" Collar And Collars Coastal Mlm14"" Collar And Collars Coastal Mlm12"" Collar",Coastal $10.99 $10.99,076484850219,Leashes And Collars,,,,0.00,$10.99
"Coastal Inspire Sm SBH And Collars Coastal Shb12"" Collar",Coastal $10.99,076484954092,Leashes And Collars,,,,2.00,$11.99
"Coastal Raf14"" Collar And Collars Coastal Raf12"" Collar And Collars Coastal Dgm26"" Collar",Coastal $10.99 $13.79,076484954085,Leashes And Collars,,,,1.00,$10.99
Coastal Cat Collar MGN12,Coastal And Collars,076484761041,Leashes And Collars,,,,2.00,$8.29
Coastal Collar,Coastal,076484761058,Leashes And Collars,,,,2.00,$9.99
Coastal Inspire Collar,Coastal,076484954108,Leashes And Collars,,,,2.00,$13.79
"Coastal Mlm26"" Collar And Collars Coastal Mlm20"" Collar And Collars Coastal Shb26"" Collar And Collars Coastal Shb20"" Collar",Coastal $13.79 $13.79 $13.79,076484619045,Leashes And Collars,,,,1.00,$18.89
Sublime Collar Lrg Sunflower,Coastal And Collars,076484239557,Leashes And Collars,,,,1.00,$16.39
Coastal Water & Woods Coastal Collar Med,And Collars,076484769962,Leashes And Collars,,,,0.00,$14.29
Nylabone DuraChew Petite Bacon,Nylabone,018214823285,Toys,,,,0.00,$5.45
Reflective Harrness M Pink Coastal Red Large Pwrwalker Coastal Pink Medium Pwrwalker,Coastal And Collars $56.99 And Collars $40.99 And Collars,076484668630,Leashes And Collars,,,,0.00,$36.99
Comfort Soft Reflective Coastal Wrap Harness Purple Sm Coastal Black Medium Pwrwalker,And Collars $40.99 And Collars,076484648274,Leashes And Collars,,,,1.00,$34.99
Power Walker Lrg Black Coastal,,076484088049,Leashes And Collars,,,,0.00,$49.99
Nylabone Durachew Ring Nylabone Large,,018214823384,Dog Treats,,,,1.00,$14.69
Nylabone DuraChew Bacon Wolf,Nylabone,018214826491,Toys,,,,1.00,$19.94
Oral Dental Kit,Fashion Pet,018214827955,Healthcare,,,,2.00,$14.69
Coastal Lime 6' 2906 Leash,Coastal And Collars,076484209802,Leashes And Collars,,,,0.00,$20.29
Coastal Leash Hunter 6' Coastal 906,And Collars,076484060182,Leashes And Collars,,,,1.00,$14.79
Nylabone Oral Care Senior Dental Kit,Nylabone,018214828006,Healthcare,,,,0.00,$14.69
Nylabone FlexiChew Triple Pack,Nylabone,018214832430,Dog Treats,,,,1.00,$19.94
Nylabone Puppy X Bone Nylabone Beef,,018214837824,Toys,,,,0.00,$14.69
Nylabone Healthy Edibles Nylabone Treat,,018214838494,Dog Treats,,,,0.00,$18.89
Nylabone Nyla Stick Wolf Nylabone,,018214843832,Toys,,,,0.00,$12.59
"Coastal Lime 22"" 2901 Collar",Coastal And Collars,076484262449,Leashes And Collars,,,,-1.00,$11.39
"Coastal Lime 24"" 2901 Collar",Coastal And Collars,076484964560,Leashes And Collars,,,,0.00,$11.39
Nylabone Power Chew Twist Gian,Nylabone,018214855910,Toys,,,,1.00,$17.84
Aqualife Decoscapes Large,Aqualife,018940313014,Aquatics,,,,0.00,$17.84
Coastal Inspire Sm BZS,Coastal,076484954054,Leashes And Collars,,,,1.00,$10.99
"Coastal Lim26"" Buck Collar",Coastal And Collars,076484614200,Leashes And Collars,,,,0.00,$11.19
Voyager Pink 26.6 Supplies,Best Pet,018940632405,Dog Cages,,,,0.00,$54.59
IAMS Puppy Large Breed Iams,,019014610945,Dog Food,Bag,,15lb,0.00,$41.99
"Coastal Orange 16"" 401 Collar",Coastal And Collars,076484964584,Leashes And Collars,,,,0.00,$4.69
Esbilac Puppy Replacer 12 oz,PetAg,020279995005,Healthcare,,,,2.00,$29.39
"Coastal Orange 12"" 401 Collar",Coastal And Collars,076484345353,Leashes And Collars,,,,0.00,$5.59
"Aquatop Vibrant Gar Viol Plant Coastal Lime 14"" 401 Collar",Aquatop $5.59 And Collars,021653101128,Aquatics,,,,0.00,$14.69
"Coastal Lime 12"" 301 Collar",Coastal And Collars,076484345320,Leashes And Collars,,,,0.00,$4.69
"Coastal Water & Woods Collar Sm Coastal Lime 12"" 3201 Collar",Coastal And Collars $9.99 And Collars,076484992148,Leashes And Collars,,,,-1.00,$9.99
Coastal Red18 Harness,Coastal,076484041207,Leashes And Collars,,,,0.00,$14.39
Comfort Soft Wrap Harness Pink Med,Coastal And Collars,076484688331,Leashes And Collars,,,,1.00,$33.49
K9 Explorer Harness Orange XS,Coastal And Collars,076484564512,Leashes And Collars,,,,2.00,$34.19
Sublime Reversable Red Sm,Coastal And Collars,076484266126,Leashes And Collars,,,,1.00,$31.39
Cascade Plant Growth 12bubl,Cascade,021653553088,Aquatics,,,,2.00,$31.49
Sublime Reversable Yellow Med,Coastal And Collars,076484269134,Leashes And Collars,,,,1.00,$31.39
Coastal Comfort Wrap Harness XS Pink Coastal Orange 24 Harness,Coastal And Collars $15.59 And Collars,076484044069,Leashes And Collars,,,,-1.00,$12.99
Coastal Pink18 Harness,Coastal,076484564536,Leashes And Collars,,,,0.00,$12.99
Sublime Reversable Green Med,Coastal And Collars,076484269158,Leashes And Collars,,,,1.00,$31.39
Coastal Red24 Harness,Coastal,076484265136,Leashes And Collars,,,,0.00,$15.59
Comfort Soft Sport Wrap Harness Pink Med,Coastal And Collars,076484668036,Leashes And Collars,,,,1.00,$35.99
Coastal Comfort Wrap Harness Lrg Hunter Coastal Pink24 Harness,Coastal And Collars $15.59,076484069352,Leashes And Collars,,,,1.00,$26.49
Coastal Blue 24 Harness Coastal And Collars Coastal Purple24 Harness Coastal,$14.99,076484633607,Leashes And Collars,,,,0.00,$15.59
Catit Carrier Small Grey,Catit,022517413821,Dog Cages,,,,1.00,$41.99
Comfort Soft Sport Wrap Coastal Harness Red XS,And Collars,076484648021,Leashes And Collars,,,,0.00,$22.99
Coastal Blue 30 Harness Coastal,,076484044045,Leashes And Collars,,,,0.00,$19.09
Coastal Comfort Wrap Harness Lrg Blaack,Coastal And Collars,076484069338,Leashes And Collars,,,,0.00,$26.49
Comfort Soft Wrap Harness Purple Med,Coastal And Collars,076484688324,Leashes And Collars,,,,1.00,$30.99
Coastal Hunter30 Harness,Coastal And Collars,076484445613,Leashes And Collars,,,,0.00,$19.59
Catit Small Litter Mat,Catit,022517443651,Accessories,,,,1.00,$12.59
Coastal Comfort Wrap Harness XS Teal,Coastal And Collars,76484634598,Leashes And Collars,,,,1.00,$12.09
New Earth Harness XS Pink,Coastal And Collars,076484143410,Leashes And Collars,,,,2.00,$16.99
Catit Creamy Chicken & Liver 1,Catit,022517444412,Cat Treats,,,,0.00,$7.63
Coastal Blue 38 Harness Purple XS,Coastal And Collars,076484630873,Leashes And Collars,,,,0.00,$16.99
Coastal Comfort Wrap Harness Sm Purple,Coastal And Collars,076484064579,Leashes And Collars,,,,1.00,$26.49
Coastal Black38 Harness Coastal,,076484906953,Leashes And Collars,,,,0.00,$26.49
Comfort Soft Sport Wrap Harness Pink XXXS,Coastal And Collars,076484638039,Leashes And Collars,,,,0.00,$13.99
Catit Creamy Chicken & Liver 5,Catit,022517444757,Cat Treats,,,,0.00,$3.27
Comfort Soft Sport Wrap Harness Pink XS,Coastal And Collars,076484648038,Leashes And Collars,,,,1.00,$22.99
Sport Harness XXS Pink,Coastal,076484638077,Leashes And Collars,,,,2.00,$18.99
Comfort Soft Sport Wrap Harness Red Sm,Coastal And Collars,076484648069,Leashes And Collars,,,,1.00,$26.99
Carbon Pad,Acurel,022517508510,Aquatics,,,,2.00,$3.27
Coastal Blue 6' 2904 Leash,Coastal And Collars,076484290409,Leashes And Collars,,,,0.00,$19.99
Class Cable Sweater Red Fashion Pet Extra,,022517912461,Accessories,,,,0.00,$13.64
Coastal Blue 4' 304 Leash Coastal,,076484030409,Leashes And Collars,,,,0.00,$6.09
Coastal Pink Bright6' 2906 Lea Coastal Pink Bright6' 906 Coastal Leas,Coastal And Collars $18.39 And Collars,7648402901,Leashes And Collars,,,,0.00,$23.59
Coastal Pink Bright4' 404 Coastal Leas,And Collars,7648440411,Leashes And Collars,,,,0.00,$8.31
Coastal Pink Bright4' 306 Coastal Leas,And Collars,076484801770,Leashes And Collars,,,,0.00,$9.69
Comfort Soft Sport Wrap Coastal Harness Blue XS,And Collars,076484648014,Leashes And Collars,,,,1.00,$20.19
"Coastal Blue 24"" 2901 Collar",Coastal And Collars,076484290114,Leashes And Collars,,,,0.00,$9.69
"Coastal Blue 22"" 2901 Collar",Coastal And Collars,076484290121,Leashes And Collars,,,,0.00,$11.39
"Coastal Blue 20"" 2901 Collar",Coastal And Collars,076484290138,Leashes And Collars,,,,0.00,$11.99
Happy Jack Sardex II,Happy,023851010509,Healthcare,,,,3.00,$19.94
Happy Jack Itch No More Happy Shampoo,,023851013678,Healthcare,,,,2.00,$12.59
"Coastal Pink Bright22"" 2901 Co",Coastal And Collars,7648402905,Leashes And Collars,,,,0.00,$11.99
"Coastal Pink Bright24"" 2901 Co",Coastal And Collars,076484129162,Leashes And Collars,,,,0.00,$11.99
Aquatop Vibrant Gar Pink Aquatop Plant,,024089792730,Aquatics,,,,0.00,$17.84
Comfort Soft Wrap Harness Blue Lrg,Coastal And Collars,076484698309,Leashes And Collars,,,,1.00,$46.99
"Coastal Blue 26"" Buck Collar",Coastal And Collars,076484085635,Leashes And Collars,,,,0.00,$9.29
"Coastal Blue 20"" Buck Collar",Coastal And Collars,076484085628,Leashes And Collars,,,,0.00,$7.79
"Coastal Blue 14"" Buck Collar",Coastal And Collars,076484085604,Leashes And Collars,,,,0.00,$8.31
Diamond Grain Free 28lb Diamond,,026716800000,Dog Food Bag,28lb,,,0.00,$48.29
No Slip Martingale Collar Med Pink,Coastal And Collars,076484066870,Leashes And Collars,,,,0.00,$13.99
Petmate Kennel Cup Double,Petmate,029695231742,Accessories,,,,0.00,$9.44
"Coastal Pink Bright14"" Buck Co",Coastal And Collars,7648464010,Leashes And Collars,,,,0.00,$8.31
Petmate Water Silver .25G,Petmate,029695244360,Accessories,40lb,,,2.00,$12.59
Vari-Kennel-Kennel- Kennel-Kenn,Petmate,029695244780,Dog Cages,,,,0.00,$157.49
"Coastal Blue 12"" 401 Collar",Coastal And Collars,076484633119,Leashes And Collars,,,,0.00,$5.59
"Coastal Blue 12"" 301 Collar",Coastal And Collars,076484619021,Leashes And Collars,,,,1.00,$3.79
"Coastal Blue 10"" 301 Collar",Coastal And Collars,076484301025,Leashes And Collars,,,,0.00,$4.69
"Coastal Blue 12"" Buck Collar",Coastal And Collars,076484467394,Leashes And Collars,,,,0.00,$7.27
Coastal Water & Woods Collar Med,Coastal And Collars,076484769955,Leashes And Collars,,,,1.00,$14.99
Petmate Jumbo Basic Hooded,Petmate,029695420917,Dog Cages,,,,0.00,$48.29
"Coastal Pink Bright12"" Buck Co Coastal Purple06' 2906 Leash Coastal Purple04' 2904 Leash Coastal Purple06' 906 Leash Coastal Purple04' 904 Leash Coastal Purple06' 606 Leash Coastal Purple06' 604 Leash Coastal Purple04' 404 Leash Coastal Purple06' 306 Leash",Coastal And Collars $23.59 And Collars $19.99 And Collars $18.39 And Collars $15.79 And Collars $10.59 And Collars $8.31 And Collars $8.31 And Collars $6.69 And Collars,7648406307,Leashes And Collars,,,,0.00,$7.27
Chuckit Ultra Squeaker Ball Me,Chuckit,029695520686,Toys,,,,1.00,$10.49
Pure Water Pebbles Pink,Coastal,029904702858,Aquatics,,,,1.00,$6.54
Royal Canin Mother & Babycat 5,Royal Canin,030111425256,Cat Food,Can,,5.2oz,15.00,$4.13
Royal Canin Size Health Nutrit,Royal Canin,030111512512,Dog Food,Bag,,14lb,2.00,$69.29
Leather Kabob Supplies,Penn-Plax,030172000461,Bird,,,,3.00,$19.94
"Coastal Black 14""-20"" 61601",Coastal And Collars,076484616013,Leashes And Collars,,,,2.00,$16.09
"Coastal Purple20"" 61601 Coastal Buc Co",And Collars,7648461604,Leashes And Collars,,,,0.00,$9.09
Vacation Feeder 1.2 oz,Penn Plax,030172005404,Aquatics,,,,4.00,$4.36
Trimmer Perch Supplies,Penn-Plax,030172005442,Bird,,,,1.00,$25.19
"Coastal Light Pink 10""-14"" Coastal 61401 Metal",And Collars,076484614194,Leashes And Collars,,,,2.00,$13.99
"Coastal Purple12"" Buck Collar",Coastal And Collars,7648404699,Leashes And Collars,,,,0.00,$7.27
"Coastal Purple12"" 301 Collar",Coastal And Collars,076484693489,Leashes And Collars,,,,0.00,$4.69
"Coastal Purple12"" 401 Collar Coastal Purple16"" 401 Collar",Coastal And Collars $5.59 And Collars,076484041125,Leashes And Collars,,,,0.00,$5.59
"Aqualife Plant Scapes 8"" Aqualife",,030172005497,Aquatics,,,,0.00,$11.54
Calcium Perch Supplies,Penn-Plax,030172009983,Bird,,,,1.00,$7.63
Act-air Tropical Clam,Penn-Plax,030172010613,Aquatics,,,,1.00,$15.74
Coastal Black04' 604 Leash,Coastal And Collars,076484060409,Leashes And Collars,,,,0.00,$8.99
Coastal Black04' 404 Leash,Coastal And Collars,076484040409,Leashes And Collars,,,,0.00,$8.31
Calcium Perch Supplies,Penn-Plax,030172012938,Bird,,,,1.00,$9.44
"Coastal Black26"" Martingale Co",Coastal And Collars,076484088735,Leashes And Collars,,,,0.00,$18.89
"Coastal Black 14""-20"" Plastic",Coastal And Collars,076484697005,Leashes And Collars,,,,1.00,$20.99
K9 Explorer Collar Lrg Teal,Coastal And Collars,076484369834,Leashes And Collars,,,,1.00,$19.09
"Coastal Black22"" 2901 Collar",Coastal And Collars,076484166648,Leashes And Collars,,,,2.00,$11.99
"Coastal Black20"" 2901 Collar",Coastal And Collars,076484290107,Leashes And Collars,,,,0.00,$11.99
"Coastal Black20"" Martingale Co",Coastal And Collars,076484088728,Leashes And Collars,,,,0.00,$18.19
"Coastal Black20"" Buck Collar",Coastal And Collars,076484086328,Leashes And Collars,,,,0.00,$10.59
"Bitrd Life Trimmer Perch 8""",Penn Plax Supplies,030172012945,Bird,,,,2.00,$12.59
"Coastal Purple 14""-20"" 6962 Plastic",Coastal And Collars,076484697104,Leashes And Collars,,,,1.00,$10.09
"Bird Life Trimmer Perch 10""",Penn Plax Supplies,030172012952,Bird,,,,2.00,$14.69
Birdlife Kabob Toy Large Supplies,Birdlife,030172013478,Bird,,,,1.00,$41.99
"Coastal Black14"" Martingale Co",Coastal And Collars,076484088704,Leashes And Collars,,,,0.00,$13.99
"Coastal Black14"" Buck Collar",Coastal And Collars,076484086304,Leashes And Collars,,,,0.00,$8.31
"Coastal Black16"" 401 Collar",Coastal And Collars,076484322242,Leashes And Collars,,,,0.00,$5.59
Coastal Cat Collar SOB12 Coastal,,076484670251,Leashes And Collars,,,,2.00,$8.99
Sublime Collar Med Palm Coastal Tree,And Collars,076484269387,Leashes And Collars,,,,0.00,$11.79
Penn Plax Small World Kit Penn-Plax,,030172015373,Aquatics,,,,0.00,$31.49
Small Parrot Starter Kit Supplies,Prevue,030172016271,Bird,,,,0.00,$157.49
Pine Swing Large Supplies Coastal Neon Pink06' 906 Coastal Colla,Penn-Plax $18.39 And Collars,030172021374,Bird,,,,0.00,$6.54
Coastal Neon Pink04' 904 Coastal Colla,And Collars,076484322266,Leashes And Collars,,,,0.00,$15.79
"Coastal Pink 18"" 901",Coastal,076484059117,Leashes And Collars,,,,2.00,$9.99
Coastal Neon Pink04' 404 Coastal Colla,And Collars,076484647154,Leashes And Collars,,,,0.00,$8.31
Coastal Neon Pink06' 306 Coastal Colla,And Collars,7648400990,Leashes And Collars,,,,0.00,$6.69
Ware Salt Lick Animal,Ware,030172021398,Small,,,,0.00,$4.36
Bird Activity Center Supplies,Penn-Plax,030172023668,Bird,,,,1.00,$31.49
Bird Life Bird Activity Center,Penn-Plax Supplies,030172023682,Bird,,,,1.00,$41.99
Bird Life Bird Activity Center Medium,Kaytee Supplies,030172025594,Bird,,,,1.00,$36.74
"Coastal Neon Pink14"" Buck Coll Coastal Neon Pink14"" 401 Colla",Coastal And Collars $5.59 And Collars,7648404613,Leashes And Collars,,,,0.00,$8.31
Magical Castle Medium,Penn-Plax,030172027376,Aquatics,,,,1.00,$17.84
"Coastal Neon Pink12"" 301 Colla",Coastal And Collars,076484706714,Leashes And Collars,,,,0.00,$4.69
"Coastal Comfort Wrap Harness Lrg Pink Coastal Hunter06"" 2906 Leash Coastal Hunter04' 2904 Leash Coastal Hunter06' 906 Leash Coastal Hunter04' 904 Leash Coastal Hunter06' 606 Leash Coastal Hunter04' 604 Leash Coastal Hunter06' 406 Leash Coastal Hunter04' 404 Leash Coastal Hunter06' 306 Leash",Coastal And Collars $23.59 And Collars $18.99 And Collars $18.39 And Collars $13.49 And Collars $10.59 And Collars $8.99 And Collars $9.09 And Collars $8.31 And Collars $6.69 And Collars,076484069369,Leashes And Collars,,,,1.00,$27.99
Deco Coral,Penn-Plax,030172034633,Aquatics,,,,6.00,$7.63
Mini Undersea Mini Cannon,Penn-Plax,030172045783,Aquatics,,,,0.00,$4.36
Mini Ship,Penn-Plax,030172048272,Aquatics,,,,1.00,$10.49
Aqua Floras Moss Patch,Penn-Plax,030172050299,Aquatics,,,,1.00,$12.59
Sinkers Water Lily White Large,Penn-Plax,030172055492,Aquatics,,,,2.00,$8.73
Rock Stack,Penn-Plax,030172062308,Aquatics,,,,0.00,$10.49
Tikiw/ Surfboard,Penn-Plax,030172063558,Aquatics,,,,1.00,$15.74
Fossile Rock Feeder/Water,Penn Plax,030172071966,Reptiles,,,,2.00,$11.54
"Fossile Rock Feeder/Water Large Coastal Hunter10"" 301 Collar",Penn Plax $4.69 And Collars,030172071973,Reptiles,,,,3.00,$17.84
Coastal Blue06' 2906 Leash,Coastal And Collars,076484807761,Leashes And Collars,,,,0.00,$23.59
Coastal Blue04' 2904 Leash Coastal Blue06' 906 Leash Coastal Blue04' 904 Leash Coastal Blue06' 606 Leash Coastal Blue04' 404 Leash,Coastal And Collars $18.39 And Collars $15.79 And Collars $9.99 And Collars $8.31 And Collars,076484290416,Leashes And Collars,,,,0.00,$19.99
"Coastal Blue26"" Mbuc Collar",Coastal And Collars,076484706569,Leashes And Collars,,,,0.00,$18.89
"Coastal Blue26"" Buc Collar Lrg",Coastal And Collars,076484954177,Leashes And Collars,,,,1.00,$14.99
Catlife Jungle Slope Activity,Penn-Plax,030172071980,Accessories,,,,0.00,$60.89
Crocodile Skull,Penn-Plax,030172077395,Aquatics,,,,2.00,$26.24
"Swimming Sea Turtle Small Coastal Blue16"" 401 Collar",Penn-Plax $5.59 And Collars,030172078439,Reptiles,,,,1.00,$7.63
"Coastal Blue14"" 401 Collar",Coastal And Collars,076484034558,Leashes And Collars,,,,0.00,$6.23
"Coastal Cat Collar GGS12 Coastal Blue12"" 301 Collar",Coastal And Collars $4.69 And Collars,076484677519,Leashes And Collars,,,,2.00,$11.99
"Coastal Blue10"" 301 Collar",Coastal And Collars,076484850202,Leashes And Collars,,,,0.00,$4.69
Aquascapes Medium Ostrich Fern Coastal Red06' 2906 Leash,Penn-Plax $20.29 And Collars,030172080111,Aquatics,,,,2.00,$4.36
Coastal Red04' 2904 Leash,Coastal And Collars,076484094959,Leashes And Collars,,,,0.00,$19.99
Coastal Red04' 904 Leash,Coastal And Collars,076484059964,Leashes And Collars,,,,1.00,$15.79
Weave Playground Supplies Coastal Red06' 406 Leash,Penn-Plax $9.59 And Collars,030172081446,Bird,,,,2.00,$19.94
Medium Oval Basket Nest Penn-Plax Animal,,030172082023,Small,,,,0.00,$10.49
"Coastal Red26"" Mbuc Collar",Coastal And Collars,076484609316,Leashes And Collars,,,,0.00,$18.89
"Coastal Red26"" Buc Collar",Coastal And Collars,076484301445,Leashes And Collars,,,,0.00,$11.99
"Coastal Red26"" 2901 Collar",Coastal And Collars,076484021240,Leashes And Collars,,,,0.00,$9.69
Oval Basket Nest Large Supplies,Penn-Plax,030172082030,Bird,,,,0.00,$15.74
Coastal Water & Woods Collar 24'',Coastal And Collars,076484720086,Leashes And Collars,,,,4.00,$17.49
Carbon 10x18 Pad,Penn-Plax,030172082245,Aquatics,,,,4.00,$11.54
Coastal Water & Woods Collar Med,Coastal And Collars,076484769924,Leashes And Collars,,,,1.00,$11.99
"Coastal Red20"" Mbuc Collar",Coastal And Collars,076484693349,Leashes And Collars,,,,0.00,$16.09
Higgins InTune Duets Chicken &,Higgins Supplies,030172082832,Bird,,,,0.00,$7.63
"K9 Explorer Collar Sm Red Coastal Red16"" 401 Collar",Coastal And Collars $5.29 And Collars,076484364730,Leashes And Collars,,,,1.00,$15.99
Vacation Feeder 1.4 oz,Penn Plax,030172085963,Aquatics,,,,3.00,$8.73
"Coastal Red12"" Buc Collar",Coastal And Collars,076484467554,Leashes And Collars,,,,0.00,$7.27
"Coastal Red10"" 301 Collar",Coastal And Collars,076484301018,Leashes And Collars,,,,-1.00,$4.69
Vacation Feeder 2.28 oz,Penn Plax,030172085987,Aquatics,,,,4.00,$5.45
Penn Plax Hanging Vine Green,Penn Plax,030172087493,Reptiles,,,,3.00,$11.54
"Repto Orange Hanging Vines 24""",Reptology,030172087509,Reptiles,,,,4.00,$13.64
"Titan Prong Training Collar w Latch Lrg 22""",Coastal And Collars,076484560040,Leashes And Collars,,,,1.00,$29.99
"Coastal Purple 16"" 601",Coastal,076484043345,Leashes And Collars,,,,2.00,$6.23
"Coastal Black14"" Security Coastal Coll",And Collars,076484981258,Leashes And Collars,,,,0.00,$10.29
"Penn Plax Hanging Vine Penn Plax 24"" Gre",,030172087523,Reptiles,,,,2.00,$13.64
"Coastal Red20"" Security Coastal Collar",And Collars,076484619915,Leashes And Collars,,,,1.00,$12.79
"Coastal Red12"" SOU12",Coastal,076484761065,Leashes And Collars,,,,2.00,$8.29
Aquatop Vibrant Wild Green Pla,Aquatop,030172088001,Aquatics,,,,3.00,$14.69
"Aerating Lighthouse Coastal Blue24"" 2924 Leash Coastal Black18"" 2918 Leash Coastal Blue18"" 2918 Leash",Penn-Plax $14.59 And Collars $13.89 And Collars $13.89 And Collars,030172088841,Aquatics,,,,1.00,$17.84
Coastal Cat Collar RAF12 Coastal,,076484670381,Leashes And Collars,,,,1.00,$9.99
Coastal Cat Collar TIG12 Coastal,,076484067822,Leashes And Collars,,,,2.00,$8.29
Coastal Cat Collar DAB12 Coastal,,076484067860,Leashes And Collars,,,,2.00,$8.99
"Coastal Blue36"" Coupler",Coastal,076484609345,Leashes And Collars,,,,0.00,$15.39
"Coastal Red36"" Coupler",Coastal,076484689002,Leashes And Collars,,,,0.00,$16.19
"Coastal Red24"" Coupler",Coastal,076484906946,Leashes And Collars,,,,0.00,$11.29
"Coastal Black24"" Coupler Coastal",,7648406296,Leashes And Collars,,,,0.00,$10.29
Sinkers Blom Ludwig Green Supe,Penn-Plax,030172091032,Aquatics,,,,0.00,$10.49
"Coastal Red14"" No Slip And Collars Coastal Pink20"" No Slip",Coastal $12.69,7648407216,Leashes And Collars,,,,0.00,$10.29
Coastal Inspire Leash Sm Coastal SHB,And Collars,076484954245,Leashes And Collars,,,,1.00,$16.99
"Coastal Red30"" Leash",Coastal,076484092817,Leashes And Collars,,,,0.00,$34.49
Nibbles Small Pet Chew Animal,Coastal,018214829270,Small,,,,0.00,$5.45
Nylabone Bacon Petite,Nylabone,018214816218,Treats,,,,1.00,$5.45
Cosmic Hoodie Navy Extra Small Tex Cable Sweater Sage Extra S Texcable Sweater Sage Medium Texcable Sweater Sage Large Texcable Sweater Sage Extra La Moon & Stars Pj Blue Extra Lar Teddybear Hood Robe Extra Smal Dog Polo Red Small Dog Polo Red Large Dog Polo Purple Small Dog Polo Purple Large Dog Polo Purple Medium Coastal Dog Polo Pruple Extra Large Dog Tanktop Green Large Coastal Dog Tanktop Pink Medium Dog Tanktop Drk Green Large Dog Tank Top Drk Green Coastal Small Dog Tank Top Coral Extra Coastal Small Dog Tank Top Coral Small Dog Tank Top Coral Extra Coastal Large Dotswt Green Large Cool Stripe Sweater Gray Coastal Large,Coastal $22.04 $20.99 $26.24 $28.34 $22.04 $26.24 $20.99 $20.99 $20.99 $20.99 $20.99 $20.99 $11.54 $11.54 $11.54 $11.54 $11.54 $11.54 $11.54 $25.19 $25.19,660204031837,Accessories,,,,0.00,$18.89
Safari Large Nail Trimmer Coastal Class Cab Sweater Pink Coastal Extra S,$13.64,076484510649,Accessories,,,,1.00,$11.54
Baby Shark Big Show Tank,Penn-Plax,030172103247,Aquatics,,,,1.00,$30.44
Coastal Safari Shed Magic Long,Coastal,076484961250,Healthcare,,,,0.00,$29.39
Coastal Safari Flea Comb Coastal,,076484513091,Healthcare,,,,78.00,$3.27
shorefins(R)Betta World Aquatic,Penn Plax,030172093043,Aquatics,,,,2.00,$8.73
"Aquaplnt 4"" Green Plant",Penn-Plax,030172093081,Aquatics,,,,5.00,$3.27
Coastal Safari Nail Trimmer Sm,Coastal,076484006098,Healthcare,,,,3.00,$9.44
Coastal Double-Ply Dog Collar,Coastal And Collars,076484029035,Leashes And Collars,,,,0.00,$12.99
Coastal Double-Ply Dog Collar,Coastal And Collars,076484063701,Leashes And Collars,,,,0.00,$12.99
Penn Plax Pink/White Small Pla,Penn-Plax,030172093104,Aquatics,,,,4.00,$4.36
Coastal Double-Ply Dog Collar,Coastal And Collars,076484029042,Leashes And Collars,,,,0.00,$12.99
Coastal Double-Ply Dog Collar,Coastal And Collars,076484029059,Leashes And Collars,,,,1.00,$12.99
"Penn Plax Hanging Vine Red 24""",Penn Plax,030172094781,Reptiles,,,,2.00,$16.79
Coastal Double-Ply Dog Collar,Coastal And Collars,076484029080,Leashes And Collars,,,,2.00,$12.99
Coastal Double-Ply Dog Collar,Coastal And Collars,076484063909,Leashes And Collars,,,,2.00,$12.99
Coastal Double-Ply Dog Collar,Coastal And Collars,076484064104,Leashes And Collars,,,,0.00,$12.99
Coastal Double-Ply Dog Collar,Coastal And Collars,076484064302,Leashes And Collars,,,,1.00,$12.99
Coastal Double-Ply Dog Collar,Coastal And Collars,076484064500,Leashes And Collars,,,,2.00,$12.99
Coastal Double-Ply Dog Collar,Coastal And Collars,076484063916,Leashes And Collars,,,,1.00,$11.99
Coastal Double-Ply Dog Collar,Coastal And Collars,076484064111,Leashes And Collars,,,,1.00,$12.99
Coastal Double-Ply Dog Collar,Coastal And Collars,076484064319,Leashes And Collars,,,,2.00,$12.99
Coastal Double-Ply Dog Collar,Coastal And Collars,076484064517,Leashes And Collars,,,,4.00,$12.99
"6"" Rock Plant Green",Penn-Plax,030172095023,Aquatics,,,,3.00,$5.44
Coastal Double-Ply Dog Collar,Coastal And Collars,076484063923,Leashes And Collars,,,,3.00,$12.99
Coastal Double-Ply Dog Collar,Coastal And Collars,076484064128,Leashes And Collars,,,,2.00,$12.99
Coastal Double-Ply Dog Collar,Coastal And Collars,076484064326,Leashes And Collars,,,,2.00,$12.99
Coastal Double-Ply Dog Collar,Coastal And Collars,076484064524,Leashes And Collars,,,,2.00,$12.99
Coastal Double-Ply Dog Collar,Coastal And Collars,076484063817,Leashes And Collars,,,,0.00,$12.99
Coastal Double-Ply Dog Collar,Coastal And Collars,076484064012,Leashes And Collars,,,,0.00,$12.99
Coastal Double-Ply Dog Collar,Coastal And Collars,076484064210,Leashes And Collars,,,,2.00,$12.99
Coastal Double-Ply Dog Collar,Coastal And Collars,076484064418,Leashes And Collars,,,,2.00,$12.99
Coastal Double-Ply Dog Collar0,Coastal And Collars,076484064616,Leashes And Collars,,,,4.00,$12.99
Coastal Double-Ply Dog Collar,Coastal And Collars,076484063855,Leashes And Collars,,,,0.00,$12.99
Coastal Double-Ply Dog Collar,Coastal And Collars,076484064258,Leashes And Collars,,,,1.00,$12.99
Coastal Double-Ply Dog Collar,Coastal And Collars,076484064456,Leashes And Collars,,,,1.00,$12.99
"8"" Rockplant Color",Penn-Plax,030172095054,Aquatics,,,,2.00,$5.45
Coastal Double-Ply Dog Collar,Coastal And Collars,076484063886,Leashes And Collars,,,,0.00,$12.99
Coastal Double-Ply Dog Collar,Coastal And Collars,076484064081,Leashes And Collars,,,,0.00,$12.99
Coastal Double-Ply Dog Collar,Coastal And Collars,076484064289,Leashes And Collars,,,,1.00,$12.99
Coastal Double-Ply Dog Collar,Coastal And Collars,076484064487,Leashes And Collars,,,,3.00,$12.98
Coastal Double-Ply Dog Collar,Coastal And Collars,076484064685,Leashes And Collars,,,,5.00,$12.99
Coastal Double-Ply Dog Collar,Coastal And Collars,076484290909,Leashes And Collars,,,,0.00,$12.99
Coastal Double-Ply Dog Collar,Coastal And Collars,076484290916,Leashes And Collars,,,,0.00,$12.99
Coastal Double-Ply Dog Collar,Coastal And Collars,076484290923,Leashes And Collars,,,,0.00,$12.99
Coastal Double-Ply Dog Collar,Coastal And Collars,076484290930,Leashes And Collars,,,,0.00,$12.99
Coastal Double-Ply Dog Collar,Coastal And Collars,076484290947,Leashes And Collars,,,,0.00,$12.99
Coastal Double-Ply Dog Collar,Coastal And Collars,076484290954,Leashes And Collars,,,,0.00,$12.99
Coastal Double-Ply Dog Collar,Coastal And Collars,076484290961,Leashes And Collars,,,,1.00,$9.89
Coastal Double-Ply Dog Collar,Coastal And Collars,076484290978,Leashes And Collars,,,,2.00,$12.99
Coastal Double-Ply Dog Collar,Coastal And Collars,076484290985,Leashes And Collars,,,,3.00,$12.99
Coastal Double-Ply Dog Collar,Coastal And Collars,076484290992,Leashes And Collars,,,,3.00,$12.99
Coastal Double-Ply Dog Collar,Coastal And Collars,076484780165,Leashes And Collars,,,,2.00,$12.99
Coastal Double-Ply Dog Collar,Coastal And Collars,076484780202,Leashes And Collars,,,,1.00,$12.99
Coastal Double-Ply Dog Collar,Coastal And Collars,076484780240,Leashes And Collars,,,,1.00,$12.99
Coastal Double-Ply Dog Collar,Coastal And Collars,076484780288,Leashes And Collars,,,,2.00,$12.99
Coastal Double-Ply Dog Collar,Coastal And Collars,076484780189,Leashes And Collars,,,,0.00,$12.99
Coastal Double-Ply Dog Collar,Coastal And Collars,076484780226,Leashes And Collars,,,,0.00,$12.99
Coastal Double-Ply Dog Collar,Coastal And Collars,076484780264,Leashes And Collars,,,,0.00,$12.99
Coastal Double-Ply Dog Collar,Coastal And Collars,076484780301,Leashes And Collars,,,,0.00,$12.99
Coastal Double-Ply Dog Collar,Coastal And Collars,076484780349,Leashes And Collars,,,,0.00,$12.99
Coastal Double-Ply Dog Coastal Collar,And Collars,076484901836,Leashes And Collars,,,,0.00,$12.99
Coastal Double-Ply Dog Coastal Collar,And Collars,076484901843,Leashes And Collars,,,,0.00,$12.99
Coastal Double-Ply Dog Coastal Collar,And Collars,076484901850,Leashes And Collars,,,,0.00,$12.99
Coastal Double-Ply Dog Coastal Collar,And Collars,076484901867,Leashes And Collars,,,,0.00,$12.99
Coastal Double-Ply Dog Coastal Collar,And Collars,076484901874,Leashes And Collars,,,,0.00,$12.99
Coastal Double-Ply Dog Coastal Leash 0,And Collars,076484002946,Leashes And Collars,,,,0.00,$20.98
Coastal Double-Ply Dog Coastal Leash 0,And Collars,076484029103,Leashes And Collars,,,,1.00,$23.59
Coastal Double-Ply Dog Coastal Leash 0,And Collars,076484029448,Leashes And Collars,,,,0.00,$20.99
Coastal Double-Ply Dog Coastal Leash 0,And Collars,076484029660,Leashes And Collars,,,,0.00,$24.99
Coastal Double-Ply Dog Coastal Leash 0,And Collars,076484029462,Leashes And Collars,,,,0.00,$20.99
Coastal Double-Ply Dog Coastal Leash 0,And Collars,076484067303,Leashes And Collars,,,,0.00,$21.99
Coastal Double-Ply Dog Coastal Leash 0,And Collars,076484068706,Leashes And Collars,,,,0.00,$25.99
Coastal Double-Ply Leash Coastal Red 4' 2904,And Collars,076484067310,Leashes And Collars,,,,2.00,$19.99
Coastal Double-Ply Leash Coastal Red 6' 2906,And Collars,076484068713,Leashes And Collars,,,,2.00,$20.29
Coastal Double-Ply Dog Coastal Leash 0,And Collars,076484067327,Leashes And Collars,,,,2.00,$19.99
Coastal Double-Ply Dog Coastal Leash 0,And Collars,076484068720,Leashes And Collars,,,,2.00,$23.59
Coastal Double-Ply Dog Coastal Leash 0,And Collars,076484067419,Leashes And Collars,,,,2.00,$19.99
Coastal Double-Ply Dog Coastal Leash 0,And Collars,076484068867,Leashes And Collars,,,,3.00,$23.59
Coastal Double-Ply Dog Coastal Leash 0,And Collars,076484067457,Leashes And Collars,,,,1.00,$19.99
Coastal Double-Ply Dog Coastal Leash 0,And Collars,076484069420,Leashes And Collars,,,,2.00,$23.59
Coastal Double-Ply Dog Coastal Leash 0,And Collars,076484067488,Leashes And Collars,,,,3.00,$18.99
"12"" Rock Plant Green",Penn-Plax,030172095061,Aquatics,,,,4.00,$7.63
Coastal Double-Ply Dog Leash 0,Coastal And Collars,076484780448,Leashes And Collars,,,,2.00,$23.59
Coastal Double-Ply Dog Leash 0,Coastal And Collars,076484780424,Leashes And Collars,,,,0.00,$20.99
Coastal Double-Ply Dog Leash 0,Coastal And Collars,076484780462,Leashes And Collars,,,,0.00,$24.99
Coastal Double-Ply Dog Leash 0,Coastal And Collars,076484901881,Leashes And Collars,,,,0.00,$20.99
Coastal Double-Ply Dog Leash 0,Coastal And Collars,076484901898,Leashes And Collars,,,,0.00,$24.99
Coastal Single-Ply Dog Leash 0,Coastal And Collars,076484009600,Leashes And Collars,,,,0.00,$7.27
Coastal Single-Ply Dog Leash 0,Coastal And Collars,076484009808,Leashes And Collars,,,,0.00,$7.27
Coastal Single-Ply Dog Leash 0,Coastal And Collars,076484035203,Leashes And Collars,,,,1.00,$8.99
Coastal Single-Ply Dog Leash 0,Coastal And Collars,076484035401,Leashes And Collars,,,,-1.00,$10.99
Coastal Single-Ply Dog Leash 0,Coastal And Collars,076484044007,Leashes And Collars,,,,0.00,$9.99
Coastal Single-Ply Dog Leash 0,Coastal And Collars,076484059803,Leashes And Collars,,,,0.00,$16.99
Coastal Single-Ply Dog Leash 0,Coastal And Collars,076484060007,Leashes And Collars,,,,1.00,$18.39
Coastal Single-Ply Dog Leash 0,Coastal And Collars,076484009617,Leashes And Collars,,,,0.00,$7.27
Coastal Single-Ply Dog Leash 0,Coastal And Collars,076484009815,Leashes And Collars,,,,1.00,$7.27
Coastal Single-Ply Dog Leash 0,Coastal And Collars,076484035210,Leashes And Collars,,,,3.00,$8.31
Coastal Single-Ply Dog Leash 0,Coastal And Collars,076484035418,Leashes And Collars,,,,1.00,$9.99
Finch-Fries Supplies,,030172095771,Bird,,,,2.00,$5.45
Coastal Single-Ply Leash Coastal Red 4' 904,And Collars,076484059810,Leashes And Collars,,,,1.00,$15.79
Coastal Leash Red 6' 906 Coastal,,076484060014,Leashes And Collars,,,,2.00,$16.99
Coastal Single-Ply Dog Leash 0,Coastal And Collars,076484009624,Leashes And Collars,,,,0.00,$7.27
Coastal Single-Ply Dog Leash 0,Coastal And Collars,076484009822,Leashes And Collars,,,,1.00,$7.27
Coastal Single-Ply Dog Leash 0,Coastal And Collars,076484035227,Leashes And Collars,,,,1.00,$8.31
Coastal Single-Ply Dog Leash 0,Coastal And Collars,076484035425,Leashes And Collars,,,,2.00,$9.59
Coastal Single-Ply Dog Leash 0,Coastal And Collars,076484044021,Leashes And Collars,,,,2.00,$8.99
Coastal Single-Ply Dog Leash 0,Coastal And Collars,076484059827,Leashes And Collars,,,,2.00,$15.79
Coastal Single-Ply Dog Leash 0,Coastal And Collars,076484060021,Leashes And Collars,,,,1.00,$18.39
Coastal Single-Ply Dog Leash 0,Coastal And Collars,076484009709,Leashes And Collars,,,,0.00,$7.27
Coastal Single-Ply Dog Leash 0,Coastal And Collars,076484009907,Leashes And Collars,,,,0.00,$7.27
Coastal Single-Ply Dog Leash 0,Coastal And Collars,076484035302,Leashes And Collars,,,,1.00,$8.31
Birdlife Fruit Dipped Cuttle B,Birdlife Supplies,030172096853,Bird,,,,6.00,$7.63
Coastal Single-Ply Dog Leash 0,Coastal And Collars,076484044274,Leashes And Collars,,,,3.00,$10.59
Coastal Single-Ply Dog Leash 0,Coastal And Collars,076484059926,Leashes And Collars,,,,1.00,$15.99
Coastal Single-Ply Dog Leash 0,Coastal And Collars,076484060113,Leashes And Collars,,,,1.00,$19.99
Coastal Single-Ply Dog Leash 0,Coastal And Collars,076484009952,Leashes And Collars,,,,0.00,$7.27
Coastal Single-Ply Dog Leash 0,Coastal And Collars,076484035357,Leashes And Collars,,,,2.00,$8.31
Coastal Single-Ply Dog Leash 0,Coastal And Collars,076484035555,Leashes And Collars,,,,1.00,$9.59
Coastal Single-Ply Dog Leash 0,Coastal And Collars,076484044199,Leashes And Collars,,,,1.00,$8.99
Coastal Single-Ply Dog Leash 0 Coastal Single-Ply Dog Leash 0,Coastal And Collars $16.99 And Collars,076484044373,Leashes And Collars,,,,1.00,$10.99
Coastal Single-Ply Dog Leash 0,Coastal And Collars,076484060151,Leashes And Collars,,,,1.00,$18.39
Coastal Single-Ply Dog Leash 0,Coastal And Collars,076484009761,Leashes And Collars,,,,0.00,$7.27
Coastal Single-Ply Dog Leash 0,Coastal And Collars,076484009969,Leashes And Collars,,,,2.00,$7.27
Coastal Single-Ply Dog Leash 04' 404,Coastal And Collars,076484035388,Leashes And Collars,,,,-1.00,$8.31
Coastal Single-Ply Dog Leash 0,Coastal And Collars,076484035586,Leashes And Collars,,,,1.00,$9.09
Coastal Single-Ply Dog Leash 0,Coastal And Collars,076484045790,Leashes And Collars,,,,3.00,$10.59
Coastal Single-Ply Dog Leash 0,Coastal And Collars,076484030437,Leashes And Collars,,,,0.00,$7.27
Coastal Single-Ply Dog Leash 0,Coastal And Collars,076484030635,Leashes And Collars,,,,0.00,$7.27
Coastal Single-Ply Dog Leash 0,Coastal And Collars,076484731235,Leashes And Collars,,,,0.00,$19.99
Crystal Cluster Amethyst Purpl,Penn-Plax,030172099076,Aquatics,,,,2.00,$15.74
Coastal Single-Ply Dog Leash 0,Coastal And Collars,076484604065,Leashes And Collars,,,,0.00,$9.99
Coastal Single-Ply Dog Leash 0,Coastal And Collars,076484606007,Leashes And Collars,,,,0.00,$10.99
Coastal Single-Ply Dog Leash 0,Coastal And Collars,076484090400,Leashes And Collars,,,,0.00,$16.99
Coastal Single-Ply Dog Leash 0,Coastal And Collars,076484090677,Leashes And Collars,,,,0.00,$18.39
Coastal Single-Ply Dog Leash 0,Coastal And Collars,076484304040,Leashes And Collars,,,,0.00,$7.27
Coastal Single-Ply Dog Leash 0,Coastal And Collars,076484306044,Leashes And Collars,,,,0.00,$7.27
Coastal Single-Ply Dog Leash 0,Coastal And Collars,076484040641,Leashes And Collars,,,,0.00,$9.99
Coastal Single-Ply Dog Leash 0,Coastal And Collars,076484604102,Leashes And Collars,,,,0.00,$9.99
Coastal Single-Ply Dog Leash 0,Coastal And Collars,076484606045,Leashes And Collars,,,,0.00,$11.99
Coastal Single-Ply Dog Leash 0,Coastal And Collars,076484904073,Leashes And Collars,,,,0.00,$16.99
Coastal Single-Ply Dog Leash 0,Coastal And Collars,076484304057,Leashes And Collars,,,,0.00,$7.27
Bird Life Trimmer Bird Swing,Penn-Plax Supplies,030172100338,Bird,,,,2.00,$8.73
Coastal Single-Ply Dog Leash 0,Coastal And Collars,076484040658,Leashes And Collars,,,,2.00,$9.59
Coastal Single-Ply Dog Leash 0,Coastal And Collars,076484604119,Leashes And Collars,,,,0.00,$9.99
Coastal Single-Ply Dog Leash 0,Coastal And Collars,076484606052,Leashes And Collars,,,,0.00,$11.99
Coastal Single-Ply Dog Leash 0,Coastal And Collars,076484904080,Leashes And Collars,,,,0.00,$16.99
Plaid Sweater Red Medium,Penn-Plax,030172101397,Accessories,,,,0.00,$24.14
Coastal Single-Ply Dog Leash 0,Coastal And Collars,076484300394,Leashes And Collars,,,,0.00,$7.27
Coastal Single-Ply Dog Leash 0,Coastal And Collars,076484400391,Leashes And Collars,,,,0.00,$8.99
Coastal Single-Ply Dog Leash 0,Coastal And Collars,076484400407,Leashes And Collars,,,,0.00,$9.99
Coastal Single-Ply Dog Leash 0,Coastal And Collars,076484600395,Leashes And Collars,,,,0.00,$9.99
Coastal Single-Ply Dog Leash 0,Coastal And Collars,076484600401,Leashes And Collars,,,,0.00,$11.99
Coastal Single-Ply Dog Leash,Coastal And Collars,076484900389,Leashes And Collars,,,,0.00,$16.99
Coastal Single-Ply Dog Leash 0,Coastal And Collars,076484900396,Leashes And Collars,,,,0.00,$19.99
Coastal Single-Ply Dog Leash 0,Coastal And Collars,076484733314,Leashes And Collars,,,,1.00,$6.09
Coastal Single-Ply Dog Leash 0,Coastal And Collars,076484733352,Leashes And Collars,,,,0.00,$7.27
Coastal Single-Ply Dog Leash 0,Coastal And Collars,076484731334,Leashes And Collars,,,,2.00,$8.31
Reptology Branch Arc,Kent Marine,030172102141,Reptiles,,,,1.00,$41.99
Coastal Single-Ply Dog Leash 0,Coastal And Collars,076484731259,Leashes And Collars,,,,0.00,$9.99
Coastal Single-Ply Dog Leash 0,Coastal And Collars,076484731297,Leashes And Collars,,,,0.00,$11.99
Coastal Single-Ply Dog Leash 0,Coastal And Collars,076484730160,Leashes And Collars,,,,0.00,$16.99
Coastal Single-Ply Dog Leash 0,Coastal And Collars,076484731211,Leashes And Collars,,,,0.00,$18.99
Coastal Single-Ply Dog Leash 0,Coastal And Collars,076484733338,Leashes And Collars,,,,0.00,$7.27
Coastal Single-Ply Dog Leash 0,Coastal And Collars,076484733376,Leashes And Collars,,,,0.00,$7.27
Coastal Single-Ply Dog Leash 0,Coastal And Collars,076484731358,Leashes And Collars,,,,0.00,$9.99
Coastal Single-Ply Dog Leash 0,Coastal And Collars,076484731396,Leashes And Collars,,,,0.00,$9.99
Coastal Single-Ply Dog Leash 0,Coastal And Collars,076484731310,Leashes And Collars,,,,0.00,$11.99
Coastal Single-Ply Dog Leash 0,Coastal And Collars,076484730184,Leashes And Collars,,,,0.00,$16.99
Marina Decorative Gravel Marina Black,,015561123969,Aquatics,,,,3.00,$4.36
Marina Decorative Gravel Marina Jelly,,015561123914,Aquatics,,,,2.00,$4.36
Marina Decorative Gravel Marina Blue,,015561123891,Aquatics,,,,4.00,$4.36
Aqueon Water Renewals Aqueon Betta 4o,,015905060172,Aquatics,,,,0.00,$5.45
Marshall Pet Products Premium,Marshall Animal,766501003819,Small,,,,1.00,$15.74
Marshall Pet Products Ferret R,Marshall Animal,766501001273,Small,,,,1.00,$16.79
Marshall Pet Products Ferret Lax,Marshall Animal,766501003888,Small,,,,2.00,$15.74
Marshall Pet Products Ferret D,Marshall Animal,766501000214,Small,,,,2.00,$13.64
Marshall Pet Products GoodBye,Marshall Animal,766501001860,Small,,,,1.00,$18.89
Seachem Laboratories Flourite,Seachem,000116373302,Aquatics,,,,0.00,$17.84
Zilla Waterfall Large,Zilla,096316001619,Reptiles,,,,1.00,$73.49
Estes Aquarium Gravel Red Flin,Estes,034652168252,Aquatics,,,,1.00,$34.64
Estes Stoney River Premium Jum,Estes,034652157010,Aquatics,,,,1.00,$34.64
Estes Spectrastone Pebble Aqua,Estes,034652107015,Aquatics,,,,0.00,$30.44
Estes Spectrastone Pebble Aqua,Estes,034652107039,Aquatics,,,,2.00,$30.44
Estes Spectrastone Special Aqu,Estes,034652407023,Aquatics,,,,2.00,$27.29
Estes Spectrastone Special Aqu,Estes,034652407061,Aquatics,,,,2.00,$27.29
Estes Spectrastone Special Aqu,Estes,034652407078,Aquatics,,,,1.00,$27.29
Estes Stoney River Aquarium Sa,Estes,034652067067,Aquatics,,,,2.00,$36.74
Estes Stoney River Aquarium Sa,Estes,034652067074,Aquatics,,,,2.00,$36.74
Estes Spectrastone Special Aqu,Estes,034652405029,Aquatics,,,,5.00,$6.54
Estes Light Blue Gravel 5lb,Estes,034652405081,Aquatics,,,,8.00,$7.63
Estes Spectrastone Special Aqu,Estes,015851152051,Aquatics,,,,8.00,$6.54
Pure Water Gravel White 5lb,Pure Water Pebbles,029904700151,Aquatics,,,,0.00,$6.54
Estes Spectrastone Natural Aqu,Estea,034652115096,Aquatics,,,,4.00,$7.63
Estes Stoney River Mexican Bea,Estes,034652169051,Aquatics,,,,6.00,$10.49
Birdlife Mineral Block Banana,Birdlife Supplies,030172102363,Bird,,,,0.00,$5.45
Pure Water Pebbles Aquarium Gr,Pure Water Pebbles,029904702759,Aquatics,,,,3.00,$6.54
Estes Spectrastone Aquarium Mi,Estes,034652226051,Aquatics,,,,7.00,$8.73
Estes Spectrastone Special Aqu,Estes,034652405012,Aquatics,,,,2.00,$7.63
Estes Spectrastone Special Aqu,Estes,034652405036,Aquatics,,,,0.00,$7.63
Estes Spectrastone Aquarium Mi,Estes,034652225054,Aquatics,,,,4.00,$8.73
Penn Plax Betta Starter Kit,Penn Plax,030172102745,Aquatics,,,,2.00,$29.39
Zoo Med ReptiSun 10.0 UVB T8 F,Zoo Med,097612343366,Reptiles,,,,-1.00,$45.14
"Zoo Med ReptiSun 10.0 UVB T8 24""",Zoo Med,097612343243,Reptiles,,,,3.00,$40.94
Penn Plax Auto Feeder,Penn-Plax,030172104565,Aquatics,,,,0.00,$23.09
Seachem Purigen 250ml,Seachem,000116016605,Aquatics,,,,2.00,$24.14
Kradel CBD Calming Bliss Krandle Bar 2,,850015561320,Healthcare,,,,3.00,$17.84
Spot Play Strong Flex Petsafe Come With Me Kitty Har,Spot $19.94,077234549070,Toys,,,,1.00,$16.79
Petsafe Come With Me Kitty Har,Petsafe,759023076157,Accessories,,,,2.00,$20.99
Spot Calming Lick Mat,Spot,077234586228,Accessories,,,,3.00,$7.63
Zilla Day White Light Bulb Zilla 75w,,096316671348,Reptiles,,,,0.00,$9.44
Zilla Canopy Series Fluorescen,Zilla,096316280960,Reptiles,,,,2.00,$22.04
Natural Driftwood Medium Penn-Plax,,030172104633,Aquatics,,,,5.00,$13.64
Coastal Double-Ply Dog Collar,1 And Collars,076484780325,Leashes And Collars,,,,1.00,$12.99
A & E Small Animal Chew A & E Animal,,644472991666,Small,,,,2.00,$4.36
A & E Small Animal Chew A & E Animal,,644472009576,Small,,,,2.00,$7.63
A & E Small Animal Chew A & E Animal,,644472009712,Small,,,,2.00,$4.36
A & E Small Animal Chew A & E Animal,,644472009699,Small,,,,2.00,$5.45
A & E Nibbles Small Animal Che,A&E Animal,644472009552,Small,,,,0.00,$4.36
A & E Nibbles Small Animal Che,A&E Animal,644472009644,Small,,,,2.00,$5.45
A & E Nibbles Small Animal Cew,A&E Animal,644472009682,Small,,,,2.00,$4.36
A & E Nibbles Small animal Che,A&E Animal,644472009705,Small,,,,0.00,$4.36
Kaytee Alfalfa Cubes15oz Kaytee Animal,,071859007083,Small,,,,4.00,$8.73
Kaytee Timothy Blend Cubes 1lb,Kaytee Animal,071859008127,Small,,,,3.00,$8.73
Kaytee Hay Manager Animal,Kaytee,045125619126,Small,,,,3.00,$15.74
Oxbow Organic Meadow Hay 15oz,Oxbow Animal,744845710402,Small,,,,2.00,$7.63
Kaytee Critter Litter Animal,Kaytee,045125621686,Small,,,,1.00,$19.94
Fluval Pull Through Hose Fluval Brush,,015561106818,Aquatics,,,,2.00,$5.45
"Nothin' to Hide 10"" Large Fieldcrest Roll",Farms,810002631696,Dog Treats,,,,2.00,$16.79
"Nothin' to Hide 5"" Small Roll",Redbarn,810002631672,Treats,,,,1.00,$9.44
Redbarn Large Beef Cheek Roll,Redbarn,785184255506,Treats,,,,12.00,$14.69
Redbarn Beef Cheek Roll Redbarn Chicke,,785184255490,Treats,,,,16.00,$9.44
Skeleton Escape,Penn-Plax,030172104909,Aquatics,,,,0.00,$9.44
Redbarn Large Filled Bone Chee,Redbarn,785184406045,Treats,,,,1.00,$11.54
Redbarn Small Fill Bone Chicke,Redbarn,785184403068,Treats,,,,0.00,$7.63
Redbarn Large Bully Wrapped Co,Redbarn,785184262344,Dog Treats,,,,2.00,$9.44
Wild Eats Munch & Crunch Water,Wild Eats,611403460249,Treats,,,,0.00,$7.63
Wild Eats Water Buffalo Ear,Wild Eats,611403203860,Treats,,,,7.00,$3.27
Donut Mineral Blocks Supplies,,030172105456,Bird,,,,3.00,$7.63
tuesddays Ostrich Heart & Tuesdays Lung,,810723036350,Treats,,,,0.00,$15.74
Icelandic Cod & Salmon Icelandic Mini Co,,850003829760,Treats,,,,-2.00,$6.54
Icelandic Cod & Herring Icelandic Mini C,,854854007421,Treats,,,,0.00,$6.54
Icelandic Cod & Shrimp Mini Co,Icelandic,850003829746,Treats,,,,-2.00,$6.54
Icelandic Hand Wrapped Icelandic Cod Sti,,850003829692,Treats,,,,1.00,$15.74
Icelandic Redfish Rolls,Icelandic,854854007247,Treats,,,,2.00,$11.54
Icelandic Salmon Chips,Icelandic,850003829302,Treats,,,,1.00,$12.59
Icelandic Collagen Puffs Icelandic Crunc,,854854007735,Treats,,,,2.00,$9.44
Tuesday's Ostrich Jerky Tuesdays 4oz,,810723036312,Treats,,,,2.00,$16.79
"Bam-bones Bone 5.75"" Chicken",Ethical Products,077234543160,Dog Treats,,,,1.00,$5.45
"Bam-bones Plus 6"" Medium Chick",Ethical Products,077234544907,Treats,,,,1.00,$8.73
"Bam-bones Plus 7"" Large Ethical Beef",Products,077234544938,Treats,,,,1.00,$15.74
"Bam-bones Plus 4"" Small Ethical Beef",Products,077234544891,Treats,,,,1.00,$5.45
"Bam-Bones Plus 7"" Triple Ethical Chew",Products,077234547731,Treats,,,,1.00,$12.59
"Bam-bones 9.5"" Beef Products",Ethical,077234545577,Treats,,,,1.00,$12.59
Benebone Tiny 2-pack,Benebone,854111004712,Treats,,,,-1.00,$17.84
Nylabone Flexi Chew Wolf,Nylabone,018214812807,Toys,,,,2.00,$13.64
Fresh Kisses Medium Mint Doubl,Merrick,022808660545,Treats,,,,1.00,$35.69
SmartBones Churro Style Smart Sticks,Bones,892383006386,Treats,,,,1.00,$19.94
SmartBones 4 Med Peanut Butter,Smart Bones,892383002166,Treats,,,,0.00,$17.84
SmartBones SmartSticks Smart Dog Tr,Bones,892383002364,Treats,,,,-1.00,$8.73
Natural Wood Perches 11'' 2 pk,Penn-Plax Supplies,030172902017,Bird,,,,1.00,$5.45
SmartBones Chicken Wrapped Stu,Smart Bones,810833020690,Treats,,,,1.00,$24.14
Charlee Bear Original Crunch D,Charlee Bear,787108963900,Treats,,,,-6.00,$9.44
Savory Prime Beggar Bone 5 in,Savory Prime,810359003658,Treats,,,,2.00,$5.45
Natural Balance Crunchy Natural Biscuits Venison,Balance,723633606004,Dog Treats,,,,0.00,$13.64
Natural Balance Pet Foods Rewa,Natural Balance,723633615006,Treats,,,,2.00,$13.64
Natural Balance Pet Foods Rew,Natural Balance,723633014625,Treats,,,,0.00,$7.63
Natural Balance Pet Foods Rewa,Natural Balance,723633605083,Treats,,,,0.00,$7.63
Natural Balance Pet Foods Rewa,Natural Balance,723633606080,Treats,,,,1.00,$7.63
Natural Balance Pet Foods Rew,Natural Balance,723633602082,Treats,,,,0.00,$7.63
Barkworthies Little Barkers Be,Barkworthie s,840139125515,Treats,,,,-1.00,$9.44
Blue Buffalo Health Bar Apple,Blue Buffalo,840243105618,Treats,,,,3.00,$9.44
Blue Buffalo Health Bar Banana,Blue Buffalo,859610005086,Treats,,,,4.00,$9.44
True Chews Chicken Morsel Dog,Blue Buffalo,840243149407,Treats,,,,0.00,$20.99
True Chews Duck Jerky Blue Buffalo Dog 12 o,,840243149346,Treats,,,,1.00,$20.99
Blue Bits Mobility & Immunity,Blue Buffalo,840243156481,Treats,,,,4.00,$9.44
"Blue Bits Chicken And Pumpkin,",Blue Buffalo,840243156467,Treats,,,,3.00,$9.44
Blue Bits Skin & Coat & Immuni,Blue Buffalo,840243156474,Dog Treats,,,,3.00,$9.44
Loving Pets Flavorfullz Fille,Loving Pets,842982052314,Treats,,,,1.00,$7.63
Starmark Starmark Dental StarMark Trea,,873199004797,Treats,,,,1.00,$13.64
Starmark Starmark Dental StarMark Treat,,873199004803,Treats,,,,2.00,$9.44
Starmark Starmark Dental StarMark Trea,,873199004810,Dog Treats,,,,2.00,$7.63
Inaba Churu Sprinkles Chicken,Inaba,810100855000,Treats,,,,1.00,$5.45
Inaba Churu Bites 8pk Chicken,Inaba,850006715565,Treats,,,,0.00,$10.49
Vital Rabbit Bites Essentials,Vital,840199684137,Dog Treats,,,,2.00,$16.79
Vital Beef Liver Essentials,Vital,840199684007,Treats,,,,1.00,$8.73
Zilla Mounting Spring Clip Zilla,,096316116511,Reptiles,,,,7.00,$7.63
Zilla Non-locking Screen Clip,Zilla,096316671096,Reptiles,,,,2.00,$4.36
TetraPro Color 7.41 oz,Tetra,046798770800,Aquatics,,,,3.00,$31.49
TetraMin Granules 3.52oz Tetra,,046798161219,Aquatics,,,,4.00,$10.49
li'l pals collar leb08,Li'l Pals,076484622199,Leashes And Collars,,,,1.00,$7.49
li'l pals collar,Li'l Pals,076484301421,Leashes And Collars,,,,1.00,$10.99
Eukanuba Small Bite 4.5lb,Eukanuba,030111704504,Dog Food Bag,4.5lb,,,4.00,$24.14
Eukanuba Small Bite 16lb Eukanuba,,030111160010,Dog Food,Bag,,16lb,1.00,$56.69
Natural Wood Perches 12'' 2 pk,Penn-Plax Supplies,030172902024,Bird,,,,3.00,$4.36
Natural Wood Perches 16'' 2 pk,Penn-Plax Supplies,030172902048,Bird,,,,1.00,$6.54
li'l pals collar tel10,Li'l Pals,076484701634,Leashes And Collars,,,,0.00,$9.99
Hill's Puppy Chicken & Vegi Stew,Science Diet,052742142807,Dog Food Can,Green,,12.8oz,24.00,$4.35
Hill's Sensitive Chicken Stew,Science Diet,052742068534,Dog Food,Can,Silver,12.8oz,43.00,$4.35
Spot Soothers Rabbit,Sopt,077234548493,Toys,,,,2.00,$19.94
li'l pals collar leb12,Li'l Pals,076484066238,Leashes And Collars,,,,1.00,$7.49
Spot Slithery Snakes,Spot,077234543641,Toys,,,,1.00,$11.54
"Spot Axolotl 6""",Spot,077234549629,Toys,,,,6.00,$8.73
li'l pals collar fmb12,Li'l Pals,076484662232,Leashes And Collars,,,,0.00,$7.49
li'l pals collar pwh12,Li'l Pals,076484162541,Leashes And Collars,,,,1.00,$7.69
Zippy Paws Fries,Zippy Paws,818786018399,Toys,,,,2.00,$9.44
li'l pals collar reed10,Li'l Pals,076484302473,Leashes And Collars,,,,1.00,$12.99
Natural Wood Perches 18'' 2 ppk,Penn-Plax Supplies,030172902055,Bird,,,,1.00,$7.63
"Spot Axolotl With Hat 6""",Spot,077234549636,Toys,,,,2.00,$8.73
Zippy Paws Donutz Bunny,Zippy Paws,810032680336,Toys,,,,2.00,$11.54
li'l pals harness npk14,Li'l Pals,076484421839,Leashes And Collars,,,,0.00,$15.99
li'l pals harness blk14,Li'l Pals,076484421815,Leashes And Collars,,,,2.00,$10.19
Sopt Play Strong Flex,Spot,077234549049,Toys,,,,1.00,$13.64
Multipet Lamb Chop Mini Multipet Color,,784369573251,Toys,,,,3.00,$7.63
li'l pals harness blu14 Li'l Pals,,076484624537,Leashes And Collars,,,,0.00,$15.19
Multtipet Lamb Chop Small,Multipet,784369483710,Toys,,,,2.00,$7.63
li'l pals harness fmb14,Li'l Pals,076484624513,Leashes And Collars,,,,1.00,$15.99
Spot Fleece Rabbit,Spot,077234050248,Toys,,,,2.00,$9.44
li'l pals harness dmc14,Li'l Pals,076484624506,Leashes And Collars,,,,2.00,$15.99
Spot Fleece Slipper,Spot,077234050224,Toys,,,,0.00,$9.44
Multipet Loofa Dog,Multipet,784369477115,Toys,,,,2.00,$6.54
Multipet Mini Highland Cow Multipet Mini Monsters,Multipet $9.44,784369442892,Toys,,,,1.00,$9.44
Tuffy Mighty Ball,Tuffy,180181907449,Toys,,,,0.00,$13.64
Tuffy Mighty Bone,Tuffy,180181907913,Toys,,,,1.00,$19.94
li'l pals harness limpsm,Li'l Pals,076484638367,Leashes And Collars,,,,1.00,$21.49
Tuffy T-U-R-CB,Tuffy,180181001048,Toys,,,,1.00,$17.84
li'l pals harness bllpxs,Li'l Pals,076484163845,Leashes And Collars,,,,1.00,$21.49
Tuffy Starfish,Tuffy,180181009013,Toys,,,,1.00,$19.94
Bird Life 5 Step Ladder Supplies,Marshall,030172902109,Bird,,,,2.00,$5.45
Li'l Pals Harness & Leash Li'l Pals Combo Black,And Collars,076484062032,Leashes And Collars,,,,1.00,$26.79
Mammoth Tire Biter Small Mammoth,,746772350027,Toys,,,,1.00,$7.63
Mammoth Tire Biter Medium,Mammoth,746772350089,Toys,,,,0.00,$11.54
Mammoth Tire Biter Large Mammoth,,746772350140,Toys,,,,1.00,$17.84
coastal collar psf 18,Coastal,076484471049,Leashes And Collars,,,,0.00,$18.99
Mammoth Tug With Ball Small,Mammoth,746772252406,Toys,,,,0.00,$7.63
coastal collar tsa18,Coastal,076484471056,Leashes And Collars,,,,1.00,$18.99
Mammoth Small Cloth Squeaky Ro,Mammoth,746772235904,Toys,,,,2.00,$6.54
coastal collar psa26,Coastal,076484197321,Leashes And Collars,,,,1.00,$25.59
coastal collar psf28,Coastal,076484197314,Leashes And Collars,,,,1.00,$26.99
Mammoth X Large Color Bone,Mammoth,746772200087,Toys,,,,0.00,$10.49
coastal collar ppa26,Coastal,076484619120,Leashes And Collars,,,,1.00,$25.59
"coastal collar rwp26"" And Collars Mammoth Small Color Bone",Coastal $5.45,076484619762,Leashes And Collars,,,,-1.00,$25.59
Nylabone Lobster Regular Nylabone,,018214853046,Toys,,,,1.00,$15.74
Nylabone Cheese Bone Nylabone Wolf,,018214841043,Toys,,,,1.00,$14.69
Nylabone Puppy Tactile Nylabone Stick,,018214854579,Toys,,,,0.00,$13.64
Bird Life 3in Wooden Bird Ware Swing,Supplies,030172902178,Bird,,,,0.00,$5.45
Nylabone Puppy Chew,Nylabone,018214823308,Toys,,,,1.00,$10.49
Chuckit Fetch Medley 3 Pack,Chuckit,029695470899,Toys,,,,1.00,$26.24
Pet Honesty Multivitamine Pet cat,Honesty,850038728533,Healthcare,,,,1.00,$19.94
Tropiclean Berry Deep Cleaning,Tropiclean,645095006218,Healthcare,,,,2.00,$8.73
Tropiclean Waterless Cat Tropiclean Shamp,,645095869059,Healthcare,,,,2.00,$13.64
Adams Plus Foaming Shampoo & W,Adams,039079003087,Healthcare,,,,2.00,$14.69
Pet Ag Kmr Kitten Replacer Mil,Pet Ag,020279995081,Healthcare,,,,2.00,$23.09
coastal control harness large,Coastal And Collars,076484093784,Leashes And Collars,,,,-1.00,$22.79
coastal control harness medium,Coastal And Collars,076484093777,Leashes And Collars,,,,0.00,$22.79
coastal control harness small,Coastal And Collars,076484093760,Leashes And Collars,,,,0.00,$22.19
Petsafe Come With Me Kitty Bla,Petsafe And Collars,759023085364,Leashes And Collars,,,,0.00,$19.99
Kitty Harness & Leash Purple Medium,Petsafe And Collars,759023076171,Leashes And Collars,,,,2.00,$19.99
Petsafe Come With Me kitty Har,Petsafe And Collars,759023085357,Leashes And Collars,,,,0.00,$19.99
Petsafe Come With Me kitty Har,Petmate And Collars,759023076102,Leashes And Collars,,,,1.00,$18.99
Petsafe Come With Me Kitty Har,Petsafe And Collars,759023076133,Leashes And Collars,,,,0.00,$19.99
Inaba Grilled Tuna Fillet Inaba Extr,,855958006518,Treats,,,,5.00,$3.27
"Bird Life 4"" Bird Swing Supplies",Penn Plax,030172902185,Bird,,,,5.00,$6.54
Inaba Curui Pop N Serve Inaba Variet,,810100852696,Treats,,,,-1.00,$14.69
Inaba Churu Pop N Serve Inaba Chicke,,810100852382,Treats,,,,4.00,$2.17
Inaba Churu Tuna & Bonito,Inaba,850030015372,Treats,,,,2.00,$4.36
Inaba Churu Salmon With Inaba Scallo,,810100852597,Treats,,,,1.00,$4.36
Vacation Bird Feeder Supplies,Penn-Plax,030172902642,Bird,,,,2.00,$11.54
Penn Plax Crincle Ball,Penn Plax,030172034961,Toys,,,,-6.00,$2.17
Penn Plax Mouse Balls,Penn Plax,030172830082,Toys,,,,21.00,$4.36
Penn Plax Plastic Balls,Penn Plax,030172831041,Toys,,,,20.00,$2.17
Penn Plax Ringer Balls,Penn Plax,030172831096,Toys,,,,11.00,$4.36
"Coastal Leash Black Skulls 06""",Coastal And Collars,076484188022,Leashes And Collars,,,,1.00,$11.99
"Coastal Leash Black Skulls 06""",Coastal And Collars,076484188046,Leashes And Collars,,,,5.00,$13.09
"Coastal Leash Black Skulls 06""",Coastal And Collars,076484188084,Leashes And Collars,,,,1.00,$17.69
Vaness Dinner Mat,Vaness,079441008029,Accessories,,,,2.00,$13.64
coastal collar special paws 14,Coastal And Collars,076484184802,Leashes And Collars,,,,1.00,$8.99
"coastal collars red bones Coastal 12"" coastal collar black bones Coastal 14",And Collars $8.99 And Collars,076484551048,Leashes And Collars,,,,2.00,$7.98
Vetality Canine Asprin Large D,Vetality,190623300639,Healthcare,,,,2.00,$23.09
Nutr Vet Probiotic 60 Capsules,Nutr Vet,669125660195,Healthcare,,,,1.00,$27.29
Nutri Vet Hip & Joint 75 Chews,Nutr Vet,669125012710,Healthcare,,,,1.00,$36.74
Nutri Vet Allerg-Eze 60Chews,Nutri Vet,669125933411,Healthcare,,,,2.00,$26.24
Pet Armor Antihistamine Pet Armor 25mg 1,,073091026952,Healthcare,,,,1.00,$11.54
Sure Grow 100 100 Tablets,Sure Grow,071860314491,Healthcare,,,,1.00,$22.04
Pet Honesty 10 in 1 Multivitam,Pet Honesty,850038728847,Healthcare,,,,0.00,$35.69
Pet Honesty Probiotics 90 Pet Chew,Honesty,850005524410,Healthcare,,,,2.00,$38.84
Espree Wavy Curly Detangler Sp,Espree,748406003514,Healthcare,,,,2.00,$11.54
Naturvet Digestive Enzymes 70,Natur Vet,797801036993,Healthcare,,,,2.00,$23.09
Naturvet Vitapet Adult Vitamin,Natur Vet,797801036870,Healthcare,,,,1.00,$15.74
Perch with Mirror and Beads & Seed Cup,Prevue Supplies,030172902741,Bird,,,,-2.00,$4.36
Naturvet Urinary Care Cranberr,Natur Vet,797801036962,Healthcare,,,,1.00,$20.99
NaturVet Tear Stain 70 Chews,Natur Vet,797801036931,Healthcare,,,,4.00,$24.14
Cuttlebones 2 pk Supplies,,030172902833,Bird,,,,3.00,$6.54
Amber Naturalz HWF 4oz Amber Naturalz,,684534011833,Healthcare,,,,3.00,$47.24
Amber Naturalz Vibactra Amber + Plus,Naturalz,684534020026,Healthcare,,,,6.00,$33.59
Amber Nasturalz Paxaid Amber 1oz,Naturalz,684534010010,Healthcare,,,,5.00,$46.19
Amber Naturalz Adizone Amber 1oz,Naturalz,684534010119,Healthcare,,,,1.00,$27.29
Sunburst Veggie Garden Sunburst Animal,,030172902864,Small,,,,3.00,$5.45
Amber Naturalz Derma Nerv,Amber Naturalz,684534010805,Healthcare,,,,3.00,$27.29
Amber Naturalz Kidney Rejuvena,Amber Naturalz,684534010379,Healthcare,,,,3.00,$32.54
Naturvet Glucosamine DS Natur Vet Plus 7,,797801037266,Healthcare,,,,4.00,$24.14
Utra Oil Skin & Coat 8oz Ultra Oil,,852369000081,Healthcare,,,,2.00,$23.09
Ultra Oil Skin & Coat 16oz Ultra Oil,,852369000166,Healthcare,,,,3.00,$30.44
Maximum Bully Ultimate bully 6,Maximum Bully,030626110012,Healthcare,,,,2.00,$34.64
Vetericyn Triple Action Ear Tr,Vetericyn,818582013536,Healthcare,,,,-2.00,$34.64
Vetericyn Hot Spot Spray 8oz,Vetericyn,852009002062,Healthcare,,,,0.00,$34.64
Vetericyn Hydro Gel 3oz,Vetericyn,818582011938,Healthcare,,,,1.00,$34.64
Vetericyn Hydro Gel 8oz,Vetericyn,852009002109,Healthcare,,,,1.00,$39.89
Tropiclean Ear Wipes Mild Tropiclean Coco,,645095010116,Healthcare,,,,-1.00,$10.49
Four Paws Ear Mite Dog Four Paws .75oz,,045663017309,Healthcare,,,,1.00,$13.64
Sulfodene Ear Cleaner Antisept,Sulfodene,039079038546,Healthcare,,,,2.00,$10.49
Tropiclean Home Vet Enzymatic,Tropiclean,645095008816,Healthcare,,,,0.00,$9.44
Tropiclean Home Vet Ear Tropiclean Vet St,,645095008830,Healthcare,,,,0.00,$19.94
Espree Tea Tree & Aloe Espree Shampoo,,748406003873,Healthcare,,,,1.00,$18.89
Zilla Corner Litter Scoop,Zilla,096316700178,Reptiles,,,,1.00,$9.44
Zoo Med Deluxe Shovel Scooper,Zoo Med,097612623017,Reptiles,,,,0.00,$10.49
Zoo Med Stainless Steel Feedin,Zoo Med,097612622102,Reptiles,,,,3.00,$13.64
Zoo Med Lizard Flower Food To,Zoo Med,097612401448,Reptiles,,,,-2.00,$7.63
Zoo Med Creatures Food Pellet,Zoo Med,097612008616,Reptiles,,,,1.00,$2.17
Hikari USA Herptile DragonGel(R),Hikari,042055206167,Reptiles,,,,-1.00,$10.49
Hikari USA Herptile CrestGel(R),Hikari,042055206112,Reptiles,,,,-1.00,$10.49
Hikari USA Herptile LeopaGel(R),Hikari,042055206068,Reptiles,,,,1.00,$11.54
Perch Covers 6 pk Supplies,Penn-Plax,030172902949,Bird,,,,3.00,$5.45
Zoo Med LED SKull Waterfall Sm,Zoo Med,097612910261,Reptiles,,,,1.00,$83.99
Exo Tedrra Waterfall Small,Exo Terra,015561229104,Reptiles,,,,-1.00,$48.29
Exo Terra Mini Mister 16oz,Exo Terra,015561224895,Reptiles,,,,4.00,$5.45
Arm & Hammer Cat Litter Deod,Arm & Hammer,033200973027,Accessories,,,,2.00,$7.63
Zoo Med Waterfall kit,Zoo Med,097612910506,Reptiles,,,,2.00,$38.84
Kong Squeak Stix Medium,Kong,035585008479,Toys,,,,2.00,$16.79
Kong Treat Disperser Small,Kong,035585034348,Dog Treats,,,,1.00,$15.74
"Reptile UVB300 24w 22""",Exo Terra,015561224314,Reptiles,,,,2.00,$27.29
Kong Aqua Large,Kong,035585111155,Toys,,,,1.00,$17.84
Reptile Lamp Stand,Zoo Med,097612322019,Reptiles,,,,1.00,$52.49
Zoo Med Gourmet Iguana Zoo Med Food 1,,097612401066,Reptiles,,,,1.00,$20.99
Rep-Cal Research Labs Rep-cal Mainten,,788286008148,Reptiles,,,,-1.00,$7.63
Fluker's Buffet Blend Adult Be,Flukers,091197760440,Reptiles,,,,-1.00,$15.74
Zoo Med Gourmet Bearded Dragon,Zoo Med,097612401035,Reptiles,,,,2.00,$17.84
Fluker's Gourmet-Style Canned,Flukers,091197780059,Reptiles,,,,2.00,$9.44
Kong Medium Aqueon Vetericyn Plus Antimicrobial,Kong $23.09,035585111254,Toys,,,,1.00,$12.59
Snake Oil & Reptile RubNature Zone,,783178591128,Reptiles,,,,3.00,$16.79
Nature Zone Worm Guard Nature Control,Zone,783178593214,Reptiles,,,,2.00,$11.54
Nature Zone Bearded Dragon Cal,Nature Zone,783178547248,Reptiles,,,,1.00,$11.54
Light Bracket Large,Exo Terra,015561222235,Reptiles,,,,1.00,$19.94
"Reptile UVB 300 54w 46"" Exo Terra",,015561224338,Reptiles,,,,0.00,$31.49
T5 39w Terrarium Top 35: Exo Terra,,015561242578,Reptiles,,,,2.00,$86.09
"T5 8w Terrarium Top 14"" Exo Terra",,015561242554,Reptiles,,,,1.00,$62.99
Reptile Dome Extra Deep Exo Terra Max 16,,015561223492,Reptiles,,,,1.00,$35.69
Kong Flyer Small,Kong,035585129174,Toys,,,,2.00,$14.69
Heat Mat 4w 1.5 gallon,Exo Terra,015561220316,Reptiles,,,,2.00,$26.24
Jungle Plant Ficus Small,Exo Terra,015561230308,Reptiles,,,,2.00,$8.73
Kong Wubba Octopus Small,Kong,035585256153,Toys,,,,0.00,$11.54
Zoo Med Repti Calcium without,Zoo Med,097612133035,Reptiles,,,,2.00,$8.73
Kong Shakers Luvs Elephant Lar,Kong,035585360560,Toys,,,,1.00,$15.74
Jungle Plant Mandarin Medium,Exo Terra,015561230124,Reptiles,,,,2.00,$9.44
Jungle Plant Amapallo Small,Exo Terra,015561230018,Reptiles,,,,2.00,$6.54
Jungle Plant Mandarin Small,Exo Terra,015561230025,Reptiles,,,,1.00,$6.54
Komodo Dried Oak Leaves,Komodo,784369934311,Reptiles,,,,0.00,$9.44
Forest Branch Large,Exo Terra,015561230773,Reptiles,,,,4.00,$30.44
Suzie's CBD Beef Bone Broth 7.,Suzie's,728028492453,Healthcare,,,,2.00,$27.29
Suzie's CBD Hearts,Suzie's,728028454994,Healthcare,,,,0.00,$6.54
Bannix 2oz,Bannixx,897227002029,Healthcare,,,,2.00,$10.49
Single Advantage Ferret,Elanco,724089114112,Healthcare,,,,2.00,$17.85
Single Advantix Small 4- Elanco 10 lb,,724089203649,Healthcare,,,,2.00,$18.90
Single Advantix Medium Elanco 11-20 lb,,724089203809,Healthcare,,,,3.00,$18.90
Single Advantix Large 21- Elanco 55 lb,,724089204028,Healthcare,,,,5.00,$18.90
Single Advantix XL over Elanco 55lb,,724089204295,Healthcare,,,,12.00,$18.90
Single Advantage XL over Elanco 55 lb,,724089203212,Healthcare,,,,22.00,$14.70
Single Advantage Large Elanco 21-55 lb,,724089202918,Healthcare,,,,16.00,$15.75
Single Advantage Medium Elanco 11-20 lb,,724089202758,Healthcare,,,,10.00,$17.85
Single Advantage Small 3 Elanco -10 lb,,724089202598,Healthcare,,,,12.00,$15.75
Single Advantage Large Elanco Cat,,724089202321,Healthcare,,,,3.00,$14.70
Single Advantage Small Elanco Cat,,724089202161,Healthcare,,,,14.00,$15.75
Single Advantage Kitten Elanco,,724089114167,Healthcare,,,,6.00,$17.85
Seresto Large Dog,Elanco,724089579607,Healthcare,,,,3.00,$83.99
Kong Floppy Bunny Large Kong,,035585402062,Toys,,,,0.00,$18.89
Single Capstar Cat 2-25lb Pet Iq,,073091033394,Healthcare,,,,24.00,$10.49
Single Capstar Dog 2- 25lb,Pet Iq,073091033370,Healthcare,,,,17.00,$10.49
Single Capstar Dog over 25lb,Pet Iq,073091033387,Healthcare,,,,24.00,$10.49
Single Frontline Plus 89 to 132,Frontline,350604287308,Healthcare,,,,10.00,$18.90
Single Frontline Plus 5 to 22,Frontline,350604287001,Healthcare,,,,3.00,$21.00
Single Frontline Plus 45 to 88,Frontline,350604287209,Healthcare,,,,3.00,$21.00
Single Frontline Plus 23 to 44,Frontline,350604287100,Healthcare,,,,16.00,$21.00
Single Frontline Plus Cat,Frontline,350604287407,Healthcare,,,,6.00,$22.05
Triple Wormer Small Dogs and P,Durvet,745801176126,Healthcare,,,,2.00,$47.24
Triple Wormer Small Dogs and P,Durvet,745801176034,Healthcare,,,,3.00,$13.64
Triple Wormer Medium and Large,Durvet,745801177123,Healthcare,,,,1.00,$72.44
Triple Wormer Medium and Large,Durvet,745801177031,Healthcare,,,,3.00,$24.14
Liquid Wormer 2x 8oz,Durvet,745801011717,Healthcare,,,,2.00,$33.59
Liquid Wormer 2x 2oz,Durvet,745801011700,Healthcare,,,,4.00,$15.74
Dogswell Pet Wormer,Dogs Well,012104436081,Healthcare,,,,-1.00,$13.64
Crazy Cat Wormer,Crazy Cat,012104975085,Healthcare,,,,0.00,$10.49
Worm Eze Liquid Feline,Durvet,745801105447,Healthcare,,,,3.00,$10.49
Worm Eze Liquid,Durvet,745801105454,Healthcare,,,,3.00,$12.59
Zoo Med Naturalistic Terrarium,Zoo Med,097612325188,Reptiles,,,,1.00,$9.44
Zoo Med Naturalistic Terrarium,Zoo Med,097612325126,Reptiles,,,,1.00,$5.45
Galapagos Natural Spanish Moss,Galapagos,759834051602,Reptiles,,,,2.00,$9.44
Reptology(R)Lizard- Lounger(R)Coc,Pennplax,030172096617,Reptiles,,,,2.00,$27.29
Corner Lizard Lounger Climbing,Pennplax,030172086816,Reptiles,,,,1.00,$31.49
Fluker's Premium Tropical Flukers Cyp,,091197360114,Reptiles,,,,-1.00,$11.54
Zilla Reptile Comfort Bedding,Zilla,096316003767,Reptiles,,,,0.00,$12.59
Zoo Med Repti Chips Substrate,Zoo Med,097612753240,Reptiles,,,,-1.00,$24.14
Zoo Med Aspen Snake Bedding 24,Zoo Med,097612751246,Reptiles,,,,4.00,$31.49
Pill Pockets S Cap Hickory,Greenies,642863101274,Dog Treats,,,,1.00,$15.74
Pill Pockets Tab Hickory Greenies,,642863101250,Dog Treats,,,,2.00,$11.54
Barkworthies Smoked Bully Stic,Barkworthie s,840139130007,Treats,,,,1.00,$15.74
Pet House Fresh Citrus Freshen,Pet House,736902409442,Accessories,,,,2.00,$10.49
Pet House Lavender Green Tea F,Pet House,736902409626,Accessories,,,,4.00,$10.49
Pet House Hot Cocoa Mini Candl,Pet House,794604435862,Accessories,,,,12.00,$4.36
Pet House Lavender Green Tea C,Pet House,731236221494,Accessories,,,,1.00,$3.27
PetOdor Lavender with Chamomil Products,Specialty Pet,734366020197,Accessories,,,,0.00,$9.44
PetOdor Flower Power Spray 7oz Products,Specialty Pet,734366054178,Accessories,,,,0.00,$9.44
PetOdor Ocean Breeze Spray 7oz Products,Specialty Pet,734366054925,Accessories,,,,0.00,$9.44
PetOdor Candle Clothesline Fre Products,Specialty Pet,734366037096,Accessories,,,,6.00,$11.54
PetOdor Candle Evergreen & Ber Products,Specialty Pet,734366011126,Accessories,,,,1.00,$11.54
PetOdor Candle Woofstock Products,Specialty Pet,734366062890,Accessories,,,,1.00,$11.54
PetOdor Candle Hippe Love Products,Specialty Pet,734366027943,Accessories,,,,0.00,$11.54
PetOdor Candle Peppermint Bark Products,Specialty Pet,734366063071,Accessories,,,,4.00,$11.54
Wholesomes Cleo's Fish Wholesome Grain F,s,034846727012,Treats,,,,0.00,$14.69
Chewbular Play Tube Animal,Kaytee,045125604764,Small,,,,1.00,$12.59
Travel Small Animal Carrier,A&E Animal,644472007886,Small,,,,6.00,$15.74
Queit Roller Animal,Prevue,048081900185,Small,,,,1.00,$41.99
"E Z Roller 11"" Animal",Prevue,048081900147,Small,,,,1.00,$31.49
Kong Comfort HedgeHug Kong Md,,035585421278,Toys,,,,0.00,$13.64
Kong Premium Catnip 1oz Kong Kong Rope Rally Tug Medium/Lar Kong Sign Stick Extra Large Kong Wild Training Dummy Swirl Kong Sport Soft Ball Small Kong Squeakair Ball Medium Kong Sign Sport Ball 2pk Large Kong Bunji High Viz Bumper Med Kong Jumbler Football Large/Ex Kong Twitz Highviz Ball Large Kong Twitz Ball Medium,$15.74 $18.89 $23.09 $3.27 $3.27 $8.73 $14.69 $24.14 $11.54 $9.44,035585450155,Cat Treats,,,,1.00,$7.63
Kong Sport,SportMix,035585459509,Toys,,,,1.00,$6.54
Kong Flingaroo Corny,Kong,035585459516,Toys,,,,0.00,$7.63
Zoo Med Hermit Crab Mineral Bl,Zoo Med,097612009620,Reptiles,,,,2.00,$3.27
Zilla Durable Den Small,Zilla,096316116627,Reptiles,,,,0.00,$5.45
Exo Terra Reptile Cave Small,Exo Terra,015561229302,Reptiles,,,,4.00,$8.73
Zilla Reptile Cave Medium Exo Terra,,015561229319,Reptiles,,,,3.00,$11.54
Exo Terra Reptile Cave Large,Exo Terra,015561229326,Reptiles,,,,4.00,$15.74
Exo Terra Reptile Cave X- Exo Terra Large,,015561229333,Reptiles,,,,3.00,$23.09
Exo Terra Reptile Cave XX-Larg,Exo Terra,015561229340,Reptiles,,,,3.00,$37.79
Kong Teaser Pursuite Butterfly,Kong,035585460055,Toys,,,,0.00,$15.74
Galapagos Flexible Bridge 2ft,Galapagos,759834053088,Reptiles,,,,2.00,$20.99
Galapagos Flexible Bridge 3ft,Galapagos,759834059095,Reptiles,,,,0.00,$25.19
Kong Crunchair Ball Medium 3pk,Kong,035585483009,Toys,,,,0.00,$9.44
Zilla Herp Hotel Medium,Zilla,096316117402,Reptiles,,,,1.00,$26.24
Zoo Med Digital Combo Thermome,Zoo Med,097612300314,Reptiles,,,,5.00,$20.99
Kong Comfort Jumbo Bird Kong Extra,,035585485232,Toys,,,,1.00,$22.04
Exo Terra Thermometer Exo Terra With Pro,,015561224727,Reptiles,,,,1.00,$22.04
Zoo Med Terrarium Timer Zoo Med,,097612327113,Reptiles,,,,1.00,$18.89
Kong Shak Crump Sloth Kong Extra La,,035585485454,Toys,,,,0.00,$22.04
Exo Terra Jungle Vine Small,Exo Terra,015561230858,Reptiles,,,,1.00,$12.59
"Penn Plax Hanging Vine Penn Plax 12"" Gre",,030172094774,Reptiles,,,,2.00,$12.59
Kong Jaxx Brights Tug W Kong Ball M,,035585495378,Toys,,,,1.00,$14.69
Kong Comfort Kid Elephant Extr,Kong,035585498485,Toys,,,,0.00,$13.64
Kong Knots Frog Large/Extra La,Kong,035585498911,Toys,,,,0.00,$22.04
Kong Shak Honk Turkey Kong Large,,035585498997,Toys,,,,0.00,$16.79
Reptile Rock Water Large Zoo Med,,097612920406,Reptiles,,,,2.00,$26.24
Kong Knots Teddy,Fluval,035585499628,Toys,,,,1.00,$13.64
Kong Ringaroos Elephant Kong Medium,,035585499925,Toys,,,,-1.00,$15.74
Kong Wuba Octous Large Kong,,035585502823,Toys,,,,2.00,$18.89
Repyi Rock Corner Bowl Small,Zoo Med,097612925203,Reptiles,,,,2.00,$15.74
"Paludarioum Hood 12""",Zoo Med,097612325607,Reptiles,,,,1.00,$36.74
Terrarium Dish Small,Zilla,096316685215,Reptiles,,,,3.00,$6.54
Turtle Water Conditioner 4oz,API,317163034408,Reptiles,,,,2.00,$10.49
Turtle Banquet Block,Zoo Med,097612110500,Reptiles,,,,1.00,$4.36
Kong Rope Rally Bone Medium Box Turtle Food Nastural Zoo Med,Kong $9.44,035585505572,Toys,,,,0.00,$13.64
Box Turtle Food Nastural Zoo Med 10oz,,097612410211,Reptiles,,,,2.00,$14.69
Kong Snuzzles Hippo XL Kong,,035585506654,Toys,,,,1.00,$19.94
Deluxe Round Turtle Lagoon,Lees,010838201050,Reptiles,,,,0.00,$17.84
Kidney Shaped Turtle Lagoon,Lees,010838201357,Reptiles,,,,-1.00,$13.64
Natures Miracle Shampoo Natures & Cond,Miracle,018065284129,Healthcare,,,,3.00,$12.59
Natures Miracle Shampoo Natures & Cond,Miracle,018065284174,Healthcare,,,,2.00,$12.59
Vet's + Best Hot Spot Shampoo,Vet's Best,031658100101,Healthcare,,,,-1.00,$23.09
Earthbath Coat Brightening Sha Earthbath 3 in 1 Deodorizing S,Earthbath $17.84,602644020316,Healthcare,,,,3.00,$25.19
Earthbath 2 in 1 Conditioning,Earthbath,602644020910,Healthcare,,,,1.00,$25.19
Earthbath 3 in 1 Deoderizing Spritz Mango,Earthbath,602644022044,Healthcare,,,,3.00,$17.84
Earthbath Ultra-Mild Puppy Sha,Earthbath,602644021313,Healthcare,,,,3.00,$25.19
Earthbath Puppy Spritz Wildern,Earthbath,602644022075,Healthcare,,,,2.00,$17.84
Earthbath Hypo-Allergenic Earthbath Sham,,602644020514,Healthcare,,,,3.00,$25.19
Earthbath Oatmeal & Aloe Earthbath Condi,,602644020811,Healthcare,,,,3.00,$25.19
Earthbath Shed Control Conditi,Earthbath,602644021924,Healthcare,,,,3.00,$25.19
Earthbath 3 in 1 Spritz Vanill,Earthbath,602644022037,Healthcare,,,,3.00,$17.84
Earthbath 3 in 1 Deoderizing S,Earthbath,602644022068,Healthcare,,,,3.00,$17.84
Earthbath Hot Spot Relief Earthbath Spra,,602644022013,Healthcare,,,,1.00,$17.84
Furminator Deshedding Spray Furminator Rinse Free Desheddi,Furminator $14.69,811794933586,Healthcare,,,,1.00,$14.69
Kong Zoom Groom Humidity Plus Silicone Terrari,Kong $13.64,035585511115,Healthcare,,,,1.00,$14.69
Little Bites Peanut Butter,Nutrisource,073893800149,Dog Treats None Purple,6,oz,,4.00,$7.63
Little Bites Trout,Nutrisource,073893800163,Dog Treats None Red,6,oz,,3.00,$7.63
Little Bites Salmom,Nutrisource,073893800071,Dog Treats None Blue,6,oz,,2.00,$7.63
Little Bites Beef,Nutrisource,073893800170,Dog Treats None Purple,6,oz,,4.00,$7.63
Little Bites Turkey,Nutrisource,073893800156,Dog Treats None Burgundy,6,oz,,4.00,$7.63
Crispy Crispers Chicken,Nutrisource,073893301110,Dog Treats None Purple,4,oz,,3.00,$7.63
Big Bites Beef,Nutrisource,073893800187,Dog Treats None Purple,14,oz,,2.00,$13.64
Grillin' Grillers Chicken,Nutrisource,073893801009,Dog Treats,Purple,,12oz,2.00,$8.73
Grillin' Grillers Beef,Nutrisource,073893801023,Dog Treats,Purple,,12oz,3.00,$8.73
Fromm Tenderollies ChickaRolli,Fromm,072705126200,Treats,,Burgundy,8oz,1.00,$10.49
Fromm Oven-Baked Salmon with S,Fromm,072705121304,Treats,,Teal,8oz,-1.00,$7.63
Fromm Chicken with Peas Fromm,,072705121106,Dog Treats,Teal,,8oz,2.00,$7.63
Fromm Parmesan Cheese,Fromm,072705121007,Dog Treats,Teal,,8oz,3.00,$7.63
Dogswell Gut Health Jerky Lamb 10oz,Dogswell,693804132307,Toys,,,,1.00,$22.04
Cadet Sweet Potato Steak Fries,Cadet,768303013867,Dog Treats,,,,1.00,$15.74
Nylabone Healthy Edibles Nylabone Meaty,,018214853831,Toys,,,,0.00,$8.73
Zoo Med Feeder Pleco,Zoo Med,097612380156,Aquatics,,,,0.00,$3.27
Zoo Med Leopard Gecko Zoo Med Food Sam,,097612402032,Reptiles,,,,1.00,$24.14
Zoo Med Aquatic Frog & Zoo Med Tadpole,,097612400168,Reptiles,,,,3.00,$5.45
ReptiFauna Hope Peperomia - Tr,ReptiFauna,738933103015,Reptiles,,,,0.00,$7.63
ReptiFauna Pink Fittonia - ReptiFauna Tro ReptiFauna Assorted Cryptanthu,$5.45,073893002314,Reptiles,,,,0.00,$7.63
Fluval Water Trumpet Plant,Fluval,015561148528,Aquatics,,,,2.00,$8.73
Fluval Red Lizard Tail Plant,Fluval,015561148535,Aquatics,,,,1.00,$8.73
Kong ZoomGroom Lrg,Kong,035585511139,Accessories,,,,1.00,$14.69
Fluval Chamber Pad,Fluval,015561113373,Aquatics,,,,2.00,$4.36
Fluval Betta Moss Ball,Fluval,015561148542,Aquatics,,,,1.00,$8.73
Zoo Med Betta Clean Filter,Zoo Med,097612240092,Aquatics,,,,1.00,$20.99
Zoo Med Betta Bamboo Plant,Zoo Med,097612241228,Aquatics,,,,2.00,$5.45
Zoo Med Betta Maple Plant,Zoo Med,097612241242,Aquatics,,,,1.00,$5.45
Kong Nibbies Chicken,Fromm,035585516004,Cat Treats,,Teal,12.5oz,0.00,$5.45
Kong Comfrt Pups Frtiz Medium,Kong,035585523316,Toys,,,,1.00,$16.79
Kong Play Spaces Zen Den,Kong,035585524030,Toys,,,,2.00,$32.54
Aqueon Essentials Kit 29 Gallo,Aqueon,015905002851,Aquatics,,,,0.00,$62.99
Zoo Med Betta Log Ceramic,Zoo Med,097612240504,Aquatics,,,,1.00,$7.63
Kong SoftSeas Octopus Sm,Kong,035585360973,Toys,,,,1.00,$13.64
Marina Betta Heater,Marineland,015561111829,Aquatics,,,,1.00,$16.79
Penn Plax Small World Filter,Penn-Plax,030172390067,Aquatics,,,,2.00,$11.54
Fluval Shrimp Kit,Fluval,015561105132,Aquatics,,,,1.00,$125.99
Tetra Led Half Moon,Tetra,046798290490,Aquatics,,,,1.00,$31.49
Kong Wubba Ballistic Hi- Vis Large,Kong,035585505398,Toys,,,,1.00,$15.74
Kong Zoom Groom,Kong,035585529011,Healthcare,,,,0.00,$16.79
Kong Scampers,Marineland,035585499918,Toys,,,,1.00,$15.74
Marina Gravel Lime,Marineland,015561123846,Aquatics,,,,1.00,$4.36
Fluval Betta Care Pack,Fluval,015561183307,Aquatics,,,,2.00,$11.54
Aqueon Betta Bowl Plus,Aqueon,015905060202,Aquatics,,,,3.00,$5.45
Kong Comfort Pups Peanut Sm,Kong,035585523361,Toys,,,,1.00,$14.69
Seachem Betta Food,Seachem,000116000406,Aquatics,,,,2.00,$6.54
Fluval Bug Bite Betta,Fluval,015561173667,Aquatics,,,,3.00,$4.36
Tetra Bettamin .98oz,Tetra,046798780076,Aquatics,,,,0.00,$4.36
Tetra Bettamin 1 oz,Tetra,046798770190,Aquatics,,,,6.00,$4.36
Kong Pawp Corn Play Spaces,Kong,035585534008,Accessories,,,,1.00,$22.04
Aqueon Betta Light,Aqueon,015905001878,Aquatics,,,,1.00,$22.04
Penn Plax Light,Penn-Plax,030172057359,Aquatics,,,,0.00,$26.24
Tetra Bettamin .15oz,Tetra,046798770237,Aquatics,,,,2.00,$4.36
Aqueon Betta Beads Pack Aqueon Pink,,015905001793,Aquatics,,,,1.00,$9.44
Aqueon Betta Beads Blue Aqueon,,015905001786,Aquatics,,,,1.00,$9.44
Kong Scrattles Panda 2pk Kong,,035585534015,Toys,,,,0.00,$7.63
Aquarium Solution Herbal Hikari Betta,,042055711029,Aquatics,,,,1.00,$4.36
Api Betta Conditioner,API,317163020920,Aquatics,,,,3.00,$6.54
Api Bettafix,API,317163020937,Aquatics,,,,2.00,$6.54
Marina Accent Gravel Black,Marineland,015561123747,Aquatics,,,,0.00,$3.27
Tetra Accent Gravel,Tetra,046798290186,Aquatics,,,,2.00,$8.73
Marina Marble,Marineland,015561127097,Aquatics,,,,0.00,$4.36
Penn Plax Dazzle Stone Multi,Penn-Plax,030172010392,Aquatics,,,,2.00,$5.45
Penn Plax Dazzle Stone Blue,Penn-Plax,030172010354,Aquatics,,,,1.00,$4.36
Penn Plax Betta Leaf,Penn-Plax,030172105432,Aquatics,,,,0.00,$7.63
Kong Squeak Air Tennis Medium,Kong,035585775210,Toys,,,,3.00,$3.27
Zoo Med Betta Lounge,Zoo Med,097612089554,Reptiles,,,,0.00,$8.73
Penn Plax Betta Cave,Penn-Plax,030172105685,Aquatics,,,,0.00,$10.49
Marina Fire Grass Plant,Marineland,015561120944,Aquatics,,,,0.00,$5.45
Marina Pack Orchid Plant Marineland,,015561120814,Aquatics,,,,0.00,$5.45
Tetra Orange /Pink Plant,Tetra,046798786771,Aquatics,,,,2.00,$7.63
Kong Airdog Football Medium,Kong,035585775234,Toys,,,,1.00,$13.64
Tetra Glo Large orange / Tetra Yello,,046798780458,Aquatics,,,,1.00,$12.59
Tetra Glo Large Green / Tetra orange,,046798780410,Aquatics,,,,2.00,$9.44
Tetra Glo Large Purple/White P,Tetra,046798780939,Aquatics,,,,1.00,$11.54
Tetra Glo Medium Purple/White,Tetra,046798780922,Aquatics,,,,0.00,$7.63
Tetra Glo Medium orange Tetra /Yello,,046798780441,Aquatics,,,,1.00,$7.63
Tetra Glo Small Purple/Pink Pl,Tetra,046798780878,Aquatics,,,,2.00,$5.45
Tetra Glo Small orange /Yellow,Tetra,046798780434,Aquatics,,,,3.00,$5.45
Tetra Glo Small Purple/Green P,Tetra,046798780472,Aquatics,,,,1.00,$5.45
Tetra Small Green/Yellow Tetra Plant,,046798780274,Aquatics,,,,0.00,$5.45
Tetra Glo Anemone Pink Tetra,,046798784456,Aquatics,,,,0.00,$13.64
Tetra Glo Clam,Tetra,046798196297,Aquatics,,,,0.00,$13.64
Tetra Glo Castle,Tetra,046798780168,Aquatics,,,,1.00,$17.84
Kong Wub Friend Ballistic Kong Larg,,035585799988,Toys,,,,0.00,$13.64
Tetra Glo Skull,Tetra,046798196235,Aquatics,,,,1.00,$11.54
Tetra Glo Barrels,Tetra,046798290681,Aquatics,,,,0.00,$13.64
Tetra Glo Twisted Tree,Tetra,046798773009,Aquatics,,,,1.00,$10.49
Tetra Glo Colcano,Tetra,046798773016,Aquatics,,,,1.00,$11.54
Tetra Glo Lagoon Sand,Tetra,046798784852,Aquatics,,,,1.00,$10.49
Tetra Glo Gravel Pink/Green/Bl,Tetra,046798290858,Aquatics,,,,4.00,$8.73
Tetra Glo Gravel Black,Tetra,046798290841,Aquatics,,,,11.00,$8.73
Tetra Glo Gravel White,Tetra,046798290254,Aquatics,,,,2.00,$9.44
Tetra Red Algae,Tetra,046798782766,Aquatics,,,,4.00,$5.45
Tetra Yellow Fern,Tetra,046798782780,Aquatics,,,,2.00,$8.73
Tetra Glo Green Fern,Tetra,046798782803,Aquatics,,,,2.00,$8.73
Tetra Glo Java Moss,Tetra,046798782797,Aquatics,,,,1.00,$8.73
Tetra Glo Sea Grass,Tetra,046798782773,Aquatics,,,,2.00,$8.73
Tetra Glo Mangrove Tree Tetra,,046798782742,Aquatics,,,,1.00,$15.74
Tetra Glo Multi 1 Medium Tetra &2L,,046798292876,Aquatics,,,,2.00,$10.49
Tetra Glo Grey & White Plant S,Tetra,046798786740,Aquatics,,,,5.00,$7.63
Api Master Test Kit,API,317163010341,Aquatics,,,,1.00,$61.94
Kong Wubba Friends Sm Kong,,035585800219,Toys,,,,2.00,$13.64
Instant Ocean Hydrometer,Instant Ocean,051378025034,Accessories,,,,1.00,$19.94
Aqueon Sealant Clear 10.3oz,Aqueon,015905650106,Aquatics,,,,1.00,$31.49
Aqueon Sealant Clear 3oz Aqueon,,015905650038,Aquatics,,,,2.00,$15.74
Aqueon Sealant 3oz black Aqueon,,015905650045,Aquatics,,,,1.00,$15.74
Aquavitro Shears,Seachem,000116768108,Aquatics,,,,1.00,$19.94
Fluval Forceps,Fluval,015561144834,Aquatics,,,,4.00,$11.54
Zoo Med Tortoise Block,Zoo Med,097612110555,Reptiles,,,,1.00,$8.73
Zoo Med Feeder Bottom 7 Day,Zoo Med,097612380088,Reptiles,,,,0.00,$3.27
Pro Plan Chicken & Rice Small,Pro Plan,038100132673,Dog Food,Bag,,16lb,0.00,$51.44
Penn Plax Feeder 7 Day,Penn-Plax,030172062810,Aquatics,,,,0.00,$4.36
Pro Plan Chicken & Rice Toy Br,Pro Plan,038100135438,Dog Food,Bag,lb,,0.00,$28.34
Seachem Alert Combo,Seachem,000116000130,Aquatics,,,,0.00,$23.09
Seachem pH Alert,Seachem,000116002004,Aquatics,,,,1.00,$11.54
Seachem Ammonia Alert Seachem,,000116001007,Aquatics,,,,1.00,$11.54
Tetra Ich Guard,Tetra,046798773474,Aquatics,,,,1.00,$7.63
Acurel,Acurel,842982000056,Accessories,,,,0.00,$7.63
Fritz Expel-f 10 Pack Aquatics,Fritz,080531900130,Accessories,,,,1.00,$15.74
Fritz Maracyn 10 Pack Aquatics,Fritz,080531460016,Accessories,,,,1.00,$19.94
Tetra 6in1 Test Strip 25 Count,Tetra,046798195429,Aquatics,,,,0.00,$19.94
Tetra Ammonia Strip 25 Count,Tetra,046798195405,Aquatics,,,,2.00,$20.99
Seachem Metro Plex,Seachem,000116080101,Aquatics,,,,2.00,$11.54
Seachem Focus,Seachem,000116064101,Aquatics,,,,3.00,$10.49
Seachem Sulfaplex,Seachem,077234541289,Aquatics,,,,0.00,$10.49
Seachem Kanaplex,Seachem,000116088107,Aquatics,,,,2.00,$11.54
Seachem Poly Guard,Seachem,000116076203,Aquatics,,,,3.00,$11.54
Seachem Neo Plex,Seachem,000116068208,Aquatics,,,,3.00,$11.54
Api Algaefix 1.25oz,API,317163020876,Aquatics,,,,2.00,$7.63
Flys Off Fly Repelling Ointment,Farnam,039079002592,Healthcare,,,,3.00,$15.74
Api General Cure,API,317163160152,Aquatics,,,,2.00,$23.09
Api pH Down,API,017163125303,Aquatics,,,,3.00,$6.54
Api pH Up 1.25oz,API,017163125310,Aquatics,,,,1.00,$6.54
Api Super Ick Cure 1.7oz API,,017163125129,Aquatics,,,,2.00,$7.63
Api Accu Clear 1.25oz,API,317163011119,Aquatics,,,,4.00,$6.54
Api Start Up Pack,API,317163050842,Aquatics,,,,3.00,$8.73
Api Root Tabs,API,317163035771,Aquatics,,,,2.00,$14.69
Api Phosphate Test Kit,API,317163120637,Aquatics,,,,1.00,$22.04
Api Copper Test Kit,API,317163120651,Aquatics,,,,0.00,$17.84
Api Nitrate Test Kit,API,317163000182,Aquatics,,,,2.00,$19.94
Api pH Test Kit,API,317163001288,Aquatics,,,,1.00,$11.54
Api Calcium Test Kit,API,317163120699,Aquatics,,,,1.00,$19.94
Adams Carpet Spray,Central,039079058834,Healthcare,,,,2.00,$22.04
Api Aqua Essential 16oz,API,317163054239,Aquatics,,,,0.00,$23.09
Api Aqua Essential 8oz,API,317163044230,Aquatics,,,,0.00,$15.74
Api Aqua Essential 4oz,API,317163034231,Aquatics,,,,3.00,$9.44
Api Tap Water Conditioner 16oz,API,017163003526,Aquatics,,,,4.00,$17.84
Api Tap Water Conditioner 8oz,API,317163010525,Aquatics,,,,4.00,$10.49
Api Tap Water Conditioner 4oz,API,017163002529,Aquatics,,,,3.00,$7.63
Api Tap Water Conditioner 1oz,API,017163005520,Aquatics,,,,7.00,$3.27
Api Quick Start 8oz,API,317163040898,Aquatics,,,,1.00,$19.94
Api Quick Start 4oz,API,317163030899,Aquatics,,,,1.00,$14.69
Api Quick Start 1oz,API,317163010891,Aquatics,,,,7.00,$4.36
Api Stress Coat 16oz,API,317163050859,Aquatics,,,,4.00,$22.04
Api Stress Coat 8oz,API,317163080856,Aquatics,,,,4.00,$12.59
Api Stress Coat 4oz,API,317163030851,Aquatics,,,,3.00,$8.73
Api Stress Coat 1oz,API,317163010853,Aquatics,,,,11.00,$4.36
Api Accu Clear 8oz,API,317163031117,Aquatics,,,,3.00,$12.59
Api Accu Clear 4oz,API,317163041116,Aquatics,,,,1.00,$9.44
Api Ammo Lock 16oz,API,317163050453,Aquatics,,,,1.00,$22.04
Api Ammo Lock 8oz,API,317163040454,Aquatics,,,,0.00,$15.74
Fritz Glass Cleaner Aquatics,Fritz,080531540084,Accessories,,,,0.00,$10.49
Api Algaefix 16oz,API,317163050873,Aquatics,,,,1.00,$30.44
Api Algaefix 8oz,API,317163040874,Aquatics,,,,2.00,$20.99
Api Algaefix 4oz,API,317163030875,Aquatics,,,,3.00,$11.54
Api Stress Zyme 8oz,API,317163080566,Aquatics,,,,2.00,$14.69
Api Stress Zyme 4oz,API,317163040560,Aquatics,,,,1.00,$10.49
Api Pimafix 4oz,API,317163070109,Aquatics,,,,2.00,$11.54
Api Melafix 8oz,API,317163080115,Aquatics,,,,1.00,$15.74
Api Melafix 4oz,API,317163070116,Aquatics,,,,1.00,$12.59
Fritz Coppersafe 4oz Aquatics,Fritz,080531420201,Aquatics,,,,2.00,$13.64
Fritz Maracyn Oxy 16oz Aquatics,Fritz,080531440605,Aquatics,,,,2.00,$26.24
Fritz Maracyn Oxy 4oz Aquatics,Fritz,080531440001,Aquatics,,,,2.00,$12.59
Kordon Ich Attack 4oz,Kordon,048054394447,Aquatics,,,,1.00,$11.54
Weco Nox-ich 4oz,Weco,028023200047,Aquatics,,,,2.00,$8.71
Aquarium Solutions Prazipro 16,Hikari,042055732567,Aquatics,,,,1.00,$52.49
Aquarium Solutions Prazipro 4o,Hikari,042055732543,Aquatics,,,,1.00,$18.89
Seachem Flourish 8.5oz,Seachem,000116051606,Aquatics,,,,3.00,$11.54
Seachem Flourish Excel 8.5oz,Seachem,000116045605,Aquatics,,,,3.00,$11.54
Seachem Flourish Iron 8.5oz,Seachem,000116047609,Aquatics,,,,2.00,$11.54
Seachem Axolotl Buffer,Seachem,000116081467,Aquatics,,,,2.00,$10.49
Seachem Axolotl Conditioner 8.,Seachem,000116081368,Aquatics,,,,3.00,$12.59
Seachem Garlic Guard 8.5oz,Seachem,000116017602,Aquatics,,,,1.00,$10.49
Seachem Prime 1.7oz,Seachem,000116043403,Aquatics,,,,3.00,$5.45
Seachem Prime 3.4oz,Seachem,000116043502,Aquatics,,,,3.00,$7.63
Seachem Prime 8.5oz,Seachem,000116043601,Aquatics,,,,3.00,$13.64
Seachem Clarity 3.4oz,Seachem,000116014502,Aquatics,,,,2.00,$7.63
Seachem Clarity 8.5oz,Seachem,000116014601,Aquatics,,,,2.00,$13.64
Seachem Stability 3.4oz,Seachem,000116012508,Aquatics,,,,2.00,$7.63
Seachem Stability 8.5oz,Seachem,000116012607,Aquatics,,,,2.00,$13.64
Aquavitro Seed 11.8oz,Seachem,000116770101,Aquatics,,,,2.00,$17.84
Seachem Stress Guard 8.5oz,Seachem,000116052603,Aquatics,,,,1.00,$13.64
Seachem Pristine 8.5oz,Seachem,000116124102,Aquatics,,,,2.00,$14.69
Seachem Amguarad 8.5oz,Seachem,000116077606,Aquatics,,,,3.00,$13.64
Seachem Paraguard 8.5oz,Seachem,000116060608,Aquatics,,,,2.00,$13.64
Aquavitro Phosfiltrum 5.6oz,Seachem,000116772105,Aquatics,,,,1.00,$38.84
Seachem Brackish Salt 10.6oz,Seachem,000116022606,Aquatics,,,,1.00,$7.63
Seachem Cichlid Lake 8.8oz,Seachem,000116027601,Aquatics,,,,1.00,$11.54
Seachem Discus Buffer 8.8oz,Seachem,000116026604,Aquatics,,,,1.00,$10.49
Seachem Acid Buffer 10.5oz,Seachem,000116024600,Aquatics,,,,0.00,$11.54
Seachem Alkaline Buffer 10.5oz,Seachem,000116023603,Aquatics,,,,2.00,$11.54
Seachem Matrix 500ml,Seachem,000116011303,Aquatics,,,,1.00,$10.49
Seachem De Nitrate 500ml,Seachem,000116013307,Aquatics,,,,2.00,$9.44
Seachem Neutral Regul 7.0 1kg,Seachem,000116030700,Aquatics,,,,1.00,$31.49
Penn Plax 10w Mini Heater,Penn-Plax,030172094835,Aquatics,,,,2.00,$23.09
Penn Plax 25w Mini Heater,Penn-Plax,030172094842,Aquatics,,,,0.00,$22.04
Aqueon 7.5w Heater,Aqueon,015905012300,Aquatics,,,,3.00,$15.74
Aqueon 5w Heater,Aqueon,015905000697,Aquatics,,,,0.00,$13.64
Penn Plax 100w Heater,Penn-Plax,030172034695,Aquatics,,,,0.00,$24.14
Marina 300w Heater,Marineland,015561112369,Aquatics,,,,2.00,$35.69
Marina 200w Heater,Marineland,015561112352,Aquatics,,,,3.00,$31.49
Marina 150w Heater,Marineland,015561112345,Aquatics,,,,2.00,$31.49
Marina 50w Heater,Marineland,015561112321,Aquatics,,,,3.00,$31.49
Fluval T50 Heater,Fluval,015561148801,Aquatics,,,,1.00,$52.49
Fluval T100 Heater,Fluval,015561148818,Aquatics,,,,2.00,$58.79
Fluval T150 Heater,Fluval,015561148825,Aquatics,,,,1.00,$52.49
Fluval T200 Heater,Fluval,015561148832,Aquatics,,,,1.00,$58.79
Fluval T300 Heater,Fluval,015561148849,Aquatics,,,,1.00,$60.89
Fluval Gravel Vac Kit,Fluval,015561103701,Aquatics,,,,1.00,$73.49
Lee's Gravel Vac 25ft,Lee's,010838115708,Aquatics,,,,1.00,$131.24
Lee's Gravel Vac 50ft,Lee's,010838115715,Aquatics,,,,1.00,$161.69
"Fluval Easy Vac 24""",Fluval,015561110631,Aquatics,,,,2.00,$38.84
"Fluval Easy Vac 10""",Fluval,015561110617,Aquatics,,,,2.00,$26.24
"Aqueon Siphon Vac /Bulb Aqueon 10""",,015905062329,Aquatics,,,,3.00,$23.09
"Aqueon Siphon Vac 9""",Aqueon,015905062299,Aquatics,,,,0.00,$13.64
"Aqueon Siphon Vac 5""",Aqueon,015905062268,Aquatics,,,,3.00,$10.49
Aqueon Water Changer 50ft,Aqueon,015905060905,Aquatics,,,,1.00,$104.99
Aqueon Water Changer 25ft,Aqueon,015905060899,Aquatics,,,,1.00,$62.99
Penn Plax Gravel Vac 24 Penn-Plax,,030172001420,Aquatics,,,,1.00,$41.99
Penn Plax Gravel Vac 16 Penn-Plax,,030172001406,Aquatics,,,,1.00,$35.69
Penn Plax Gravel Vac 10 Penn-Plax,,030172005619,Aquatics,,,,2.00,$26.24
Penn Plax Gravel Vac 9,Penn-Plax,030172005596,Aquatics,,,,2.00,$19.94
Penn Plax Gravel Vac 5,Penn-Plax,030172005572,Aquatics,,,,3.00,$17.84
Penn Plax Quick Net 2 in Penn-Plax,,030172230028,Aquatics,,,,4.00,$3.27
Penn Plax Quick Net 3 in Penn-Plax,,030172230035,Aquatics,,,,4.00,$3.27
Penn Plax Quick Net 4 in Penn-Plax,,030172230042,Aquatics,,,,5.00,$4.36
Penn Plax Quick Net 10 in Penn-Plax,,030172230103,Aquatics,,,,2.00,$11.54
Penn Plax Quick Net 8 in Penn-Plax,,030172230080,Aquatics,,,,3.00,$7.63
Penn Plax Quick Net 6 in Penn-Plax,,030172230066,Aquatics,,,,3.00,$5.45
Penn Plax Quick Net 5l in Penn-Plax,,030172230509,Aquatics,,,,3.00,$6.54
Penn Plax Quick Net 5 in Penn-Plax,,030172230059,Aquatics,,,,5.00,$4.36
Lee's Super Pump,Lee's,010838115807,Aquatics,,,,0.00,$19.94
Python Squeeze,Python,094036013196,Accessories,,,,1.00,$20.99
Lee's Faucet Adapter,Lee's,010838115852,Aquatics,,,,1.00,$18.89
Penn Plax Divider 10gallon,Penn-Plax,030172014109,Aquatics,,,,2.00,$19.94
Penn Plax Divider 15-20,Penn-Plax,030172014116,Aquatics,,,,1.00,$22.04
Penn Plax Divider 20 Gallon,Penn-Plax,030172014161,Aquatics,,,,1.00,$23.09
Penn Plax Divider 29-55,Penn-Plax,030172014277,Aquatics,,,,2.00,$27.29
Fluval Bug Bite Tripical 1.58o,Fluval,015561173315,Aquatics,,,,4.00,$9.44
Fluval Bug Bite Tropical Fluval .63oz,,015561173308,Aquatics,,,,5.00,$5.45
Fluval Bug Bite Color Enhan 3.,Fluval,015561173483,Aquatics,,,,2.00,$13.64
Fluval Bug Bite Color Enhan 1.,Fluval,015561173476,Aquatics,,,,4.00,$8.73
Fluval Bug Bite Color Enhan .6,Fluval,015561173469,Aquatics,,,,2.00,$5.45
Fluval Bug Bite Spirulina Fluval 1.58,,015561173551,Aquatics,,,,3.00,$8.73
Fluval Bug Bite Spirulina Fluval .63o,,015561173544,Aquatics,,,,4.00,$5.45
Fluval Bug Bite Algae Crisp 3.,Fluval,015561173612,Aquatics,,,,3.00,$9.44
Fluval Bug Bite Goldfish Fluval .63oz,,015561173384,Aquatics,,,,3.00,$5.45
Fluval Tropical Small 1.6oz,Fluval,015561165778,Aquatics,,,,2.00,$7.63
Fluval Bottom Feed 1.6oz Fluval,,015561165860,Aquatics,,,,3.00,$6.54
Fluval Goldfish Small to Mediu,Fluval,015561165839,Aquatics,,,,2.00,$7.63
Tetra Goldfish Plus 2.2oz Tetra,,046798772460,Aquatics,,,,3.00,$9.44
TetraPro Color 1 oz,Tetra,046798770794,Aquatics,,,,0.00,$13.64
Aqueon Goldfish Granules 3oz,Aqueon,015905060523,Aquatics,,,,4.00,$5.45
Aqueon Tropical Granules Aqueon 6.5oz,,015905061919,Aquatics,,,,4.00,$8.73
Aqueon Tropical Granules Aqueon 3.25o,,015905061902,Aquatics,,,,4.00,$6.54
Aqueon Shrimp Pellets 6.5oz,Aqueon,015905061896,Aquatics,,,,1.00,$7.63
Aqueon Shrimp Pellets 3.25oz,Aqueon,015905061889,Aquatics,,,,4.00,$5.45
Zoo Med Wipeout 16oz,Zoo Med,097612811162,Aquatics,,,,4.00,$12.59
Zoo Med Axalotl 11oz,Zoo Med,097612402278,Reptiles,,,,0.00,$15.74
Adams Flea & Tick Spray Central,,039079058971,Healthcare,,,,4.00,$29.39
Hikari Tubifex Worms .78oz,Hikari,042055331036,Aquatics,,,,2.00,$11.54
Hikari Brine Shrimp .42oz Hikari,,042055335027,Aquatics,,,,2.00,$9.44
Hikari Blood Worm .42oz Hikari,,042055332019,Aquatics,,,,2.00,$10.49
Tetra Crisp Select a Food Tetra 2.4o,,046798770374,Aquatics,,,,2.00,$11.54
Tetra Community 3 in 1 3.25oz,Tetra,046798770886,Aquatics,,,,2.00,$12.59
Tetra Cichlid Stick 5.65oz Tetra,,046798162506,Aquatics,,,,2.00,$14.69
Tetra Cichlid Stick 11.29oz,Tetra,046798163503,Aquatics,,,,2.00,$25.19
Tetra Cichlid Flake 1.58oz Tetra,,046798162452,Aquatics,,,,2.00,$10.49
Tetra Cichlid Flake 2.82oz Tetra,,046798162469,Aquatics,,,,2.00,$14.69
Tetra Cichil Flake 5.65oz Tetra,,046798161479,Aquatics,,,,3.00,$26.24
TetraMin 2.2 oz,Tetra,046798771043,Aquatics,,,,2.00,$11.54
TetraMin 1 oz,Tetra,046798771029,Aquatics,,,,2.00,$6.54
TetraMin 0.42 oz,Tetra,046798771012,Aquatics,,,,8.00,$4.36
TetraMin+ 2.2 oz,Tetra,046798772422,Aquatics,,,,3.00,$12.59
TetraMin+ 1 oz,Tetra,046798772415,Aquatics,,,,1.00,$7.63
TetraColor+ 7.06 oz,Tetra,046798772514,Aquatics,,,,3.00,$28.34
TetraColor+ 2.2 oz,Tetra,046798772507,Aquatics,,,,2.00,$12.59
TetraColor 7.6 oz,Tetra,046798161622,Aquatics,,,,3.00,$26.24
TetraColor 2.2 oz,Tetra,046798771616,Aquatics,,,,3.00,$11.54
Tetracolor 1oz,Tetra,046798771609,Aquatics,,,,4.00,$7.63
Tetra Glofish Flake 1.59oz,Tetra,046798770039,Aquatics,,,,2.00,$8.73
Coastal Styles Collar Sm Fluval Unicorn,And Collars,076484996498,Leashes And Collars,,,,-1.00,$8.99
Tetra Shrimp Wafer 3oz Tetra,,046798770244,Aquatics,,,,2.00,$9.44
Tetra Pleco Wafer 2.12oz Tetra,,046798164470,Aquatics,,,,2.00,$8.73
Tetra Glofish Wafer 1.58oz,Tetra,046798784432,Aquatics,,,,3.00,$9.44
Aqueon Cichlid Pellet Mini Aqueon 4.5,,015905061803,Aquatics,,,,2.00,$6.54
Aqueon Chiclid Pellet Medium 7,Aqueon,015905061834,Aquatics,,,,2.00,$8.73
Coastal Styles Collar XS Fluval Dinosaur,And Collars,076484428418,Leashes And Collars,,,,1.00,$7.69
Fluval Bug Bite Color Enh Fluval 4.4o,,015561165907,Aquatics,,,,3.00,$13.64
Coastal Styles Leash Sm Ocean Nutrition,And Collars,076484065255,Leashes And Collars,,,,2.00,$17.49
Hikari Sinking Mini 3.5 oz,Hikari,042055046206,Aquatics,,,,2.00,$6.54
Hikari Sinking Medium 3.5 Hikari oz,,042055047203,Aquatics,,,,2.00,$6.54
Hikari Gold Mini 2.01oz,Hikari,042055042116,Aquatics,,,,3.00,$5.45
Hikari Staple Medium 2.01oz,Hikari,042055033114,Aquatics,,,,3.00,$3.27
Hikari Staple Mini 2.01oz Hikari,,042055032117,Aquatics,,,,2.00,$4.36
Hikari Shrimp Cuisine .35oz,Hikari,042055194044,Aquatics,,,,1.00,$7.63
Hikari First Bites .35oz,Hikari,042055200950,Aquatics,,,,3.00,$4.36
Hikari Minivore 1.41oz,Hikari,042055218078,Aquatics,,,,2.00,$9.44
Hikari Sinking Wafers 1.76oz,Hikari,042055215107,Aquatics,,,,2.00,$6.54
Hikari Sinking Wafers 3.88oz,Hikari,042055215213,Aquatics,,,,1.00,$9.44
Hikari Fancy Guppy .77oz Hikari,,042055221023,Aquatics,,,,0.00,$5.45
Hikari Crab Cuisine 1.76oz,Hikari,042055273091,Aquatics,,,,2.00,$4.36
Hikari Vibra 1.23oz,Hikari,042055222068,Aquatics,,,,2.00,$6.54
Hikari Vibra 2.57oz,Hikari,042055222150,Aquatics,,,,3.00,$9.44
Hikari Algae Waffer Mini .77oz,Hikari,042055214032,Aquatics,,,,2.00,$5.45
Hikari Algae Waf1.41oz,Hikari,042055213073,Aquatics,,,,4.00,$5.45
Hikari Algae Waffer 2.89oz,Hikari,042055213165,Aquatics,,,,3.00,$8.73
Hikari Algae Waffer 8.8oz Hikari,,042055213288,Aquatics,,,,0.00,$18.89
Hikari Staple Large 8.8oz Hikari,,042055034289,Aquatics,,,,2.00,$8.73
Hikari Staple Medium 8.8oz,Hikari,042055033282,Aquatics,,,,2.00,$8.73
Hikari Staple Mini 8.8oz,Hikari,042055032285,Aquatics,,,,3.00,$8.73
Hikari Gold Large 8.8oz,Hikari,042055044288,Aquatics,,,,2.00,$11.54
Hikari Gold Medium 8.8oz Hikari,,042055043281,Aquatics,,,,3.00,$11.54
Hikari Gold Mini 8.8oz,Hikari,042055042284,Aquatics,,,,2.00,$11.54
Hikari Sinking Gold Medium 12o,Hikari,042055047333,Aquatics,,,,2.00,$13.64
Hikari Sinking Gold Mini Hikari 12oz,,042055046336,Aquatics,,,,2.00,$13.64
Dogo's Ice Cream Vanilla Dog-O's,,850529003903,Accessories,,,,0.00,$4.36
Dogo's Ice Cream Ched Bac,Dog-O's,850529003927,Dog Treats,,,,11.00,$4.36
Dogo's Ice Cream Pumpkin,Dog-O's,850529003897,Dog Treats,,,,2.00,$4.36
Puppy Cup Bacon 13oz peroni,Puppy-,860008024114,Accessories,,,,3.00,$12.59
Coastal Styles Collar Med Hikari Lama,And Collars,076484693540,Leashes And Collars,,,,0.00,$10.69
Hikari Frozen Spirulina Brine,Hikari,042055325202,Aquatics,,,,-1.00,$6.54
Adams Pyrethrin Dip,Adams,039079060172,Healthcare,,,,3.00,$16.79
Coastal Styles Collar Med Hikari Donuts,And Collars,076484065606,Leashes And Collars,,,,2.00,$10.69
Hikari Frozen Daphnia 3.5 Hikari oz,,042055303200,Aquatics,,,,3.00,$8.73
Hikari Frozen Blood Worm 3.5 o,Hikari,042055301206,Aquatics,,,,8.00,$7.63
Hikari Frozen Jumbo Blood Worm,Hikari,042055302456,Aquatics,,,,7.00,$8.73
Adams Ear Mite Treatme Bio Groom,,039079090247,Healthcare,,,,0.00,$11.54
Hikari Frozen Tubifex Worm 3.5,Hikari,042055329200,Aquatics,,,,3.00,$7.63
Hikari Frozen Krill 3.5 oz,Hikari,042055307208,Aquatics,,,,0.00,$7.63
San Franci Beef Heart 3.5 San oz Bay Brand,Francisco,000945540852,Aquatics,,,,3.00,$10.49
San Franci Cichlid Delight San 3.5 Bay Brand,Francisco,000945880453,Aquatics,,,,1.00,$11.54
Ich-X 16 fl.,Hikari,042055732161,Aquatics,,,,3.00,$16.79
Hikari Frozen Brine Shrimp 16o,Hikari,042055324403,Aquatics,,,,2.00,$13.64
Hikari Frozen Krill 16oz,Hikari,042055308403,Aquatics,,,,2.00,$17.84
Vital Essentials Cat Duck 28oz,Vital Essentials,840199697014,Cat Food,Bag,lb,,0.00,$19.94
Vital Essentials Cat Frozen Tu,Vital Essentials,840199697038,Cat Food,Bag,lb,,1.00,$16.79
Primal Beef Bone Small,Primal,850334004508,Dog Food,Can,oz,,5.00,$4.35
Primal Beef Bone Medium Primal,,850334004515,Dog Food,Can,oz,,5.00,$6.53
Primal Beef Bone Large,Primal,850334004522,Dog Food,,,,4.00,$9.99
Primal Beef Bone 6pk,Primal,895135000175,Dog Food,Can,oz,,6.00,$21.79
Primal Broth Turkey,Primal,854496006356,Dog Food,Bag,oz,,3.00,$12.59
Primal Broth Chicken,Primal,857496004032,Dog Food,Bag,oz,,0.00,$12.59
Primal Broth Beef,Primal,854496006325,Dog Food,Bag,oz,,1.00,$12.59
Primal Goat Milk Cranberry 32o,Primal,850334004638,Dog Food,Bag,,32oz,1.00,$16.79
Primal Goat Milk 32oz,Primal,850016300454,Dog Food,Bag,,32oz,2.00,$16.79
Primal Goat Milk 16oz,Primal,850334004645,Dog Food,Bag,,16oz,0.00,$10.49
Lafebers Nutri-Berries Popcorn,Lafeber Supplies,041054616403,Bird,,,,1.00,$11.54
Primal Frozen Puppy Pronto 4lb,Primal,850016300973,Dog Food,Bag,,4lb,0.00,$36.74
Primal Frozen Pronto Turkey 4 lb,Primal,850334004461,Dog Food,Bag,,4lb,2.00,$32.54
Hikari Frozen Omega Brine Shri,Hikari,042055323208,Aquatics,,,,4.00,$6.54
Primal Frozen Pronto Lamb 4lb,Primal,850334004454,Dog Food,Bag,,4lb,0.00,$36.74
Primal Frozen Nuggets Lamb 3lb,Primal,850334004034,Dog Food,Bag,,3lb,0.00,$23.09
Primal Frozen Nuggets Venison,Primal,850334004089,Dog Food,Bag,lb,,1.00,$40.94
Primal Frozen Nuggets Chicken,Primal,850334004072,Dog Food,Bag,lb,,0.00,$24.14
"Primal Frozen Nuggets Turkey,",Primal,850334004379,Dog Food,Bag,lb,,0.00,$24.14
Primal Frozen Nuggets Pork 3lb,Primal,850334004263,Dog Food,Bag,,3lb,0.00,$24.14
Primal Frozen Rabbit Nuggets 3,Primal,850334004065,Dog Food,Bag,lb,,0.00,$49.34
Primal Frozen Beef Nuggets 3lb,Primal,850334004003,Dog Food,Bag,,3lb,0.00,$24.14
Hikari Frozen Mysis 3.5 oz,Hikari,042055325509,Aquatics,,,,7.00,$6.54
Freshpet Vital Grain Free Chic,Freshpet,076484104749,Dog Food,Bag,lb,,0.00,$15.74
Freshpet Vital Cuts 1.5lb,Freshpet,627975011949,Dog Food,Bag,,1.5lb,3.00,$15.74
Freshpet Turkey 1lb,Freshpet,851893001731,Dog Food,Bag,,1lb,3.00,$14.69
Freshpet Beef 6 3,Freshpet,627975012014,Dog Food,Bag,lb,,1.00,$26.24
Aquarium Solution Betta Revive,Hikari,042055711005,Aquatics,,,,1.00,$3.27
Freshpet Grain Free Chicken,Freshpet,627975012885,Dog Food,Bag,lb,,2.00,$14.69
Freshpet Chicken 1lb,Freshpet,851893001366,Dog Food,Bag,,1lb,0.00,$6.29
Freshpet Beef 1.5lb,Freshpet,627975011963,Dog Food,Bag,,1.5lb,0.00,$10.49
Freshpet Small Dog Roasted 1lb,Freshpet,627975012106,Dog Food,Bag,,1lb,0.00,$10.49
Freshpet Small Breed Ck1lb,Freshpet,627975012717,Dog Food,Bag,,1lb,2.00,$9.44
Crazycat Kitten Wrmer 4oz,Crazy Cat,044472017632,Accessories,,,,0.00,$10.49
TropiClean Ntrl Flea & Tick So,Tropiclean,045095202542,Healthcare,,,,0.00,$13.64
"Freshpet Beef,Bison 1lb",Freshpet,851893001823,Dog Food,Bag,,1lb,1.00,$9.44
Freshpet Turkey 2lb,Freshpet,076484638343,Dog Food,Bag,,2lb,0.00,$14.69
Blue Buffalo Cat Wilderness Tu,Blue Buffalo,859610007684,Cat Food,Can,oz,,5.00,$2.50
Kaytee Alfalfa Hay 24oz Animal,Kaytee,045125619058,Small,,,,0.00,$11.54
Blue Buffalo Cat Wilderness Du,Blue Buffalo,840243105625,Cat Food,Can,oz,,11.00,$2.39
"Blue Buffalo Fish,Shrimp 3oz",Blue Buffalo,840243140664,Cat Food,Can,,3oz,1.00,$1.84
Blue Buffalo Cat Salmon Pate 5,Blue Buffalo,840243140602,Cat Food,Can,oz,,2.00,$2.28
"Blue Buffalo Cat Turkey, Chick",Blue Buffalo,840243140633,Cat Food,Can,oz,,1.00,$2.28
Kaytee Water Bottle Holder Lar,Kaytee Animal,045125619485,Small,,,,2.00,$10.49
Blue Buffalo Cat Chicken Blue Buffalo Morse,,840243140701,Cat Food,Can,oz,,7.00,$2.50
Blue Buffalo Kitten 3oz,Blue Buffalo,840243140541,Cat Food,Can,,3oz,0.00,$1.84
"Blue Buffalo 3oz Fish,Shrimp 3",Blue Buffalo,859610000951,Dog Food,Can,,3oz,0.00,$1.84
Blue Buffalo Chicken Gravy 3oz,Blue Buffalo,840243140626,Cat Food,Can,,3oz,5.00,$1.84
Kaytee Comfort Harness Rat Sma,Kaytee Animal,045125622904,Small,,,,2.00,$14.69
"Inaba Dashi Delights Chicken, Inaba Dashi Delights Chicken i",Inaba $1.19,076484001246,Cat Food,Can,oz,,0.00,$1.19
Pill Dispenser,,045663019150,Healthcare,,,,1.00,$6.54
Royal Canin Mother & Babycat 3,Royal Canin,030111442192,Cat Food,Can,,3oz,-16.00,$2.28
Royal Canin Kitten 3oz Canin,Royal,030111410184,Cat Food,Can,,3oz,-11.00,$3.04
Hill's Science Diet AdultScience 7+ I Hill's Science Diet Kitten,Diet,052742075815,Cat Food,Can,Red,2.8oz,12.00,$2.17
Science Sav,Diet,052742075839,Cat Food,Can,Green,2.8oz,12.00,$1.62
Hill's Science Diet AdultScience Urin,Diet,052742075891,Cat Food,Can,Silver,2.9oz,22.00,$2.17
Hill's Science Diet AdultScience Urin,Diet,052742075853,Cat Food Can Silver,5.5,oz,,11.00,$2.17
Hill's Science Diet AdultScience Urin,Diet,052742075556,Cat Food,Can,Silver,2.9oz,-18.00,$2.17
Wee Wee Disposable Diapers Small,Wee-Wee,045663974404,Accessories,,,,1.00,$41.99
Aqueon T8 Full Spec 18'l Aqueon,,045663976019,Aquatics,,,,0.00,$9.44
Fussie Cat Tuna 2.82oz,Fussie Cat,888641133918,Cat Food,Can,,2.82oz,0.00,$1.95
Aqueon Led Max Blue Size 20,Aqueon,045663976033,Aquatics,,,,0.00,$16.79
"Fussie Cat Tuna, Smoked Fussie Cat Tuna 2",,076484410017,Cat Food,Can,oz,,0.00,$1.95
Fussie Cat Tuna Ocean Fussie Cat 2.82oz,,076484410000,Cat Food,Can,,2.82oz,0.00,$1.95
"Fussie Cat Tuna, Salmon Fussie Cat 2.47oz",,810138351154,Cat Food,Can,,2.47oz,0.00,$1.30
"Fussie Cat Tuna, Anchovy 2.47o",Fussie Cat,888641133925,Cat Food,Can,,2.47oz,0.00,$1.30
Catit White Fish 2.8oz,Catit,022517447147,Cat Food,Can,,,0.00,$1.95
Catit Fish Dinner w Crab 2.8oz,Catit,022517447161,Cat Food,Can,,2.8oz,4.00,$1.95
Blue Buffalo Cat Indoor 7lb,Blue Buffalo,859610000869,Cat Food,Bag,,7lb,0.00,$39.89
Blue Buffalo Cat Mature 7lb,Blue Buffalo,859610000210,Cat Food,Bag,,7lb,1.00,$41.99
Blue Buffalo Kitten 7lb,Blue Buffalo,859610000647,Cat Food,Bag,,7lb,0.00,$40.94
Blue Buffalo Cat Wilderness Ch,Blue Buffalo,840243104901,Cat Food,Bag,lb,,1.00,$40.94
Taste of the Wild Rocky Mountains,Taste Of The Wild,074198609666,Cat Food,Bag,lb,,3.00,$15.74
Taste of the Wild Rocky Mounta,Taste Of The Wild,074198614028,Cat Food,Bag,lb,,2.00,$39.89
Taste of the Wild Cat Canyon R,Taste Of The Wild,074198611027,Cat Food,Bag,lb,,1.00,$15.74
Taste of the Wild Cat Canyon R,Taste Of The Wild,074198614035,Cat Food,Bag,lb,,2.00,$40.94
Taste of the Wild Cat Lowland,Taste Of The Wild,074198614097,Cat Food,Bag,lb,,2.00,$15.74
Taste of the Wild Cat Lowland,Taste Of The Wild,074198614103,Cat Food,Bag,lb,,1.00,$39.89
Victor Cat High Pro 5lb,VICTOR,854524005832,Cat Food,Bag,,5lb,3.00,$14.69
Li'l Pals Collar Sm Red Plad,Iams And Collars,076484662645,Leashes And Collars,,,,2.00,$7.49
IAMS Cat Chicken 7lb,Iams,019014712571,Cat Food,Bag,,7lb,1.00,$27.29
Magic Coat 2 in 1 Shampoo & Conditioner,Four Paws,045663976392,Healthcare,,,,3.00,$11.54
Sportmix Cat Original 15lb SportMix,,034846600803,Cat Food,Bag,,15lb,1.00,$19.94
Hill's Science Diet Adult Indo,Science Diet,052742887302,Cat Food,Bag,Red,15.5lb,0.00,$59.84
Hill's Science Diet Adult 7+ I,Science Diet,052742887401,Cat Food,Bag,Red,15.5lb,1.00,$65.09
Hill's Science Diet Adult 7+ H,Science Diet,052742887708,Cat Food,Bag,Silver,15.5lb,2.00,$66.14
Hill's Science Diet Adult Hair,Science Diet,052742887609,Cat Food,Bag,Silver,15.5lb,2.00,$66.14
Hill's Science Diet Adult Urin,Science Diet,052742002194,Cat Food,Bag,Silver,15.5lb,1.00,$68.24
Hill's Science Diet Adult Sens,Science Diet,052742887807,Cat Food,Bag,Silver,15.5lb,1.00,$62.99
Hill's Science Diet Adult Hair,Science Diet,052742888200,Cat Food,Bag,Silver,7lb,0.00,$40.94
Four Paws Bright White 16oz,Aqueon,045663976439,Healthcare,,,,2.00,$11.54
Hill's Science Diet Adult 7+ I,Science Diet,052742888002,Cat Food,Bag,Red,7lb,2.00,$38.84
Hill's Science Diet Adult 7+ I,Science Diet,052742644608,Cat Food,Bag,Red,3.5lb,2.00,$25.19
Hill's Science Diet Adult 7+ C,Science Diet,052742006451,Cat Food,Bag,Red,16lb,1.00,$62.99
Hill's Science Diet Adult 7+ C,Science Diet,052742204802,Cat Food,Bag,Red,7lb,2.00,$38.84
Hill's Science Diet Adult 11+,Science Diet,052742146300,Cat Food,Bag,Red,7lb,2.00,$38.84
Hill's Science Diet Kitten Ind,Science Diet,052742937809,Cat Food,Bag,Green,7lb,1.00,$38.84
Hill's Science Diet Adult Indo,Science Diet,052742887906,Cat Food,Bag,Red,7lb,0.00,$36.74
Hill's Science Diet Adult Hair,Science Diet,052742887500,Cat Food,Bag,Silver,15.5lb,1.00,$61.94
Hill's Science Diet Adult Urin,Science Diet,052742002170,Cat Food,Bag,Silver,7lb,2.00,$41.99
Hill's Science Diet Adult Perf,Science Diet,052742041544,Cat Food,Bag,Silver,3.5lb,0.00,$27.29
Hill's Science Diet Adult Perf,Science Diet,052742038315,Cat Food,Bag,Silver,3.5lb,1.00,$27.29
Hill's Science Diet Kitten Sen,Science Diet,052742069432,Cat Food,Bag,Green,3.5lb,-1.00,$26.24
Magic Coat Medicated Shampoo,Four Paws,045663976477,Healthcare,,,,2.00,$11.54
Hill's Science Diet Adult Urin,Science Diet,052742002156,Cat Food,Bag,Silver,3.5lb,3.00,$27.29
Hill's Science Diet Adult Hair,Science Diet,052742888101,Cat Food,Bag,Silver,7lb,1.00,$41.99
Hill's Science Diet Adult Hair,Science Diet,052742715605,Cat Food,Bag,Silver,3.5lb,2.00,$26.24
Hill's Science Diet Adult Indo,Science Diet,052742553207,Cat Food,Bag,Red,3.5lb,1.00,$25.19
Hill's Science Diet Adult 11+,Science Diet,052742146409,Cat Food,Bag,Red,15lb,1.00,$62.99
Hill's Science Diet Adult Ligh,Science Diet,052742006444,Cat Food,Bag,Red,16lb,1.00,$65.09
Hill's Science Diet Adult Sens,Science Diet,052742068657,Cat Food,Bag,Red,15lb,0.00,$65.09
Hill's Science Diet Adult Chic,Science Diet,052742006437,Cat Food,Bag,Red,16lb,2.00,$64.04
Hill's Science Diet Adult Ligh,Science Diet,052742204703,Cat Food,Bag,Red,7lb,2.00,$38.84
Hill's Science Diet Adult Ligh,Science Diet,052742671109,Cat Food,Bag,Red,4lb,2.00,$25.19
Hill's Science Diet Adult Sens,Science Diet,052742068640,Cat Food,Bag,Red,7lb,1.00,$39.89
Hill's Science Diet Adult Chic,Science Diet,052742204505,Cat Food,Bag,Red,7lb,2.00,$38.84
Hill's Science Diet Adult Chic,Science Diet,052742679709,Cat Food,Bag,Red,4lb,3.00,$24.14
Hill's Science Diet Adult 11+,Science Diet,052742146201,Cat Food,Bag,Red,3.5lb,1.00,$24.14
Hill's Science Diet Adult 7+ C,Science Diet,052742710402,Cat Food,Bag,Red,4lb,3.00,$24.14
Hill's Science Diet Adult Sens,Science Diet,052742068633,Cat Food,Bag,Red,3.5lb,1.00,$24.14
Hill's Science Diet Kitten Science Oce,Diet,052742060163,Cat Food,Bag,Green,7lb,3.00,$39.89
Hill's Science Diet Kitten Science Chi,Diet,052742939100,Cat Food,Bag,Green,7lb,1.00,$38.84
Hill's Science Diet Kitten Science Chi,Diet,052742712307,Cat Food,Bag,Green,3.5lb,1.00,$25.19
Acana Cat Indoor Herring Acana 4lb,,064992723941,Cat Food,Bag,,4lb,0.00,$19.94
Orijen Six Fish Grain Free Orijen &,,064992203405,Cat Food,Bag,lb,,2.00,$34.64
Orijen Regional Red Grain & P,Orijen,064992202408,Cat Food,Bag,lb,,1.00,$37.79
Orijen Guardian 8 Grain Orijen Free,,064992718527,Cat Food,Bag,lb,,2.00,$34.64
Orijen Grain Free Fresh & Orijen Raw,,064992716646,Cat Food,Bag,lb,,2.00,$30.44
Orijen Wilderness Reserve Dr K,Orijen,064992726386,Cat Food,Bag,lb,,2.00,$29.39
Fromm PurrSnickety Salmon Reci,Fromm,072705137435,Cat Food,Bag,Teal,10lb,2.00,$50.39
Fromm PurrSnickety Salmon Reci,Fromm,072705137404,Cat Food,Bag,Teal,4lb,4.00,$27.29
Fromm PurrSnickety Game Bird R,Fromm,072705137237,Cat Food,Bag,Olive,10lb,2.00,$50.39
Fromm PurrSnickety Game Bird R,Fromm,072705137206,Cat Food,Bag,Olive,4lb,5.00,$27.29
Fromm PurrSnickety Chicken Rec,Fromm,072705137039,Cat Food,Bag,Teal,10lb,2.00,$50.39
Fromm PurrSnickety Chicken Rec,Fromm,072705137008,Cat Food,Bag,Teal,4lb,5.00,$27.29
Magic Coat Tangles & Mats,Four Paws,045663976484,Healthcare,,,,4.00,$13.64
Fromm PurrSnickety Salmon Reci,Fromm,072705137459,Cat Food,Can,Teal,6oz,3.00,$4.35
Fromm Four-Star Duck À Fromm La Veg,,072705116638,Cat Food,Bag,Purple,10lb,0.00,$38.84
Fromm Four-Star Surf & Fromm Turf Re,,072705116904,Cat Food,Bag,Gold,4lb,-1.00,$20.99
Higgins Vita Seed Canary Higgins Supplies,,046706210350,Bird,,,,3.00,$8.73
Fromm Four-Star Game Fromm Bird Reci,,072705117000,Cat Food,Bag,Olive,4lb,4.00,$20.99
Fromm Four-Star Beef Liváttini,Fromm,072705117239,Cat Food,Bag,Burgundy,10lb,2.00,$40.94
Fromm Four-Star Beef Liváttini,Fromm,072705117208,Cat Food,Bag,Teal,4lb,3.00,$20.99
Fromm Four-Star Hasen Fromm Duckenpf,,072705117338,Cat Food,Bag,Teal,10lb,3.00,$40.94
Fromm Four-Star Hasen Fromm Duckenpf,,072705117307,Cat Food,Bag,Teal,4lb,2.00,$20.99
Fromm Gold Healthy Weight Gold,Fromm,072705115907,Cat Food,Bag,Gold,4lb,5.00,$18.89
Fromm Gold Adult Gold Cat Food,Fromm,072705115631,Cat Food,Bag,Gold,10lb,3.00,$36.74
Higgins Sunburst Canary Sunburst & Finc,Supplies,046706302253,Bird,,,,1.00,$12.59
Fromm Gold Kitten Gold Fromm Cat Foo,,072705115808,Cat Food,Bag,Teal,4lb,5.00,$18.89
NutriSource Classic Catch Nutrisource Reci,,073893300175,Cat Food,Bag,Teal,4lb,0.00,$29.39
NutriSource Senior/Weight Mana,Nutrisource,073893280071,Cat Food,Bag,Red,4lb,0.00,$17.84
NutriSource Chicken & Rice Rec,Nutrisource,073893280217,Cat Food,Bag,Purple,12lb,2.00,$41.99
NutriSource Chicken & Rice Rec,Nutrisource,073893280033,Cat Food,Bag,Purple,4lb,6.00,$17.84
NutriSource Cat & Kitten Nutrisource 12lb,,073893280095,Cat Food,Bag,Tan,12lb,1.00,$41.99
NutriSource Cat & Kitten Nutrisource 4lb,,073893280125,Cat Food,Bag,Tan,4lb,2.00,$17.84
Hill's Science Diet Kitten Science Hea,Diet,052742007175,Cat Food,Can,Green,2.8oz,30.00,$2.17
Hill's Science Diet Kitten Science Liv,Diet,052742660004,Cat Food,Can,Green,5.5oz,0.00,$2.71
Hill's Science Diet Kitten Science Ten,Diet,052742617404,Cat Food,Can,Green,5.5oz,13.00,$2.71
Hill's Science Diet Kitten Science Sen,Diet,052742069463,Cat Food,Can,Green,2.9oz,-3.00,$1.95
Hill's Science Diet Adult Heal,Science Diet,052742007090,Cat Food,Can,Red,2.9oz,24.00,$2.17
Hill's Science Diet Adult Perf,Science Diet,052742041605,Cat Food,Can,Silver,2.9oz,-4.00,$2.50
Hill's Science Diet Adult Perf,Science Diet,052742014135,Cat Food,Can,Silver,2.9oz,22.00,$2.39
Hill's Science Diet Adult Sens,Science Diet,052742010243,Cat Food,Can,Silver,2.9oz,5.00,$2.17
Hill's Science Diet Adult Tend,Science Diet,052742453804,Cat Food,Can,Red,5.5oz,0.00,$2.71
Hill's Science Diet Adult Chic,Science Diet,052742453408,Cat Food,Can,Red,5.5oz,21.00,$2.71
Hill's Science Diet Adult Tend,Science Diet,052742177007,Cat Food,Can,Red,5.5oz,14.00,$2.06
Hill's Science Diet Adult Hair,Science Diet,052742012490,Cat Food,Can,Red,2.9oz,13.00,$2.17
Higgins Sunburst Cockatiel Food,Higgins Supplies,046706302307,Bird,,,,5.00,$17.84
Fromm PurrSnickety Duck Fromm Liver,,072705113408,Cat Food,Can,Teal,3oz,11.00,$2.50
Fromm PurrSnickety Duck Fromm Stew 3,,072705113446,Cat Food,Can,Teal,3oz,7.00,$2.50
Fromm Four-Star Salmon Fromm & Tuna,,072705112722,Cat Food,Can,Purple,3oz,2.00,$1.84
Fromm Gold Adult Gold Cat Food,Fromm,072705133307,Cat Food,Can,Gold,3oz,13.00,$1.52
Fromm Gold Kitten Gold Fromm Cat Foo,,072705133420,Cat Food,Can,Gold,3oz,-1.00,$1.62
Orijen Cat Duck & Chicken 3oz,Orijen,064992719388,Cat Food,Can,,3oz,23.00,$2.39
Orijen Cat Original 3oz,Orijen,064992719340,Cat Food,Can,,3oz,-1.00,$2.39
Pro Plan Cat Urin Chicken Pro Plan 3oz,,038100027030,Cat Food,Can,,3oz,37.00,$2.17
Pro Plan Cat Urinary Tract Hea,Purina,038100173379,Cat Food,Can,,3oz,0.00,$2.06
Pro Plan Cat Urin Salmon Pro Plan 3oz,,038100175755,Cat Food,Can,,3oz,0.00,$2.06
Pro Plan Cat Urin Beef 3oz,Pro Plan,038100173409,Cat Food,Can,,3oz,-3.00,$2.06
Pro Plan Cat Tun & Shrimp 3oz,Pro Plan,038100170316,Cat Food,Can,,3oz,-2.00,$1.73
Pro Plan Cat Salmon 3oz Pro Plan,,038100026972,Cat Food,Can,,3oz,0.00,$1.84
Pro Plan Cat Tuna 3oz,Pro Plan,038100111975,Cat Food,Can,,3oz,0.00,$1.84
Pro Plan Cat Chicken 3oz Pro Plan,,038100026965,Cat Food,Can,,3oz,14.00,$1.84
Pro Plan Kitten Chicken Pro Plan 3oz,,038100026903,Cat Food,Can,,3oz,49.00,$2.28
NutriSource Chicken & Rice Rec,Nutrisource,073893020158,Cat Food,Can,Burgundy,5.5oz,26.00,$1.95
NutriSource Turkey & Turkey Li,Nutrisource,073893022077,Cat Food,Can,Burgundy,5.5oz,0.00,$2.06
"Kaytee 7"" Runabout Ball Kaytee Rainbo",Animal,046706321650,Small,,,,0.00,$11.54
Tuffy's Cat Chicken & Tuna 5.5,Tuffy,073893022213,Cat Food,Can,,5.5oz,11.00,$1.30
Diamond Cat Chicken 5.5oz,Diamond,074198612765,Cat Food,Can,,5.5oz,70.00,$1.41
Diamond Cat Whitefish 5.5oz,Diamond,074198612758,Cat Food,Can,,5.5oz,14.00,$1.52
Taste of the Wild Rocky Taste Of Mounta,The Wild,074198611126,Cat Food,Can,oz,,31.00,$1.62
Taste of the Wild Can River 5.,Taste Of The Wild,074198611119,Cat Food,Can,oz,,3.00,$1.52
Vital Essentials Pork Mini Vital Nib,Essentials,840199690077,Dog Food,Bag,lb,,0.00,$31.49
Vital Essentials Turkey 12oz,Vital Essentials,840199690114,Dog Food,Bag,,12oz,2.00,$31.49
Vital Essentials Duck Patties,Vital Essentials,840199691050,Cat Food,Bag,lb,,1.00,$26.24
Vital Essentials Duck Mini Vital Nib,Essentials,840199690053,Dog Food,Bag,lb,,0.00,$38.84
Vital Essentials Cat Chicken P,Vital Essentials,840199691036,Cat Food,Bag,lb,,0.00,$20.99
Hill's Adult 7+ Chicken Diet,Science,052742496900,Dog Food,Can,Pink,5.8oz,18.00,$2.71
Health Extension Mobility 3.5,Health Extension,810120991016,Dog Food,Can,,3.5oz,7.00,$2.71
Health Extension Healthy Belly,Health Extension,810120991009,Dog Food,Can,,3.5oz,9.00,$2.71
Vital Essentials Cat Chicken M,Vital Essentials,840199690039,Cat Food,Bag,lb,,1.00,$31.49
Cat Chow 15lb,Purina,017800184953,Cat Food,Bag,,15lb,1.00,$30.44
Cat Chow Indoor 15lb,Purina,017800184991,Cat Food,Bag,,15lb,2.00,$30.44
Kitten Chow 14lb,Purina,017800106252,Cat Food,Bag,,14lb,2.00,$31.49
Diamond Cat Maint 20lb,Diamond,074198004201,Cat Food,Bag,,20lb,3.00,$24.14
Diamond Cat Maint 6lb,Diamond,074198004065,Cat Food,Bag,,6lb,1.00,$9.44
Diamond Indoor 6lb,Diamond,074198608126,Cat Food,Bag,,6lb,1.00,$14.69
Diamond Kitten 6lb,Diamond,074198608775,Cat Food,Bag,,6lb,3.00,$14.69
Pro Plan Cat Chicken & Rice 16lb,Pro Plan,038100131546,Cat Food,Bag,,16lb,1.00,$54.59
Pro Plan Live Clear 5.5lb Pro Plan,,037424191366,Dog Food,Bag,,5.5lb,0.00,$44.09
Kitten Chow 3.15lb,Purina,017800150200,Cat Food,Bag,,3.5lb,5.00,$9.44
Cat Chow 3.15lb,Purina,017800150149,Cat Food,Bag,,3.15lb,2.00,$9.44
Cat Chow Indoor 3.15lb,Purina,017800150187,Cat Food,Bag,,3.15lb,2.00,$9.44
Zignature Turkey 25lb,Zignature,888641131105,Dog Food,Bag,,25lb,0.00,$68.24
Zignature Turkey 4lb,Zignature,888641131846,Dog Food,Bag,,4lb,0.00,$40.94
Zignature Lamb 25lb,Zignature,888641131068,Dog Food,Bag,,25lb,0.00,$83.99
Zignature Kangaroo 25lb,Zignature,888641131327,Dog Food,Bag,,25lb,0.00,$83.99
Zignature Kangaroo 12.5lb,Zignature,888641131310,Dog Food,Bag,,12.5lb,0.00,$48.29
Zignature Kangaroo 4lb,Zignature,888641131303,Dog Food,Bag,,4lb,0.00,$18.89
Zignature Zssential 25lb,Zignature,888641131181,Dog Food,Bag,,25lb,0.00,$75.59
Pro Plan Chicken & Vegetable 1,Pro Plan,038100107978,Dog Food,Can,oz,,8.00,$2.93
Pro Plan Beef & Vegetable 13oz,Pro Plan,038100108005,Dog Food,Can,,13oz,6.00,$2.93
Pro Plan Turkey & Vegetable 13,Pro Plan,038100026767,Dog Food,Can,,13oz,4.00,$2.93
Pro Plan Lamb & Vegetable 13oz,Pro Plan,038100026750,Dog Food,Can,,13oz,9.00,$2.93
Pro Plan Beef & Salmon 13oz,Pro Plan,038100181633,Dog Food,Can,,13oz,15.00,$3.04
Pro Plan Turkey & Sweet Potato,Pro Plan,038100153388,Dog Food,Can,oz,,23.00,$3.04
Pro Plan 7+ Beef & Rice 13oz,Pro Plan,038100026859,Dog Food,Can,,13oz,10.00,$3.15
Pro Plan Chicken & Carrot 13oz,Pro Plan,038100153364,Dog Food,Can,,13oz,15.00,$2.93
Pro Plan Beef & Rice 13oz,Pro Plan,038100026736,Dog Food,Can,,13oz,11.00,$3.04
Pro Plan Sensitive 13oz,Pro Plan,038100196156,Dog Food,Can,,13oz,8.00,$3.59
Pro Plan Chicken & Rice 13oz,Pro Plan,038100026743,Dog Food,Can,,13oz,17.00,$3.04
Pro Plan Large Breed 13oz,Pro Plan,038100026781,Dog Food,Can,,13oz,10.00,$3.15
Pro Plan Large Breed Beef 13oz,Pro Plan,038100026774,Dog Food,Can,,13oz,10.00,$3.15
Pro Plan Puppy Turkey 13oz,Pro Plan,038100181787,Dog Food,Can,,13oz,9.00,$3.04
Pro Plan Puppy 13oz,Pro Plan,038100026712,Dog Food,Can,,13oz,10.00,$3.04
Pro Plan Puppy 5.5oz,Pro Plan,038100139412,Dog Food,Can,,5.5oz,0.00,$2.06
Pro Plan Beef 5.5oz,Pro Plan,038100143655,Dog Food,Can,,5.5oz,7.00,$1.95
Canidae Chicken 13oz,Canidae,640461011131,Dog Food,Can,,13oz,0.00,$3.04
Canidae Multi 13oz,Canidae,640461010134,Dog Food,Can,,13oz,0.00,$3.15
Canid Lamb 13oz,Canidae,640461012138,Dog Food,Can,,13oz,0.00,$2.83
Eukanuba Lamb 13.2oz,Eukanuba,751486000748,Dog Food,Can,,13.2oz,0.00,$3.59
Eukanuba Chicken & Beef Eukanuba 12.5 o,,751486000717,Dog Food,Can,,12.5oz,9.00,$3.80
Eukanuba Beef & Vegetable 12.5,Eukanuba,751486000694,Dog Food,Can,,12.5oz,12.00,$3.80
Blue Buffalo Delight Ro Chicke,Blue Buffalo,840243120413,Dog Food,Can,oz,,0.00,$2.50
Blue Buffalo Delight Fillet Blue Buffalo Mi,,840243120352,Dog Food,Can,,3.5oz,23.00,$2.39
Grilled Chicken,Blue Buffalo,840243120475,Dog Food,Can,,3.5oz,3.00,$2.39
Repto Treat Sun Dried Shrimp .35oz,Tetra,046798162537,Reptiles,,,,0.00,$6.54
Blue Buffalo Turkey 12.5,Blue Buffalo,859610005901,Dog Food,Can,,12.5oz,0.00,$4.79
Hill's Adult Chicken & Vegi Stew,Science Diet,052742143002,Dog Food,Can,Red,12.5oz,25.00,$4.35
Blue Buffalo Lamb 12.5oz Blue Buffalo,,840243104949,Dog Food,Can,,12.5oz,0.00,$4.02
Blue Buffalo Beef 12.5oz,Blue Buffalo,840243105540,Dog Food,Can,,12.5oz,0.00,$4.79
Blue Buffalo Senior 12.5oz,Blue Buffalo,859610005888,Dog Food,Can,,12.5oz,0.00,$4.79
Blue Buffalo Free Lamb 12.5oz,Blue Buffalo,840243102938,Dog Food,Can,,12.5oz,0.00,$3.91
Blue Buffalo Free Puppy Blue Buffalo 12.5oz,,859610006878,Dog Food,Can,,12.5oz,0.00,$3.91
Blue Buffalo Basic Lamb Blue Buffalo 12.5oz,,840243103799,Dog Food,Can,,12.5oz,0.00,$4.57
Blue Buffalo Basic Turkey Blue Buffalo 12.5,,840243105533,Dog Food,Can,,12.5oz,0.00,$4.79
Blue Buffalo Wilderness Blue Buffalo Duck 1,,840243104864,Dog Food,Can,oz,,0.00,$4.57
Blue Buffalo Wilderness Blue Buffalo Turkey,,840243104857,Dog Food,Can,oz,,0.00,$4.35
Blue Buffalo Sun Din 12.5oz,Blue Buffalo,859610006854,Dog Food,Can,,12.5oz,0.00,$4.79
Kong Licks,Blue Buffalo,035585530086,Toys,,,,0.00,$6.54
Blue Buffalo Beef Stew,Blue Buffalo,840243105212,Dog Food,Can,oz,,0.00,$5.00
Repto Min baby .92oz,Tetra,046798165989,Reptiles,,,,2.00,$5.45
Blue Buffalo Chicken Stew 12.5,Blue Buffalo,840243105199,Dog Food,Can,,12.5oz,0.00,$5.00
Hill's Puppy Chicken & Barley,Science Diet,052742703602,Dog Food,Can,Green,13oz,22.00,$3.91
Hill's Adult Chicken & Barley,Science Diet,052742703701,Dog Food,Can,Red,13oz,46.00,$4.13
Hill's Adult Beef & Barley Science Diet,,052742703909,Dog Food,Can,Red,13oz,49.00,$4.13
Hill's Adult Chicken & Beef,Science Diet,052742704005,Dog Food,Can,Red,13oz,58.00,$4.13
Hill's Adult Salmon & Barley,Science Diet,052742068671,Dog Food,Can,Red,13oz,25.00,$3.91
Hill's Perfect Weight Stew Science Vegi & Chicken,Diet,052742002019,Dog Food,Can,Silver,12.5oz,32.00,$4.89
Hill's Perfect Weight Chicken & Vegi,Science Diet,052742297507,Dog Food,Can,Silver,12.5oz,37.00,$4.89
Hill's Perfect Weight Stew Science Salmon & Vegi,Diet,052742069814,Dog Food,Can,Silver,12.5oz,30.00,$4.35
Hill's 7+ Chicken & Barley Science Diet,,052742705507,Dog Food,Can,Red,13oz,43.00,$4.13
Hill's 7+ Turkey & Barley Science Diet,,052742705705,Dog Food,Can,Red,13oz,26.00,$4.13
Hill's Vitality 7+ Chicken Science Stew,Diet,052742011899,Dog Food,Can,Silver,12.5oz,13.00,$4.89
Hill's Stew Perfect Digestion Chicken,Science Diet,052742041445,Dog Food,Can,Silver,12.8oz,22.00,$4.89
Hill's Perfect Digestion Chicken,Science Diet,052742068510,Dog Food,Can,Silver,12.8oz,4.00,$5.00
Hill's Puppy Sensitive Salmon,Science Diet,052742069487,Dog Food,Can,Green,12.5oz,10.00,$4.35
Hill's Sensitive Turkey Diet,Science,052742021041,Dog Food,Can,Silver,12.5oz,37.00,$4.35
Repto Min Jumbo Floating Tuesday's Food Sticks 10.23oz Company,Natural Dog,046798166047,Reptiles,,,,1.00,$18.89
"Hill's 7+ Beef, Carrot & Peas",Science Diet,052742007274,Dog Food,Can,Red,12.5oz,10.00,$4.46
"Hill's Adult Beef, Carrot & Science Peas",Diet,052742007250,Dog Food,Can,Red,12.5oz,23.00,$4.46
"Hill's 7+ Chicken, Carrot & Science Spinach",Diet,052742007212,Dog Food,Can,Red,12.5oz,22.00,$4.46
"Hill's Adult Chicken, Carrot & Spinach",Science Diet,052742007236,Dog Food,Can,Red,12.5oz,24.00,$4.46
Hill's 7+ Chicken & Vegi Science Stew,Diet,052742143309,Dog Food,Can,Red,12.8oz,23.00,$4.02
Hill's Adult Beef & Vegi Stew,Science Diet,052742143101,Dog Food,Can,Red,12.8oz,19.00,$4.13
Tetra Glo Multi Plant,Tetra,046798784074,Aquatics,,,,0.00,$10.49
Hill's Puppy Chicken & Rice Stew,Science Diet,052742060217,Dog Food,Can,Green,12.5oz,38.00,$3.91
Hill's 7+ Beef & Barley Diet,Science,052742496801,Dog Food,Can,Red,5.8oz,20.00,$2.71
Hill's Adult Perfet Digestion Chicken,Science Diet,052742068749,Dog Food,Can,Silver,5.8oz,14.00,$2.93
Hill's Adult Beef Diet,Science,052742496603,Dog Food,Can,Red,5.8oz,32.00,$2.71
Hill's Adult Chicken Diet,Science,052742496702,Dog Food,Can,Red,5.8oz,44.00,$2.71
Hill's Science Diet Puppy Science Beef,Diet,052742060347,Dog Food,Can,Green,5.8oz,55.00,$2.71
Hill's Adult 7+ Chicken Stew,Science Diet,052742018188,Dog Food,Can,Red,3.5oz,19.00,$3.04
Hill's Adult Beef Stew Diet,Science,052742018164,Dog Food,Can,Red,3.5oz,13.00,$3.04
Hill's Adult Chicken Stew Science Diet,,052742018140,Dog Food,Can,Red,3.5oz,17.00,$3.04
Hill's Puppy Chicken Stew Science Diet,,052742018126,Dog Food,Can,Green,3.5oz,3.00,$3.04
Royal Canin Adult 13.5oz Royal Canin,,030111420657,Dog Food,Can,,13.5oz,7.00,$5.00
Royal Canin Puppy 13.5oz,Royal Canin,030111420558,Dog Food,Can,,13.5oz,10.00,$4.68
Royal Canin 5.2oz Canin,Royal,030111420152,Dog Food,Can,,5.2oz,24.00,$3.59
Tetra Glo Orange/Yellow Tetra Plant,,046798786801,Aquatics,,,,4.00,$7.63
Natural Bal Duck 13.2oz Natural Balance,,723633001540,Dog Food,Can,,13.2oz,11.00,$4.13
Natural Bal Plant 13oz Balance,Natural,723633065559,Dog Food,Can,,,6.00,$3.37
Wellness 95% Beef 13.2oz,Wellness,076344894506,Dog Food,Can,,13.2oz,4.00,$4.79
Spot Squeakeeez,Wellness,077234521595,Toys,,,,1.00,$7.63
Wellness Lamb Stew 12.5oz,Wellness,076344017554,Dog Food,Can,,12.5oz,0.00,$4.57
Health Extension Shiny Coat 3.,Health Extension,810120991030,Dog Food,Can,,3.5oz,9.00,$2.71
Nutro Cut Gravy Chicken 3.5 oz,Nutro,079105117814,Dog Food,Can,,3.5oz,16.00,$2.39
Nutro Cut Gravy Beef 3.5 oz,Nutro,079105117838,Dog Food,Can,,3.5oz,21.00,$2.39
Wellness Mini-Filet Beef,Wellness,076344090359,Dog Food,Can,oz,,8.00,$2.61
Wellness Mini-Filet Chicken,Wellness,076344090335,Dog Food,Can,,3oz,6.00,$2.61
"Greenies Chicken,Duck 8/2oz",Greenies,642863117824,Dog Treats,,,,0.00,$24.14
Greenies Small Top Chicken & G,Greenies,642863117657,Dog Treats,,,,0.00,$3.27
Greenies Small Top Chicken & B,Greenies,642863117732,Dog Treats,,,,-6.00,$3.27
Greenies Small Top Chicken 2oz,Greenies,642863117671,Dog Treats,,,,0.00,$3.27
Greenies Small Top Beef Greenies 2oz,,642863117718,Dog Treats,,,,0.00,$3.27
Greenies Small Top Duck Greenies 2oz,,642863117695,Dog Treats,,,,8.00,$3.27
Health Extension Digestive Suport,Health Extension,810120990002,Dog Food,Can,,9oz,9.00,$3.38
Health Extension Lamb Extension,Health,810120990637,Dog Food,Can,,9oz,5.00,$5.33
Health Extension Chicken Health Extension,,810120990613,Dog Food,Can,,9oz,7.00,$5.33
Health Extension Beef Extension,Health,810120990620,Dog Food,Can,,9.2oz,7.00,$5.11
Health Extension Duck Extension,Health,810120991320,Dog Food,Can,,9oz,5.00,$5.33
Marineland Active Crbn 22oz,Marineland,047431782358,Aquatics,,,,0.00,$25.19
Pro Plan Shredded Salmon 15lb,Pro Plan,038100101297,Dog Food,Bag,,15lb,1.00,$40.94
Pro Plan Sensitive Turkey Pro Plan 16lb,,038100189745,Dog Food,Bag,,16lb,0.00,$51.44
Pro Plan Large Breed Salmon 34,Pro Plan,038100100993,Dog Food,Bag,,34lb,1.00,$104.99
Pro Plan Sensitive Large Pro Plan Breed,,038100190550,Dog Food,Bag,,35lb,0.00,$80.84
Red Barn Turkey Stew 12oz Red Barn Beef Stew 12oz Redbarn,Redbarn $4.02,785184105092,Dog Food,Can,,12oz,0.00,$4.02
Oasis Vita Drops Big Birds,Oasis Supplies,048054800580,Bird,,,,1.00,$19.94
Red Barn White Fish Stew 12oz,Redbarn,785184105177,Dog Food,Can,,12oz,0.00,$4.02
Spot Yarn Rolls 2pk,Spot,077234521571,Toys,,Brown,12.5oz,2.00,$7.63
NutriSource PureVita Turkey St,Nutrisource,073893962076,Dog Food,Can,Burgundy,12.5oz,1.00,$3.48
NutriSource PureVita Beef Stew,Nutrisource,073893962083,Dog Food,Can,Brown,12.5oz,2.00,$3.48
NutriSource PureVita Chicken S,Nutrisource,073893962052,Dog Food,Can,Red,12.5oz,0.00,$3.48
NutriSource Come- Pooch-A Beef,Nutrisource,073893905028,Dog Food Can Burgundy,7,oz,,5.00,$5.44
NutriSource Come- Pooch-A Chick,Nutrisource,073893905004,Dog Food Can Blue,7,oz,,6.00,$5.44
NutriSource Come- Pooch-A Turke,Nutrisource,073893905011,Dog Food Can Green,7,oz,,11.00,$6.53
NutriSource S/M Puppy,Nutrisource,073893040040,Dog Food,Can,Blue,5.5oz,10.00,$2.28
NutriSource Chicken & Rice,Nutrisource,073893021056,Dog Food,Can,Blue,12.3oz,12.00,$3.48
NutriSource Lamb Meal & Nutrisource Rice R,,073893021063,Dog Food,Can,Tan,12.3oz,14.00,$3.70
NutriSource Beef & Rice Nutrisource Recipe,,073893021094,Dog Food,Can,Burgundy,12.3oz,5.00,$3.48
"NutriSource Chicken, Lamb & Fi",Nutrisource,073893021070,Dog Food,Can,Burgundy,13oz,12.00,$3.59
NutriSource Grain Free Lamb Re,Nutrisource,073893021247,Dog Food,Can,Tan,12.3oz,1.00,$3.70
NutriSource Grain Free Chicken,Nutrisource,073893030003,Dog Food,Can,Red,13oz,0.00,$4.02
NutriSource Prairie Select Nutrisource Gra,,073893021216,Dog Food,Can,Red,12.3oz,0.00,$3.70
NutriSource Heartland Select G,Nutrisource,073893030027,Dog Food,Can,Blue,13oz,9.00,$3.15
NutriSource Woodlands Nutrisource Select G,,073893021223,Dog Food,Can,Red,13oz,2.00,$3.80
NutriSource High Plains Nutrisource Select,,073893021209,Dog Food,Can,Brown,13oz,0.00,$3.80
Taste of the Wild Sierra Mount,Taste Of The Wild,074198611096,Dog Food,Can,oz,,5.00,$3.04
Taste of the Wild High Prairie,Taste Of The Wild,074198610723,Dog Food,Can,oz,,4.00,$3.15
Taste of the Wild Southwest Ca,Taste Of The Wild,074198611454,Dog Food,Can,oz,,5.00,$3.15
Taste of the Wild Wetland Taste Of 13.2,The Wild,074198610716,Dog Food,Can,,13.2oz,6.00,$3.04
Taste of the Wild Pacific Taste Of Stre,The Wild,074198610730,Dog Food,Can,oz,,10.00,$2.61
Zignature Turkey 13oz,Zignature,888641131228,Dog Food,Can,,13oz,0.00,$3.48
Zignature Kangaroo 13oz Zignature,,888641131341,Dog Food,Can,,13oz,0.00,$4.68
Zignature Duck 13oz,Zignature,888641131235,Dog Food,Can,,13oz,0.00,$4.02
Zignature Lamb 13oz,Zignature,888641131211,Dog Food,Can,,13oz,0.00,$4.02
Zignature Trout & Salmon Zignature 13oz,,888641131204,Dog Food,Can,,13oz,0.00,$3.59
Zignature White Fish 13oz Zignature,,888641131402,Dog Food,Can,,13oz,0.00,$3.48
Zignature Pork 13oz,Zignature,888641131648,Dog Food,Can,,13oz,0.00,$3.80
Zignature Zssential 13oz,Zignature,888641131242,Dog Food,Can,,13oz,0.00,$3.59
Fromm Lamb & Sweet Potato Pâté,Fromm,072705119165,Dog Food,Can,Green,12.2oz,4.00,$4.13
Fromm Turkey Pâté 12.2oz,Fromm,072705118700,Dog Food,Can,Orange,12.2oz,14.00,$3.37
Fromm Turkey & Pumpkin Fromm Pâté 12,,072705119202,Dog Food,Can,Orange,12.2oz,10.00,$3.37
Fromm Chicken & Rice Pâté 12.2,Fromm,072705119226,Dog Food,Can,Gold,12.2oz,9.00,$3.37
Fromm Chicken Pâté 12.2oz,Fromm,072705119028,Dog Food,Can,Gold,12.2oz,17.00,$3.37
Fromm Beef & Barley Pâté 12.2o,Fromm,072705118663,Dog Food,Can,Red,12.2oz,22.00,$4.13
Fromm Chicken & Duck Fromm Pâté 12.2,,072705119042,Dog Food,Can,Orange,12.2oz,10.00,$3.37
Fromm Salmon & Chicken Fromm Pâté 12,,072705119004,Dog Food,Can,Pink,12.2oz,12.00,$3.37
Fromm Duck À La Veg Pâté 12.2o,Fromm,072705119240,Dog Food,Can,Purple,12.2oz,4.00,$4.13
Fromm Venison & Beef Pâté 12.2,Fromm,072705118724,Dog Food,Can,Brown,12.2oz,13.00,$4.13
Alive & Well for Birds Oasis Supplies,,048054800702,Bird,,,,1.00,$16.79
Fromm Seafood Medley Fromm Pâté 12.2,,072705119189,Dog Food,Can,Teal,12.2oz,7.00,$4.13
"Fromm Turkey, Duck, & Fromm Sweet Po",,072705119103,Dog Food,Can,Orange,12.2oz,23.00,$3.37
Fromm Whitefish & Lentil Fromm Pâté,,072705119080,Dog Food,Can,Blue,12.2oz,0.00,$4.02
Fromm Chicken & Sweet Fromm Potato P,,072705119066,Dog Food,Can,Gold,12.2oz,10.00,$4.24
Fromm Beef & Sweet Potato Pâté,Fromm,072705119141,Dog Food,Can,Red,12.2oz,3.00,$4.13
"Fromm Frommbalaya Beef, Vegeta",Fromm,072705132089,Dog Food,Can,Burgundy,12.5oz,0.00,$4.02
Fromm Classic Adult Chicken &,Fromm,072705130047,Dog Food,Can,Teal,12.5oz,20.00,$2.71
Fromm Shredded Chicken Fromm,,072705118809,Dog Food,Can,Teal,12oz,3.00,$5.44
Fromm Classic Adult Turkey & R,Fromm,072705130061,Dog Food,Can,Teal,12.5oz,31.00,$2.71
Fromm Classic Puppy Chicken &,Fromm,072705130085,Dog Food,Can,Gold,12.5oz,29.00,$3.04
Fromm Gold Nutritionals Immuni,Fromm,072705136209,Dog Food,Can,Teal,13oz,47.00,$4.24
Fromm Gold Nutritionals Mobili,Fromm,072705136100,Dog Food,Can,Teal,13oz,9.00,$4.79
Fromm Gold Nutritionals Digest,Fromm,072705136001,Dog Food,Can,Teal,13oz,9.00,$4.13
Diamond Beef 13.2oz,Diamond,074198612734,Dog Food,Can,,13.2oz,10.00,$3.37
Diamond Lamb 13.2oz,Diamond,074198612727,Dog Food,Can,,13.2oz,9.00,$3.37
VICTOR Turkey & Sweet Potato 1,VICTOR,854524005436,Dog Food,Can,oz,,12.00,$3.04
VICTOR Beef & Vegetable 13.2oz,VICTOR,854524005450,Dog Food,Can,,13.5oz,0.00,$3.15
VICTOR Chicken & Vegetable 13.,VICTOR,854524005429,Dog Food,Can,,13.2oz,0.00,$3.04
VICTOR Lamb & Rice 13.2oz,VICTOR,854524005443,Dog Food,Can,,13.2oz,8.00,$3.15
VICTOR Chicken & Rice 13.2oz,VICTOR,854524005412,Dog Food,Can,,13.2oz,6.00,$3.15
Hill's Science Diet Flexi- Stix,Science Diet,052742368016,Dog Treats None Burgundy,7.1,oz,,0.00,$8.73
Hill's Science Diet Crunchy Cr,Science Diet,052742187907,Dog Treats None Red,6,oz,,8.00,$6.54
Hill's Science Diet Flexi- Stix,Science Diet,052742368207,Dog Treats None Burgundy,7.1,oz,,2.00,$9.44
Oasis Vita Drops Small Birds,Oasis Supplies,048054802577,Bird,,,,1.00,$19.94
Valu-Pak 24/20 Red 50lb,Valu-Pak,071898431863,Dog Food,Bag,,50lb,9.00,$45.14
Valu-Pak 28/20 Bla 50lb,Valu-Pak,071898431962,Dog Food,Bag,,50lb,23.00,$48.29
Valu-Pak 30/20 Purpl 50lb Valu-Pak,,071898122426,Dog Food,Bag,,50lb,7.00,$51.44
Wholesomes Sensitive 30lb,Wholesome s,034846580112,Dog Food,Bag,,30lb,3.00,$52.49
Wholesomes Sensitive Salmon 30,Wholesome s,034846580105,Dog Food,Bag,,30lb,3.00,$52.49
VICTOR Puppy 30lb,VICTOR,894308002473,Dog Food,Bag,,30lb,3.00,$62.99
VICTOR Puppy 5lb,VICTOR,894308002169,Dog Food,Bag,,5lb,0.00,$15.74
VICTOR Beef 30lb,VICTOR,899944446445,Dog Food,Bag,,30lb,0.00,$44.09
VICTOR Beef 15lb,VICTOR,854524005092,Dog Food,Bag,,15lb,1.00,$29.39
VICTOR Beef 5lb,VICTOR,894308002336,Dog Food,Bag,,5lb,3.00,$12.59
VICTOR Nutra Pro 40lb,VICTOR,854524005085,Dog Food,Bag,,40lb,2.00,$64.04
VICTOR Multi 30lb,VICTOR,854524005214,Dog Food,Bag,,30lb,2.00,$37.79
VICTOR Ocean Fish 40lb VICTOR,,894308002497,Dog Food,Bag,,40lb,1.00,$69.29
VICTOR Lamb & Sweet Potato 30l,VICTOR,854524005177,Dog Food,Bag,,30lb,0.00,$70.34
VICTOR Lamb & Sweet Potato 15l,VICTOR,854524005160,Dog Food,Bag,,15lb,0.00,$40.94
VICTOR Lamb & Sweet Potato 5lb,VICTOR,854524005184,Dog Food,Bag,,5lb,0.00,$16.79
VICTOR Lamb & Rice 15lb,VICTOR,854524005115,Dog Food,Bag,,15lb,2.00,$37.79
VICTOR Lamb & Brown Rice 5lb,VICTOR,894308002053,Dog Food,Bag,,5lb,1.00,$15.74
VICTOR Sensitive Lamb 15lb,VICTOR,899944446346,Dog Food,Bag,,15lb,2.00,$37.79
VICTOR Sensitive Lamb 5lb,VICTOR,899944446339,Dog Food,Bag,,5lb,0.00,$15.74
VICTOR Salmon Sensitive 5lb,VICTOR,899944446391,Dog Food,Bag,,5lb,2.00,$15.74
VICTOR Hi Pro 15lb,VICTOR,854524005139,Dog Food,Bag,,15lb,2.00,$33.59
Mesh Cat Harness & Leash Red,Coastal Pet And Collars,076484638671,Leashes And Collars,,,,1.00,$19.99
Coastal Adjustable Cat Harness Black,Coastal And Collars,076484063411,Leashes And Collars,,,,1.00,$11.59
VICTOR Yukon 30lb,VICTOR,894308002510,Dog Food Bag,30lb,,,2.00,$69.29
VICTOR Performance 40lb,VICTOR,894308002404,Dog Food Bag,40lb,,,1.00,$56.69
Coastal Adjustable Cat Harness Blue,Coastal And Collars,076484063428,Leashes And Collars,,,,1.00,$11.59
Mesh Cat Harness & Leash Blue,Coastal Pet And Collars,076484638640,Leashes And Collars,,,,1.00,$19.99
Acana Freeze Dried Turkey 14oz,Acana,064992715595,Dog Food Bag,14,oz,,1.00,$32.54
Acana Freeze Dried Duck Acana 14oz,,064992715632,Dog Food Bag,14,oz,,1.00,$32.54
Acana Freeze Dried Chicken 14oz,Acana,064992715557,Dog Food Bag,14,oz,,1.00,$32.54
Acana Freeze Dried Beef Acana 14oz,,064992715670,Dog Food Bag,14,oz,,1.00,$32.54
Primal Freeze Dried Beef Primal 5.5oz,,850334004317,Dog Treats,,,,0.00,$14.69
Primal Freeze Dried Beef Primal 14oz Primal Freeze Dried Turkey & S,$14.69,895135000809,Dog Treats,,,,1.00,$34.64
Primal Freeze Dried Turkey & S,Primal,895135000984,Dog Treats,,,,0.00,$34.64
Primal Freeze Dried Lamb Primal 14oz,,895135000991,Dog Treats,,,,2.00,$38.84
Primal Freeze Dried Pork Primal 14oz,,895135000595,Dog Treats,,,,0.00,$34.64
Primal Freeze Dried Nuggets 14,Primal,895135000823,Dog Food,Bag,lb,,3.00,$37.79
Coastal Cat Collar LDB12 Coastal,,076484761034,Leashes And Collars,,,,1.00,$8.29
Primal Kibble in the Raw Fish,Primal,810076943008,Dog Food Bag,1.5lb,,,1.00,$32.54
Primal Kibble in the Raw Chick,Primal,810076942940,Dog Food,Bag,lb,,0.00,$104.99
Primal Kibble in the Raw Chick,Primal,810076942995,Dog Food,Bag,,1.5lb,1.00,$30.44
Primal Kibble in the Raw Beef,Primal,810076942988,Dog Food,Bag,,1.5lb,1.00,$32.54
Primal Kibble in the Raw Puppy,Primal,810076942964,Dog Food,Bag,,9lb,0.00,$118.64
Primal Kibble in the Raw Puppy,Primal,810076943015,Dog Food,Bag,lb,,0.00,$30.44
Orijen Original Bites 6oz,Orijen,064992724184,Dog Food Bag,6,oz,,0.00,$18.89
Orijen Tundra Freeze Dried 8oz,Orijen,064992726003,Cat Treats,,,,0.00,$16.79
Orijen Original Freeze Dried 8,Orijen,064992725983,Cat Treats,,,,0.00,$18.89
Coastal Cat Collar SMW12,Shepherd And Collars,076484171727,Leashes And Collars,,,,2.00,$11.99
Vital Essentials Beef Protein,Vital Essentials,840199682010,Dog Food Bag,lb,,,0.00,$14.69
Vital Essentials Chicken Prote,Vital Essentials,840199682041,Dog Food,Bag,lb,,0.00,$14.69
Vital Essentials Turkey Protei,Vital Essentials,840199682133,Dog Food,Bag,lb,,-1.00,$14.69
Vital Essentials Chicken Mini,Vital Essentials,840199680061,Dog Food,Bag,lb,,0.00,$31.49
Vital Essentials Chicken Vital Mini,Essentials,840199681020,Dog Food,Bag,lb,,2.00,$31.49
Vital Essentials Beef Mini Vital Nib,Essentials,840199680030,Dog Food,Bag,lb,,0.00,$31.49
Vital Essentials Beef Mini Vital Pat,Essentials,840199681013,Dog Food,Bag,lb,,2.00,$31.49
Vital Essentials Duck Mini Vital Nib,Essentials,840199680092,Dog Food,Bag,lb,,1.00,$36.74
Vital Essentials Duck Mini Vital Pat Vital Essentials Turkey Mini N,Essentials $31.49 Essentials,840199681037,Dog Food,Bag,lb,,2.00,$31.49
Vital Essentials Turkey Mini P,Vital Essentials,840199681051,Dog Food,Bag,lb,,1.00,$31.49
Pro Plan Toy Puppy 5lb,Pro Plan,038100135407,Dog Food,Bag,,5lb,2.00,$27.29
Pro Plan Lamb Puppy 34lb,Pro Plan,038100132741,Dog Food,Bag,,34lb,1.00,$80.84
Pro Plan Lamb Puppy 18lb,Pro Plan,038100132765,Dog Food,Bag,,18lb,1.00,$50.39
Pro Plan Lamb Puppy 6lb Pro Plan,,038100113672,Dog Food,Bag,,6lb,0.00,$22.04
Pro Plan Puppy 34lb,Pro Plan,038100132703,Dog Food,Bag,,34lb,0.00,$86.09
Forza Replace Fzpuv Cartridge,Forza,048054810589,Aquatics,,,,0.00,$13.64
Pro Plan Puppy 6lb,Pro Plan,038100113627,Dog Food,Bag,,6lb,0.00,$22.04
Pro Plan Shredded Puppy Pro Plan 34lb,,038100142894,Dog Food,Bag,,34lb,1.00,$86.09
Pro Plan Shredded Puppy Pro Plan 18lb,,038100142887,Dog Food,Bag,,18lb,1.00,$51.44
Pro Plan Shredded Puppy Pro Plan 6lb,,038100142900,Dog Food,Bag,,6lb,3.00,$20.99
Pro Plan Large Breed Puppy 34l,Pro Plan,038100132635,Dog Food,Bag,,34lb,2.00,$82.94
Pro Plan Large Breed Puppy 18l,Pro Plan,038100132642,Dog Food,Bag,,18lb,0.00,$50.39
Pro Plan Large Breed 34lb,Pro Plan,038100132536,Dog Food,Bag,,34lb,2.00,$82.94
Pro Plan Large Breed 18lb,Pro Plan,038100132529,Dog Food,Bag,,18lb,0.00,$52.49
Pro Plan Small Breed 18lb,Pro Plan,038100131928,Dog Food,Bag,,18lb,1.00,$51.44
Pro Plan Small Breed Chicken 6,Pro Plan,038100131904,Dog Food,Bag,lb,,0.00,$27.29
Pro Plan Small Breed Chicken S,Pro Plan,038100160508,Dog Food,Bag,lb,,2.00,$51.44
Pro Plan Small Breed Chicken S,Pro Plan,038100160478,Dog Food,Bag,lb,,3.00,$28.34
Pro Plan Lamb Shredded Pro Plan 35lb,,038100130631,Dog Food,Bag,,35lb,0.00,$78.74
Pro Plan Lamb Shredded Pro Plan 15lb,,038100101389,Dog Food,Bag,,15lb,2.00,$41.99
Pro Plan Lamb Shredded Pro Plan 5lb,,038100101365,Dog Food,Bag,,5lb,4.00,$19.94
Pro Plan Chicken Shredded 35lb,Pro Plan,038100130594,Dog Food,Bag,,35lb,2.00,$78.74
Pro Plan Chicken Shredded 15lb,Pro Plan,038100101679,Dog Food,Bag,,15lb,3.00,$40.94
Pro Plan Beef Shredded Pro Plan 35lb,,038100130518,Dog Food,Bag,,35lb,1.00,$81.89
Pro Plan Beef Shredded Pro Plan 15lb,,038100101334,Dog Food,Bag,,15lb,2.00,$40.94
Pro Plan Beef Shredded Pro Plan 5lb,,038100101310,Dog Food,Bag,,5lb,2.00,$19.94
Coastal Cat Collar SEB12 Pro Plan,,076484670732,Leashes And Collars,,,,2.00,$10.99
Coastal Cat Collar DBM12,Coastal And Collars,076484670701,Leashes And Collars,,,,0.00,$11.99
Pro Plan Chicken Shredded 6lb,Pro Plan,038100130549,Dog Food Bag,6lb,,,3.00,$25.19
Pro Plan Weight Management 34l,Pro Plan,038100131874,Dog Food,Bag,,34lb,0.00,$80.84
Pro Plan Weight Management 18l,Pro Plan,038100131867,Dog Food,Bag,,18lb,1.00,$52.49
Pro Plan Weight Management Shr,Pro Plan,038100140265,Dog Food,Bag,lb,,1.00,$82.94
Pro Plan Weight Management Shr,Pro Plan,038100140241,Dog Food,Bag,lb,,1.00,$51.44
Pro Plan Weight Management Sh,Pro Plan,038100140272,Dog Food,Bag,lb,,6.00,$28.34
Pro Plan Sensitive Lamb Pro Plan 24lb,,038100175670,Dog Food,Bag,,24lb,1.00,$81.89
Coastal Cat Collar GLS12 Coastal,,076484067563,Leashes And Collars,,,,2.00,$10.99
Pro Plan Sensitive Salmon 30lb,Pro Plan,038100175526,Dog Food Bag,30lb,,,1.00,$82.94
Pro Plan Sensitive Salmon 16lb,Pro Plan,038100175458,Dog Food,Bag,,16lb,3.00,$51.44
Pro Plan Sensitive Salmon 4lb,Pro Plan,038100100757,Dog Food,Bag,,4lb,2.00,$27.29
Pro Plan Sensitive Small Breed,Pro Plan,038100177032,Dog Food,Bag,lb,,2.00,$51.44
Pro Plan Sensitive Puppy Salmo,Pro Plan,038100187642,Dog Food,Bag,lb,,0.00,$52.49
Fromm Rancherosa 12 lb,Fromm,072705114825,Dog Food,Bag,Teal,12lb,1.00,$46.19
Fromm Lamb & Lintel 12 lb,Fromm,072705114528,Dog Food,Bag,Teal,12lb,1.00,$47.24
Fromm Gold Adult Gold with Anc,Fromm,072705105939,Dog Food,Bag,Teal,15lb,0.00,$32.54
Pro Plan Small Breed Sensitive,Pro Plan,038100100801,Dog Food,Bag,lb,,1.00,$27.29
Cage Saver Supplies,,048081001097,Bird,,,,4.00,$4.36
Canidae All Life Stages Salmon,Canidae,076484066283,Dog Food,Bag,,12.3oz,0.00,$13.64
IAMS Small Breed 7lb,Iams,019014803446,Dog Food,Bag,,7lb,0.00,$25.19
IAMS Mini Chunks 30lb,Iams,019014700714,Dog Food,Bag,,30lb,2.00,$61.94
IAMS Mini Chunks 15lb,Iams,019014610907,Dog Food,Bag,,15lb,2.00,$44.09
IAMS Mini Chunks 7lb,Iams,030172093210,Dog Food,Bag,,7lb,0.00,$23.09
Wellness White Fish 26lb Wellness,,076344088912,Dog Food,Bag,,26lb,0.00,$60.89
Wellness Small Breed Core 12lb,Wellness,076344884217,Dog Food,Bag,,12lb,0.00,$51.44
Wellness Small Breed Turkey 4l,Wellness,076344891109,Dog Food,Bag,,4lb,0.00,$20.99
Wellness Small Breed Weight 4l,Wellness,076344891185,Dog Food,Bag,,4lb,0.00,$23.09
Earthborn Coastal Catch 25lb,Earthborn,034846540208,Cat Food,Bag,,25lb,0.00,$54.59
Earthborn Coastal Catch 12.5lb,Earthborn,034846540215,Cat Food,Bag,,12.5lb,2.00,$36.74
Earthborn Meadow 25lb,Earthborn,034846540307,Dog Food,Bag,,25lb,0.00,$55.64
Eukanuba Large Breed Lamb 30lb,Eukanuba,030111310019,Dog Food,Bag,,30lb,0.00,$101.84
Eukanuba Large Breed 30lb,Eukanuba,030111302052,Dog Food,Bag,,30lb,0.00,$92.39
Eukanuba Medium Br 16lb,Eukanuba,030111160027,Dog Food,Bag,,16lb,0.00,$58.79
Eukanuba Small Breed 4.5lb,Eukanuba,030111804501,Dog Food,Bag,,4.5lb,3.00,$24.14
Eukanuba Small Breed Puppy 15l,Eukanuba,030111150066,Dog Food,Bag,,15lb,0.00,$62.99
Eukanuba Small Breed Puppy 4.5,Eukanuba,030111208903,Dog Food,Bag,,4.5lb,4.00,$26.24
Max Bully 30lb,Max,030626101300,Dog Food,Bag,,30lb,0.00,$71.39
Max Bully 5lb,Max,030626101058,Dog Food,Bag,,5lb,1.00,$19.94
Pure Vita Grain Free Beef Nutrisource 25lb,,073893181002,Dog Food,Bag,,25lb,2.00,$82.94
Pure Vita Grain Free Beef Nutrisource,,073893181118,Dog Food,Bag,lb,,0.00,$24.14
Perch Supplies,Prevue,048081003305,Bird,,,,4.00,$4.36
Pure Vita Turkey Grain Free 12,Nutrisource,073893175032,Dog Food,Bag,,12lb,2.00,$46.19
Pure Vita Small Bite Grain Nutrisource Fre,,073893175117,Dog Food,Bag,lb,,0.00,$23.09
Pure Vita Chicken & Brown Rice,Nutrisource,073893170020,Dog Food,Bag,lb,,0.00,$17.84
Pure Vita Grain Free Salmon &,Nutrisource,073893177005,Dog Food,Bag,,25lb,3.00,$73.49
Pure Vita Grain Free Salmon,Nutrisource,073893177036,Dog Food,Bag,,12lb,2.00,$50.39
Pure Vita Grain Free Sa Nutrisource,,073893177029,Dog Food,Bag,lb,,0.00,$23.09
NutriSource Element Series Ope,Nutrisource,073893300106,Dog Food,Bag,Black,4lb,1.00,$22.04
NutriSource Choice Chicken & B,Nutrisource,073893210009,Dog Food,Bag,Green,30lb,1.00,$47.24
NutriSource Choice Whitefish M,Nutrisource,073893250005,Dog Food,Bag,Blue,30lb,1.00,$50.39
NutriSource Performance Chicke,Nutrisource,073893212300,Dog Food,Bag,Blue,40lb,2.00,$71.39
NutriSource Grain Free Small &,Nutrisource,073893299783,Dog Food,Bag,Purple,4lb,2.00,$23.09
NutriSource Large Breed Grain,Nutrisource,073893292012,Dog Food,Bag,Tan,26lb,0.00,$57.74
NutriSource Grain Free Senior,Nutrisource,073893299578,Dog Food,Bag,Brown,12lb,2.00,$39.89
NutriSource Grain Free Senior,Nutrisource,073893299585,Dog Food,Bag,Brown,4lb,1.00,$22.04
NutriSource Grain Free Weight,Nutrisource,073893299059,Dog Food,Bag,Green,26lb,2.00,$69.29
NutriSource Grain Free Weight,Nutrisource,073893299073,Dog Food,Bag,Green,12lb,1.00,$41.99
NutriSource Grain Free Weight,Nutrisource,073893299080,Dog Food,Bag,Green,4lb,2.00,$22.04
Perch Birdie Basics S/M Supplies,Vitakraft,048081003701,Bird,,,,-1.00,$3.27
NutriSource Small Bites Seafoo,Nutrisource,073893430100,Dog Food,Bag,Red,15lb,0.00,$46.19
NutriSource Small Bites Nutrisource Seafoo,,073893430148,Dog Food,Bag,Red,4lb,3.00,$23.09
NutriSource Grain Free Lamb Me,Nutrisource,073893291107,Dog Food,Bag,Tan,26lb,3.00,$68.24
NutriSource Grain Free Lamb Me,Nutrisource,073893291077,Dog Food,Bag,Tan,12lb,2.00,$44.09
NutriSource Grain Free Lamb Me,Nutrisource,073893291084,Dog Food,Bag,Tan,4lb,0.00,$22.04
NutriSource Large Breed Nutrisource Lamb M,,073893267027,Dog Food,Bag,Tan,26lb,0.00,$59.84
NutriSource Lamb Meal & Nutrisource Rice R,,073893266051,Dog Food,Bag,Tan,26lb,3.00,$58.79
NutriSource Lamb Meal & Nutrisource Rice R,,073893266068,Dog Food,Bag,Tan,12lb,0.00,$43.04
NutriSource Lamb Meal & Nutrisource Rice R,,073893266044,Dog Food,Bag,Tan,4lb,0.00,$20.99
NutriSource Beef & Rice Nutrisource Recipe,,073893268062,Dog Food,Bag,Burgundy,26lb,2.00,$58.79
NutriSource Beef & Rice Nutrisource Recipe,,073893268079,Dog Food,Bag,Burgundy,12lb,3.00,$41.99
NutriSource Beef & Rice Nutrisource Recipe,,073893268086,Dog Food,Bag,Burgundy,4lb,7.00,$19.94
NutriSource Senior Chicken & R,Nutrisource,073893265054,Dog Food,Bag,Red,26lb,1.00,$59.84
NutriSource Senior Chicken & R,Nutrisource,073893265047,Dog Food,Bag,Red,12lb,0.00,$39.89
NutriSource Senior Chicken & R,Nutrisource,073893265061,Dog Food,Bag,Red,4lb,7.00,$16.79
NutriSource Weight Management,Nutrisource,073893212560,Dog Food,Bag,Red,26lb,2.00,$68.24
NutriSource Weight Management,Nutrisource,073893212577,Dog Food,Bag,Red,12lb,0.00,$38.84
NutriSource Adult Small Nutrisource Bites,,073893260158,Dog Food,Bag,Blue,12lb,0.00,$38.84
NutriSource Large Breed Nutrisource Chicke,,073893261025,Dog Food,Bag,Blue,26lb,1.00,$57.74
NutriSource Adult Chicken & Ri,Nutrisource,073893260103,Dog Food,Bag,Blue,26lb,14.00,$57.74
NutriSource Adult Chicken & Ri,Nutrisource,073893260110,Dog Food,Bag,Blue,12lb,6.00,$38.84
Bird Perch 16'' Supplies,Vitakraft,048081003732,Bird,,,,2.00,$4.36
NutriSource Large Breed Nutrisource Puppy,,073893264101,Dog Food Bag,Purple,,26lb,2.00,$59.84
NutriSource Large Breed Nutrisource Puppy,,073893264040,Dog Food Bag,Purple,,12lb,2.00,$40.94
NutriSource Large Breed Nutrisource Puppy,,073893264064,Dog Food Bag,Purple,,4lb,4.00,$16.79
NutriSource Small & Medium Bre,Nutrisource,073893263104,Dog Food Bag,Blue,,26lb,2.00,$59.84
NutriSource Small & Medium Bre,Nutrisource,073893263067,Dog Food Bag,Blue,,4lb,6.00,$20.99
NutriSource Small & Medium Bre,Nutrisource,073893263050,Dog Food Bag,Blue,,1.5lb,2.00,$4.15
RedBarn Large Breed Grain Free,Redbarn,785184125045,Dog Treats,,,,2.00,$88.19
RedBarn Large Breed With Grain,Redbarn,785184126004,Dog Food Bag,22lb,,,2.00,$81.89
RedBarn Large Breed With Grain,Redbarn,785184125090,Dog Food Bag,15lb,,,1.00,$48.29
RedBarn Large Breed Grain Free,Redbarn,785184125038,Dog Treats,15lb,,,0.00,$50.39
Durvet Triple Wormer 12pk Chw,Durvet,048081008218,Accessories,,,,0.00,$45.14
RedBarn Ocean With Whole Grain,Redbarn,785184120170,Dog Treats,22lb,,,5.00,$70.34
RedBarn Ocean Grain Free 22lb,Redbarn,785184120149,Dog Treats,22lb,,,2.00,$70.34
RedBarn Ocean Whole Grain 4lb,Redbarn,785184120095,Dog Treats,4lb,,,2.00,$19.94
RedBarn Land Grain Free Redbarn 22lb,,785184120125,Dog Food Bag,22lb,,,2.00,$68.24
RedBarn Land Grain Free Redbarn 4lb,,785184120040,Dog Treats,4lb,,,3.00,$25.19
RedBarn Land With Whole Grain,Redbarn,785184120156,Dog Treats,22lb,,,1.00,$68.24
RedBarn Puppy With Grain 22lb,Redbarn,785184125076,Dog Treats,22lb,,,1.00,$59.84
RedBarn Sky Grain Free Redbarn 22lb,,785184120132,Dog Food Bag,22lb,,,2.00,$59.84
RedBarn Sky Grain Free 4lb,Redbarn,785184120057,Dog Treats,4lb,,,2.00,$23.09
RedBarn Sky With Grain 22lb,Redbarn,785184120163,Dog Treats,22lb,,,2.00,$60.89
RedBarn Sky With Grain 4lb,Redbarn,785184120088,Dog Treats,4lb,,,2.00,$19.94
RedBarn Large Breed Puppy Grai,Redbarn,785184125007,Dog Treats,22lb,,,2.00,$66.14
Orijen Puppy,Orijen,064992101459,Dog Food,Bag,,4.5lb,0.00,$32.54
Orijen Small Breed 4lb,Orijen,064992581404,Dog Food,Bag,,4lb,3.00,$28.34
Orijen Original 23.5lb,Orijen,064992103255,Dog Food,Bag,,23.5lb,0.00,$88.19
Orijen Original 13lb,Orijen,064992103132,Dog Food,Bag,,13lb,0.00,$58.79
Orijen Six Fish 23.5lb,Orijen,064992106256,Dog Food,Bag,,23.5lb,1.00,$101.84
Orijen Six Fish 13lb,Orijen,064992106133,Dog Food,Bag,,13lb,1.00,$65.09
Orijen Large Breed Puppy Orijen 23.5l,,064992102258,Dog Food,Bag,,23.5lb,1.00,$85.04
Orijen Regional Red 13lb Orijen,,064992105136,Dog Food,Bag,,13lb,0.00,$70.34
Orijen Regional Red 4.5lb Orijen,,064992105457,Dog Food,Bag,,4.54lb,1.00,$34.64
Orijen Fit & Trim 23.5lb,Orijen,064992107253,Dog Food,Bag,,23.5lb,1.00,$88.19
Orijen Fit & Trim 4.5lb,Orijen,064992107451,Dog Food,Bag,,4.5lb,1.00,$34.64
Acana With Grain Duck 4lb,Acana,064992517458,Dog Food,Bag,,4lb,2.00,$29.39
Acana Butcher's Salmon Acana 4lb,,064992723422,Dog Food,Bag,,4lb,1.00,$31.49
Acana Butcher's Beef 4lb Acana,,064992723408,Dog Food,Bag,,4lb,2.00,$30.44
Acana Butcher's Chicken Acana 4lb,,064992723385,Dog Food,Bag,,4lb,0.00,$28.34
Acana Butcher's Chicken Acana 17lb,,064992723392,Dog Food,Bag,,17lb,1.00,$76.64
Acana With Grain Sea 4lb Acana,,064992585457,Dog Food,Bag,,4lb,1.00,$28.34
Blue Buffalo Small Breed Blue Buffalo Puppy,,840243144181,Dog Food,Bag,,5lb,0.00,$20.99
Blue Buffalo Puppy 15lb Blue Buffalo,,859610000036,Dog Food,Bag,,15lb,0.00,$49.34
Blue Buffalo Puppy 5lb,Blue Buffalo,840243144082,Dog Food,Bag,,5lb,3.00,$25.19
Blue Buffalo Small Bite 30lb,Blue Buffalo,859610007455,Dog Food,Bag,,30lb,1.00,$76.64
Blue Buffalo Small Bite 15lb,Blue Buffalo,859610007448,Dog Food,Bag,,15lb,0.00,$49.34
Blue Buffalo Chicken 30lb Blue Buffalo,,859610000111,Dog Food,Bag,,30lb,1.00,$71.39
Blue Buffalo Chicken 15lb Blue Buffalo,,859610000098,Dog Food,Bag,,15lb,1.00,$51.44
Blue Buffalo Chicken 5lb,Blue Buffalo,840243144075,Dog Food,Bag,,5lb,2.00,$22.04
Blue Buffalo Lamb 30lb,Blue Buffalo,859610000371,Dog Food,Bag,,30lb,0.00,$80.84
Blue Buffalo Lamb 15lb,Blue Buffalo,859610000357,Dog Food,Bag,,15lb,1.00,$53.54
Pacific Perch S/M Supplies,Prevue,048081010105,Bird,,,,2.00,$12.59
Blue Buffalo Small Breed Blue Buffalo 15lb,,840243104888,Dog Food,Bag,,15lb,0.00,$53.54
Blue Buffalo Small Breed Blue Buffalo 5lb,,840243144112,Dog Food,Bag,,5lb,2.00,$24.14
Blue Buffalo Small Breed Blue Buffalo Lamb,,840243105687,Dog Food,Bag,,15lb,2.00,$55.64
Blue Buffalo Small Breed Blue Buffalo Lamb,,840243144129,Dog Food,Bag,,5lb,2.00,$25.19
Blue Buffalo Small Breed Blue Buffalo Senio,,840243105311,Dog Food,Bag,,15lb,3.00,$53.54
BB Small Breed Senior 5 Blue Buffalo lb,,840243144167,Dog Food,Bag,,5lb,2.00,$24.14
Blue Buffalo Senior 30lb Blue Buffalo,,859610000173,Dog Food,Bag,,30lb,0.00,$73.49
Blue Buffalo Senior 15lb,Blue Buffalo,859610000159,Dog Food,Bag,,15lb,0.00,$49.34
Blue Buffalo Large Breed Blue Buffalo Puppy,,859610000449,Dog Food,Bag,,30lb,0.00,$73.49
Blue Buffalo Large Breed Blue Buffalo H Wei,,840243105250,Dog Food,Bag,lb,,0.00,$79.79
Blue Buffalo Large Breed Blue Buffalo 15lb,,859610000364,Dog Food,Bag,,15lb,0.00,$49.34
Blue Buffalo Large Breed Blue Buffalo 30lb,,859610000388,Dog Food,Bag,,30lb,1.00,$80.84
Blue Buffalo Freedom Small Bre,Blue Buffalo,859610006830,Dog Food,Bag,,11lb,0.00,$46.99
Blue Buffalo Freedom Small Bre,Blue Buffalo,859610006816,Dog Food,Bag,,4lb,0.00,$28.34
Blue Buffalo Basic Small Blue Buffalo Breed,,859610005789,Dog Food,Bag,,4lb,0.00,$30.44
Blue Buffalo Basic Turkey Blue Buffalo 4lb,,859610007509,Dog Food,Bag,,4lb,0.00,$25.19
Blue Buffalo Basic Salmon 4lb,Blue Buffalo,840243105427,Dog Food,Bag,,4lb,0.00,$33.59
BB Wilderness LB Chicken 24 lb,Blue Buffalo,840243148615,Dog Food,Bag,,24lb,0.00,$81.89
Blue Buffalo Wilder Small Bree,Blue Buffalo,840243148318,Dog Food,Bag,,13lb,0.00,$64.04
Blue Buffalo Wilder Small Bree,Blue Buffalo,840243148608,Dog Food,Bag,,4.5lb,0.00,$31.49
Bionic Ball Small,Bionic,048081010938,Toys,,,,0.00,$6.54
"MidWest Spree Kennel Green 24"" Pets",MidWest Homes For,02777301958,Dog Cages,,,,0.00,$31.49
"MidWest Spree Kennel Red 24"" Pets",MidWest Homes For,027773019602,Dog Cages,,,,0.00,$31.49
"MidWest Spree Kennel Red 19"" Pets",MidWest Homes For,027773019572,Dog Cages,,,,0.00,$26.24
"Exercise Pen 48""",Dockstel,029695550157,Dog Cages,,,,0.00,$194.24
"PetCrest Exercise Pen 36""",PetCrest,784099025327,Dog Cages,,,,0.00,$94.49
"MidWest Exercise Pen 24"" Pets",MidWest Homes For,027773024811,Dog Cages,"24""",,,1.00,$79.79
"PetCrest 48"" Double Door PetCrest",,784099025143,Dog Cages,,,,1.00,$178.49
"PetCrest 36"" Double Door PetCrest",,784099025129,Dog Cages,,,,-1.00,$136.49
"PetCrest 30"" Double Door PetCrest",,784099025112,Dog Cages,,,,0.00,$83.99
"PetCrest 24"" Double Door PetCrest",,784099025105,Dog Cages,,,,-1.00,$66.14
"PetCrest 42"" Double Door PetCrest",,784099025136,Dog Cages,,,,0.00,$142.79
"MidWest 36"" Single Door MidWest Homes For Pets",,027773021995,Dog Cages,,,,1.00,$104.99
"MidWest 30"" Single Door MidWest Homes For Pets",18.90W X 21.46H in,027773021988,Dog Cages,30.71L,X,,1.00,$83.99
"MidWest 24"" Single Door MidWest Homes For Pets",17.49W X 19.49H in,027773021971,Dog Cages,24.77L,X,,0.00,$62.99
"MidWest 18"" Single Door MidWest Homes For Pets",12.56W X 14.38H in,027773021964,Dog Cages,18.98L,X,,2.00,$41.99
"PetCrest 48"" Single Door PetCrest",,784099025051,Dog Cages,,,,-1.00,$157.49
"PetCrest 42"" Single Door PetCrest",,784099025044,Dog Cages,,,,0.00,$136.49
Fromm Gold Coast Weight Management 26 lb,Fromm,072705104406,Dog Food,Bag,Gold,26lb,2.00,$70.34
Fromm Hasen Duckenpfeffer 12 lb,Fromm,072705114627,Dog Food,Bag,Teal,12lb,2.00,$46.19
Fromm Hasen Duckenpfeffer 4 lb,Fromm,072705114641,Dog Food,Bag,Teal,4lb,5.00,$16.79
Fromm Chicken au Frommage 26 lb,Fromm,072705114702,Dog Food,Bag,Teal,26lb,1.00,$73.49
Fromm Chicken au Frommage 12 lb,Fromm,072705114726,Dog Food,Bag,Teal,12lb,-1.00,$41.99
Fromm Chicken au Frommage 4 lb,Fromm,072705114740,Dog Food,Bag,Teal,4lb,5.00,$14.69
Carpenter Creations Supplies,Prevue,048081011362,Bird,,,,3.00,$10.49
Fromm Game Bird 12 lb,Fromm,072705114429,Dog Food,Bag,Olive,12lb,3.00,$46.19
Fromm Game Bird 4 lb,Fromm,072705114443,Dog Food,Bag,Olive,4lb,6.00,$16.79
Carpenter Creations Supplies,Prevue,048081011393,Bird,,,,2.00,$19.94
Fromm Beef Frittata Veg Fromm 4 lb,,072705114146,Dog Food,Bag,Teal,4lb,5.00,$16.79
Fromm Pork & Peas 12 lb,Fromm,072705114320,Dog Food,Bag,Teal,12lb,2.00,$46.19
Fromm Pork & Peas 4 lb,Fromm,072705114344,Dog Food,Bag,Teal,4lb,6.00,$16.79
Fromm Surf & Turf 26 lb,Fromm,072705116508,Dog Food,Bag,Teal,26lb,1.00,$81.89
Fromm Surf & Turf 12 lb,Fromm,072705116522,Dog Food,Bag,Teal,12lb,0.00,$46.19
Fromm Surf & Turf 4 lb,Fromm,072705116546,Dog Food,Bag,Teal,4lb,0.00,$16.79
Fromm Highlander Beef Fromm 26 lb,,072705114917,Dog Food,Bag,Teal,26lb,3.00,$82.94
Fromm Lamb & Lentil 26 Fromm lb,,072705114504,Dog Food,Bag,Teal,26lb,2.00,$83.99
Fromm Lamb & Lentil 4 lb,Fromm,072705114542,Dog Food,Bag,Teal,4lb,2.00,$17.84
Fromm Rancherosa 4 lb,Fromm,072705114849,Dog Food,Bag,Teal,4lb,3.00,$17.84
Fromm Zealambder 26 lb,Fromm,072705115013,Dog Food,Bag,Teal,26lb,3.00,$82.94
Fromm Four-Star Salmon Fromm Tunalin,,072705108015,Dog Food,Bag,Teal,26lb,0.00,$64.04
Wee Wee Outdoor EL Super Scooper,Wee-Wee,045663182427,Accessories,Teal,,12lb,1.00,$32.54
Fromm Trout & Whitefish Fromm 4 lb,,072705108060,Dog Food,Bag,Teal,4lb,4.00,$16.79
Fromm Pork & Applesauce 26 lb,Fromm,072705114016,Dog Food,Bag,Teal,26lb,1.00,$58.79
Fromm Pork & Applesauce 12 lb,Fromm,072705114030,Dog Food,Bag,Teal,12lb,4.00,$32.54
Fromm Pork & Applesauce 4 lb,Fromm,072705114061,Dog Food,Bag,Teal,4lb,4.00,$15.74
Fromm Salmon À La Veg Fromm 26 lb,,072705116416,Dog Food,Bag,Teal,26lb,0.00,$64.04
Fromm Salmon À La Veg Fromm 12 lb,,072705116430,Dog Food,Bag,Teal,12lb,1.00,$35.69
Fromm Salmon À La Veg Fromm 4 lb,,072705116461,Dog Food,Bag,Teal,4lb,5.00,$16.79
Fromm Whitefish & Potato 26 lb,Fromm,072705116317,Dog Food,Bag,Teal,26lb,2.00,$61.94
Fromm Whitefish & Potato 12 lb,Fromm,072705116331,Dog Food,Bag,Teal,12lb,1.00,$33.59
Fromm Whitefish & Potato 4 lb,Fromm,072705116362,Dog Food,Bag,Teal,4lb,2.00,$15.74
Fromm Duck À La Veg 26 Fromm lb,,072705116218,Dog Food,Bag,Teal,26lb,2.00,$60.89
Fromm Duck À La Veg 12 Fromm lb,,072705116232,Dog Food,Bag,Teal,12lb,3.00,$33.59
Fromm Duck À La Veg 4 Fromm lb,,072705116263,Dog Food,Bag,Teal,4lb,2.00,$15.74
Fromm Chicken À La Veg Fromm 26 lb,,072705116119,Dog Food,Bag,Teal,26lb,3.00,$57.74
Fromm Chicken À La Veg Fromm 12 lb,,072705116133,Dog Food,Bag,Teal,12lb,2.00,$32.54
Fromm Chicken À La Veg Fromm 4 lb,,072705116164,Dog Food,Bag,Teal,4lb,4.00,$14.69
Fromm Gold Senior 30lb Fromm,,072705115419,Dog Food,Bag,Gold,30lb,1.00,$55.64
Fromm Gold Senior 15lb,Fromm,072705115433,Dog Food,Bag,Gold,15lb,3.00,$32.54
Fromm Gold Senior 5lb,Fromm,072705115471,Dog Food,Bag,Gold,5lb,2.00,$15.74
Breeding Nest Supplies,Prevue,048081011560,Bird,,,,3.00,$10.49
Fromm Gold Large Breed Fromm Weight,,072705105830,Dog Food,Bag,Gold,15lb,2.00,$37.79
Fromm Gold Weight Management 5,Fromm,072705105779,Dog Food,Bag,Gold,5lb,4.00,$16.79
Fromm Gold Large Breed Fromm 30lb,,072705115310,Dog Food,Bag,Gold,30lb,1.00,$55.64
Fromm Gold Large Breed Fromm 15lb,,072705115334,Dog Food,Bag,Gold,15lb,2.00,$32.54
Playfuls Alfalfa Carrot Playfuls Crunch,Animal,048081110706,Small,,,,3.00,$6.54
Fromm Gold Adult 15 lb,Fromm,072705115235,Dog Food,Bag,Gold,15lb,0.00,$32.54
Fromm Gold Adult 5 lb,Fromm,072705115273,Dog Food,Bag,Gold,5lb,10.00,$15.74
Fromm Gold Small Breed Fromm 15lb,,072705105632,Dog Food,Bag,Gold,15lb,3.00,$37.79
Fromm Gold Small Breed Fromm 5lb,,072705105670,Dog Food,Bag,Gold,5lb,5.00,$16.79
Fromm Gold Large Breed Fromm Puppy 3,,072705105519,Dog Food,Bag,Gold,30lb,2.00,$58.79
Fromm Gold Large Breed Fromm Puppy 1,,072705105533,Dog Food,Bag,Gold,15lb,3.00,$37.79
Fromm Gold Puppy 30lb Fromm,,072705115518,Dog Food,Bag,Gold,30lb,-2.00,$58.79
Fromm Gold Puppy 15lb,Fromm,072705115532,Dog Food,Bag,Gold,15lb,2.00,$37.79
Fromm Gold Large Breed Fromm Puppy 5,,072705105571,Dog Food,Bag,Gold,5lb,6.00,$16.79
Fromm Classic Adult 15 lb,Fromm,072705105236,Dog Food,Bag,Blue,15lb,1.00,$26.24
Fromm Classic Adult 5 lb,Fromm,072705105274,Dog Food,Bag,Blue,5lb,4.00,$12.59
Fromm Classic Puppy 15lb,Fromm,072705105434,Dog Food,Bag,Blue,15lb,2.00,$31.49
Fromm Classic Puppy 5lb Fromm,,072705105472,Dog Food,Bag,Blue,5lb,3.00,$13.64
Fromm Classic Puppy 30lb,Fromm,072705105427,Dog Food,Bag,Blue,30lb,3.00,$49.34
Fromm Classic Adult Dog Fromm Food 3,,072705105229,Dog Food,Bag,Blue,30lb,12.00,$46.19
Sportmix Puppy Small Bite 16.5,SportMix,034846600131,Dog Food,Bag,,16.5lb,0.00,$20.99
Sportmix High Energy 50lb,SportMix,034846700435,Dog Food,Bag,,50lb,3.00,$50.39
Sportmix Energy Plus 50lb,SportMix,034846700916,Dog Food,Bag,,50lb,3.00,$50.39
Sportmix Bite Size 40lb,SportMix,034846600520,Dog Food,Bag,,40lb,2.00,$34.64
Diamond Original 50lb,Diamond,074198000500,Dog Food,Bag,,50lb,3.00,$41.99
Diamond Skin 30lb,Diamond,074198613847,Dog Food,Bag,,30lb,-1.00,$46.19
Diamond Skin 15lb,Diamond,074198613854,Dog Food,Bag,,15lb,3.00,$30.44
Diamond Lamb 40lb,Diamond,074198608171,Dog Food,Bag,,40lb,4.00,$47.24
Diamond Lamb 20lb,Diamond,074198608164,Dog Food,Bag,,20lb,3.00,$30.44
Diamond Lamb 6lb,Diamond,074198608157,Dog Food,Bag,,6lb,4.00,$12.59
Diamond Prem 50lb,Diamond,074198010509,Dog Food,Bag,,50lb,0.00,$52.49
Diamond Prem 20lb,Diamond,074198010202,Dog Food,Bag,,20lb,1.00,$29.39
Diamond Premium 6lb,Diamond,074198615674,Dog Food,Bag,,6lb,4.00,$11.54
Diamond Mainten 40lb,Diamond,074198003402,Dog Food,Bag,,40lb,2.00,$39.89
Diamond Mainten 20lb,Diamond,074198003204,Dog Food,Bag,,20lb,1.00,$25.19
Diamond Puppy Large Breed 40lb,Diamond,074198608379,Dog Food,Bag,,40lb,3.00,$55.64
Diamond Puppy Large Breed 6lb,Diamond,074198608355,Dog Food,Bag,,6lb,2.00,$14.69
Diamond Puppy 40lb,Diamond,074198002405,Dog Food,Bag,,40lb,3.00,$45.14
Diamond Puppy 20lb,Diamond,074198002207,Dog Food,Bag,,20lb,3.00,$27.29
Diamond Puppy 6lb,Diamond,074198615681,Dog Food,Bag,,6lb,4.00,$12.59
Hill's Adult Sensitive Small & Mini,Science Diet,052742007045,Dog Food,Bag,Pink,15lb,4.00,$56.69
Hill's Adult Healthy Mobility Large Breed,Science Diet,052742923505,Dog Food,Bag,Silver,30lb,0.00,$79.79
Hill's Adult Perfect Weight Science Small & Mini,Diet,052742382104,Dog Food,Bag,Pink,4lb,4.00,$24.14
Hill's Adult 7+ Diet,Science,052742204208,Dog Food,Bag,Red,33lb,2.00,$86.09
Hill's Adult Light Small Bites,Science Diet,052742930107,Dog Food,Bag,Red,5lb,6.00,$20.99
Diamond Large Breed 40lb,Diamond,074198608393,Dog Food,Bag,,40lb,2.00,$46.19
Diamond Large Breed Lamb 40lb,Diamond,074198610693,Dog Food,Bag,,40lb,0.00,$49.34
Snuggle Sack XL Purple Prevue Supplies,,048081111659,Bird,,,,1.00,$18.89
Diamond Light 30lb,Diamond,074198610679,Dog Food,Bag,,30lb,1.00,$45.14
Diamond Light 15lb,Diamond,074198610662,Dog Food,Bag,,15lb,0.00,$28.34
Diamond Senior 35lb,Diamond,074198608430,Dog Food,Bag,,35lb,2.00,$46.19
Diamond Als Chicken 40lb,Diamond,074198608201,Dog Food,Bag,,40lb,1.00,$58.79
Diamond Small Breed Puppy 18lb,Diamond,074198608249,Dog Food,Bag,,18lb,0.00,$38.84
Diamond Small Breed Puppy 6lb,Diamond,074198608232,Dog Food,Bag,,6lb,3.00,$15.74
Diamond Small Breed Lamb 6lb,Diamond,074198608300,Dog Food,Bag,,18lb,2.00,$15.74
Diamond Small Breed Chicken 18,Diamond,074198608287,Dog Food,Bag,,18lb,0.00,$34.64
Diamond Small Breed Chicken 6l,Diamond,074198608270,Dog Food,Bag,,6lb,2.00,$15.74
Pacific Stream Puppy 14lb,Taste Of The Wild,074198614004,Dog Food Bag,14lb,,,1.00,$36.74
Pacific Stream Puppy 5lb The Wild,Taste Of,074198611157,Dog Food Bag,5lb,,,1.00,$14.69
Taste of the Wild High Prairie,Taste Of The Wild,074198613991,Dog Food Bag,28lb,,,1.00,$56.69
TOTW High Prairie Puppy Taste Of 5 lb,The Wild,074198611089,Dog Food Bag,5lb,,,2.00,$15.74
Loving Pet Travel Bowl Pink Small,Loving Pets,842982079915,Accessories,,,,1.00,$15.74
Taste of the Wild High Prairie,Taste Of The Wild,074198613946,Dog Food Bag,14lb,,,2.00,$36.74
Taste of the Wild High Prairie,Taste Of The Wild,074198609628,Dog Food Bag,5lb,,,1.00,$15.74
Taste of the Wild Sierra Mount,Taste Of The Wild,074198613977,Dog Food Bag,28lb,,,2.00,$55.64
Taste of the Wild Sierra Mount,Taste Of The Wild,074198613960,Dog Food Bag,14lb,,,0.00,$36.74
Taste of the Wild Sierra Mount,Taste Of The Wild,074198611010,Dog Food Bag,5lb,,,2.00,$15.74
Taste of the Wild Pacific Taste Of Stre,The Wild,074198613922,Dog Food Bag,14lb,,,2.00,$36.74
Taste of the Wild Pacific Taste Of Stre,The Wild,074198609581,Dog Food Bag,5lb,,,2.00,$15.74
Taste of the Wild Wetland Taste Of 5lb,The Wild,074198609697,Dog Food Bag,5lb,,,1.00,$15.74
Taste of the Wild Appalachian,Taste Of The Wild,074198612697,Dog Food,Bag,,5lb,2.00,$15.74
Taste of the Wild Southwest Ca,Taste Of The Wild,074198611379,Dog Food,Bag,,5lb,2.00,$15.74
Taste of the Wild Appalachian,Taste Of The Wild,074198612703,Dog Food,Bag,,14lb,1.00,$36.74
Taste of the Wild Southwest Ca,Taste Of The Wild,074198611324,Dog Food,Bag,,14lb,0.00,$36.74
Taste of the Wild Wetland Taste Of 14lb,The Wild,074198613908,Dog Food,Bag,,14lb,2.00,$36.74
Taste of the Wild Ancient Taste Of Wetl,The Wild,074198614547,Dog Food,Bag,,14lb,2.00,$36.74
Toe Anc Prairie 28lb The Wild,Taste Of,074198614479,Dog Food,Bag,,28lb,1.00,$56.69
Taste of the Wild Ancient Taste Of Wetl,The Wild,074198614554,Dog Food,Bag,,28lb,0.00,$55.64
Taste of the Wild Ancient Taste Of Stre,The Wild,074198614516,Dog Food,Bag,,28lb,1.00,$55.64
Taste of the Wild Ancient Taste Of Moun,The Wild,074198614585,Dog Food,Bag,,14lb,0.00,$36.74
Taste of the Wild Ancient Taste Of Stre,The Wild,074198614509,Dog Food,Bag,,14lb,0.00,$36.74
Taste of the Wild Ancient Taste Of Prai,The Wild,074198614462,Dog Food,Bag,lb,,1.00,$36.74
Taste of the Wild Ancient Taste Of Stre,The Wild,074198614493,Dog Food,Bag,,5lb,0.00,$15.74
Taste of the Wild Ancient Taste Of Moun,The Wild,074198614578,Dog Food,Bag,,5lb,0.00,$15.74
Taste of the Wild Ancient Taste Of Prai,The Wild,074198614455,Dog Food,Bag,lb,,0.00,$15.74
Natural Balance Duck 4lb Natural Balance,,723633777384,Dog Food,Bag,,4lb,0.00,$22.04
Natural Balance Duck Small Bre,Natural Balance,723633777780,Dog Food,Bag,,4lb,0.00,$24.14
Natural Balance Salmon Natural 4lb,Balance,723633777483,Dog Food,Bag,,4lb,2.00,$22.04
Natural Balance Salmon Natural Small Breed 4lb,Balance,723633778053,Dog Food,Bag,,4lb,2.00,$22.04
Natural Balance Venison Natural 22lb,Balance,723633429856,Dog Food,Bag,,22lb,0.00,$67.19
Natural Balance Plant 24lb,Natural Balance,723633014496,Dog Treats,24lb,,,0.00,$62.99
Natural Balance Chicken Natural & Brow,Balance,723633014489,Dog Food,Bag,,24lb,0.00,$59.84
"Voyager Grey 24"" Supplies",Best Pet,022517766064,Dog Cages,,,,0.00,$46.19
"Voyager Blue 24"" Supplies",Best Pet,022517766002,Dog Cages,,,,1.00,$45.14
"Voyager Pink 24"" Supplies",Best Pet,022517766194,Dog Cages,,,,1.00,$54.59
Catiit Blue Medium,Catit,022517413845,Dog Cages,Medium,,,1.00,$41.99
Catit Red Medium,Catit,022517413838,Dog Cages,Medium,,,1.00,$38.84
Catit Red Small Catit Black S,Catit $41.99,022517413807,Dog Cages,Small,,,1.00,$31.49
Catit Grey Medium,Catit,022517413852,Dog Cages,Medium,,,2.00,$38.84
Voyager Blue 26.6 Supplies,Best Pet,022517766101,Dog Cages,,,,0.00,$55.64
Prevue Bird Cage Keet Supplies,Prevue,048081210086,Bird,,,,6.00,$31.49
Skudo Cat Carrier With Integra Pets,MidWest Homes For,027773027454,Dog Cages,,,,1.00,$62.99
Skudo Extra Small Homes For Pets,MidWest,027773018254,Dog Cages,Extra,Small,,0.00,$49.34
Vari-Kennel-Kennel- Kennel-Kenn,Petmate,029695219474,Dog Cages,"28""",,,1.00,$104.99
Vari-Kennel-Kennel- Kennel-Kenn,Petmate,029695218590,Dog Cages,"19""",,,1.00,$36.74
Vari-Kennel-Kennel- Kennel-Kenn,Petmate,029695218637,Dog Cages,"24""",,,1.00,$62.99
Vari-Kennel-Kennel- Kennel-Kenn,Petmate,029695219498,Dog Cages,"36""",,,1.00,$209.99
Spree Carrier Blue 19 in,Prevue,027773019565,Dog Cages,,,,2.00,$26.24
Collapsible Crate,Petmate,076484889516,Dog Cages,,,,1.00,$121.79
Pop Up Playpen,Penn-Plax,791611020807,Dog Cages,,,,-1.00,$209.99
Vari-Kennel-Kennel- Kennel-Kenn,Petmate,029695217005,Dog Cages,Giant,,,0.00,$440.99
Vari-Kennel-Kennel- Kennel-Kenn,Petmate,029695219504,Dog Cages,"40""",,,1.00,$209.99
Indigo 50-90lb House,Petmate,029695254154,Dog Cages,,,,0.00,$251.99
Barn Home 50-90lb,Petmate,029695251146,Dog Cages,,,,0.00,$136.49
Barn Home 25-50lb,Petmate,029695251139,Dog Cages,25,to,50lb,1.00,$125.99
Barn Home Extra Small,Petmate,029695251184,Dog Cages,,,,1.00,$94.49
Royal Canin Chihuahua 10lb,Royal Canin,030111511812,Dog Food,Bag,,10lb,1.00,$69.29
Royal Canin Yorkshire Terrier,Royal Canin,030111451422,Dog Food,Bag,lb,,0.00,$31.49
Royal Canin Yorkshire Terrier,Royal Canin,030111451415,Dog Food,Bag,lb,,1.00,$71.39
Royal Canin Poodle Canin,Royal,030111450913,Dog Food,Bag,lb,,1.00,$71.39
Nibbles Tiki Animal,Nibbles,048081211687,Small,,,,1.00,$10.49
Royal Canin Small Adult Royal Adult,Canin,030111125552,Dog Food,Bag,lb,,3.00,$34.64
Hill's Soft Savories Beef & Science Cheddar,Diet,052742335902,Dog Treats None Red,8,oz,,5.00,$9.44
Hill's Soft Savories Peanut Butter & Banana Diet,Science,052742336008,Dog Treats,Red,,8oz,3.00,$9.44
Hill's Soft Savories Chicken & Yogurt,Science Diet,052742336107,Dog Treats None Red,8,oz,,8.00,$9.44
Hill's Soft Baked Beef & Sweet Potato,Science Diet,052742244907,Dog Treats None Green,8,oz,,8.00,$9.44
Hill's Soft Baked Duck & Science Pumpkin,Diet,052742245003,Dog Treats,Green,,8oz,1.00,$9.44
Hill's Soft Baked Chicken Science & Carrots,Diet,052742244808,Dog Treats,Green,,8oz,-5.00,$9.44
Hill's Fruity Cranberries & Science Oatmeal,Diet,052742008974,Dog Treats,Red,,8oz,7.00,$9.44
Hill's Fruity Apple & Oatmeal,Science Diet,052742008998,Dog Treats None Red,8,oz,,13.00,$9.44
Hill's Crunchy Chicken & Science Apples,Diet,052742303208,Dog Treats,Green,,8oz,7.00,$9.44
Hill's Science Diet Jerky Science Stri,Diet,052742187709,Dog Treats,Red,,7.1oz,5.00,$9.44
Hill's Science Diet Mini Jerky,Science Diet,052742187501,Dog Treats,Red,,7.1oz,6.00,$8.73
Hill's Science Diet Jerky Science Stri,Diet,052742187600,Dog Treats,Red,,7.1oz,7.00,$9.44
Hill's Science Diet Mini Jerky,Science Diet,052742187402,Dog Treats,Red,,7.1oz,2.00,$8.73
Hill's Adult Sensitive Diet,Science,052742022109,Dog Food,Bag,Silver,24lb,2.00,$79.79
Hill's Adult Sensitive Large Breed,Science Diet,052742033204,Dog Food,Bag,Silver,30lb,1.00,$75.59
Hill's Science Diet Adult Sens,Science Diet,052742883908,Dog Food,Bag,Silver,30lb,2.00,$79.79
Hill's Adult Sensitive Diet,Science,052742886008,Dog Food,Bag,Silver,15.5lb,3.00,$56.69
Hill's Adult Sensitive Diet,Science,052742001821,Dog Food,Bag,Silver,4lb,6.00,$23.09
Hill's Adult Sensitive Diet,Science,052742033198,Dog Food,Bag,Silver,30lb,3.00,$79.79
Hill's Adult Sensitive Small Bites,Science Diet,052742033181,Dog Food,Bag,Silver,15lb,2.00,$56.69
Hill's Adult Sensitive Small Bites,Science Diet,052742033167,Dog Food,Bag,Silver,4lb,3.00,$23.09
Hill's Adult Sensitive Small & Mini,Science Diet,052742007038,Dog Food,Bag,Pink,4lb,6.00,$23.09
Hill's Perfect Weight Large Breed,Science Diet,052742060521,Dog Food,Bag,Silver,25lb,3.00,$83.99
Hill's Science Diet Adult Perf,Science Diet,052742060545,Dog Food,Bag,Silver,25lb,3.00,$82.94
Hill's Adult Sensitive Alaskan Pollock,Science Diet,052742059136,Dog Food,Bag,Silver,12lb,2.00,$57.74
Hill's Puppy Sensitive Salmon,Science Diet,052742068695,Dog Food,Bag,Green,13lb,1.00,$56.69
Hill's Puppy Sensitive Diet,Science,052742068688,Dog Food,Bag,Green,4lb,3.00,$23.09
Hill's Adult Perfect Weight Science Diet,,052742060538,Dog Food,Bag,Silver,12lb,2.00,$56.69
Hill's Adult Perfect Weight Science Diet,,052742297200,Dog Food,Bag,Silver,4lb,2.00,$24.14
Hill's Adult Perfect Weight Science Small & Mini,Diet,052742060552,Dog Food,Bag,Pink,12.5lb,3.00,$56.69
Hill's Adult Healthy Mobility Small Bites,Science Diet,052742923901,Dog Food,Bag,Silver,15.5lb,2.00,$56.69
Hill's Adult Healthy Mobility Small Bites,Science Diet,052742001807,Dog Food,Bag,Silver,4lb,2.00,$23.09
Hill's Perfect Digestion Large Breed,Science Diet,052742041339,Dog Food,Bag,Silver,22lb,1.00,$75.59
Hill's Adult Perfect Digestion,Science Diet,052742038285,Dog Food,Bag,Silver,12lb,1.00,$56.69
Hill's Adult Perfect Digestive,Science Diet,052742038292,Dog Food,Bag,Silver,3.5lb,2.00,$24.14
Hill's Adult Small & Mini Digestive,Science Diet,052742068886,Dog Food,Bag,Pink,3.5lb,1.00,$24.14
Hill's Senior Vitality SmallScience & Mini,Diet,052742012049,Dog Food,Bag,Pink,12.5lb,1.00,$56.69
Hill's Senior Vitality SmallScience & Mini 7+,Diet,052742012032,Dog Food,Bag,Pink,3.5lb,4.00,$24.14
Hill's Adult 7+ Diet,Science,052742020495,Dog Food,Bag,Red,15lb,3.00,$53.54
Hill's Adult 7+ Chicken Diet,Science,052742670201,Dog Food,Bag,Red,5lb,5.00,$20.99
Hill's Adult 7+ Small Bites Science Diet,,052742204307,Dog Food,Bag,Red,33lb,1.00,$86.09
Hill's Adult 7+ Small Bites Science Diet,,052742020426,Dog Food,Bag,Red,15lb,2.00,$49.34
Hill's Adult 7+ Small Bites Science Diet,,052742815909,Dog Food,Bag,Red,5lb,6.00,$20.99
Hill's Adult Light Small Bites,Science Diet,052742022222,Dog Food,Bag,Red,30lb,2.00,$86.09
Hill's Adult Light Small Bites,Science Diet,052742022130,Dog Food,Bag,Red,15lb,2.00,$49.34
Hill's Adult Light Diet,Science,052742022192,Dog Food,Bag,Red,30lb,2.00,$86.09
Hill's Adult Light Diet,Science,052742022147,Dog Food,Bag,Red,15lb,1.00,$49.34
Bird Cage Small Supplies,Prevue,048081220061,Bird,,,,3.00,$39.89
Hill's Adult Salmon Diet,Science,052742068619,Dog Food,Bag,Red,14lb,2.00,$50.39
Hill's Science Diet Adult Salmon,Science Diet,052742068602,Dog Food,Bag,Red,4.5lb,3.00,$22.04
Hill's Adult Lamb Small Bites,Science Diet,052742203706,Dog Food,Bag,Red,33lb,2.00,$85.04
Hill's Adult Small Bites Lamb,Science Diet,052742855707,Dog Food,Bag,Red,15.5lb,2.00,$55.64
Hill's Adult Lamb Small Bites,Science Diet,052742855509,Dog Food,Bag,Red,4.5lb,5.00,$20.99
Hill's Adult Lamb Diet,Science,052742203607,Dog Food,Bag,Red,33lb,1.00,$85.04
Hill's Adult Lamb Diet,Science,052742855608,Dog Food,Bag,Red,15.5lb,3.00,$55.64
Hill's Adult Chicken Small Science Bites,Diet,052742015989,Dog Food,Bag,Red,35lb,2.00,$86.09
Hill's Adult Small Bites Diet,Science,052742020488,Dog Food,Bag,Red,15lb,2.00,$49.34
Hill's Adult Chicken Small Science Bites,Diet,052742818306,Dog Food,Bag,Red,5lb,4.00,$20.99
Hill's Adult Chicken Diet,Science,052742016016,Dog Food,Bag,Red,35lb,-1.00,$80.84
Hill's Adult Chicken Diet,Science,052742020419,Dog Food,Bag,Red,15lb,3.00,$49.34
Hill's Adult Chicken Diet,Science,052742817804,Dog Food,Bag,Red,5lb,-1.00,$20.99
Hill's Puppy Small Bites Diet,Science,052742060248,Dog Food,Bag,Green,12.5lb,2.00,$43.04
Hill's Small Bites Puppy Chicken,Science Diet,052742713908,Dog Food,Bag,Green,4.5lb,3.00,$19.94
Hill's Puppy Chicken Diet,Science,052742060187,Dog Food,Bag,Green,27.5lb,1.00,$76.64
Hill's Puppy Chicken Diet,Science,052742936604,Dog Food,Bag,Green,12.5lb,1.00,$48.29
Hill's Puppy Chicken Diet,Science,052742713304,Dog Food,Bag,Green,4.5lb,4.00,$19.94
Hill's Puppy Lamb Diet,Science,052742059396,Dog Food,Bag,Green,25lb,1.00,$76.64
Hill's Puppy Lamb Diet,Science,052742059389,Dog Food,Bag,Green,12.5lb,2.00,$47.24
Hill's Puppy Lamb Diet,Science,052742059815,Dog Food,Bag,Green,4lb,1.00,$20.99
Hill's Adult Large Breed 6+,Science Diet,052742204406,Dog Food,Bag,Red,33lb,-2.00,$78.74
Hill's Adult Large Breed 6+,Science Diet,052742020471,Dog Food,Bag,Red,15lb,1.00,$49.34
Hill's Adult Large Breed Light,Science Diet,052742022215,Dog Food,Bag,Red,30lb,2.00,$86.09
Hill's Adult Large Breed Light,Science Diet,052742022154,Dog Food,Bag,Red,15lb,0.00,$47.24
Hill's Adult Large Breed Lamb,Science Diet,052742203805,Dog Food,Bag,Red,33lb,2.00,$85.04
Hill's Adult Large Breed Chicken,Science Diet,052742016054,Dog Food,Bag,Red,35lb,2.00,$86.09
Hill's Small & Mini 11+ Diet,Science,052742253404,Dog Food,Bag,Pink,15.5lb,3.00,$55.64
Hill's Small & Mini Adult 11+,Science Diet,052742253305,Dog Food,Bag,Pink,4.5lb,3.00,$23.09
Hill's Small & Mini Adult 7+,Science Diet,052742909806,Dog Food,Bag,Pink,4.5lb,0.00,$23.09
Hill's Adult Light Diet,Science,052742910109,Dog Food,Bag,Pink,15.5lb,0.00,$53.54
Hill's Small & Mini Adult Light,Science Diet,052742910000,Dog Food,Bag,Pink,4.5lb,4.00,$23.09
Hill's Adult Small & Mini Science Lamb,Diet,052742289700,Dog Food,Bag,Pink,15.5lb,3.00,$54.59
Hill's Small & Mini Adult Science Lamb,Diet,052742289601,Dog Food,Bag,Pink,4.5lb,7.00,$23.09
Hill's Small & Mini Adult Science Diet,,052742909608,Dog Food,Bag,Pink,4.5lb,3.00,$23.09
Hill's Adult Small & Mini Science Chicken,Diet,052742909707,Dog Food,Bag,Pink,15.5lb,2.00,$55.64
Hill's Adult Large Breed Chicken,Science Diet,052742020402,Dog Food,Bag,Red,15lb,1.00,$49.34
Hill's Puppy Large Breed Science Lamb,Diet,052742060170,Dog Food,Bag,Green,30lb,3.00,$80.84
Hill's Puppy Large Breed Science Diet,,052742060194,Dog Food,Bag,Green,27.5lb,3.00,$71.39
Hill's Puppy Large Breed Science Diet,,052742937601,Dog Food,Bag,Green,15.5lb,0.00,$46.19
Hill's Puppy Small & Mini Science Diet,,052742060255,Dog Food,Bag,Pink,12.5lb,2.00,$47.24
Hill's Small & Mini Puppy Science Diet,,052742909400,Dog Food,Bag,Pink,4.5lb,0.00,$23.09
Bird Cage Square 3 Door Prevue Supplies,,048081316146,Bird,,,,5.00,$52.49
Cozy Corner Medium Yellow,Prevue Supplies,048081411612,Bird,,,,1.00,$6.54
Playfuls Sound & Movement,Prevue Supplies,048081602409,Bird,,,,2.00,$15.74
Playfuls Mirror Toy Supplies,Prevue,048081604229,Bird,,,,2.00,$5.45
10oz Coop Cup Wire Hanger,Supplies,048081612231,Bird,,,,1.00,$10.49
Gardebn Gnomes Pj Pink Fashion Pet Extra L Gardeb Gnomes Pj Pink Fashion Pet 5878 Extra Sm,$22.04,660204032087,Accessories,,,,0.00,$22.04
Garden Gnomes Pjs Pink Fashion Pet Extra E Moon & Stars Pj Blue Extra Ext,$22.04,660204032063,Accessories,,,,0.00,$22.04
Naturals Preen & Pacify Prevue Supplies Aria Green Bandanna Aria Purple Bandanna,$4.36 $4.36,048081620915,Bird,,,,2.00,$7.63
Playfuls Sound & Movement,Prevue Supplies,048081621608,Bird,,,,1.00,$12.59
Wacky Wood Supplies LSU Stripe Tee Small LSU Mesh Jersey Medium LSU Mesh Jersey Large,Prevue $19.94 $30.44 $30.44,048081623954,Bird,,,,0.00,$13.64
Wacky Wood Supplies,Prevue,048081623961,Bird,,,,2.00,$19.94
Rainy Days Small Basic Hoodie Natural Blue Frisco Smal,Penn-Plax $17.84,030172069918,Aquatics,,,,0.00,$17.84
Wacky Woods Supplies,Prevue,048081623992,Bird,,,,2.00,$24.14
Tropiclean Fresh Breath Total Care Kit,Tropiclean,645095003187,Healthcare,,,,1.00,$20.99
Basic Hoodie Red Large,Frisco,721343220909,Accessories,,,,0.00,$17.84
Basic Hoodie Black Medium,Frisco,721343216315,Accessories,,,,0.00,$17.84
Basic Hoodie Bviolet Medium,Frisco,721343216940,Accessories,,,,0.00,$17.84
Basic Hoodie Natural Blue Frisco Medi,,721343210627,Accessories,,,,0.00,$17.84
Basic Hoodie Rasberry Small Basic Hoodie Blue Extra Frisco Small Basic Hoodie Violet Extra Frisco Smal,Frisco $17.84 $17.84,721343212812,Accessories,,,,-1.00,$17.84
Harness Hoodie Large Blue,Fashion Pet,660204032025,Accessories,,,,0.00,$23.09
Nylabone Dental Kit,Fashion Pet,018214827962,Healthcare,,,,2.00,$14.69
Harness Coat Navy Large Fashion Pet,,660204010566,Accessories,,,,0.00,$26.24
Harness Hoodie Large Red,Fashion Pet,077234302064,Accessories,,,,0.00,$23.09
Petrainy Daysxlg,Penn-Plax,030172069932,Accessories,,,,0.00,$29.39
Pet Rainydays Large,Penn-Plax,030172069925,Accessories,,,,0.00,$20.99
Playfuls Forage & Engage Prevue Supplies,,048081625033,Bird,,,,3.00,$9.44
"Playfuls Sound & Move""dollar""",Playfuls Supplies,048081625071,Bird,,,,0.00,$8.73
Marshall Octo-play Animal,Marshall,048081625644,Small,,,,0.00,$31.49
Playfuls Dagwood Supplies,Prevue,048081626078,Bird,,,,1.00,$41.99
Marina 20gal Kit,Marineland,015561152662,Aquatics,,,,2.00,$136.49
Marina 5gal Kit,Marineland,015561152518,Aquatics,,,,2.00,$83.99
Fluval Water Hose Bracket,GloFish,015561112178,Aquatics,,,,0.00,$8.73
1-3 Betta Tank Kit,Penn-Plax,030172077050,Aquatics,,,,0.00,$31.49
Betta Bow Front Double Tank Ki,Penn-Plax,030172019524,Aquatics,,,,0.00,$14.69
.5 Dory Betta Tank,Penn-Plax,030172094026,Aquatics,,,,0.00,$17.84
Marina Betta Food,Marineland,015561166799,Aquatics,,,,2.00,$2.17
Straw Stacker,Prevue,048081626344,Accessories,,,,3.00,$9.44
Over TRhe Rainbow Supplies,Prevue,048081626368,Bird,,,,2.00,$8.73
.7g Dory Betta Tank,Penn-Plax,030172094057,Aquatics,,,,2.00,$20.99
Sponge Bob Betta Tank,Penn-Plax,030172092039,Aquatics,,,,0.00,$24.14
.5g Spongebob Betta Tank,Penn-Plax,030172095016,Aquatics,,,,1.00,$16.79
Tetra Koi Vibrance 3.31lb Tetra,,046798164593,Aquatics,,,,1.00,$52.49
Tetra Koi Vibe 1.4lb,Tetra,046798164944,Aquatics,,,,0.00,$28.34
Playfuls Soung & Motion Supplies,Prevue,048081628096,Bird,,,,0.00,$7.63
Tetra Uv Clarifier,Tetra,046798195214,Aquatics,,,,0.00,$251.99
Tetra Pond Sticks 1lb,Tetra,046798164838,Aquatics,,,,0.00,$19.94
Tetra Koi Vibrance,Tetra,046798163596,Aquatics,,,,0.00,$9.44
Tetra Pond Flakes,Tetra,046798162100,Aquatics,,,,2.00,$12.59
Tetra Pond Sticks,Tetra,046798163541,Aquatics,,,,3.00,$9.44
Tetra Pond Spring & Fall Diet,Tetra,046798164678,Aquatics,,,,2.00,$12.59
Tetra Pond Barley & Peat Tetra,,046798162940,Aquatics,,,,1.00,$23.09
Aqueon Pure Sludge Bomb,Aqueon,015905002912,Aquatics,,,,1.00,$16.79
Aqueon Pure Pond Bomb Aqueon 2500,,015905550978,Aquatics,,,,0.00,$16.79
Api Pond Accu-clear,API,317163051429,Aquatics,,,,1.00,$23.09
Api Pond Stress Coat,API,317163051405,Aquatics,,,,0.00,$19.94
Api Pond Microbial Algae API Clean,,317163022696,Aquatics,,,,1.00,$27.29
Api Pond Algaefix,API,317163021699,Aquatics,,,,0.00,$32.54
Api Pond Simply Clear,API,317163022481,Aquatics,,,,0.00,$26.24
Api Pond Ecofix Sludge Destroy,API,317163021477,Aquatics,,,,1.00,$24.14
Api Pond Pondzyme,API,317163011461,Aquatics,,,,1.00,$30.44
Api Pond Pimafix,API,317163021781,Aquatics,,,,0.00,$26.24
Api Pond Melafix,API,317163021767,Aquatics,,,,1.00,$27.29
Api Pond Salt,API,317163651568,Aquatics,,,,1.00,$14.69
Tetra Pond Vacay Food,Tetra,046798164777,Aquatics,,,,2.00,$7.63
Wonder Shell,Weco,028023840007,Aquatics,,,,2.00,$7.63
Tetra Floating Lilly,Tetra,046798190615,Aquatics,,,,2.00,$9.44
Podmaster Pond Filter,Penn-Plax,030172047756,Aquatics,,,,0.00,$17.84
Ovation-1000 Filter,Penn-Plax,030172047398,Aquatics,,,,0.00,$8.73
Ovation-380 Filter,Penn-Plax,030172047381,Aquatics,,,,0.00,$7.63
Carpenter Creations Supplies,Prevue,048081711408,Bird,,,,1.00,$17.84
Tetra Pond Pump1000 Large,Tetra,046798265887,Aquatics,,,,0.00,$62.99
Tetra Pond Pump550 Medium,Tetra,046798265870,Aquatics,,,,0.00,$41.99
Tetra Pond Pump Small,Tetra,046798265863,Aquatics,,,,1.00,$79.79
Fluval 306 Magnetio Impellar,Fluval,015561301534,Aquatics,,,,2.00,$23.09
Fluval C4 Impellar,Fluval,015561302999,Aquatics,,,,1.00,$17.84
Fluval Fx2 Filter Lid O Ring,Fluval,015561302135,Aquatics,,,,1.00,$22.04
Fluval 3/406 Impellar Cover,Fluval,015561301541,Aquatics,,,,2.00,$14.69
Fluval X06 Primer Kit,Fluval,015561300216,Aquatics,,,,2.00,$4.36
Fluval X06 Aquastop Valve,Fluval,015561300612,Aquatics,,,,1.00,$26.24
Fluval 305/306 Intake Stem,Fluval,015561300049,Aquatics,,,,1.00,$12.59
Bird Cage Tall Square 3 Door,Prevue Supplies,048081816165,Bird,,,,1.00,$83.99
Fluval Fx Spray Bar Kit,Fluval,015561102339,Aquatics,,,,1.00,$41.99
Fluval 107 Cannister Filter Fluval,,015561104401,Aquatics,,,,1.00,$146.99
Fluval 207 Cannister Filter Fluval,,015561104432,Aquatics,,,,1.00,$167.99
Fluval Biomax 500g,Fluval,015561114561,Aquatics,,,,2.00,$22.04
Fluval Zeocarb 3pk,Fluval,015561114905,Aquatics,,,,1.00,$15.74
Fluval Carbon 3pk,Fluval,015561114400,Aquatics,,,,1.00,$14.69
Fluval Clearmax 3pk,Fluval,015561113489,Aquatics,,,,1.00,$17.84
Fluval Aquatic Pete 500g Fluval,,015561114653,Aquatics,,,,1.00,$17.84
Pond Mag Model 2 Aqua-mag Mag Drive Water Pump ng,Danner $104.99 Manufacturi,025033025127,Aquatics,,,,1.00,$104.99
Micra Plus Pump,Penn-Plax,030172047671,Aquatics,,,,0.00,$41.99
Fluval C3 Zeo-carb 3pk,Fluval,015561140188,Aquatics,,,,0.00,$8.73
Fluval C3 Active Carbon 3pk,Fluval,015561140126,Aquatics,,,,2.00,$9.44
Fluval C2 Active Carbon 3pk,Fluval,015561140119,Aquatics,,,,2.00,$6.54
Fluval C2 Zeo-carb 3pk,Fluval,015561140171,Aquatics,,,,1.00,$7.63
Fluval 70 Carbon,Fluval,015561106177,Aquatics,,,,0.00,$8.73
Fluval C4 Activated Carbon 3pk,Fluval,015561140133,Aquatics,,,,0.00,$12.59
Fluval 106 Bio Foam 6mon,Fluval,015561103343,Aquatics,,,,3.00,$8.73
Fluval 306/406 Nitrite 6pk Fluval,,015561102643,Aquatics,,,,2.00,$11.54
Fluval 106/107 Nitrite 3pk Fluval,,015561102636,Aquatics,,,,2.00,$6.54
Fluval 106/206 Ammonia Fluval 3pk,,015561102575,Aquatics,,,,2.00,$6.54
Fluval 306/406 Ammonia Fluval 6pk,,015561102582,Aquatics,,,,2.00,$11.54
Fluval Fx4 Nitrate 3pk Fluval,,015561102650,Aquatics,,,,2.00,$8.73
Fluval Fx4 Ammonia 3pk,Fluval,015561102599,Aquatics,,,,2.00,$7.63
Fluval 106/206 Phosphate Fluval 3pk,,015561102605,Aquatics,,,,1.00,$6.54
Fluval Fx4 Phosphate 3pk Fluval,,015561102629,Aquatics,,,,2.00,$10.49
Fluval 306/406 Phosphate Fluval 6pk,,015561102612,Aquatics,,,,1.00,$11.54
Fluval Biofoam 406/407 6 Fluval month,,015561103374,Aquatics,,,,1.00,$15.74
Fluval Bio Foam 306-307 Fluval 6 mont,,015561103367,Aquatics,,,,1.00,$11.54
Fluval Bio Foam 206/207 Fluval 6 mont,,015561103350,Aquatics,,,,1.00,$10.49
Fluval Fx Carbon Pad 2pk Fluval,,015561102490,Aquatics,,,,3.00,$15.74
Fluval Bio Foam max 406/407 2p,Fluval,015561101899,Aquatics,,,,2.00,$7.63
"Coastal Purple10"" 301 Collar",Coastal And Collars,050005832560,Leashes And Collars,,,,0.00,$4.69
Fluval Fx2 Cannister Filter Fluval,,015561102131,Aquatics,,,,1.00,$346.49
Fluval Fx4 Canister Filter Fluval,,015561102148,Aquatics,,,,1.00,$335.99
Fluval Uvc Inline Clarifier Fluval,,015561102032,Aquatics,,,,3.00,$62.99
Fluval Bio Fx 5l,Fluval,015561114592,Aquatics,,,,6.00,$34.64
Fluval Fx6 Service Kit,Fluval,015561302593,Aquatics,,,,5.00,$73.49
Fluval Bio Foam max 206/306 2p,Fluval,015561101882,Aquatics,,,,4.00,$7.63
Aquatop Vibrant Pass Rose Plan,Aquatop,050024364318,Aquatics,,,,0.00,$11.54
Fluval Quick Clear106/206 3pk,Fluval,015561102421,Aquatics,,,,2.00,$6.54
Fluval C4 Foam Pad 2pk,Fluval,015561140072,Aquatics,,,,2.00,$8.73
Fluval Quick Clear 306/406 6pk,Fluval,015561102445,Aquatics,,,,2.00,$11.54
Fluval Bio Foam Max 106/107 2p,Fluval,015561101875,Aquatics,,,,3.00,$5.45
Fluval Sea Cp1 Pump,Fluval,015561143455,Aquatics,,,,1.00,$36.74
Fluval C4 Polyfoam 3pk,Fluval,015561140102,Aquatics,,,,2.00,$14.69
Fluval Quick Clear Fx 3pk Fluval,,015561102469,Aquatics,,,,2.00,$11.54
Fluval Polymax U2 2pk,Fluval,015561104814,Aquatics,,,,3.00,$8.73
Fluval Polymax U3 2pk,Fluval,015561104821,Aquatics,,,,2.00,$13.64
Fluval Polycarb U4 2pk,Fluval,015561104920,Aquatics,,,,2.00,$8.73
Fluval Bio Foam 406/407 Fluval 2pk,,015561102377,Aquatics,,,,1.00,$10.49
Fluval Biofoam 106/107 2pk,Fluval,015561102360,Aquatics,,,,6.00,$7.63
Fluval Ac 110 Filter,Fluval,015561196208,Aquatics,,,,2.00,$115.49
Fluval Ac 50 Filter,Fluval,015561196109,Aquatics,,,,0.00,$55.64
Fluval Ac 70 Filter,Fluval,015561196154,Aquatics,,,,7.00,$68.24
Fluval Ac50 Bio Foam,Fluval,015561196130,Aquatics,,,,7.00,$3.27
Fluval Ac50 Biofoam 3pk Fluval,,015561196741,Aquatics,,,,4.00,$6.54
Fluval Ac70 Biofoam,Fluval,015561196185,Aquatics,,,,7.00,$5.45
Fluval Ac70 Biofoam 3pk Fluval,,015561196765,Aquatics,,,,2.00,$12.59
Hippie Hounds 500mg Dog Drops,Hippie Hounds,051233316871,Accessories,,,,0.00,$31.49
Fluval Ac30 Filter,Fluval,015561196000,Aquatics,,,,1.00,$41.99
Fluval Ac70 Ac110 Intake Fluval Spong,,015561196864,Aquatics,,,,0.00,$3.27
Fluval Ac70 Ac110 Bio Max,Fluval,015561196659,Aquatics,,,,0.00,$18.89
Fluval Ac70 Ac110 Bio Max,Fluval,015561196642,Aquatics,,,,3.00,$10.49
Fluval Ac50 Bio Max,Fluval,015561196628,Aquatics,,,,3.00,$8.73
Fluval Ac20 Ac30 Ammonia Remov,Fluval,015561196314,Aquatics,,,,3.00,$8.73
Fluval Ac50 Ammonia Remove,Fluval,015561196321,Aquatics,,,,3.00,$5.45
Fluval Ac50 Ammonia Remove 3pk,Fluval,015561196338,Aquatics,,,,2.00,$11.54
Fluval Ac70 Ac110 Ammonia Remo,Fluval,015561196345,Aquatics,,,,2.00,$8.73
Fluval Ac20 Bio Foam,Fluval,015561195980,Aquatics,,,,11.00,$2.17
Fluval Ac30 Bio Foam,Fluval,015561196055,Aquatics,,,,5.00,$2.17
Fluval Ac20 Bio Foam 3pk Fluval,,015561196703,Aquatics,,,,1.00,$5.45
Fluval Ac30 Bio Foam 3pk Fluval,,015561196727,Aquatics,,,,4.00,$5.45
Vitakraft Sticks Apricot & Cherry,Vitakraft Supplies,051233316895,Bird,,,,2.00,$10.49
Fluval Ac50 Carbon 3pk,Fluval,015561196444,Aquatics,,,,2.00,$12.59
Fluval Ac110 Bio Foam,Fluval,015561196239,Aquatics,,,,2.00,$12.59
Tropiclean Pineapple 4 in 1 Itch Relief Shampoo,Tropiclean,645095006843,Healthcare,,,,2.00,$15.74
Vitakraft Sticks Carrot & Hone,Vitakraft Animal,051233316956,Small,,,,0.00,$7.63
Fluval Carbon Ac70 Ac110,Fluval,015561196451,Aquatics,,,,2.00,$8.73
Fluval Carbon Ac70 Ac110 3pk,Fluval,015561196284,Aquatics,,,,2.00,$13.64
"Fluval Aquasky 27 Watts 36-48""",Fluval,015561166423,Aquatics,,,,1.00,$146.99
"Fluval Aquasky 18 Watts 24-36""",Fluval,015561145329,Aquatics,,,,2.00,$115.49
"Fluval Aquasky 12watts 15-24""",Fluval,015561145312,Aquatics,,,,2.00,$83.99
Aquatop Skyaqua 28watt,Aquatop,819603016048,Aquatics,,,,1.00,$146.99
Aquatop Skyaqua 20watt Aquatop,,819603016031,Aquatics,,,,1.00,$125.99
Aquatop Skyaqua 13watt Aquatop,,819603016024,Aquatics,,,,1.00,$83.99
Aquatop Skyaqua 10watt Aquatop,,819603016017,Aquatics,,,,2.00,$65.09
Aquatop Uv Light Bulb 7w Aquatop,,810281011073,Aquatics,,,,1.00,$25.19
Aquatop Uv Light Bulb 9w Aquatop,,810281011059,Aquatics,,,,0.00,$24.14
Aquatop Uv Light Bulb 5w Aquatop,,810281011080,Aquatics,,,,0.00,$24.14
Tetra 9w Uv Bulb,Tetra,046798195276,Aquatics,,,,0.00,$30.44
Fluval Prism 2.0,Fluval,015561145459,Aquatics,,,,1.00,$37.79
Hill's Adult Salmon Diet,Science,052742068626,Dog Food,Bag,Silver,22lb,1.00,$88.19
Hill's Sensitive Chicken Diet,Science,052742304090,Dog Food,Can,Silver,12.8oz,89.00,$4.35
Hill's 7+ Beef & Barley Diet,Science,052742705606,Dog Food,Can,Red,13oz,31.00,$4.13
Hill's Science Diet Adult Science 7+ H,Diet,052742753300,Cat Food,Bag,Silver,3.5lb,0.00,$26.24
Cascade Underwater Led Cascade Light,,030172094958,Aquatics,,,,4.00,$15.74
Aqueon Clip on Led,Aqueon,015905000727,Aquatics,,,,1.00,$41.99
Aqueon Plant Clip on Led Aqueon,,015905000734,Aquatics,,,,1.00,$50.39
Aqueon Led Day White Size 48,Aqueon,015905156196,Aquatics,,,,3.00,$41.99
Aqueon Led Daywhite Size24,Aqueon,015905156165,Aquatics,,,,1.00,$22.04
Aqueon Led Max Blue Size 48,Aqueon,015905156745,Aquatics,,,,0.00,$38.84
Aqueon Led Max Blue Size 36,Aqueon,015905156738,Aquatics,,,,1.00,$19.94
Aqueon Led Daywhite Size 20,Aqueon,015905156158,Aquatics,,,,1.00,$22.04
Aqueon Led Beautymax Aqueon Size 48,,015905156790,Aquatics,,,,1.00,$40.94
Aqueon Led Beauty Max Aqueon Size36,,015905156783,Aquatics,,,,1.00,$34.64
Aqueon Led Beauty Max Aqueon Size24,,015905156769,Aquatics,,,,1.00,$25.19
Aqueon Led Beauty Max Aqueon Size20,,015905156752,Aquatics,,,,2.00,$20.99
Hill's Science Diet Adult Science 7+ H,Diet,052742888309,Cat Food,Bag,Silver,7lb,2.00,$41.99
"Aqueon T8 Full Spectrum Aqueon 36""l",,015905653527,Aquatics,,,,2.00,$11.54
Purina Tidy Cats Breeze Purina,,070230127334,Healthcare,,,,1.00,$77.69
"Aqueon T8 Floramax 24""l Aqueon",,015905653541,Aquatics,,,,1.00,$9.44
Aqueon T8 Colormax Size24,Aqueon,015905004503,Aquatics,,,,0.00,$24.14
Kaytee Chew Proof 12oz Kaytee Animal,,071859000800,Small,,,,2.00,$12.59
Aqueon Led Colormax Size 30,Aqueon,015905156226,Aquatics,,,,1.00,$25.19
"Fluval Plant 46w 35-49""",Fluval,015561168878,Aquatics,,,,1.00,$241.49
Perfecto 20x18 Glass Top Perfecto,,030172035784,Aquatics,,,,0.00,$33.59
"Perfecto 30,34h,&45h",Perfecto,030172035791,Aquatics,,,,0.00,$43.04
"Aqueon 48""x18"" Glass Top",Aqueon,015905290715,Aquatics,,,,0.00,$57.74
"Aqueon 24""x12"" Glass Top",Aqueon,015905290241,Aquatics,,,,2.00,$22.04
"Aqueon 20""x10"" Hinged Glass To",Aqueon,015905290203,Aquatics,,,,0.00,$16.79
Marineland Emperor Pro 450,Marineland,047431781825,Aquatics,,,,1.00,$104.99
Marineland Penguin Pro375,Marineland,047431781818,Aquatics,,,,4.00,$83.99
Marineland Penguin Pro275,Marineland,047431781801,Aquatics,,,,0.00,$68.24
Marineland Penguin Pro175,Marineland,047431781795,Aquatics,,,,3.00,$52.49
Marineland Penguin Pro125,Marineland,047431781788,Aquatics,,,,1.00,$45.14
Marineland Emperor 400,Marineland,047431504790,Aquatics,,,,0.00,$104.99
Marineland Power Filter280,Marineland,047431504783,Aquatics,,,,0.00,$57.74
Marineland Magnum 290 Marineland,,047431907706,Aquatics,,,,1.00,$94.49
Marineland Maxi Jet400,Marineland,047431905092,Aquatics,,,,1.00,$41.99
Marineland Penguin 350,Marineland,047431503632,Aquatics,,,,2.00,$89.24
Marineland Penguin 200,Marineland,047431503625,Aquatics,,,,2.00,$66.14
Marineland Penguin150,Marineland,047431503618,Aquatics,,,,2.00,$50.39
Marineland Penguin 100,Marineland,047431503601,Aquatics,,,,3.00,$36.74
Marineland Penguin 75,Marineland,047431907058,Aquatics,,,,2.00,$30.44
Marineland Magnum 200 Marineland,,047431783706,Aquatics,,,,1.00,$62.99
Marineland Bio-foam- prefilter,Marineland,047431783096,Aquatics,,,,0.00,$10.49
Marineland Bio-foam- prefilter Aquatop Maxflow Pwrhead 35w Aquatop Maxflow Pwrhead 15w,Marineland $30.44 $24.14,047431782532,Aquatics,,,,3.00,$10.49
Cascade300 Filter,Cascade,030172015557,Aquatics,,,,2.00,$82.94
Cascade200 Filter,Cascade,030172015540,Aquatics,,,,2.00,$57.74
Cascade150 Filter,Cascade,030172015533,Aquatics,,,,3.00,$50.39
Aqueon Quietflow30,Aqueon,015905060820,Aquatics,,,,3.00,$54.59
Cascade100 Filter,Cascade,030172014949,Aquatics,,,,2.00,$41.99
Cascade80 Filter,Cascade,030172015526,Aquatics,,,,2.00,$33.59
Kaytee Premium Hideout Kaytee Tim Lar,Animal,071859000824,Small,,,,1.00,$34.64
Marineland Micron Cartridge,Marineland,047431014008,Aquatics,,,,1.00,$18.89
Marineland Micron Filter Marineland,,047431783997,Aquatics,,,,0.00,$13.64
Aqueon Quietflow75,Aqueon,015905060790,Aquatics,,,,3.00,$94.49
Aqueon Quietflow50,Aqueon,015905061179,Aquatics,,,,2.00,$62.99
Aqueon Quietflow20,Aqueon,015905060813,Aquatics,,,,2.00,$52.49
Aqueo Quietflow10,Aqueon,015905060806,Aquatics,,,,3.00,$41.99
Tetra Whisper Pf10,Tetra,046798263166,Aquatics,,,,2.00,$31.49
Aqueon Circulation Pump Aqueon 950,,015905000833,Aquatics,,,,1.00,$56.69
Undergravel Filter 40/55g Penn Plax,,030172390845,Aquatics,,,,0.00,$30.44
Undergravel Filter 29/20g Penn Plax,,030172390821,Aquatics,,,,1.00,$19.94
Undergravel Filter 20-15g Penn Plax,,030172390814,Aquatics,,,,1.00,$18.89
Undergrvel Filter 10g,Penn-Plax,030172001901,Aquatics,,,,0.00,$13.64
Aqueon Smart Clean 0-5,Aqueon,015905002479,Aquatics,,,,1.00,$28.34
Aqueon Smart Clean Filter 5-15,Aqueon,015905002486,Aquatics,,,,4.00,$31.49
Aqueon Smart Clean 15- 30,Aqueon,015905002493,Aquatics,,,,1.00,$37.79
Kaytee Food From The Wild 1oz,Kaytee Animal,071859002965,Small,,,,1.00,$5.45
Aquatop Eliminator 7w,Aquatop,048081011515,Aquatics,,,,0.00,$73.49
Forza Fz13 Uv Canister Forza Filter,,819603016437,Aquatics,,,,1.00,$314.99
Forza Fz9 Uv Cannister Forza Filter,,819603016420,Aquatics,,,,1.00,$272.99
Tetra Whisper Bio Bag Large 3p,Tetra,046798261704,Aquatics,,,,2.00,$12.59
Tetra Carbon Filter Whsip Tetra Ex20,,046798263319,Aquatics,,,,2.00,$11.54
Kaytee Natural Snacks Supplies,Kaytee,071859006239,Bird,,,,2.00,$7.63
Pro-z 44oz,Penn-Plax,030172015465,Aquatics,,,,1.00,$17.84
Pro-CarbZ 34 oz,Penn-Plax,030172015502,Aquatics,,,,2.00,$20.99
Pro-carb 28oz Active Crbn,Penn-Plax,030172015427,Aquatics,,,,0.00,$28.34
Pro-carb 17 oz Active Crbn,Penn-Plax,030172015410,Aquatics,,,,2.00,$20.99
Cascade Bio Sponge 2pk Cascade,,030172072635,Aquatics,,,,1.00,$6.53
Cascade Bio Sponge 2pk Cascade,,030172072628,Aquatics,,,,1.00,$5.44
Cascade 150/200 Flt Cartridge,Cascade,071859475110,Aquatics,,,,0.00,$5.45
Cascade Bio Sponge 2pk Cascade,,030172072611,Aquatics,,,,1.00,$4.36
Marina Slim Bioclr 3pk,Marineland,644472013351,Aquatics,,,,0.00,$7.63
Kaytee Giant Comfort Wheel,Kaytee Animal,071859942360,Small,,,,0.00,$30.44
Kaytee Pine Bedding 52.4 Kaytee L,Animal,071859949314,Small,,,,4.00,$16.79
Aqueon Replace Filter Large 3p,Aqueon,015905060875,Aquatics,,,,2.00,$14.69
Aqueon Replace Filter Large,Aqueon,015905060868,Aquatics,,,,4.00,$7.63
Aqueon Replace Filter Medium 6,Aqueon,015905060851,Aquatics,,,,1.00,$22.04
Aqueon Replace Filter 3pk Medi,Aqueon,015905060844,Aquatics,,,,2.00,$11.54
Aqueon Replace Filter Medium,Aqueon,015905060837,Aquatics,,,,4.00,$5.45
Aqueon Replace Filter Small 6p,Aqueon,015905064170,Aquatics,,,,1.00,$20.99
Aqueon Replace Filter Small 3p,Aqueon,015905060769,Aquatics,,,,3.00,$11.54
Kaytee Timothy w Marigold,Kaytee Animal,071859998718,Small,,,,1.00,$12.59
Kaytee Timothy w Carrot Animal,Kaytee,071859998732,Small,,,,2.00,$14.69
Kaytee Juvenile Rabbit Kaytee 5lb,Animal,071859999838,Small,,,,0.00,$12.59
Cascade Bio Sponge 150 Cascade & 200,,030172018466,Aquatics,,,,3.00,$5.45
Cascade Biosponge 100 Cascade,,030172018459,Aquatics,,,,2.00,$4.36
Fromm PurrSnickety Chicken Rec,Fromm,072705113484,Cat Food,Can,Purple,6oz,9.00,$2.50
Undergravel Upgrade Kit,Penn-Plax,030172399190,Aquatics,,,,1.00,$9.44
Aqueon Phosphate Remove 10 4pk,Aqueon,015905062848,Aquatics,,,,1.00,$11.54
Aqueon Phosphate Remove 20-75,Aqueon,015905062855,Aquatics,,,,0.00,$13.64
Aqueon Ecorenew Extra Aqueon Small 3p,,015905002509,Aquatics,,,,0.00,$10.49
Aqueon Ecorenew Small Aqueon 3pk,,015905002516,Aquatics,,,,0.00,$13.64
Aqueon Ecorenew Medium 3pk,Aqueon,015905002530,Aquatics,,,,0.00,$12.59
Aqueon Ammonia Reduce Aqueon 20-75 4p,,015905062794,Aquatics,,,,1.00,$13.64
Aqueon Ammonia Reduce Aqueon 10 4pk,,015905062787,Aquatics,,,,1.00,$8.73
Aqueon Carbon Pad 10 4 Aqueon Count,,015905062817,Aquatics,,,,2.00,$11.54
Fromm Game Bird Recipe Fromm 26 lb,,072705114405,Dog Food,Bag,Teal,26lb,3.00,$80.84
Polyfiber Pad,Penn-Plax,030172082283,Aquatics,,,,4.00,$10.49
Nitrate Remover Pad,Penn-Plax,030172082269,Aquatics,,,,0.00,$9.44
Polyfiber Plus Pad,Penn-Plax,030172082290,Aquatics,,,,2.00,$11.54
Ammonia Remover Pad,Acurel,030172082252,Aquatics,,,,2.00,$9.44
Fromm Gold Adult 30 lb,Fromm,072705115211,Dog Food,Bag,Gold,30lb,3.00,$55.64
Fromm Gold Large Breed Fromm 5lb,,072705115372,Dog Food,Bag,Gold,5lb,4.00,$15.74
Fromm Gold Adult,Fromm,072705115600,Cat Food,Bag,Gold,4lb,2.00,$19.94
Fromm Four-Star Game Bird Reci,Fromm,072705117031,Cat Food,Bag,Olive,10lb,2.00,$40.94
"Tetra Carbon Filter Ex30, Ex45",Tetra,046798263333,Aquatics,,,,2.00,$19.94
Tetra Carbon Filter Ex20 2pk M,Tetra,046798263302,Aquatics,,,,1.00,$8.73
Tetra Biobag Large,Tetra,046798410034,Aquatics,,,,3.00,$6.54
Tetra Whisper Filter Cartridge,Tetra,046798261582,Aquatics,,,,2.00,$4.36
Tetra Whisper Filter Cartridge,Tetra,046798259008,Aquatics,,,,2.00,$5.45
Treasure Chest Large,Penn-Plax,030172019418,Aquatics,,,,0.00,$41.99
Treasure Chest Extra Large,Penn-Plax,030172019425,Aquatics,,,,1.00,$88.19
Striped Pirate Ship Medium,Penn-Plax,030172062346,Aquatics,,,,2.00,$68.24
Sunken Treasure Ship Medium,Penn-Plax,030172048289,Aquatics,,,,2.00,$37.79
Treasure Chest Small,Penn-Plax,030172019401,Aquatics,,,,1.00,$15.74
Mini Undersea Treasure Chest,Penn-Plax,030172056796,Aquatics,,,,5.00,$4.36
Nutrisource Grain Free Seafood Select,Nutrisource,073893021261,Dog Food,Can,Red,12.3oz,12.00,$3.70
Anchor With Plant Medium,Penn-Plax,030172014482,Aquatics,,,,4.00,$17.84
Anchor W Plant Small,Penn-Plax,030172014475,Aquatics,,,,3.00,$12.59
Striped Pirate Ship Small Penn-Plax,,030172062865,Aquatics,,,,2.00,$20.99
Small Split Shipwreck,Penn-Plax,030172056802,Aquatics,,,,1.00,$16.79
Shipwreck Bow Small,Penn-Plax,030172014543,Aquatics,,,,1.00,$17.84
Enchanted Castle Small,Penn-Plax,030172027369,Aquatics,,,,1.00,$15.74
Mini Castle,Penn-Plax,030172027482,Aquatics,,,,0.00,$9.44
Magical Castle Small,Penn-Plax,030172027277,Aquatics,,,,3.00,$14.69
Castle Mini Red,Penn-Plax,030172027475,Aquatics,,,,3.00,$9.44
NutriSource Classic Catch Nutrisource,,073893069126,Cat Food,Can,Teal,5.5oz,23.00,$2.06
Castle Mini Blue,Penn-Plax,030172027390,Aquatics,,,,2.00,$11.54
Enchanted Castle Large,Penn-Plax,030172027383,Aquatics,,,,1.00,$41.99
Castle Super Sec A,Penn-Plax,030172027345,Aquatics,,,,1.00,$62.99
Castle Super Section B,Penn-Plax,030172027352,Aquatics,,,,1.00,$83.99
Brooklyn Bridge Medium,Penn-Plax,030172062445,Aquatics,,,,1.00,$51.44
Madison Bridge,Penn-Plax,030172062421,Aquatics,,,,1.00,$37.79
Gray Striped Rock 3pc Kit Penn-Plax,,030172098901,Aquatics,,,,1.00,$47.24
Deco Kit 3pcs,Penn-Plax,030172083471,Aquatics,,,,1.00,$94.49
Shipwreck Stern Medium Penn-Plax,,030172014574,Aquatics,,,,1.00,$36.74
Sunken Shipwreck Front Medium,Penn-Plax,030172014567,Aquatics,,,,2.00,$41.99
Carwreck Medium,Penn-Plax,030172014529,Aquatics,,,,1.00,$34.64
Car Wreck Small,Penn-Plax,030172014512,Aquatics,,,,1.00,$18.89
Green Leaf Driftwood,Penn-Plax,030172098178,Aquatics,,,,1.00,$20.99
Bonsai Tree on Rock,Penn-Plax,030172072055,Aquatics,,,,1.00,$33.59
Bonsai Tree on Rock,Penn-Plax,030172072048,Aquatics,,,,1.00,$39.89
Sunken Battleship Medium,Penn-Plax,030172048302,Aquatics,,,,2.00,$24.14
Mossy Rock Scape 2,Penn-Plax,030172088148,Aquatics,,,,2.00,$28.34
Grey Rock Scape,Penn-Plax,030172088124,Aquatics,,,,2.00,$29.39
Mossy Rock Scape,Penn-Plax,030172088131,Aquatics,,,,0.00,$30.44
Rock & Branch Scape,Penn-Plax,030172088117,Aquatics,,,,1.00,$31.49
Green Leaf Dirtfwood,Penn-Plax,030172098154,Aquatics,,,,0.00,$10.49
Green/Red Leaf Driftwood Penn-Plax,,030172098161,Aquatics,,,,2.00,$10.49
Bonsai Tree Small,Penn-Plax,030172072062,Aquatics,,,,0.00,$19.94
Algea Ship,Penn-Plax,030172106040,Aquatics,,,,2.00,$39.89
Algea Vase,Penn-Plax,030172106064,Aquatics,,,,1.00,$15.74
Kitwood Green Light,H2 Show,798549198882,Aquatics,,,,1.00,$71.39
Kitbox Volcano,H 2 Show,798549198820,Aquatics,,,,0.00,$71.39
Rainbow Rock Small,Penn-Plax,030172056055,Aquatics,,,,3.00,$9.44
NutriSource Adult Chicken & Rice,Nutrisource,073893260127,Dog Food,Bag,Blue,4lb,19.00,$16.79
Cambodia Rock Faces,Penn-Plax,030172062384,Aquatics,,,,1.00,$14.69
Troll Bridge,Penn-Plax,030172062438,Aquatics,,,,1.00,$73.49
Rialto Bridge Medium,Penn-Plax,030172062476,Aquatics,,,,1.00,$52.49
Rialto Bridge Small,Penn-Plax,030172062469,Aquatics,,,,1.00,$20.99
Extra Large Red Trunk,Penn-Plax,030172052873,Aquatics,,,,1.00,$73.49
Extra Large Red Rock,Penn-Plax,030172052842,Aquatics,,,,1.00,$52.49
Small Rdck Cave,Penn-Plax,030172064401,Aquatics,,,,0.00,$20.99
Zoo Med Aqualog Large,Zoo Med,097612240313,Aquatics,,,,0.00,$23.09
"Inaba Dashi Delights Chicken,",Inaba,076484001239,Cat Treats,,,,0.00,$1.19
Rock Cave Mountain,Penn-Plax,030172064425,Aquatics,,,,0.00,$30.44
1pk Natural Tank Decor,Penn-Plax,301720656448,Aquatics,,,,1.00,$22.04
2pk Natural 10 Gal Tank Decor,Penn-Plax,030172099984,Aquatics,,,,1.00,$62.99
Red Rock Tank Decor,Penn-Plax,030172017797,Aquatics,,,,0.00,$36.74
Aqua Marine Item- Assorted,Penn-Plax,030172070464,Aquatics,,,,6.00,$5.45
Mermaid,Penn-Plax,030172072284,Aquatics,,,,3.00,$9.44
Mickey Mouse Goofy,Penn-Plax,030172098987,Aquatics,,,,1.00,$5.45
Sea Anemone Blue Medium,Penn-Plax,030172102462,Aquatics,,,,2.00,$15.74
Sea Anemone Pink Medium,Penn-Plax,030172102479,Aquatics,,,,2.00,$15.74
Crystal Cluster Sapphire Blue,Penn-Plax,030172099069,Aquatics,,,,2.00,$15.74
Hindu Palace,Penn-Plax,015561147644,Aquatics,,,,1.00,$52.49
Pipe Hideaway Large,Penn-Plax,030172064432,Aquatics,,,,0.00,$10.49
Grass Hideaway,Penn-Plax,030172078606,Aquatics,,,,2.00,$9.44
Ddbl Rock Crop W Plnts Medium,Hagen,015561122238,Aquatics,,,,1.00,$13.64
Li'l Pals Small Collar 2bl12,Li'l Pals And Collars,076484001253,Leashes And Collars,,,,0.00,$12.49
Coastal Charm Red18 Com,Coastal And Collars,076484003486,Leashes And Collars,,,,0.00,$18.59
Fighter Jet Wreck Scape,Penn-Plax,030172083518,Aquatics,,,,0.00,$57.74
Large Rock Cave,Hagen,015561120586,Aquatics,,,,3.00,$41.99
Medium Rock Cave,Hagen,015561120579,Aquatics,,,,2.00,$26.24
Small Rock Cave,Hagen,015561120562,Aquatics,,,,2.00,$12.59
Wood Decor,Penn-Plax,030172104664,Aquatics,,,,0.00,$20.99
Sitting Unicorn,Penn-Plax,030172083761,Aquatics,,,,3.00,$11.54
Barbie Mermaid Medium,Penn-Plax,030172115479,Aquatics,,,,0.00,$13.64
Barbies Mermaid Medium Penn-Plax,,030172115486,Aquatics,,,,0.00,$13.64
Night Shifter Hot Wheel Small,Penn-Plax,030172105197,Aquatics,,,,2.00,$6.54
Twin Mill Hot Wheel Small Penn-Plax Gree,,030172105203,Aquatics,,,,2.00,$7.63
Rodger Dodger Hot Wheel Small,Penn-Plax,030172105180,Aquatics,,,,4.00,$6.54
Kev & Stuart Surf Small,Penn-Plax,030172104282,Aquatics,,,,0.00,$15.74
Minions Beacg Buddies Small,Penn-Plax,030172104299,Aquatics,,,,0.00,$15.74
Spngeb Pinapple Home,Penn-Plax,030172045790,Aquatics,,,,1.00,$15.74
Chum Bucket,Penn-Plax,030172084706,Aquatics,,,,1.00,$11.54
Safari Soft Slicker,Safari,076484004049,Healthcare,,,,2.00,$12.59
Frozen Elsa,Penn-Plax,030172092091,Aquatics,,,,2.00,$16.79
Frozen Anna Medium,Penn-Plax,030172092084,Aquatics,,,,2.00,$14.69
Clamshell Assst,Penn-Plax,030172072109,Aquatics,,,,1.00,$13.64
Medium Afr Shade Leaf Log,Penn-Plax,030172045776,Aquatics,,,,0.00,$15.74
Peace & Love Kit,Penn-Plax,030172105401,Aquatics,,,,2.00,$14.69
Mini Coral,Penn-Plax,030172099137,Aquatics,,,,17.00,$3.27
Velociraptors Small,Penn-Plax,030172103841,Aquatics,,,,2.00,$13.64
Dilophosaurus Medium,Penn-Plax,030172103858,Aquatics,,,,0.00,$15.74
Trex Jurrasic Small,Penn-Plax,030172103315,Aquatics,,,,1.00,$13.64
Jurassic Pork Gates Small,Penn-Plax,030172103322,Aquatics,,,,4.00,$12.59
Sunken Army Truck,Penn-Plax,015561147347,Aquatics,,,,1.00,$8.73
Small Plane Wreck,Penn-Plax,015561147330,Aquatics,,,,2.00,$8.73
Algae Boat Wheel,Penn-Plax,030172106057,Aquatics,,,,3.00,$17.84
Tufa Stone Medium,Penn-Plax,030172054839,Aquatics,,,,2.00,$13.64
Pirate Wave Runner,Penn-Plax,030172062360,Aquatics,,,,1.00,$71.39
Shipwreck Bow Large,Penn-Plax,030172014581,Aquatics,,,,0.00,$94.49
Shipwreck Stern Large,Penn-Plax,030172014598,Aquatics,,,,1.00,$83.99
Skull Gazer Small Assorted,Penn-Plax,030172080982,Aquatics,,,,2.00,$7.63
Safari Comb,Safari,076484005565,Healthcare,,,,2.00,$14.69
Safari Shedding Comb,Coastal,076484005657,Healthcare,,,,1.00,$12.59
Rhino Skull Resin,Penn-Plax,030172077418,Aquatics,,,,1.00,$15.74
Shark Jaw,Penn-Plax,030172083754,Aquatics,,,,1.00,$39.89
Stone Hideaway Small 2in Penn-Plax,,030172078545,Aquatics,,,,4.00,$7.63
"Roundstone Hideaway Large 4""",Penn-Plax,030172078552,Aquatics,,,,0.00,$20.99
Granite Stone Hideaway 2pk,Penn-Plax,030172101502,Aquatics,,,,1.00,$52.49
Krusty Krab,Penn-Plax,030172059261,Aquatics,,,,1.00,$15.74
Spongebob Large,Penn-Plax,030172075940,Aquatics,,,,0.00,$22.04
Gary Large,Penn-Plax,030172068966,Aquatics,,,,0.00,$13.64
Bikini Bottom Homes,Penn-Plax,030172084683,Aquatics,,,,1.00,$9.44
"Coastal Black12"" 301 Collar",Coastal And Collars,076484008368,Leashes And Collars,,,,2.00,$4.69
Patrick in Canoe,Penn-Plax,030172077654,Aquatics,,,,2.00,$11.54
Spongebob Snow Board,Penn-Plax,030172077647,Aquatics,,,,2.00,$11.54
Medium Sea Patrol Skye,Penn-Plax,030172080005,Aquatics,,,,1.00,$16.79
Medium Sea Patrol Chase Penn-Plax,,030172080012,Aquatics,,,,2.00,$16.79
Medium Rubble on Float,Penn-Plax,030172080029,Aquatics,,,,2.00,$15.74
Jaws Swim-thru Small,Penn-Plax,030172103292,Aquatics,,,,1.00,$12.59
Jaws Boat Attack Small,Penn-Plax,030172103285,Aquatics,,,,4.00,$13.64
Jaws W Bair Tank Medium,Penn-Plax,030172103889,Aquatics,,,,0.00,$20.99
Black Pearl Ship Medium Penn-Plax,,030172099854,Aquatics,,,,2.00,$14.69
Clown Fish,Penn-Plax,030172080579,Aquatics,,,,0.00,$6.54
Hank on Sand Medium,Penn-Plax,030172094446,Aquatics,,,,3.00,$13.64
Destiny in Water Small,Penn-Plax,030172094118,Aquatics,,,,2.00,$9.44
Coastal 6' Llamas 969 Leash,Coastal And Collars,076484009754,Leashes And Collars,,,,0.00,$20.49
Nemo & Marlin,Penn-Plax,030172078873,Aquatics,,,,1.00,$11.54
Nemo,Penn-Plax,030172078828,Aquatics,,,,2.00,$9.44
Sprats,Icelandic+,850003829128,Treats,,,,0.00,$9.44
Weird Waters Sign,Penn-Plax,030172045530,Aquatics,,,,0.00,$5.45
Jammin Jam,Penn-Plax,030172040511,Aquatics,,,,0.00,$7.63
Coral Rock Large,Hagen,015561147583,Aquatics,,,,0.00,$41.99
Medium Lighthouse,Penn-Plax,030172078026,Aquatics,,,,2.00,$13.64
"Coastal Blue 18"" 2901 Collar",Coastal And Collars,076484012907,Leashes And Collars,,,,0.00,$11.99
Zombie Fish,Penn-Plax,030172089237,Aquatics,,,,2.00,$10.49
Small Skull Assoorted Color,Penn-Plax,030172003462,Aquatics,,,,3.00,$10.49
Flaming Skull Blue 31/2,Penn-Plax,030172082146,Aquatics,,,,1.00,$10.49
Plant Decor Kit 2md 4xs green,Penn-Plax,030172101762,Accessories,,,,1.00,$17.84
Plant Decor Kit 2md 4xs color,Penn-Plax,030172101779,Aquatics,,,,0.00,$16.79
Pacific Perch Supplies,Prevue,048081010051,Bird,,,,2.00,$11.54
Pleco Cave,Penn-Plax,030172065941,Aquatics,,,,1.00,$20.99
Mopani Wd Medium,Penn-Plax,030172104657,Aquatics,,,,0.00,$15.74
Natural Driftwood Small,Penn-Plax,030172104626,Aquatics,,,,2.00,$8.73
Zoo Med Mopani Wood Medium,Zoo Med,097612200928,Reptiles,,,,-1.00,$17.84
"Galapagos 12""-24"" Spider Galapagos Wd",,759834053194,Aquatics,,,,0.00,$30.44
Aqua Floras Red Rock,Penn-Plax,030172050282,Aquatics,,,,1.00,$35.69
Aquafloras Rock Range,Penn-Plax,030172050275,Aquatics,,,,2.00,$23.09
Aquafloras Tree Stump,Penn-Plax,030172050268,Aquatics,,,,2.00,$29.39
Aqua Floras Living Large Penn-Plax Log,,030172105463,Aquatics,,,,0.00,$17.84
"Coastal Orange 20"" 2901 Coastal Collar",And Collars,076484012914,Leashes And Collars,,,,0.00,$9.89
Aqua Floras Sponge Bob Penn-Plax,,030172102721,Aquatics,,,,1.00,$29.39
Aquafloras Mushroom Patch,Penn-Plax,030172103629,Aquatics,,,,1.00,$18.89
Aquafloras Bloom Flower Penn-Plax,,030172105173,Aquatics,,,,1.00,$18.89
Aquascapes Glow Bunch Penn-Plax Medium G,,030172101045,Aquatics,,,,0.00,$4.36
Aquascapes Glow Bunch Penn-Plax,,030172101038,Aquatics,,,,3.00,$4.36
Aquascapes Large Red Bunch,Penn-Plax,030172098819,Aquatics,,,,4.00,$5.45
Aquascapes Medium Pennywort Bu,Penn-Plax,030172080128,Aquatics,,,,0.00,$4.36
Aquascapes Small Yell Bunch,Penn-Plax,030172098758,Aquatics,,,,2.00,$3.27
Aquascapes Small Purpl Bunch,Penn-Plax,03017209876,Aquatics,,,,0.00,$4.36
Little Meremaid 5pk,Penn-Plax,030172082740,Aquatics,,,,0.00,$30.44
Seasme Street Big Bird,Penn-Plax,030172096754,Toys,,,,2.00,$5.45
Mini Treasure Chest,Penn-Plax,030172021718,Aquatics,,,,2.00,$5.45
Jurassic Park Gates,Penn-Plax,030172104831,Aquatics,,,,1.00,$5.45
Seasme Cookie Monster,Penn-Plax,030172096761,Aquatics,,,,1.00,$7.63
Mickey Merminnie Mini,Penn-Plax,030172098970,Aquatics,,,,4.00,$7.63
Sesame Oscar the Grouch,Penn-Plax,030172099670,Aquatics,,,,0.00,$5.45
Frozen Olaf Slide Mini,Penn-Plax,030172090097,Aquatics,,,,0.00,$7.63
Frozen Anna Mini,Penn-Plax,030172092107,Aquatics,,,,1.00,$9.44
Mini Replica Fish,Penn-Plax,030172021725,Aquatics,,,,6.00,$5.45
Frozen Mini Elsa,Penn-Plax,030172092114,Aquatics,,,,2.00,$9.44
Frozen Ice Castle/Mini,Penn-Plax,030172090103,Aquatics,,,,2.00,$7.63
Glo-Plant Small Glow Pad GloFish,,030172071072,Aquatics,,,,1.00,$9.44
Foregrounder Cabomba Greenward,Penn-Plax,030172055102,Aquatics,,,,0.00,$3.27
Cascade Baby Hideout,Cascade,030172241024,Aquatics,,,,2.00,$9.44
Fan Palm Red,Penn-Plax,030172069062,Aquatics,,,,4.00,$4.36
Foregrounder Fan Brush Orange,Penn-Plax,030172069079,Aquatics,,,,2.00,$3.27
Hippie Hounds 125mg Cat Drops,Hippie Hounds,779202012592,Accessories,,,,1.00,$19.94
Hippie Hounds 1000mg Dog Drops,Hippie Hounds,779202321618,Accessories,,,,0.00,$52.49
Hippie Hounds 250mg Dog Drops,Hippie Hounds,779202025097,Accessories,,,,0.00,$27.29
Hippie Hounds 5mg Cbd 5.3oz,Hippie Hounds,779202005266,Accessories,,,,1.00,$28.34
Suzie's CBD Original 6oz Suzie's CBD,,728028492392,Dog Treats,,,,1.00,$17.84
Suzie's CBD Apple 6oz CBD,Suzie's,728028492385,Dog Treats,,,,1.00,$17.84
Suzie's CBD Pumpkin 6oz Suzie's CBD,,728028488807,Dog Treats,,,,0.00,$17.84
Seresto Large Dog Collar Seresto,,030172096310,Accessories,,,,0.00,$83.99
Seresto Small Dog Collar Seresto,,724089579447,Accessories,,,,9.00,$83.99
Coastal Double-Ply Dog Coastal Collar,And Collars,076484029066,Leashes And Collars,,,,1.00,$12.99
Coastal Leash Orcid 2906 Coastal,,076484029684,Leashes And Collars,,,,3.00,$23.59
Li'l Pals Extra Small Harness,Li'l Pals And Collars,076484029738,Leashes And Collars,,,,-1.00,$24.29
Li'l Pals Extra Small Harness,Li'l Pals And Collars,076484029745,Leashes And Collars,,,,-2.00,$24.99
Li'l Pals Extra Small Collar 2,Li'l Pals And Collars,076484029899,Leashes And Collars,,,,0.00,$12.49
Sinkers Red Water Hyacinth Bot,Penn-Plax,030172050589,Aquatics,,,,0.00,$5.45
Li'l Pals Extra Small Collar 1,Li'l Pals And Collars,076484029929,Leashes And Collars,,,,0.00,$12.49
Coastal Neon Pink leash 6' 406,Coastal And Collars,076484035500,Leashes And Collars,,,,0.00,$9.99
"Aqualife Plant Scapes 8""",Aqualife,030172902826,Aquatics,,,,0.00,$11.54
Mineral Block Cuttle Bone Supplies,,030172102356,Bird,,,,3.00,$5.45
Coastal Lime 6' 404 Leash,Coastal And Collars,076484040481,Leashes And Collars,,,,0.00,$8.31
Coastal Orange 6' 404 Leash,Coastal And Collars,076484040498,Leashes And Collars,,,,-1.00,$8.31
Coastal Blue 6' 406 Leash Coastal,,076484040606,Leashes And Collars,,,,0.00,$9.59
"Coastal Purple16"" 601 Collar",Coastal And Collars,076484043307,Leashes And Collars,,,,0.00,$6.19
Junglepd Small Style 2,Penn-Plax,030172059315,Aquatics,,,,3.00,$11.54
EZ Feed Seed and Water GloFish Cup,Supplies,030172902673,Bird,,,,1.00,$2.17
Jungle Pods Large Style 6 Penn-Plax,,030172059414,Aquatics,,,,5.00,$14.69
"Aqua plant 12"" Rock Plant Penn-Plax Colo",,030172095078,Aquatics,,,,3.00,$7.63
"Coastal Pink 18"" 601",Coastal,076484043505,Leashes And Collars,,,,-1.00,$6.23
Aquatop Vibrant Gar Viol Aquatop Plant Aquatop Vibrant Wild Red Aquatop Plant Aquatop Vibrant Wild Red Aquatop Plant,$11.54 $14.69,076484851216,Aquatics,,,,0.00,$11.54
Coastal Red04' 604 Leash,Coastal And Collars,076484044014,Leashes And Collars,,,,1.00,$8.99
"Coastal Neon Pink20"" Buc Colla Aquatop Vibrant Wild Green Pla Aquatop Vibrant Wild Mixed Pla Aquatop Vibrant Wild White Pla",Coastal And Collars $14.69 $11.54 $12.59,076484044113,Leashes And Collars,,,,0.00,$9.99
Coastal Black06' 606 Leash Aquatop Vibrant Pass Pink Plan,Coastal And Collars $11.54,076484044205,Leashes And Collars,,,,-1.00,$10.99
Coastal Red06' 606 Leash Aquatop Vibrant Wild Green Pla,Coastal And Collars $14.69,076484044212,Leashes And Collars,,,,1.00,$10.99
Coastal Blue04' 604 Leash Aquatop Vibrant Wild Mixed Red,Coastal And Collars $14.69,076484044366,Leashes And Collars,,,,1.00,$8.99
Li'l Pals Harness & Leash Coastal Combo Pink,And Collars,076484062049,Leashes And Collars,,,,2.00,$30.99
Coastal Adjustable Cat Harness Pink,Coastal And Collars,076484063442,Leashes And Collars,,,,1.00,$11.59
Coastal Adjustable Cat Harness Red,Coastal And Collars,076484063466,Leashes And Collars,,,,1.00,$11.59
Coastal Double-Ply Dog Coastal Collar,And Collars,076484063718,Leashes And Collars,,,,0.00,$12.99
Coastal Double-Ply Dog Coastal Collar Aquatop Vibrant Wild Mix Aquatop Red P,And Collars $26.24,076484063725,Leashes And Collars,,,,0.00,$12.99
Coastal Double-Ply Dog Coastal Collar Aquatip Vibrant Pass Pink Aquatop Plan,And Collars $23.09,076484064050,Leashes And Collars,,,,1.00,$12.99
"Coastal Pink Bright26"" 2901 Co",Coastal And Collars,076484064654,Leashes And Collars,,,,2.00,$9.89
Aqua plant 8' Plant Green Penn-Plax,,030172055478,Aquatics,,,,0.00,$10.49
"Aqua Plant 24"" Green 2pk Penn-Plax",,030172088025,Aquatics,,,,4.00,$13.64
"Aqua Plant 24"" Color 2pk Penn-Plax",,030172088032,Aquatics,,,,2.00,$13.64
"Aquaplt 16"" Color 3pk",Penn-Plax,030172088018,Aquatics,,,,2.00,$14.69
"Aqua Plant 8"" Glow Plant Penn-Plax 6pc P",,030172050152,Aquatics,,,,5.00,$11.54
"Aqua Plant 2"" 6pk Natural Penn-Plax Bett",,030172099717,Aquatics,,,,2.00,$6.54
"Aqua Plant 4"" Plant Green",Penn-Plax,030172071447,Aquatics,,,,5.00,$6.54
"Aqua Plant 4"" Plant Various",Penn-Plax,030172071454,Aquatics,,,,4.00,$7.63
Sinkers Ambulia Green Giant,Penn-Plax,030172055669,Aquatics,,,,0.00,$13.64
Sinkers Bloom Ludwigia Penn-Plax Red Gia,,030172055652,Aquatics,,,,0.00,$12.59
Sinkers Bloom Ludwig Red Super,Penn-Plax,030172055614,Aquatics,,,,1.00,$10.49
Coastal Styles Collar Sm Coastal Pineapple,And Collars,076484065231,Leashes And Collars,,,,2.00,$8.29
Sinkers Floral spike Extra Penn-Plax Lar,,030172055553,Aquatics,,,,1.00,$9.44
Sinkers Water Lily Red Medium,Penn-Plax,030172055485,Aquatics,,,,0.00,$6.54
Coastal Styles Collar Med Coastal Pineapple,And Collars,076484065613,Leashes And Collars,,,,1.00,$10.69
Aqua plant 1large 2 medium As,Penn-Plax,030172013379,Aquatics,,,,2.00,$9.44
"Aquaplants 8"" Various 6pk",Penn-Plax,030172071478,Aquatics,,,,2.00,$11.54
"Aquaplants 12"" Various 6pk",Penn-Plax,030172071492,Aquatics,,,,2.00,$16.79
Purewatr Pebbles Liberty Pure Water 25 lb,Pebbles,015561226103,Aquatics,,,,0.00,$25.19
Exo Terra Faunarium Mini Exo Terra,,015561222501,Reptiles,,,,5.00,$6.54
Coastal Styles Collar Lrg Coastal Pineapple,And Collars,076484065637,Leashes And Collars,,,,2.00,$12.39
Estes Nutmeg 5lb Gravel Estes,,034652105035,Aquatics,,,,8.00,$7.63
Estes Cherokee 5lb Gravel,Estes,034652164056,Aquatics,,,,8.00,$8.73
Estes Jumbo Nautral 5lb Gravel,Estes,034652155016,Aquatics,,,,6.00,$8.73
Purewater Pebbles Rainbow Gems,Nature's Ocean,015561226028,Aquatics,,,,0.00,$6.54
Li'l Pals Small Collar 2pn12,Li'l Pals And Collars,076484066375,Leashes And Collars,,,,2.00,$7.49
Li'l Pals Extra Small Collar D,Li'l Pals And Collars,076484067259,Leashes And Collars,,,,0.00,$6.23
Coastal Cat Collar Kitten GND08,Li'l Pals And Collars,076484067266,Leashes And Collars,,,,3.00,$6.23
Coastal Cat Collar WDF08,Canidae And Collars,076484067297,Leashes And Collars,,,,1.00,$6.23
Coastal Mesh Muzzle Size 1,Coastal,076484075995,Accessories,,,,2.00,$15.74
Zilla Delux Tropical Habitat Accessory Kit,Zilla,096316002586,Reptiles,,,,1.00,$69.29
Coastal Mesh Muzzle Size 2,Coastal,076484076053,Accessories,,,,1.00,$19.94
Estes Black Sand 5lb,Estes,034652066060,Aquatics,,,,6.00,$8.73
Estes White Sand 5lb,Estes,034652066077,Aquatics,,,,8.00,$8.73
Estes Stoney River Aquarium Sa,Estes,034652066091,Aquatics,,,,4.00,$8.73
Estes Stoney River Aquarium Sa,Estes,034652066084,Aquatics,,,,5.00,$8.73
Fluval Stratum 4.4lb,Fluval,1556112639,Aquatics,,,,0.00,$17.84
Fluval Bio - stratum 4.4lb Fluval,,015561126996,Aquatics,,,,0.00,$19.94
Plant & Shrimp Substrate Aqueon 5lb,,015905000918,Aquatics,,,,2.00,$26.24
Ecoplanted Red 20lb,Caribsea,008479007711,Aquatics,,,,2.00,$41.99
Caribsea African Cichlid Mix 2,Caribsea,008479002204,Aquatics,,,,2.00,$24.14
Caribsea Cichlid 20lb Sand,Caribsea,008479007728,Aquatics,,,,2.00,$34.64
Power Walker XS Red,Coastal,076484087875,Leashes And Collars,,,,1.00,$36.99
Marina Air Pump A300,Marineland,015561111188,Aquatics,,,,2.00,$33.59
Marina Air Pump A200,Marineland,015561111164,Aquatics,,,,3.00,$30.44
Marina Air Pump A100,Marineland,015561111140,Aquatics,,,,4.00,$20.99
Marina Air Pump A75,Marineland,015561111126,Aquatics,,,,2.00,$16.79
Marina Air Pump 50,Marineland,015561111102,Aquatics,,,,3.00,$12.59
Led Air Stone,Penn-Plax,030172085758,Aquatics,,,,2.00,$11.54
Aqueon Quitetflw Air Pump10,Aqueon,015905069953,Aquatics,,,,2.00,$23.09
Aqueon Quitflow Air Pump40,Aqueon,015905069977,Aquatics,,,,1.00,$30.44
Airtech 2k4,Penn-Plax,030172047220,Aquatics,,,,0.00,$36.74
Airpod 20gal,Penn-Plax,030172047206,Aquatics,,,,1.00,$23.09
Airpod 30gal,Penn-Plax,030172047213,Aquatics,,,,1.00,$26.24
Airpod 75g,Penn-Plax,030172047237,Aquatics,,,,2.00,$41.99
Nano Air Pump,Penn-Plax,030172084256,Aquatics,,,,5.00,$10.49
The Bubbler Bottm Filter,Penn-Plax,030172391118,Aquatics,,,,1.00,$6.54
Power Walker Sm Black,Coastal,076484087943,Leashes And Collars,,,,1.00,$40.99
Act-air Half Shipwreck,Penn-Plax,030172010569,Aquatics,,,,2.00,$18.89
Act-air Rocking Shipwreck Penn-Plax,,030172010903,Aquatics,,,,1.00,$23.09
Act-air Action Split Shipwreck,Penn-Plax,030172010552,Aquatics,,,,1.00,$27.29
Bacto-Surge Sponge Filter Extr,Hikari,042055960489,Aquatics,,,,2.00,$28.34
Act-air Treasure Chest,Penn-Plax,030172010644,Aquatics,,,,1.00,$11.54
Act-air Rice Mill,Penn-Plax,030172010491,Aquatics,,,,2.00,$16.79
Loop Act-air Barrel of Jewls,Penn-Plax,030172010811,Aquatics,,,,2.00,$18.89
Act-air Sea Dog,Penn-Plax,030172010828,Aquatics,,,,2.00,$17.84
Act-air Diver W Hose,Penn-Plax,030172010507,Aquatics,,,,2.00,$12.59
Act-air Action Skeleton,Penn-Plax,030172010859,Aquatics,,,,2.00,$26.24
Power Walker Med Blue,Coastal,076484088032,Leashes And Collars,,,,1.00,$46.99
Power Walker Lrg Blue,Coastal,076484088063,Leashes And Collars,,,,2.00,$50.99
Check Valve,Penn-Plax,030172273018,Aquatics,,,,1.00,$5.45
"Aquamist 1 3/16""",Penn-Plax,030172332074,Aquatics,,,,4.00,$2.17
"Aquamist 7/16""",Penn-Plax,030172332067,Aquatics,,,,0.00,$2.17
Marina Air Stone 2pk,Marineland,015561109611,Aquatics,,,,0.00,$2.17
Marina Bubble Disk Large Marineland,,015561109871,Aquatics,,,,2.00,$7.63
Marina Bubble Disk Small Marineland,,015561109857,Aquatics,,,,4.00,$5.45
Aqualife Stand Airline Tube 25,Aqualife,030172350252,Aquatics,,,,3.00,$8.73
Aqualife Stand Airline Tube 8f,Aqualife,030172350085,Aquatics,,,,0.00,$4.36
Marina Air Stone 30.5 Cm Marineland,,015561109741,Aquatics,,,,3.00,$6.54
"Aquamist 12""",Penn-Plax,030172333125,Aquatics,,,,0.00,$7.63
Aqualife Aqua-mist 6in,Aqualife,030172333064,Aquatics,,,,2.00,$5.45
Marina Air Stone 10cm,Marineland,015561109703,Aquatics,,,,2.00,$2.17
Bubble-shell,Penn-Plax,030172332098,Aquatics,,,,2.00,$7.63
Aqualife Delux Airline Tube 20,Aqualife,030172350092,Aquatics,,,,3.00,$7.63
Aqualife Delux Airline Tube 8f,Aqualife,030172350078,Aquatics,,,,4.00,$4.36
Coastal Black06' 2906 Leash,Coastal And Collars,076484090609,Leashes And Collars,,,,0.00,$23.59
"Aqualife 35.5"" Bend Bubble Wal",Aqualife,030172002908,Aquatics,,,,2.00,$14.69
"Aqualife 48"" Bend Bubble Aqualife Wall",,030172018701,Aquatics,,,,0.00,$19.94
Titan Chain Leash 2.0 mm 4' Black,Omega And Collars,076484092701,Leashes And Collars,,,,3.00,$21.49
Coastal Red04' 404 Leash,Coastal And Collars,076484092718,Leashes And Collars,,,,0.00,$8.31
"Aqualife 28"" Bubble Wall Aqualife",,097612621501,Aquatics,,,,0.00,$9.44
Aqueon Quietflow Airpump100,Aqueon,015905069991,Aquatics,,,,1.00,$52.49
Marina Battery Air Pump,Marineland,015561111348,Aquatics,,,,0.00,$22.04
Cascade Air Charger Ii,Cascade,030172085772,Aquatics,,,,1.00,$52.49
Airpod,Penn-Plax,030172047190,Aquatics,,,,0.00,$88.19
Mag-scrape Scraper Blades,Penn-Plax,030172032127,Aquatics,,,,0.00,$20.99
Mag-float Glass Clean Large,Mag Float,790950003502,Aquatics,,,,1.00,$75.87
Marina 3way Control Valve,Marineland,015561111799,Aquatics,,,,1.00,$5.45
Lok-Tite 4gang Valve,Penn-Plax,030172191404,Aquatics,,,,1.00,$12.59
Marina Digit Thermometer Marineland,,015561111966,Aquatics,,,,0.00,$22.04
Emergency Air,Penn-Plax,030172290442,Aquatics,,,,1.00,$31.49
Silent Air B11,Penn-Plax,030172290459,Aquatics,,,,1.00,$33.59
Mag-float Glass Clean Medium,Penn-Plax,790950001256,Aquatics,,,,2.00,$41.99
Marina 2way Control Valve,Marineland,015561111782,Aquatics,,,,0.00,$4.36
Lok-tite 3gang Valve,Penn-Plax,030172191305,Aquatics,,,,2.00,$11.54
Aqualife Steel Thermometer,Aqualife,030172371059,Aquatics,,,,1.00,$5.45
Exoterra Primates Skull,Exo Terra,015561228558,Reptiles,,,,2.00,$24.14
Fluval Diffuser,Fluval,015561111409,Aquatics,,,,2.00,$8.73
Led Lighthouse,Penn-Plax,030172088858,Aquatics,,,,2.00,$25.19
Aqueon Large Algea Magnet,Aqueon,015905061728,Aquatics,,,,1.00,$46.19
"Titan Traincllr Fine 16"" 5520",Titan And Collars,076484093128,Leashes And Collars,,,,0.00,$8.99
Titan Chain Collar 20 in 2.5 mm,Omega And Collars,076484093234,Leashes And Collars,,,,2.00,$8.69
Aqueon Medium Algae Magnet,Aqueon,015905061711,Aquatics,,,,2.00,$22.04
Wizard Algae Scrubber Pad,Penn-Plax,030172092060,Aquatics,,,,2.00,$16.79
Aqueon Twist & Click Steel Bla,Aqueon,015905002349,Aquatics,,,,2.00,$7.63
Aqueon Twist & Click Plastic B,Aqueon,015905002332,Aquatics,,,,1.00,$6.54
Underwater River,Life Gard,788379311704,Aquatics,,,,1.00,$25.19
Aqueon Algea Cleaning Magnet S,Aqueon,015905061704,Aquatics,,,,1.00,$14.69
Api Glass Algea Scraper,API,017163001218,Aquatics,,,,2.00,$13.64
Api Acrylic Algea Scraper API,,017163010432,Aquatics,,,,1.00,$13.64
Filter-a-brush,Penn-Plax,030172252013,Aquatics,,,,4.00,$6.54
Aqueon Foam Clean Pad 1pk,Aqueon,015905002356,Aquatics,,,,1.00,$7.63
"Aqueon 21"" Led Bubble Wand",Aqueon,015905062381,Aquatics,,,,1.00,$35.69
"Aqueon 14"" Led Bubble Wand",Aqueon,015905062374,Aquatics,,,,0.00,$30.44
Filter-a-brush Kit,Penn-Plax,030172252020,Aquatics,,,,3.00,$12.59
Aqueon Proscraper 3.0 Short,Aqueon,015905002325,Aquatics,,,,0.00,$13.64
Aqueon Proscraper 3.0 Adjust,Aqueon,015905002196,Aquatics,,,,0.00,$20.99
Barkworthies Smoked Bully Stic,Barkworthie s,840139132117,Treats,,,,20.00,$8.73
Barkworthies Smoked Marrow Bon,Barkworthie s,840139132094,Treats,,,,5.00,$8.73
Barkworthies Smoked Beef Rib B,Barkworthie s,840139132032,Treats,,,,10.00,$3.27
Barkworthies Hickory Smoked Ch,Barkworthie s,840139132001,Dog Treats,,,,14.00,$5.45
Barkworthies Smoked Yak Cheese,Barkworthie s,840139132063,Treats,,,,11.00,$10.49
Barkworthies Smoked Trachea 10,Barkworthie s,840139132100,Treats,,,,5.00,$8.73
Barkworthies Hickory Smoked Gu,Barkworthie s,840139132087,Dog Treats,,,,32.00,$3.27
Barkworthies Hickory Smoked Du,Barkworthie s,840139132056,Dog Treats,,,,16.00,$2.17
"Barkworthies Smoked Trachea 6""",Barkworthie s,840139132070,Dog Treats,,,,6.00,$5.45
Barkworthies Smoked Cow Ear Do,Barkworthie s,840139131721,Treats,,,,1.00,$16.79
Barkworthies Smoked Chicken Br,Barkworthie s,840139130717,Treats,,,,2.00,$10.49
"Rascals 3"" Hamburger",Coastal,076484093890,Toys,,,,0.00,$6.54
Barkworthies Smoked Tendon Str,Barkworthie s,840139131752,Treats,,,,0.00,$11.54
Smokehouse Trachea 3 Chews,Smokehous e,078565840676,Dog Treats,,,,-1.00,$13.64
Barkworthies Smoked Gullet Bit,Barkworthie s,840139131653,Dog Treats,,,,1.00,$7.63
Barkworthies Smoked Bully Bite,Barkworthie s,840139131660,Treats,,,,1.00,$9.44
Freshpet Vital Grain Free Beef,Freshpet,076484103513,Dog Food,Bag,lb,,0.00,$39.89
Greenies Dog Dental Large 36oz,Greenies,642863101069,Treats,,,,1.00,$56.69
Greenies Regular 36oz,Greenies,642863101045,Dog Treats,,,,1.00,$62.99
Pill Pockets L Cap Hickory,Greenies,642863106552,Dog Treats,,,,2.00,$23.09
Pill Pockets S Cap Peanut Butter,Greenies,642863101281,Dog Treats,,,,3.00,$13.64
Pill Pockets Tab Peanut Butter,Greenies,642863101267,Dog Treats,,,,4.00,$11.54
Pill Pockets S Cap Chicken,Greenies,642863045417,Dog Treats,,,,3.00,$15.74
Pill Pockets Tab Cheese,Greenies,642863109294,Dog Treats,,,,2.00,$11.54
Pill Pockets L Cap Cheese,Greenies,642863109317,Dog Treats,,,,1.00,$23.09
Pill Pockets S Cap Cheese,Greenies,642863109300,Dog Treats,,,,2.00,$14.69
Valhoma Spike 18 Red Collar,Valhoma And Collars,076484104312,Leashes And Collars,,,,0.00,$28.99
Greenies Regular 12 oz Sweet Potato,Greenies,642863114229,Dog Treats,,,,1.00,$24.14
Greenies Petite 12 oz Sweet Potato,Greenies,642863114205,Dog Treats,,,,2.00,$24.14
Greenies Teenie 12 oz Sweet Potato,Greenies,642863114182,Dog Treats,,,,1.00,$24.14
Greenies Large 12 oz Blueberry,Greenies,642863104824,Dog Treats,,,,1.00,$24.14
Greenies Puppy 6+ Months Dog D,Greenies,642863117619,Treats,,,,0.00,$24.14
Greenies Regular 12 oz Blueberry,Greenies,642863104817,Dog Treats,,,,2.00,$24.14
Greenies Petite 12oz Blueberry,Greenies,642863104800,Dog Treats,,,,1.00,$24.14
Greenies Teenie 12oz Blueberry,Greenies,642863104794,Dog Treats,,,,2.00,$24.14
Greenies Large 12 oz Fresh,Greenies,642863104749,Dog Treats,,,,1.00,$24.14
Greenies Petite 12oz Fresh,Greenies,642863104725,Dog Treats,,,,2.00,$24.14
Greenies Teenie 12oz Fresh,Greenies,642863104718,Dog Treats,,,,2.00,$24.14
Greenies Teenie 36 oz,Greenies,642863101007,Dog Treats,,,,1.00,$62.99
Yummy Crumbs L 12oz mbs,YummyCo,064992513689,Accessories,,,,0.00,$27.29
YummyCombs Small 12oz,YummyCo mbs,064992508012,Healthcare,,,,0.00,$27.29
"Circle 18"" Tan 1106 Collar",Circle T And Collars,076484104343,Leashes And Collars,,,,0.00,$16.89
Greenies Large 27 oz,Greenies,642863041129,Dog Treats,,,,1.00,$47.24
Greenies Regular 27 oz,Greenies,642863041198,Dog Treats,,,,1.00,$47.24
Greenies Petite 27 oz,Greenies,642863041266,Dog Treats,,,,1.00,$47.24
Greenies Anytime Bites Blueberry,Greenies,642863114434,Dog Treats,,,,1.00,$23.09
Greenies Teenie 12 oz,Greenies,642863041310,Dog Treats,,,,3.00,$24.14
Greenies Petite 12 oz Greenies Dog Dental Treats&#10;Reg,Greenies $24.14,642863041242,Dog Treats,,,,2.00,$24.14
Greenies Dog Dental Treats&#10;Tee,Greenies,642863102912,Treats,,,,-3.00,$12.59
Greenies Petite 6 oz,Greenies,642863102929,Dog Treats,,,,1.00,$12.59
Greenies Large 6 oz,Greenies,642863102943,Dog Treats,,,,3.00,$12.59
"Circle 20"" Red 1206 Collar",Circle T And Collars,076484104510,Leashes And Collars,,,,0.00,$27.69
Pet House Sunwashed Cotton Can Pet House Furever Loved Pethouse Memori Pet House Pear Orchid,Pethouse $24.14 $24.14,881314673193,Accessories,,,,2.00,$24.14
Pet House Vanilla Sandalwood C,Pethouse,612520694883,Accessories,,,,2.00,$20.99
Pet House Winter Fig Candle,Pethouse,794969446824,Accessories,,,,3.00,$22.04
Pet House Sugar Cookies Pethouse Candle,,612520695019,Accessories,,,,2.00,$22.04
Valhoma 22 Red Collar,Valhoma,076484104718,Leashes And Collars,,,,0.00,$19.99
Pet House Freshening Reed Diff,Pethouse,745860397135,Accessories,,,,2.00,$24.14
Pet House Freshening Reed Diff,Pethouse,745860397142,Accessories,,,,1.00,$24.14
Pet House Fresh Citrus Candle Pet House Mango Peach,Pethouse $24.14,881314673148,Accessories,,,,0.00,$24.14
Pet House Silver Birch Candle,Pethouse,794969447425,Accessories,,,,0.00,$24.14
Pet House Autumn Harvest Candl,Pethouse,612520695248,Accessories,,,,0.00,$24.14
Pet House Orange Spice Candle,Pethouse,745860395513,Accessories,,,,-1.00,$22.04
Pet House Lilac Garden Candle,Pethouse,731236221555,Accessories,,,,0.00,$24.14
Pet House Sweet Cranberries Mi,Pethouse,736902408834,Accessories,,,,0.00,$4.36
Pet House Lavender Green Tea M,Pethouse,731236221456,Accessories,,,,1.00,$4.36
Pet House Fresh Citrus Wax Mel,Pethouse,736902409336,Accessories,,,,2.00,$8.73
Pet House Lavender Green Tea W,Pethouse,736902409374,Accessories,,,,1.00,$8.73
Pet House Vanilla Sandalwood W,Pethouse,612520694869,Accessories,,,,2.00,$8.73
Pet House Citrus Car Freshener,Pethouse,731236221487,Accessories,,,,7.00,$4.36
Pet House Vanilla Sandalwood C,Pethouse,794604435510,Accessories,,,,5.00,$4.36
Wick Trimmer,Generic,734366021255,Healthcare,,,,5.00,$8.73
"Coastal Red24"" 2901 Collar",Coastal And Collars,076484104916,Leashes And Collars,,,,0.00,$11.39
PetOdor Cream Vanilla Wax Products,Specialty Pet,734366080511,Accessories,,,,0.00,$6.54
PetOdor Happy Days Wax Products,Specialty Pet,734366080566,Accessories,,,,1.00,$6.54
PetOdor Hippie Love Wax Specialty Pet Products,,734366080542,Accessories,,,,0.00,$6.54
"Circle T Leather Collar Freshpet Tan 24""",And Collars,076484104947,Leashes And Collars,,,,0.00,$24.49
PetOdor Clothesline Car Specialty Freshe Products,Pet,734366023228,Accessories,,,,2.00,$3.27
PetOdor Creamy Vanilla Specialty Car Fre Products,Pet,734366023198,Accessories,,,,0.00,$3.27
PetOdor Lavender with Chamomil Products,Specialty Pet,734366023235,Accessories,,,,3.00,$2.17
PetOdor Orange Lemon Specialty Car Fresh Products,Pet,734366023259,Accessories,,,,2.00,$3.27
Pet House Wax Warmer Pethouse,,794604435527,Accessories,,,,2.00,$24.14
PetOdor Furrytails Spray 7oz Products,Specialty Pet,734366054635,Accessories,,,,-1.00,$9.44
PetOdor Lollipets Spray 7oz Products,Specialty Pet,734366054475,Accessories,,,,-1.00,$9.44
PetOdor Blue Buffalo Serenity Products,Specialty Pet,734366054314,Accessories,,,,1.00,$9.44
PetOdor Candle Lavender Specialty with C Products,Pet,734366020166,Accessories,,,,0.00,$11.54
Fluker's Crafted Cuisine Fluker's Tortoise,,091197700644,Reptiles,,,,0.00,$10.49
Circle T Leather Leash Tan 4',Primal And Collars,076484114441,Leashes And Collars,,,,0.00,$22.79
PetOdor Creamy Vanilla Specialty Spray 7 Products,Pet,734366037188,Healthcare,,,,0.00,$9.44
PetOdor Candle Flower Power Sp Products PetOdor Creamy Vanilla Specialty Pet Products,Specialty Pet $11.54,734366062456,Accessories,,,,2.00,$11.54
PetOdor Candle Mulberry Specialty Spice Products,Pet,734366037157,Accessories,,,,1.00,$11.54
PetOdor Candle Fall'n Leaves Products,Specialty Pet,734366022108,Accessories,,,,3.00,$11.54
PetOdor Candle Furry Tails Products,Specialty Pet,734366062906,Accessories,,,,2.00,$11.54
PetOdor Candle Tangie Pet Products,Specialty,734366063194,Accessories,,,,3.00,$11.54
PetOdor Candle Sour Apple Products PetOdor Pineapple Coconut Products,Specialty Pet $11.54 Pet,734366063156,Accessories,,,,3.00,$11.54
PetOdor Candle Kibblez Specialty Pet Products,,734366063262,Accessories,,,,0.00,$11.54
PetOdor Candle Bamboo Specialty Breeze Products,Pet,734366015605,Accessories,,,,4.00,$11.54
PetOdor Candle Gummies Products,Specialty Pet,734366063286,Accessories,,,,2.00,$11.54
PetOdor Candle Sprinkles Specialty Pet Products,,734366063279,Accessories,,,,1.00,$11.54
PetOdor Candle Cinnamon Apple Products,Specialty Pet,734366037102,Accessories,,,,1.00,$11.54
PetOdor Candle White Pumpkin Products,Specialty Pet,734366063217,Accessories,,,,2.00,$11.54
PetOdor Candle Lollipets Specialty Pet Products,,734366062746,Accessories,,,,1.00,$11.54
PetOdor Candle Sippin Sangria Products,Specialty Pet,734366062968,Accessories,,,,5.00,$11.54
Wholesomes Peanutty Bites Wholesomes Gourmet Rewards Smo,Wholesome s $7.63,034846550054,Dog Treats,,,,4.00,$7.63
Wholesomes Cheezy Bites,Wholesome s,034846550061,Dog Treats,,,,3.00,$7.63
Wholesomes Gourmet Rewards Nut,Wholesome s,034846550016,Dog Treats,,,,-1.00,$5.45
Wholesomes Heidi's Chicken Gra,Wholesome s,034846727036,Dog Treats,,,,0.00,$14.69
Wholesomes Bruno's Pork Grain,Wholesome s,034846727005,Treats,,,,0.00,$14.69
"Circle T Leather Collar Tan 14""",Freshpet And Collars,076484115561,Leashes And Collars,,,,-1.00,$15.09
Wholesomes Puppy Variety,Wholesome s,034846550030,Dog Treats,,,,1.00,$5.45
Wholesomes Puppy Origional,Wholesome s,034846550023,Dog Treats,,,,3.00,$5.45
Wholesomes Little Bites Wholesome s,,034846550078,Dog Treats,,,,1.00,$7.63
Wholesomes Medium Variety,Wholesome s,034846550108,Dog Treats,,,,3.00,$7.63
Wholesomes Medium Origional,Wholesome s,034846550092,Dog Treats,,,,4.00,$7.63
Wholesomes Large Origional,Wholesome s,034846550115,Dog Treats,,,,1.00,$7.63
"Tuesdays 10"" Beef Cheek Tuesday's Peanut Company",Natural Dog,840139122958,Dog Treats,,,,0.00,$13.64
Zoo Med Growth Formula Zoo Med 1.5oz,,097612410501,Reptiles,,,,4.00,$5.45
Zoo Med Hatchling Formula 1.6oz,Zoo Med,097612400564,Reptiles,,,,3.00,$4.36
"Tuesdays 12"" Cllgen Peanut But Company",Tuesday's Natural Dog,046798292531,Dog Treats,,,,0.00,$7.63
New Earth Collar S/M Pink,Coastal And Collars,076484146336,Leashes And Collars,,,,1.00,$11.99
Fromm Beef Frittata Veg Fromm 12 lb,,072705114122,Dog Food Bag,12lb,,,1.00,$46.19
Coastal Collar Sou12,Coastal,076484148082,Leashes And Collars,,,,0.00,$8.29
Zilla Basking Platform Filter,Zilla,096316280779,Reptiles,,,,1.00,$83.99
New Earth Collar Lrg Red Coastal,,076484149016,Leashes And Collars,,,,2.00,$14.39
Exo Terra Monsoon Nozzles,Exo Terra,015561225069,Reptiles,,,,2.00,$15.74
Nothin' to Hide Flip Chips Fieldcrest Pea,Farms,810002631726,Dog Treats,,,,1.00,$16.79
"Nothin' to Hide 5"" Small Peanu",Fieldcrest Farms,810002630668,Dog Treats,,,,15.00,$5.45
Nothin' to Hide Flip Chips Fieldcrest Bee,Farms,810002631566,Dog Treats,,,,0.00,$17.84
Nothin' to Hide Beef Ring Fieldcrest & Bo,Farms,010838201258,Dog Treats,,,,0.00,$9.44
"Nothin' to Hide 10"" Large Fieldcrest Roll",Farms,810002631535,Dog Treats,,,,1.00,$17.84
"Nothin' to Hide 5"" Small Roll",Fieldcrest Farms,810002631511,Dog Treats,,,,1.00,$9.44
Nothin' to Hide Small Twist St,Fieldcrest Farms,810002633447,Dog Treats,,,,0.00,$8.73
"Nothin' to Hide 5"" Small Roll",Fieldcrest Farms,810002630422,Dog Treats,,,,19.00,$5.45
"Nothin' to Hide 3"" Bagel Fieldcrest Peanu",Farms,810002630712,Dog Treats,,,,-1.00,$4.36
"Coastal Charm Black18 And Collars Nothin' to Hide 10"" Large Chic",Coastal $15.74 Farms,076484166686,Leashes And Collars,,,,2.00,$11.59
"Coastal Leash Black Skulls 06""",Coastal And Collars,076484166808,Leashes And Collars,,,,1.00,$17.69
"Nothin' to Hide 10"" Large Roll",Fieldcrest Farms,810002630682,Dog Treats,,,,-3.00,$8.73
"Nothin' to Hide 10"" Large Roll",Fieldcrest Farms,810002630521,Dog Treats,,,,0.00,$8.73
Kong Dental,Kong,035585013978,Healthcare,,,,1.00,$10.49
Freshpet Small Breed Multi Pro,Freshpet,076484178627,Dog Food,Bag,lb,,0.00,$9.44
"Cirlce 16""tnv 1786s Collar Coastal",,076484178672,Leashes And Collars,,,,0.00,$27.89
"Circle 20"" Btl 1788s Collar Circle T",,076484178818,Leashes And Collars,,,,0.00,$36.39
Coastal Collar Special Paws 20,Coastal And Collars,076484184710,Leashes And Collars,,,,1.00,$9.99
Coastal Leash Btd06' 466 Coastal And Collars Nutrichomps Pork Knot,$8.73,076484204661,Leashes And Collars,,,,0.00,$13.79
"Circle Black12"" Collar",Circle T,076484210204,Leashes And Collars,,,,0.00,$8.69
turbo,Aquatop,076484228582,Aquatics,,,,0.00,$3.27
Zignature Soft Duck Bites Zignature,,810138351055,Dog Treats,,,,-1.00,$7.63
Zignature Soft Lamb Bites Zignature,,888641137237,Dog Treats,,,,0.00,$7.63
Zignature Soft Salmon Bites Zignature Treats Pork,Zignature $8.73,810138351093,Dog Treats,,,,-1.00,$7.63
Zignature Treats Lamb 12oz,Zignature,97612924114,Dog Treats,,,,0.00,$8.73
Zignature Treats Trout 12oz,Zignature,888641131006,Dog Treats,,,,-1.00,$7.63
Zignature Treats Ziggy Bars Du,Zignature,888641132331,Dog Treats,,,,-1.00,$8.73
Rewards Mini Salmon Balance,Natural,723633852197,Dog Treats,,,,0.00,$6.54
NutriSource Chompy Chompers Be,Nutrisource,73893301028,Dog Treats None Purple,6,oz,,0.00,$8.73
Finleys Baked Apple & Cinnamon,Finley's,860001231281,Dog Treats,,,,0.00,$10.49
Finleys Baked Peanut Butter &,Finley's,860001231250,Dog Treats,,,,-7.00,$9.44
Chompy Chompers Rabbit,Nutrisource,073893301004,Dog Treats None Purple,6,oz,,1.00,$8.73
Chompy Chompers Turkey,Nutrisource,073893301011,Dog Treats None Purple,6,oz,,3.00,$8.73
Chompy Chompers Salmon,Nutrisource,073893301035,Dog Treats None Purple,6,oz,,3.00,$8.73
Grillin' Grillers Whitefish,Nutrisource,073893801061,Dog Treats,Purple,,12oz,2.00,$8.73
Grillin' Grillers Turkey,Nutrisource,073893801047,Dog Treats,Purple,,12oz,3.00,$8.73
NutriSource Big Bites Chicken,Nutrisource,73893800088,Dog Treats None Purple,14,oz,,0.00,$12.59
Crispy Crispers Lamb,Nutrisource,073893301103,Dog Treats None Purple,4,oz,,4.00,$7.63
Crispy Crispers Turkey,Nutrisource,073893301127,Dog Treats None Purple,4,oz,,2.00,$7.63
Nutty Butter Bites Apple,Nutrisource,073893800507,Dog Treats None Red,6,oz,,2.00,$8.73
Little Bites Duck,Nutrisource,073893800064,Dog Treats None Purple,6,oz,,2.00,$7.63
Little Bites Chicken,Nutrisource,073893800040,Dog Treats None Purple,6,oz,,4.00,$7.63
Zoo Med Lamp Clamp,Zoo Med,097612320503,Reptiles None Purple,6,oz,,3.00,$24.14
Vital Chicken Hearts Essentials,Vital,840199684076,Dog Treats,,,,2.00,$15.74
Vital Chicken Breasts Essentials,Vital,840199684069,Dog Treats,,,,8.00,$12.59
Vital Minnows Essentials,Vital,840199684113,Dog Treats,,,,3.00,$14.69
Vital Duck Bites Essentials,Vital,840199684090,Dog Treats,,,,2.00,$15.74
Vital Beef Tripe Bites Essentials,Vital,840199684038,Dog Treats,,,,5.00,$15.74
Vital Salmon Bites Essentials,Vital,840199684151,Dog Treats,,,,2.00,$15.74
"Zilla Reflector Dome 5.5"" Zilla",,096316670594,Reptiles,,,,2.00,$20.99
Merrick Power Bites Beef Merrick,,022808785132,Dog Treats,,,,1.00,$9.44
Merrick Power Bites Salmon,Merrick,022808785255,Dog Treats,,,,0.00,$9.44
Starmark Large Cup Jar,StarMark,873199004834,Dog Treats,,,,1.00,$25.19
Starmark Medium Cup Jar StarMark,,873199004841,Dog Treats,,,,1.00,$19.94
Starmark Small Cup Jar,StarMark,873199004858,Dog Treats,,,,1.00,$12.59
Fromm Oven-Baked Lamb Recipe T,Fromm,097612151244,Dog Treats,Teal,,8oz,0.00,$7.63
Fromm Immunity Support Fromm,,072705128204,Dog Treats,Green,,6oz,3.00,$8.73
Fromm Nutritionals Digestive S,Fromm,072705128006,Dog Treats,Green,,6oz,3.00,$8.73
Fromm Crunchy O's Pot Fromm Roast Pu,,072705121809,Dog Treats,Teal,,6oz,7.00,$7.63
Fromm Crunchy O's Peanut Butte,Fromm,072705122004,Dog Treats,Teal,,6oz,6.00,$7.63
Fromm Crunchy O's Banana Kabla,Fromm,072705121700,Dog Treats,Teal,,6oz,-2.00,$7.63
Fromm Crunchy O's Bacon Blaste,Fromm,072705122103,Dog Treats,Teal,,6oz,0.00,$7.63
Fromm Crunchy O's Pumpkin,Fromm,072705121601,Dog Treats,Teal,,6oz,-3.00,$7.63
Fromm Crunchy O's Smokin' Chee,Fromm,072705121502,Dog Treats,Teal,,6oz,-1.00,$7.63
Fromm Crunchy O's Blueberry Bl,Fromm,072705121403,Dog Treats,Teal,,6oz,4.00,$7.63
Health Extension Baked Health Lamb,Extension,784672108805,Dog Treats,,,,-3.00,$11.54
Blue Buffalo Health Bars Blue Buffalo Pumpk,,859610005109,Dog Treats,,,,3.00,$9.44
Blue Buffalo True Chews Blue Buffalo Chicke,,840243149308,Dog Treats,,,,0.00,$24.14
Blue Buffalo Health Bars Blue Buffalo Bacon,,840243106332,Dog Treats,,,,4.00,$9.44
Blue Buffalo Health Bars Blue Buffalo Beef,,840243129485,Dog Treats,,,,0.00,$9.44
Blue Buffalo Sizzler Original,Blue Buffalo,840243102815,Dog Treats,,,,2.00,$9.44
Blue Buffalo Buffalo Sizzlers,Blue Buffalo,840243121991,Dog Treats,,,,0.00,$17.84
Coastal Leash Btd06' 366 Coastal,,076484264283,Leashes And Collars,,,,1.00,$12.59
Blue Buffalo Wilderness Blue Buffalo Bits C,,840243142750,Dog Treats,,,,0.00,$9.44
Wilderness Salmon Blue Buffalo Bits Salmon,Blue Buffalo $9.44,859610007660,Cat Food,Can,,,-14.00,$1.54
Blue Buffalo Bits Chicken Blue Buffalo Blue Buffalo Bits Beef,$9.44,859610005185,Dog Treats,,,,6.00,$9.44
Blue Buffalo Bits Turkey,Blue Buffalo,859610005208,Dog Treats,,,,3.00,$9.44
Coastal Leash Csr06' 366 Coastal,,076484264290,Leashes And Collars,,,,1.00,$12.59
Blue Buffalo Beef Stix,Blue Buffalo,859610007479,Dog Treats,,,,0.00,$9.44
Sublime Collar Med Yellow Stripes Dogswell Gut Health Jerky Cadet Swtpot Steak Fry,Coastal And Collars $22.04 $16.79,076484269370,Leashes And Collars,,,,0.00,$11.79
Loving Pets Flavorfullz Filled,Loving Pets,842982052338,Dog Treats,,,,2.00,$7.63
Loving Pets Flavorfullz Filled Flvrfullz Cheese,Loving Pets $7.63,842982052307,Dog Treats,,,,1.00,$7.63
Crazy Dog Mini Beef,Crazy Dog,012104893044,Dog Treats,,,,0.00,$8.73
Crazy Dog Mini Chicken,Crazy Dog,012104892047,Dog Treats,,,,3.00,$8.73
Crazy Dog Mini Bacon,Crazy Dog,012104891040,Dog Treats,,,,0.00,$8.73
Nutrichomps Braid Chicken 4 Co,Nutri-Vet,015958989048,Dog Treats,,,,0.00,$9.44
Coastal Wwl06 Leash And Collars Nutrichomps Mix Braid 4 Count,Coastal $8.73,076484300400,Leashes And Collars,,,,0.00,$30.39
Nutrichomps 6 Count Chicken,Scott Pet,015958989284,Dog Treats,,,,0.00,$10.49
Nutrichomps 4 Count Peanut But Beggin Bacon & Cheese,Scott Pet $6.54,015958988942,Dog Treats,,,,1.00,$9.44
Coastal Collar Sog12,Coastal,076484301063,Leashes And Collars,,,,0.00,$9.49
"Coastal Black14"" 4201 Collar",Coastal And Collars,076484302459,Leashes And Collars,,,,0.00,$11.59
Li'l Pals Collar Sm Pink Spike,Coastal And Collars,076484302466,Leashes And Collars,,,,0.00,$12.99
Coastal Red06' 306 Leash,Coastal And Collars,076484306051,Leashes And Collars,,,,0.00,$6.69
Charlee Bear Cheese & Egg 16oz,Charlee Bear,787108962903,Dog Treats,,,,0.00,$8.73
Smokehouse Kabobs W Chicken,Smokehous e,078565251052,Dog Treats,,,,2.00,$9.44
Smokehouse Pepperoni Sticks,Smokehous e,078565858114,Dog Treats,,,,1.00,$13.64
Smokehouse Chicken Skewers,Smokehous e,078565250215,Dog Treats,,,,0.00,$10.49
Smokehouse Chicken Strips,Smokehous e,078565843158,Dog Treats,,,,2.00,$15.74
Good 'n' Fun 3 Flavor Wing,Good'n'Fun,091093833361,Dog Treats,,,,0.00,$10.49
Beggar Bones Mini 3 in 1 Prime,Savory,810359003566,Dog Treats,,,,1.00,$8.73
Coastal Leash Btd6' 966,Coastal,076484309649,Leashes And Collars,,,,1.00,$17.69
Beggar Bones 3 in 1 Twists,Savory Prime,810359004433,Dog Treats,,,,1.00,$15.74
Beggar Bones Mix Large 1pk,Savory Prime,810359003597,Dog Treats,,,,0.00,$9.44
"Coastal CC Green 12""",Coastal,076484321627,Leashes And Collars,,,,2.00,$8.49
Beggar Bones Pork Skin Twist 1,Savory Prime,810359003542,Dog Treats,,,,2.00,$13.64
Beggin Strips,Purina,038100533036,Dog Treats,,,,8.00,$6.54
Pup-peroni peroni Milk-Bone Cmft Chews Smucker Company Milk-Bone Trail Mix Smucker Company,Puppy- $6.54 $10.49,079100510214,Dog Treats,,,,5.00,$7.63
"Sunburst Blue 10"" Collar",Sunburst,076484322259,Leashes And Collars,,,,0.00,$5.89
Fresh Kisses Large Mint Box,Merrick,022808660552,Dog Treats,,,,1.00,$35.69
Fresh Kisses Small Mint Box,Merrick,022808660538,Dog Treats,,,,1.00,$35.69
Li'l Pals Small Collar Red10,Coastal And Collars,076484322273,Leashes And Collars,,,,0.00,$12.49
Zoo Med Ceramic Heat Emitter 40w,Merrick,097612310405,Dog Treats,,,,1.00,$20.99
Fresh Kisses Large Mint Brush,Merrick,022808660439,Dog Treats,,,,0.00,$11.54
Fresh Kisses Large Double-Brus,Merrick,022808660354,Dog Treats,,,,0.00,$35.69
Fresh Kisses Medium Double-Bru,Merrick,022808660347,Dog Treats,,,,0.00,$34.64
Fresh Kisses Small Double-Brus,Merrick,022808660330,Dog Treats,,,,1.00,$35.69
Fresh Kisses Large Double-Brus,Merrick,022808660279,Dog Treats,,,,0.00,$17.84
Fresh Kisses Extra Small Doubl,Merrick,022808660200,Dog Treats,,,,1.00,$12.59
Fresh Kisses Small Double-Brus,Merrick,022808660217,Dog Treats,,,,0.00,$12.59
Fresh Kisses Medium Double-Bru,Merrick,022808660262,Dog Treats,,,,0.00,$13.64
N-bone Teething Plus Rings 3pk,N-Bone,657546912542,Dog Treats,,,,0.00,$9.44
N-bone Teething Sticks,N-Bone,657546111150,Dog Treats,,,,2.00,$8.73
SmartBones Protein Rings,SmartBone s,892383005402,Dog Treats,,,,1.00,$13.64
Savory Prime Grillers Prime,Savory,810359005737,Dog Treats,,,,0.00,$8.73
Dingo Munchy Stix 10pk,Dingo,615650220403,Dog Treats,,,,1.00,$3.27
N-bone Teething Rng 3pk N-Bone,,657546113055,Dog Treats,,,,0.00,$8.73
SmartBones 3lg Chicken s,SmartBone,892383002081,Dog Treats,,,,1.00,$18.89
SmartBones 24 Mini Chicken,Zilla,892383002029,Dog Treats,,,,1.00,$20.99
Coastal Extra Small Aliens12 C,Coastal And Collars,076484351024,Leashes And Collars,,,,0.00,$7.69
SmartBones 24 Mini Sweet Potat,SmartBone s,810833020027,Dog Treats,,,,1.00,$22.04
"Coastal Pwy12"" Collar",Coastal,076484401350,Leashes And Collars,,,,0.00,$6.23
SmartBones 24 Mini Chicken,SmartBone s,892383008458,Dog Treats,,,,0.00,$19.94
SmartBones 3 Large Chicken,SmartBone s,810833029587,Dog Treats,,,,1.00,$18.89
N-Bone Puppy Teething Ring,N-Bone,657546113031,Dog Treats,,,,12.00,$4.36
SmartBones 6 Stuff Twist SmartBone Pork,s,810833020669,Dog Treats,,,,0.00,$11.54
SmartBones 16 Mini Peanut Butt,SmartBone s,892383002111,Dog Treats,,,,1.00,$15.74
SmartBones 24 Mini Peanut Butt,SmartBone s,892383002128,Dog Treats,,,,2.00,$22.04
SmartBones 6sm Peanut SmartBone Butter,s,892383002142,Dog Treats,,,,1.00,$19.94
SmartBones 3 Large Beef SmartBone s,,810833023059,Dog Treats,,,,2.00,$18.89
SmartBones 3lg Peanut SmartBone Butter,s,892383002180,Dog Treats,,,,1.00,$15.74
"SmartBones Kabobz Chicken, Pac",SmartBone s,810833028238,Dog Treats,,,,-1.00,$17.84
"Coastal Blue 16"" 401 Collar",Coastal And Collars,076484401367,Leashes And Collars,,,,-1.00,$5.59
SmartBones Stuffed Twistz 6pk,SmartBone s,810833020652,Dog Treats,,,,2.00,$11.54
Himalayan Unhide 2pk,Himalayan,859552003355,Dog Treats,,,,1.00,$22.04
Himalayan Churros 4pk,Himalayan,857164007532,Dog Treats,,,,0.00,$8.73
Himalayan Chicken Chew Himalayan,,857164007631,Dog Treats,,,,1.00,$13.64
Himalayan Cheese Chew Himalayan 3pk,,853012004029,Dog Treats,,,,0.00,$13.64
SmartBones 16 Count Hip SmartBone & Join,s,810833020324,Dog Treats,,,,0.00,$12.59
SmartBones 16 Count Skin & Coa,SmartBone s,810833020300,Dog Treats,,,,1.00,$13.64
Smartsticks 16 Count Chamomile,SmartBone s,810833020348,Dog Treats,,,,2.00,$13.64
Coastal Collar Pcr12,Coastal,076484401435,Leashes And Collars,,,,1.00,$9.49
Coastal Blue 4' 404 Leash Coastal,,076484404115,Leashes And Collars,,,,0.00,$8.31
Benebone Small Wishbone Chicke,Benebone,854111004057,Dog Treats,,,,2.00,$13.64
Benebone Medium Wishbone Chick,Benebone,009119731005,Dog Treats,,,,0.00,$15.74
Benebone Large Wishbone Chicke,Benebone,854111004101,Dog Treats,,,,1.00,$28.34
Coasta; Pkb6' 406 Leash,Coastal,076484406034,Leashes And Collars,,,,-1.00,$9.59
Benebone Fish Tiny 2pk,Benebone,810054210344,Dog Treats,,,,0.00,$16.79
Benebone Medium Zaggler Peanut,Benebone,854111004576,Dog Treats,,,,1.00,$15.74
Benebone Giant Zaggler Benebone Peanut,,810054210023,Dog Treats,,,,0.00,$26.24
Benebone Large Wishbone Bacon,Benebone,854111004088,Dog Treats,,,,1.00,$24.14
Benebone Small Zaggler Benebone Bacon,,854111004064,Dog Treats,,,,1.00,$13.64
Benebone Medium Zaggler Bacon,Benebone,854111004569,Dog Treats,,,,1.00,$18.89
Benebone Large Zaggler Benebone Bacon,,854111004590,Dog Treats,,,,0.00,$23.09
Benebone Giant Zaggler Benebone Bacon,,854111004989,Dog Treats,,,,1.00,$31.49
Benebone Medium Zaggler Chicke,Benebone,1665122135,Dog Treats,,,,0.00,$15.74
Benebone Large Zaggler Benebone Chicken,,854111004613,Dog Treats,,,,2.00,$23.09
"Coastal Pink Bright16"" 401 Col",Coastal And Collars,076484410024,Leashes And Collars,,,,0.00,$5.59
Nylabone Healthy Edibles Nylabone Chewy Bites 6 oz,,018214845850,Dog Treats,,,,-1.00,$7.63
Li'l Pals Extra Small Collar R,Coastal And Collars,076484410031,Leashes And Collars,,,,-1.00,$7.27
Nylabone Healthy Edibles Nylabone Bison,,018214834762,Dog Treats,,,,0.00,$7.63
Nylabone Puppy Pacifier Nylabone xs,,018214820871,Dog Treats,,,,2.00,$15.74
Nylabone Healthy Edibles Nylabone Venis Nylabone Healthy Edibles Nylabone Beef,$8.73,018214838487,Dog Treats,,,,1.00,$7.63
Nylabone Healthy Edibles Nylabone Roast Beef 2ct Petite,,018214816317,Dog Treats,,,,0.00,$6.54
Li'l Pals Extra Small Collar B,Li'l Pals And Collars,076484410130,Leashes And Collars,,,,0.00,$7.79
Li'l Pals Extra Small Collar P,Li'l Pals And Collars,076484410147,Leashes And Collars,,,,0.00,$8.31
Nylabone Healthy Edibles Nylabone Roast Beef Souper,,018214816300,Dog Treats,,,,3.00,$12.59
Nylabone Healthy Edibles Nylabone Large,,018214834670,Dog Treats,,,,3.00,$8.73
"Coastal Collar Wdf14""",Coastal,076484421624,Leashes And Collars,,,,1.00,$8.99
Nylabone Healthy Edibles Nylabone 8chew,,018214838166,Dog Treats,,,,0.00,$15.74
Nylabone Healthy Edibles Nylabone Puppy,,018214841593,Dog Treats,,,,1.00,$10.49
Coastal Long Hair Slicker Coastal,,076484468148,Healthcare,,,,2.00,$25.19
Nylabone Dental Chew Regular,Nylabone,018214846802,Toys,,,,1.00,$9.44
Nylabone FlexiChew Petite,Nylabone,018214812784,Toys,,,,0.00,$6.54
Coastal Leash Tsa6' 61476,Coastal And Collars,076484471087,Leashes And Collars,,,,1.00,$13.39
Safari Nail Trimmer Large Safari,,076484510663,Healthcare,,,,5.00,$20.99
Coastal Safari Shedding Coastal Blade,,076484513022,Healthcare,,,,1.00,$15.74
Nylabone DuraChew Giant Bacon,Nylabone,018214816249,Toys,,,,0.00,$15.74
Coastal Safari De Matting Coastal Comb,,076484513046,Healthcare,,,,2.00,$16.79
Nylabone Popin Treat Chicken,Nylabone,018214855002,Dog Treats,,,,0.00,$28.34
Nylabone Pink Bone Extra Nylabone Small,,018214852667,Toys,,,,0.00,$7.63
Nylabone Puppy Keys Small Nylabone Puppy Treat Toy Combo,Nylabone $12.59,018214813842,Dog Treats,,,,2.00,$15.74
Nylabone Pink Wish Bone Nylabone,,018214846970,Toys,,,,0.00,$8.73
Styptic Powder .5oz,Fashion Pet,076484513190,Healthcare,,,,2.00,$13.64
Nylabone DuraChew Wishbone Reg,Nylabone,018214853824,Toys,,,,3.00,$8.73
Crinckle Cat Toy,Penn Plax,076484536076,Toys,,,,44.00,$2.17
"Bam-bone 4"" Triple Chew Ethical Bison",Products,077234547724,Dog Treats,,,,0.00,$5.45
Bambne+ 7lg Chck Products,Ethical,077234544921,Dog Treats,,,,1.00,$14.69
Cat toy,Aquatop,076484536090,Toys,,,,-11.00,$3.27
Bambne Wishbone 5.25 Chicken,Ethical Products,077234543122,Dog Treats,,,,1.00,$5.45
"Bam-Bone Wishbone 7"" Bacon",Ethical Products,077234543153,Dog Treats,,,,0.00,$7.63
"Bam-bones Wishbone 7"" Chicken",Ethical Pet,077234543146,Dog Treats,,,,1.00,$7.63
Bam-Bone Dental 7.5 X- Bone App,Ethical Products,077234546123,Dog Treats,,,,1.00,$11.54
Bam-Bone Dental 5.75 Peanut Bu,Ethical Products,077234546260,Dog Treats,,,,1.00,$7.63
"Bam-bones Branch 5.75"" Beef",Ethical Pet,077234545560,Dog Treats,,,,2.00,$5.45
"Bam-bones + 5"" Tripod Bison",Ethical Pet,077234549186,Dog Treats,,,,1.00,$6.54
"Bam-bones + Stick 5.25"" Chick",Ethical Pet,077234545584,Dog Treats,,,,2.00,$5.45
"Bam-bones + Stck 9.5"" Chick Benebone Small Puppy Wishbone",Ethical Pet $13.64,077234545591,Dog Treats,,,,1.00,$11.54
"Titan Prong Collar w Latch Sm 14""",Coastal And Collars,076484560019,Leashes And Collars,,,,0.00,$28.39
Benebone Large Maplestick,Benebone,854111004415,Dog Treats,,,,-1.00,$24.14
Benebone Medium Maplestick,Benebone,854111004408,Dog Treats,,,,0.00,$17.84
"Coastal Snp26"" Collar",Coastal,076484560026,Leashes And Collars,,,,0.00,$16.39
Benebone Medium Bacon Benebone Stick,,854111004477,Dog Treats,,,,0.00,$17.84
Benebone Large Bacon Stick,Benebone,854111004484,Dog Treats,,,,0.00,$24.14
Benebone Small Puppy Wishbone,Benebone,854111004729,Dog Treats,,,,1.00,$14.69
Coastal K9 Explorer Harness XS Blue,Coastal And Collars,076484564529,Leashes And Collars,,,,0.00,$34.19
"Coastal Black20"" Leash Coastal",,076484622601,Leashes And Collars,,,,0.00,$25.39
Benebone Small Pawplexer Bacon,Benebone,854111004330,Dog Treats,,,,1.00,$17.84
Benebone Medium Beef Tripe Bon,Benebone,854111004019,Dog Treats,,,,0.00,$17.84
Benebone Small Beef Tripe Bone,Benebone,810054210382,Dog Treats,,,,0.00,$14.69
Cadet Bully Hide Slices,Cadet,008317854751,Dog Treats,,,,0.00,$13.64
Redbarn Collagen Sticks,Redbarn,785184926208,Dog Treats,,,,-1.00,$17.84
Redbarn Collagen Slims,Redbarn,785184926536,Dog Treats,,,,1.00,$30.44
Tuesdays 95% Duck Flips Tuesday's Natural Dog Company,,810723031546,Dog Treats,,,,1.00,$14.69
Tuesdays 95% Training Venison Company,Tuesday's Natural Dog,810723031256,Dog Treats,,,,1.00,$11.54
Tuesdays Chicken Jerky Tuesday's Natural Dog Company,,855591005008,Dog Treats,,,,2.00,$12.59
Tuesdays Rocky Mountain Oyster Company,Tuesday's Natural Dog,810723035308,Dog Treats,,,,-3.00,$10.49
Happydog Large Sliced Elk Ant Cod,Happy Dog of Cape,610563285433,Dog Treats,,,,12.00,$26.24
Happydog Special Elk Ant Happy Dog of Cape Cod,,009761284004,Dog Treats,,,,0.00,$34.64
Happydog Jumbo Sliced Happy Dog Elk Ant Cod,of Cape,610563285457,Dog Treats,,,,7.00,$28.34
Happydog Extra Large Elk Happy Dog Antle Cod,of Cape,610563285631,Dog Treats,,,,-1.00,$34.64
Happydog Jumbo Elk Antler Cod,Happy Dog of Cape,610563285440,Dog Treats,,,,2.00,$28.34
Happydog Large Moose Happy Dog Antler Cod,of Cape,610563285938,Dog Treats,,,,1.00,$22.04
Happydog Small Moose Happy Dog Antler Cod,of Cape,610563285914,Dog Treats,,,,1.00,$11.54
Happydog Medium Sliced Happy Dog Elk Ant Cod,of Cape,610563285419,Dog Treats,,,,3.00,$17.84
Happydog Small Sliced Elk Antl Cod,Happy Dog of Cape,610563285396,Dog Treats,,,,0.00,$13.64
Redbarn Extra Large Collagen S,Redbarn,785184926215,Dog Treats,,,,19.00,$13.64
Redbarn Meaty Knuckle Redbarn Bone,,785184420010,Dog Treats,,,,1.00,$9.44
Redbarn Large Meaty Bone,Redbarn,785184426005,Dog Treats,,,,13.00,$7.63
Redbarn Knee Caps,Redbarn,785184450055,Dog Treats,,,,5.00,$5.45
Redbarn Pig Snout,Redbarn,785184504499,Dog Treats,,,,11.00,$4.36
"Coastal Mtn26"" Collar And Collars Jones Windees Medium Natural Chews",Coastal $5.45,076484623400,Leashes And Collars,,,,0.00,$21.89
Jones Rib Bone Small Natural Chews,Jones,741956013224,Dog Treats,,,,18.00,$3.27
Jones Chicken Feet Natural Chews,Jones,741956005885,Dog Treats,,,,2.00,$5.45
Jones Small Center Bones Chews,Jones Natural,741956004314,Dog Treats,,,,-2.00,$5.45
Jones Top Crest Natural Chews,Jones,741956010452,Dog Treats,,,,1.00,$11.54
Health Extension Cheek Chew Pe,Health Extension,784672108775,Dog Treats,,,,11.00,$6.54
Health Extension Cheek Chew Ch,Health Extension,784672108768,Dog Treats,,,,0.00,$6.54
Smokehouse Large Rib Bone,Smokehous e,078565840652,Dog Treats,,,,8.00,$5.45
Redbarn 7in Bully Braid Odor F,Redbarn,785184000427,Dog Treats,,,,10.00,$15.74
Redbarn 5in Bully Braid,Redbarn,009119771013,Dog Treats,,,,0.00,$9.44
Redbarn 7in Bully Stick,Redbarn,009119771301,Dog Treats,,,,0.00,$8.73
Redbarn 7in Bully Stick Odor F Redbarn Small Collagen Stick,Redbarn $4.36,785184000380,Dog Treats,,,,3.00,$10.49
Redbarn Medium Blly Wrap Colla,Redbarn,785184262337,Dog Treats,,,,30.00,$5.45
Redbarn Puffed Collagen Spring,Redbarn,785184262085,Dog Treats,,,,0.00,$5.45
Redbarn Large Collwrap Esophgu,Redbarn,785184262313,Dog Treats,,,,19.00,$8.73
Redbarn Puff Collagen Braid,Redbarn,785184262054,Dog Treats,,,,0.00,$5.45
Redbarn Large Beef Tendon Redbarn Smmd Beef Cheek Rl Chi,Redbarn $9.44,785184309001,Dog Treats,,,,19.00,$7.63
Coastal Ww414 Collar,Coastal,076484623424,Leashes And Collars,,,,0.00,$9.29
Li'l Pals Small Harness Ryppsm,Coastal And Collars,076484624926,Leashes And Collars,,,,1.00,$24.19
"7"" Collagen Stick Steak",Franklys,853651008938,Dog Treats,,,,20.00,$2.17
"7"" Collagen Stick Bacon",Franklys,853651008914,Dog Treats,,,,19.00,$2.17
"7"" Collagen Stick Chicken Franklys",,853651008891,Dog Treats,,,,19.00,$2.17
"7"" Collagen Stick Peanut Fraklys Butte",,853898008364,Dog Treats,,,,20.00,$2.17
"7"" Collagen Stick Original Franklys 7in Collagen Chews 5cnt Barkworthie 4477 Bacon We Ear Natural We Munch & Crunch Large",$9.44 s $3.27 $7.63,853651008877,Dog Treats,,,,23.00,$2.17
"Cadet 5"" 5 Pack Bully Hide Sticks",Redbarn,768303704239,Dog Treats,,,,3.00,$14.69
Redbarn Medium Beef Jerky,Redbarn,785184306000,Dog Treats,,,,13.00,$1.35
Redbarn Medium Pork Pizzle Bra,Redbarn,785184504475,Dog Treats,,,,3.00,$4.36
Redbarn Collagen Ring,Redbarn,785184262061,Dog Treats,,,,0.00,$6.54
Zoo Med Bearded Dragon Redbarn Can 6oz,,097612400724,Dog Treats,,,,0.00,$5.45
Redbarn Large 1/2 Deer Redbarn Antler,,097612400656,Dog Treats,,,,0.00,$13.64
Redbarn Small/Medium 1/2 Elk A,Redbarn,785184200094,Dog Treats,,,,12.00,$11.54
Redbarn 12in Bully Stick Redbarn,,785184000403,Dog Treats,,,,2.00,$17.84
Redbarn 9in Bully Stick,Redbarn,785184209004,Dog Treats,,,,-4.00,$10.49
Li'l Pals Extra Small Harness,Li'l Pals And Collars,076484624957,Leashes And Collars,,,,0.00,$24.19
Redbarn Bully Barbell,Redbarn,785184250129,Dog Treats,,,,0.00,$7.63
Redbarn Roofle Maple,Redbarn,785184608050,Dog Treats,,,,4.00,$3.27
Redbarn Fillrolled Rawhide Pea,Redbarn,785184601037,Dog Treats,,,,1.00,$5.45
Redbarn Fillmunch Retrieve Chi,Redbarn,785184602034,Dog Treats,,,,1.00,$5.45
Redbarn Fill Hoof Peanut Butte,Redbarn,785184506455,Dog Treats,,,,2.00,$6.54
Redbarn Fill Hoof Beef,Redbarn,785184506431,Dog Treats,,,,2.00,$5.45
Coastal Charm Blue18,Coastal,076484630323,Leashes And Collars,,,,0.00,$11.59
Coastal Cat Soft Mesh Harness,Coastal And Collars,076484630330,Leashes And Collars,,,,0.00,$12.99
Redbarn Large Fill Bn Peanut B,Redbarn,785184406038,Dog Treats,,,,2.00,$11.54
Redbarn Small White Bn,Redbarn,785184433003,Dog Treats,,,,1.00,$5.45
Redbarn Small Fill Bone Redbarn Beef Redbarn Small Fill Bone Redbarn Bbq,$8.73,785184403006,Dog Treats,,,,2.00,$7.63
Cadet Stuff Shin Bone Large Bu,Cadet,768303011696,Dog Treats,,,,3.00,$8.73
Redbarn Large Fill Bone Redbarn Beef,,785184406007,Dog Treats,,,,1.00,$11.54
Cadet Stuff Shin Bn Large Cadet Pean,,768303011184,Dog Treats,,,,2.00,$7.63
"10"" Collagen Sticks Steak Franklys",,853651008945,Dog Treats,,,,11.00,$3.27
"10"" Collagen Sticks Bacon",Franklys,853651008921,Dog Treats,,,,-5.00,$3.27
"10"" Collagen Sticks Chicken",Franklys,853651008907,Dog Treats,,,,5.00,$3.27
"10"" Collagen Sticks Peanut But",Franklys,853898008357,Dog Treats,,,,13.00,$3.27
"10""collagen Sticks Original",Franklys,30172230066,Dog Treats,,,,36.00,$3.27
Redbarn Chewabulls Hydrant Sma,Redbarn,785184011300,Dog Treats,,,,1.00,$17.84
Redbarn Chewabulls Hydrant Med,Redbarn,785184011317,Dog Treats,,,,1.00,$17.84
Redbarn Chewabulls Brush Small,Redbarn,785184011393,Dog Treats,,,,0.00,$17.84
Redbarn Porky Slices,Redbarn,785184505014,Dog Treats,,,,2.00,$31.49
Redbarn Bargain Bag,Redbarn,785184300015,Dog Treats,,,,1.00,$27.29
Redbarn Collagen Slices Redbarn Origin,,785184926499,Dog Treats,,,,3.00,$24.14
Redbarn Bully Slices Bbq Redbarn,,785184002506,Dog Treats,,,,1.00,$16.79
Redbarn Bully Slices Original,Redbarn,785184255001,Dog Treats,,,,3.00,$16.79
Redbarn Bully Slices Peanut Bu,Redbarn,785184255148,Dog Treats,,,,3.00,$15.74
Redbarn Bully Slices Frnch Toa,Redbarn,785184255162,Dog Treats,,,,4.00,$16.79
Redbarn Bully Slices Vanilla,Redbarn,785184255155,Dog Treats,,,,2.00,$16.79
Small Oval Basket Nest Animal,Penn-Plax,030172082016,Small,,,,0.00,$7.63
Coastal Lime Extra Small Coastal Harne,And Collars,076484630842,Leashes And Collars,,,,0.00,$16.99
Ferret Harness & Lead Blue,Marshall Animal,766501000948,Small,,,,1.00,$19.94
Kaytee Comfort Harness Kaytee Rabbit,Animal,045125622959,Small,,,,1.00,$19.94
Coastal Rainbow Extra Extra Sm,Coastal And Collars,076484630859,Leashes And Collars,,,,1.00,$16.99
Kaytee Comfort Harness Kaytee Guinea,Animal,045125622928,Small,,,,2.00,$16.79
Kaytee Comfort Harness Kaytee Ferret,Animal,045125622942,Small,,,,2.00,$17.84
Coastal Small Unicorns14 Coastal Colla,And Collars,076484632648,Leashes And Collars,,,,0.00,$8.31
Kaytee Crinkle Tunnel Animal,Kaytee,045125622485,Small,,,,2.00,$17.84
Coastal Charm Skz18,Coastal,076484634628,Leashes And Collars,,,,-1.00,$24.49
Kaytee Cuddle E-cup Animal,Kaytee,045125622720,Small,,,,1.00,$22.04
Kaytee Sleep E-tent Animal,Kaytee,045125622560,Small,,,,2.00,$25.19
Kaytee Cozy Hammock Animal,Kaytee,045125621310,Small,,,,2.00,$13.64
Zzzz Hammock Animal,Penn-Plax,030172041730,Small,,,,0.00,$11.54
Oxbow Extra Large Play Yard Co,Oxbow Animal,744845963518,Small,,,,0.00,$26.24
Oxbow Large Play Yard Cover,Oxbow Animal,744845965420,Small,,,,2.00,$23.09
Sleep Sack,Prevue,048081990011,Accessories,,,,0.00,$12.59
Oxbow Small Hidenseek Mat,Oxbow Animal,744845965475,Small,,,,0.00,$13.64
Oxbow Timothy Carrot Lollipop,Oxbow Animal,744845965321,Small,,,,2.00,$6.54
Oxbow Timothy Apple Slice,Oxbow Animal,744845960234,Small,,,,0.00,$6.54
Oxbow Timothy Waffle Animal,Oxbow,744845966847,Small,,,,1.00,$6.54
Oxbow Applestick Bundle Oxbow Animal,,744845963167,Small,,,,0.00,$7.63
Oxbow Timothy Apples & Oxbow Sticks,Animal,744845963150,Small,,,,0.00,$5.45
Oxbow Applestick Bouqet Oxbow Animal,,744845966816,Small,,,,2.00,$6.54
Oxbow Timothy Popsicle Animal,Oxbow,744845965284,Small,,,,2.00,$6.54
Oxbow Timothy Flowers Animal,Oxbow,744845966809,Small,,,,2.00,$6.54
Naturals Very Peary Chew,Prevue Animal,048081110782,Small,,,,2.00,$6.54
Playfuls Flower Chew Sticks,Playfuls Animal,048081110768,Small,,,,6.00,$7.63
Playfuls Festival Chews Animal,Playfuls,048081110775,Small,,,,6.00,$6.54
Oxbow Tumble Ntoss Animal,Oxbow,744845968353,Small,,,,0.00,$7.63
Oxbow Willow Play Cube Oxbow Animal,,744845965413,Small,,,,2.00,$26.24
Oxbow Pyramid Treat Hanger,Oxbow Animal,744845960227,Small,,,,2.00,$5.45
Oxbow Timbells Animal,Oxbow,744845963143,Small,,,,2.00,$7.63
Bed Fluff Animal,Penn-Plax,030172041594,Small,,,,3.00,$4.36
Oxbow Color Play Dangly Oxbow Animal,,744845963211,Small,,,,3.00,$5.45
Oxbow Applestick Hay Feeder,Oxbow Animal,744845963181,Small,,,,1.00,$17.84
Oxbow Hamster 1lb Animal,Oxbow,744845302096,Small,,,,1.00,$7.63
Grassy Nibbler Squash,Prevue,048081010808,Accessories,,,,3.00,$5.45
Oxbow Timothy Twists Animal,Oxbow,744845403199,Small,,,,3.00,$5.45
Oxbow Timothy Carrot Animal,Oxbow,744845403182,Small,,,,2.00,$7.63
Oxbow Timothy Mat Medium,Oxbow Animal,744845403175,Small,,,,2.00,$6.54
Oxbow Timothy Mat Large,Oxbow Animal,744845403168,Small,,,,2.00,$11.54
Oxbow Cozy Cave Animal,Oxbow,744845965451,Small,,,,2.00,$17.84
Grassy Nibbler Carrot Animal,Prevue,048081010822,Small,,,,0.00,$5.45
Mystery Mineral Black Animal,Penn-Plax,030172064760,Small,,,,0.00,$3.27
Playfuls Sound & Movement,Prevue Supplies,048081605059,Bird,,,,3.00,$8.73
Kaytee Apple Orchard Sticks,Kaytee Animal,045125611267,Small,,,,5.00,$5.45
Kaytee Carrot Patch Animal,Kaytee,045125611038,Small,,,,0.00,$5.45
Kaytee Combo Toy Animal,Kaytee,045125611052,Small,,,,2.00,$7.63
Driftwood,Penn-Plax,030172104640,Aquatics,,,,2.00,$22.04
Kaytee Ka-bob Animal,Kaytee,045125611328,Small,,,,4.00,$8.73
Kaytee Crispy Garden Chew,Kaytee Supplies,071859998527,Bird,,,,0.00,$7.63
Coastal Lime 3xs Harness Coastal,,076484638398,Leashes And Collars,,,,0.00,$10.99
Pine Swing Supplies,Prevue,048081132067,Bird,,,,2.00,$6.54
Coastal Collar Pink 12,Coastal,076484647147,Leashes And Collars,,,,0.00,$9.49
"Coastal Collar Ybc12""",Coastal,076484647185,Leashes And Collars,,,,0.00,$16.09
Kaytee Chew Proof Water Kaytee Bottle 6oz,Animal,045125619812,Small,,,,2.00,$13.64
Comfort Soft Reflective Coastal Wrap Harness Pink Sm,And Collars,076484648267,Leashes And Collars,,,,0.00,$30.99
Friend Fries Animal,Penn-Plax,030172097423,Small,,,,1.00,$5.45
Li'l Pals Small Collar Pwh12,Li'l Pals And Collars,076484662287,Leashes And Collars,,,,0.00,$7.69
Li'l Pals Small Collar Ptv12,Li'l Pals And Collars,076484662638,Leashes And Collars,,,,2.00,$7.49
Coastal Black White Stripe Ext,Coastal And Collars,076484663918,Leashes And Collars,,,,0.00,$23.19
Nibbles Barnyard Animal,Nibbles,077234541838,Small,,,,0.00,$6.54
Pine Swing Supplies,Prevue,048081132043,Bird,,,,1.00,$5.45
Swing 'N Perch Supplies,JW Pet,723503562027,Bird,,,,1.00,$24.14
Coastal Blue Extra Extra Small,Coastal And Collars,076484664908,Leashes And Collars,,,,0.00,$11.99
Swing 'N Perch Supplies Vita Drops Pigs Animal,JW Pet $18.89,723503562041,Bird,,,,1.00,$31.49
Alfalfa & Calcium Block Animal,Penn-Plax,030172105302,Small,,,,3.00,$4.36
Playfuls Say Cheese Animal,Playfuls,048081111123,Small,,,,2.00,$5.45
Wet Tail Drops Animal,Oasis,048054800641,Small,,,,3.00,$19.94
Comfort Soft Wrap Harness Blue Sm,Coastal And Collars,076484668302,Leashes And Collars,,,,0.00,$20.99
Oxbow Celebration Cupcake,Oxbow Animal,744845965291,Small,,,,1.00,$7.63
Oxbow Critical Care Carnivore,Oxbow Animal,744845701073,Small,,,,1.00,$14.69
Oxbow Critical Care Omnivore,Oxbow Animal,744845965550,Small,,,,1.00,$14.69
Oxbow Natural Science Vital C,Oxbow Animal,744845711034,Small,,,,2.00,$10.49
Oxbow Natural Science Urinary,Oxbow Animal,744845710907,Small,,,,1.00,$10.49
Oxbow Crunch & Chewy Chicken,Oxbow Animal,744845968377,Small,,,,1.00,$9.44
Coastal Cat Collar Kitten LEB08,Li'l Pals And Collars,076484672231,Leashes And Collars,,,,0.00,$6.23
Banana Hammock Animal,Marshall,766501003697,Small,,,,1.00,$31.49
Bird Toy Supplies,Penn-Plax,030172906268,Bird,,,,2.00,$7.63
Coastal Cat Collar RED12 Coastal,,076484672347,Leashes And Collars,,,,2.00,$9.99
Kaytee Health Top Mix Fruit,Kaytee Animal,071859942728,Small,,,,0.00,$4.36
Kaytee Healthy Toppings Kaytee Pap,Animal,071859942551,Small,,,,0.00,$4.36
Coastal Styles Collar Med Coastal Dinsaur,And Collars,076484693526,Leashes And Collars,,,,0.00,$10.99
Nylabone Puppy Wishbone Blue XS,N-Bone,018214832416,Toys,,,,1.00,$6.54
Kaytee Healthy Bits Treat Kaytee Animal,,071859006314,Small,,,,1.00,$6.54
Kaytee Krunch-a-rounds Animal,Kaytee,071859942223,Small,,,,2.00,$5.45
Kaytee Guinea Pig 5lb Animal,Kaytee,071859999906,Small,,,,2.00,$13.64
Oxbow Timothy Apple Slice,Oxbow Animal,744845966823,Small,,,,2.00,$6.54
Oxbow Simple Rewards Bell Pepp,Oxbow Animal,744845960180,Small,,,,5.00,$5.45
Oxbow Sim Rwds Carrot & Dill,Oxbow Animal,744845960173,Small,,,,3.00,$5.45
A & E Drops Fruit 2.65oz Animal,Vitakraft,644472991536,Small,,,,3.00,$7.63
Oral Syringe & Medium Dropper,Lixit Animal,076711004880,Small,,,,4.00,$5.45
Pet Water Bottle 32oz,Penn-Plax,030172041716,Accessories,,,,0.00,$9.44
Petwtrbttl 16oz Animal,Penn-Plax,030172041709,Small,,,,0.00,$7.63
Oxbow Dripless Water Bottle 15,Oxbow Animal,744845963785,Small,,,,1.00,$19.94
Nibbles Critter Quencher Nibbles 32oz,Animal,644472991475,Small,,,,2.00,$8.73
Kaytee Chew Proof 26oz Kaytee Animal,,045125619836,Small,,,,1.00,$17.84
Lock Crock 10oz,Penn-Plax,030172010767,Accessories,,,,0.00,$10.49
Lock Crock 20oz,Penn-Plax,030172010774,Accessories,,,,0.00,$11.54
Kaytee Water Bottle Holder Sma,Kaytee Animal,045125619478,Small,,,,0.00,$7.63
Kaytee Critter Bottle Animal,Kaytee,045125605181,Small,,,,0.00,$10.49
Oxbow Willow Play Cube Oxbow Animal,,744845966731,Small,,,,2.00,$7.63
Kaytee Chew a Bowl Carrot,Kaytee Animal,045125618440,Small,,,,2.00,$11.54
Kaytee Clear View Bottle 32oz,Kaytee Animal,045125619737,Small,,,,3.00,$11.54
Kaytee Clear View Bottle 8oz,Kaytee Animal,045125619713,Small,,,,4.00,$7.63
Kaytee Clear View Bottle 4oz,Kaytee Animal,045125619706,Small,,,,2.00,$7.63
Kaytee Cool Crock Small Animal,Kaytee,045125618501,Small,,,,8.00,$4.36
Kaytee Cool Crock Large Kaytee Animal,,045125618525,Small,,,,0.00,$6.54
Pennplax Hydrator 237ml Penn-Plax Animal,,030172058707,Small,,,,0.00,$7.63
Pennplax Hydrator 1l Animal,Penn-Plax,030172058714,Small,,,,0.00,$12.59
Kaytee Vege-t-bowl Medium,Kaytee Animal,045125618426,Small,,,,2.00,$10.49
Kaytee Bedding Tray Medium,Kaytee Animal,045125606034,Small,,,,2.00,$20.99
Back2nature 15l Litter Nature,Back 2,840673102218,Healthcare,,,,2.00,$18.89
Kaytee Critter Litter 4lb Animal,Kaytee,045125621648,Small,,,,2.00,$12.59
Kaytee Aspen 19.7l Animal,Kaytee,071859008356,Small,,,,2.00,$10.49
Back2nature Litter 30l Nature,Back 2,840673102225,Healthcare,,,,4.00,$33.59
Kaytee Pine 9.8l Animal,Kaytee,071859006307,Small,,,,3.00,$6.54
Kaytee Pine 19.7l Animal,Kaytee,071859006147,Small,,,,3.00,$9.44
Kaytee Wood Pellets 4.9l Kaytee Animal,,071859008653,Small,,,,3.00,$11.54
Oxbow Chinchilla 10 lb. Animal,Oxbow,744845402727,Small,,,,0.00,$28.34
Oxbow Purecomfort 178l Animal,Oxbow,744845112022,Small,,,,1.00,$62.99
"Kaytee 11.5"" Run-About Kaytee Ball Ra",Animal,045125613780,Small,,,,1.00,$35.69
"Kaytee 13"" Runabout Ball Kaytee Clear",Animal,045125613797,Small,,,,1.00,$49.34
"Kaytee 11.5"" Run-About Ball Cl",Kaytee Animal,045125613773,Small,,,,1.00,$37.79
Kaytee Chinchilla Bath House,Kaytee Animal,045125604115,Small,,,,2.00,$31.49
Oxbow Poof Bathing Sand,Oxbow Animal,744845402789,Small,,,,2.00,$15.74
Friends Farm Bathing Sand Farm,Tiny Animal,730582206360,Small,,,,1.00,$13.64
Prevue Hendrix Playpen Cover M,Prevue Animal,048081400968,Small,,,,0.00,$24.14
"Kaytee 7"" Runabout Ball Kaytee Clear",Animal,045125613506,Small,,,,3.00,$12.59
"Kaytee 5"" Runabout Ball Kaytee Rainbo",Animal,045125613575,Small,,,,1.00,$8.73
"Kaytee 5"" Run-About Ball Kaytee Clear",Animal,045125613544,Small,,,,3.00,$7.63
"A & E Merry Roller 4"" Wheel",A&E Cage Animal,644472010527,Small,,,,1.00,$8.73
"A & E Merry Roller Wheel A&E Cage 9""",Animal,644472010565,Small,,,,3.00,$15.74
Kaytee Small Comfort Wheel,Kaytee Animal,045125613827,Small,,,,3.00,$11.54
Kaytee Large Comfort Wheel,Kaytee Animal,045125613841,Small,,,,3.00,$15.74
Kaytee Large High Crnr Litter,Kaytee Animal,045125621464,Small,,,,3.00,$28.34
Kaytee High Corner Litter Kaytee Pan,Animal,045125621433,Small,,,,3.00,$17.84
Oxbow Rectangle Litter Pan,Oxbow Animal,744845966427,Small,,,,1.00,$19.94
Oxbow Corner Litter Pan Oxbow Animal,,744845966434,Small,,,,2.00,$18.89
A & E Small Wooden Platform,A&E Cage Animal,644472009033,Small,,,,1.00,$9.44
A & E Large Wooden Platform,A&E Cage Animal,644472009040,Small,,,,1.00,$11.54
A & E Large Corner Shelf Co,A&E Cage Animal,644472009064,Small,,,,1.00,$12.59
Kaytee Critter Play Pen Animal,Kaytee,045125605976,Small,,,,1.00,$33.59
Prevue Hendrix Pet Playpen,Prevue Animal,048081400906,Small,,,,2.00,$20.99
Kaytee Critter Loop D Loop,Kaytee Animal,045125605525,Small,,,,1.00,$28.34
Kaytee Critter Activity Kit Animal,Kaytee,045125605532,Small,,,,1.00,$36.74
Kaytee Critter Lazy Lookout,Kaytee Animal,045125605518,Small,,,,2.00,$15.74
Kaytee Critter Cruiser Animal,Kaytee,045125613612,Small,,,,1.00,$29.39
Prevue Hendrix Grass Tunnel,Prevue Animal,048081010983,Small,,,,2.00,$25.19
Prevue Hendrix Small Grass Tun,Prevue Animal,048081010921,Small,,,,0.00,$8.73
Oxbow Timothy Hut Medium,Oxbow Animal,744845967912,Small,,,,1.00,$34.64
Kaytee Mini Silent Spinner,Kaytee Animal,045125614121,Small,,,,1.00,$17.84
Kaytee Silent Spinner Large,Kaytee Animal,045125614152,Small,,,,1.00,$31.49
Kaytee Silent Spinner Regular,Kaytee Animal,045125614145,Small,,,,1.00,$23.09
"Oxbow Run & Hide 10"" Animal",Oxbow,744845967806,Small,,,,2.00,$19.94
Kaytee Chewbular Medium,Kaytee Animal,045125604740,Small,,,,0.00,$7.63
Li'l Pals Collar XS,Coastal,076484701603,Leashes And Collars,,,,1.00,$8.99
Kaytee Itty Bitty Igloo Animal,Kaytee,045125604030,Small,,,,0.00,$5.45
Kaytee Mini Igloo Animal,Kaytee,045125604047,Small,,,,5.00,$8.73
Kaytee Large Igloo Animal,Kaytee,045125604061,Small,,,,2.00,$15.74
Kaytee Giant Igloo Animal,Kaytee,045125604078,Small,,,,4.00,$25.19
Li'l Pals Collar XS,Coastal,076484701610,Leashes And Collars,,,,0.00,$8.99
Kaytee Come Along Carrier Medi,Kaytee Animal,045125623031,Small,,,,1.00,$31.49
Kaytee Come Along Carrier Larg,Kaytee Animal,045125623055,Small,,,,0.00,$38.84
Kaytee Premium Hideout Timothy,Kaytee Animal,071859000817,Small,,,,2.00,$17.84
Prevue Hendrix Saguaro Hideawa,Prevue Animal,048081110324,Small,,,,3.00,$11.54
Prevue Hendrix Saguaro Hideawa Prevue Hendrix Natures Hideawa,Prevue Animal $17.84 Animal,048081110331,Small,,,,2.00,$13.64
Critter Space Pod Animal,Lixit,076711001940,Small,,,,1.00,$20.99
JW Pet Walk Up Hide Animal,JW Pet,618940821014,Small,,,,2.00,$6.54
Li'l Pals Collar Sm Purple Coastal,,076484701627,Leashes And Collars,,,,1.00,$9.99
Oxbow Timothy Club Tunnel,Oxbow Animal,744845403113,Small,,,,2.00,$16.79
Oxbow Timothy Club Bungalow Large,Oxbow Animal,744845403120,Small,,,,1.00,$32.54
Oxbow Timothy Club Bungalow La,Oxbow Animal,744845403137,Small,,,,2.00,$25.19
Coastal Orange 6' 406 Leash,Coastal And Collars,076484731372,Leashes And Collars,,,,1.00,$9.59
Kaytee Woodland Getaway Small,Kaytee Animal,045125603729,Small,,,,1.00,$8.73
Kaytee Woodland Getaway Medium,Kaytee Animal,045125603743,Small,,,,2.00,$14.69
Kaytee Woodland Getaway Large,Kaytee Animal,045125603767,Small,,,,2.00,$28.34
Kaytee Woodland Getaway Extra,Kaytee Animal,045125603781,Small,,,,2.00,$36.74
Kaytee Tree Trunk Hide Kaytee Small,Animal,045125604009,Small,,,,1.00,$8.73
Kaytee Gravity Bin Feeder,Kaytee Animal,045125619218,Small,,,,0.00,$19.94
Kaytee Hay & Food Bin Feeder,Kaytee Animal,045125619225,Small,,,,1.00,$16.79
Coastal Charm Sob18,Coastal,076484763403,Leashes And Collars,,,,1.00,$26.99
Garden Select Young Rabbit Food 4lb Round Lake Farm Young Round Lake 4123 Rabbit 4,Oxbow Animal $15.74 Animal,744845963617,Small,,,,1.00,$15.74
Reggie Rat 2lb Friends Farm,Tiny Animal,730582211708,Small,,,,4.00,$13.64
Oxbow Young Rabbit 10lb Oxbow Animal,,744845402550,Small,,,,2.00,$26.24
Oxbow Rabbit 10lb Animal,Oxbow,744845402895,Small,,,,1.00,$26.24
Oxbow Young Rabbit 4lb Oxbow Animal,,744845402451,Small,,,,4.00,$13.64
Oxbow Adult Guinea Pig Oxbow 10lb,Animal,744845402918,Small,,,,2.00,$27.29
Oxbow Adult Rabbit Food Oxbow 5lb,Animal,744845402888,Small,,,,3.00,$15.74
Oxbow Young Guinea Pig Oxbow 5lb,Animal,744845402802,Small,,,,5.00,$14.69
Oxbow Adult Guinea Pig Oxbow 5lb,Animal,744845402901,Small,,,,1.00,$15.74
Oxbow Garden Young Guinea Pig 10lb,Oxbow Animal,744845402819,Small,,,,4.00,$26.24
Sunburst Guinea Pig 3lb Sunburst Animal,,720101352043,Small,,,,2.00,$12.59
Kaytee Fiesta Guinea Pig Kaytee 4.5lb,Animal,071859426549,Small,,,,0.00,$20.99
Sweet Harvest Parrot w Sunflower Seeds,Sweet Supplies,720101106042,Bird,,,,1.00,$17.84
Kaytee Fiesta Rabbit 6.5 Kaytee lb,Animal,071859998770,Small,,,,1.00,$25.19
Kaytee My First Home 30x18 Round Lake Farm Adult Round Lake 4099 Guinea P Round Lake Farm Young Round Lake 4098 Guinea P,Kaytee Animal $16.79 Animal $16.79 Animal,045125600544,Small,,,,4.00,$104.99
Tiny Friends Farm Gerty Tiny Guinea Farm,Animal,730582211647,Small,,,,2.00,$11.54
Bug Blaster II,,732221333277,Healthcare,,,,1.00,$39.89
Tiny Friends Farm Hazel Hamste Farm,Tiny Animal,730582211661,Small,,,,1.00,$11.54
Kaytee Gourmet Hamster Kaytee & Gerbi,Animal,071859000541,Small,,,,0.00,$9.44
Kaytee Fortified Hamster Kaytee & Geril 3lb,Animal,071859322308,Small,,,,1.00,$8.73
Oxbow Adult Rat 3lb Animal,Oxbow,744845404011,Small,,,,3.00,$15.74
Oxbow Mouse & Young Rat 2.5 lb,Oxbow Animal,744845404042,Small,,,,3.00,$13.64
Oxbow Mouse & Young Rat Garden Tiny Friends Farm Chinchilla 2 Farm,Oxbow Animal $15.74 Animal,744845963631,Small,,,,0.00,$10.49
Oxbow Ferret Food 4lb Animal,Oxbow,744845968339,Small,,,,3.00,$29.39
"Kaytee Forti-Diet Mouse, Kaytee Rat,",Animal,071859002316,Small,,,,0.00,$11.54
Kaytee Supreme Mouse & Kaytee Rat 4lb,Animal,071859015545,Small,,,,2.00,$11.54
Marshall Pet Products Ferret O,Marshall Animal,766501000207,Small,,,,2.00,$14.69
Marshall Pet Products Tear Fre,Marshall Animal,766501002270,Small,,,,1.00,$14.69
Marshall Pet Products Ferret E,Marshall Animal,766501000849,Small,,,,2.00,$20.99
Marshall Pet Products ProBioti,Marshall Animal,766501002188,Small,,,,1.00,$18.89
Marshall Pet Products Furo-Vit,Marshall Animal,766501003895,Small,,,,2.00,$18.89
Oasis Vita Drops Rabbit Oasis Animal,,048054800627,Small,,,,0.00,$19.94
Marshals Duck Soup 4.5oz,Marshall Animal,766501003413,Small,,,,0.00,$8.73
Marshall Pet Products Premium,Marshall Animal,766501004304,Small,,,,1.00,$10.49
Pretty Pets Hedgehog Food 3lb,Pretty Pets Animal,716432830008,Small,,,,3.00,$17.84
Zoo Med Creatures Habitat Kit,Zoo Med,097612091069,Reptiles,,,,1.00,$52.49
Zoo Med Frog Kit,Zoo Med,097612091243,Reptiles,,,,1.00,$99.74
Carefresh Natural 60 L Animal,Carefresh,066380004168,Small,,,,2.00,$40.94
ZooMed Crested Geicko Carefresh Kit,,097612091267,Reptiles,,,,1.00,$151.19
Carefresh Beachparty 23 Carefresh L,Animal,066380007848,Small,,,,2.00,$26.24
Carefresh Natural 30 L Animal,Carefresh,066380004151,Small,,,,1.00,$22.04
Carefresh Blue 10 L Animal,Carefresh,066380004335,Small,,,,4.00,$14.69
Carefresh Seaglass 23 L Animal,Carefresh,066380006308,Small,,,,2.00,$26.24
Carefresh White 23 L Animal,Carefresh,066380004199,Small,,,,0.00,$26.24
Carefresh Natural 14 L Animal,Carefresh,066380004144,Small,,,,1.00,$11.54
Carefresh Confetti 10 L Animal,Carefresh,066380004236,Small,,,,3.00,$14.69
Oxbw Purecomfort 28l Natural,Oxbow Animal,744845107028,Small,,,,3.00,$14.69
Oxbow Purcmfrt 36l Oxblend,Oxbow Animal,744845110028,Small,,,,2.00,$13.64
Oxbow Purcmfrt 36l White Oxbow Animal,,744845105024,Small,,,,2.00,$12.59
Oxbow Purcmfrt 72l Natural,Oxbow Animal,744845106021,Small,,,,3.00,$22.04
Oxbow Hay Blend 40oz Animal,Oxbow,744845810065,Small,,,,4.00,$15.74
Oxbow Western Timhay Oxbow 90oz,Animal,744845402291,Small,,,,3.00,$26.24
Oxbow Western Timhay Oxbow 40oz,Animal,744845402758,Small,,,,2.00,$15.74
Oxbow Orchard Grass Hay 40oz,Oxbow Animal,744845402963,Small,,,,4.00,$15.74
Oxbow Alfalfa Hay 40oz Oxbow Animal,,744845967707,Small,,,,3.00,$15.74
Oxbow Blend Hay 15oz Animal,Oxbow,744845969831,Small,,,,3.00,$8.73
Oxbow Botanical Hay 15oz,Oxbow Animal,744845405001,Small,,,,3.00,$8.73
Oxbow Oat Hay 15oz Animal,Oxbow,744845402703,Small,,,,4.00,$8.73
Oxbow Orchard Grass Hay 15oz,Oxbow Animal,744845402956,Small,,,,3.00,$7.63
"Coastal Collar Pbo12""",Coastal,076484774010,Leashes And Collars,,,,2.00,$6.89
Round Lake Timothy Hay Round Lake 18oz,Animal,850032686099,Small,,,,0.00,$9.44
Coastal Collar Pdt12,Coastal,076484774027,Leashes And Collars,,,,0.00,$8.31
"Coastal Pink Bright14"" Marting",Coastal And Collars,076484774050,Leashes And Collars,,,,0.00,$13.99
Kaytee Timothy with cranberry,Kaytee Animal,071859943558,Small,,,,2.00,$12.59
"Coastal Neon Pink12"" 401 Colla",Coastal And Collars,076484774072,Leashes And Collars,,,,2.00,$5.59
Kaytee Timothy Hay 24oz Kaytee Animal,,071859008110,Small,,,,1.00,$9.44
Kaytee Timothy Hay 48oz Kaytee Animal,,071859008134,Small,,,,2.00,$16.79
Round Lake Timothy Hay Round Lake 90oz,Animal,850032686174,Small,,,,1.00,$30.44
"Sunburst Pink Flower 10"" Sunburst Colla Sunburst Red10"" Collar",And Collars $5.89,443983200086,Leashes And Collars,,,,0.00,$5.89
Coastal Neon Pink04' 2904 Coll,Coastal And Collars,076484774089,Leashes And Collars,,,,1.00,$19.99
"Exo Terra UVB 200 34""",Exo Terra,015561224284,Reptiles,,,,2.00,$36.74
"Coastal Collar Pdt26""",Coastal,076484774119,Leashes And Collars,,,,1.00,$11.79
Coastal Black04' 2904 Leash Valhoma Spike 18 Tq Collar,Coastal And Collars $28.99 And Collars,076484780400,Leashes And Collars,,,,2.00,$19.99
"Circle Black04"" Leash And Collars Valhoma Spike 20 Pr Collar Valhoma Spike 22 Black Collar",Circle T $29.99 And Collars $31.99 And Collars,076484823084,Leashes And Collars,,,,-1.00,$34.99
Fluval Color Enhancing 1.6oz Valhoma Spike 22 Black Collar,Fluval $31.99 And Collars,076484827709,Aquatics,,,,0.00,$7.63
"Rascals 4"" Basketball",Rascals,076484830341,Toys,,,,1.00,$10.49
Rascas Latex XL Pig Valhoma Spike 20 Large Collar,Coastal $29.99 And Collars,076484830907,Toys,,,,1.00,$27.29
Valhoma Spike 16 Hp Collar,Valhoma And Collars,009761211850,Leashes And Collars,,,,0.00,$28.99
Yarn Cat Toy,,076484835278,Toys,,,,-1.00,$2.17
Valhoma 26 Ro Collar,Valhoma,001556123259,Leashes And Collars,,,,0.00,$19.99
Marshall Hideaway Hut Animal,Marshall,076484835292,Small,,,,0.00,$16.79
Titan Tieout 15' Heavy,Titan,076484890604,Accessories,,,,1.00,$22.04
Titan Tieout 30' Heavy,Titan,076484890628,Accessories,,,,0.00,$26.24
Coastal Orange 6' 906 Leash,Coastal And Collars,076484906084,Leashes And Collars,,,,2.00,$17.49
Valhoma 22 Pr Collar,Valhoma,009761262154,Leashes And Collars,,,,0.00,$19.99
"Coastal Collar Wdf26""",Coastal,076484921629,Leashes And Collars,,,,2.00,$11.79
Valhoma 20 Red Collar,Valhoma,076484108518,Leashes And Collars,,,,0.00,$19.99
Valhoma 20 Pr Collar,Valhoma,001556122729,Leashes And Collars,,,,0.00,$19.99
Safari Curved Firm Slicker Safari,,076484946400,Healthcare,,,,1.00,$15.74
Safari Curved Firm Slicker Safari,,076484946608,Healthcare,,,,2.00,$19.94
Wolfgang Los26 Collar,Wolfgang,9761262210,Leashes And Collars,,,,0.00,$19.95
Paw Patrol Small Harness Paw Patrol,,030172079986,Leashes And Collars,,,,0.00,$22.99
Adventure Belt Leash And Collars Lupine Jlly 6ft 1in Leash Lupine And Collars Lupine Pupluv 6ft 1in Leash Lupine Pupluv 6ft 1/2in Leash Lupine Dapp 6ft 1in Leash Lupine And Collars Lupine Dapp 6ft 3/4in Leash Lupine Turt 6ft 1in Leash Lupine And Collars Lupine Turt 6ft 3/4in Leash Lupine Turt 6ft 1/2in Leash,Alcott $19.99 $19.99 And Collars $15.99 And Collars $19.99 $18.99 And Collars $19.99 $18.99 And Collars $15.99 And Collars,030172096389,Leashes And Collars,,,,1.00,$29.99
Safari Shed Magic,Safari,076484961274,Healthcare,,,,1.00,$34.64
Coastal 6' Dinosaurs 969 Coastal Leash,And Collars,076484969027,Leashes And Collars,,,,1.00,$21.99
"Coastal Styles Leash Sm Coastal Alien Lupine Turt 16""-28"" 1in Collar Lupine Dapp 8""-12"" 1/2in Lupine Colla",And Collars $15.99 And Collars $9.99 And Collars,076484994647,Leashes And Collars,,,,1.00,$17.49
Zoo Med Creatures Mulch Zoo Med 1.1 L,,097612008715,Reptiles,,,,2.00,$3.27
Kong Treatster Large,Kong,035585013794,Dog Treats,,,,1.00,$11.54
Kong Squeez Flex Bone Medium,Kong,035585533049,Toys,,,,2.00,$16.79
Kong Treatster Small,Kong,035585013800,Dog Treats,,,,0.00,$9.44
Kong Fillrfreeze Tray,Kong,035585533032,Toys,,,,4.00,$12.59
Kong Goodiez Ring Medium,Kong,035585509181,Toys,,,,1.00,$13.64
Kong Rewards Tennis Large,Kong,035585034355,Toys,,,,1.00,$13.64
Kong Bamboo Feeder Ball Medium,Kong,035585475240,Toys,,,,1.00,$15.74
Kong Rewards Tipsy Large,Kong,035585529325,Toys,,,,1.00,$22.04
Kong Rewards Tinker Small,Kong,03558552933,Toys,,,,0.00,$20.99
Kong Bamboo Dumbbell Medium,Kong,035585475257,Toys,,,,1.00,$15.74
Kong Rewards Wally Medium/Larg,Kong,035585498270,Toys,,,,-1.00,$15.74
Kong Puppy Activity Ball Mediu,Kong,035585131245,Toys,,,,0.00,$11.54
Kong Puppy Binkie Medium,Kong,035585131191,Toys,,,,1.00,$12.59
Kong Puppy Extra Small,Kong,035585131450,Toys,,,,3.00,$7.63
Kong Puppy Small,Kong,035585131313,Toys,,,,1.00,$9.44
Kong Puppy Medium,Kong,035585131214,Toys,,,,1.00,$11.54
Kong Puppy Large,Kong,035585131115,Toys,,,,1.00,$14.69
Kong Puppy Tires Small,Kong,35585365051,Toys,,,,0.00,$8.73
Kong Binkie Puppy Small Kong,,035585131207,Toys,,,,1.00,$10.49
Kong Classic Small,Kong,035585111315,Toys,,,,3.00,$7.63
Kong Classic Medium,Kong,035585111216,Toys,,,,1.00,$13.64
Kong Classic Large,Kong,035585111117,Toys,,,,1.00,$15.74
Kong Classic Extra Large Kong,,035585111018,Toys,,,,2.00,$22.04
Kong Biscuit Ball Small,Kong,035585111377,Toys,,,,0.00,$14.69
Kong Dental Stick Medium,Kong,035585121222,Toys,,,,0.00,$10.49
Kong Dental Stick Large,Kong,035585121123,Toys,,,,0.00,$13.64
Kong Extreme Small,Kong,035585111605,Toys,,,,2.00,$7.63
Kong Extreme Medium,Kong,035585111148,Toys,,,,4.00,$13.64
Kong Extreme Large,Kong,035585111124,Toys,,,,1.00,$15.74
Kong Extreme Extra Large,Kong,035585111025,Toys,,,,1.00,$24.14
Kong Goodie Bone Small Kong,,035585780108,Toys,,,,1.00,$10.49
Kong Goodie Bone Medium,Kong,611932100111,Toys,,,,3.00,$14.69
Kong Extreme Goodie Bone Large,Kong,035585356006,Toys,,,,0.00,$19.94
Kong Goodie Ribbon Medium,Kong,035585356259,Toys,,,,0.00,$13.64
Kong Goodie Ribbon Small,Kong,035585356266,Toys,,,,4.00,$11.54
Kong Ring Medium/Large Kong,,035585356099,Toys,,,,1.00,$11.54
Kong Stuff-a-ball Medium Kong,,035585141213,Toys,,,,0.00,$11.54
Kong Stuff-A-Ball Large,Kong,035585141114,Toys,,,,0.00,$13.64
Kong Flipstick Medium,Kong,035585498614,Toys,,,,1.00,$11.54
Kong Extreme Tires Medium/Larg,Kong,035585250007,Toys,,,,1.00,$13.64
Kong Squeeez Ball Medium,Kong,0355850323,Toys,,,,0.00,$7.63
Kong Brush,Kong,035585495828,Toys,,,,1.00,$7.63
Kong Easy Treat Puppy,Kong,035585010502,Dog Treats,,,,2.00,$10.49
Kong Easy Treat Pepperoni,Kong,035585507224,Dog Treats,,,,0.00,$10.49
Kong Easy Treat Peanut Kong Butter,,035585011134,Dog Treats,,,,3.00,$10.49
Kong Stuffn Sweetpot 5oz Kong,,035585191010,Toys,,,,0.00,$6.54
Kong Sncks Bacon & Cheese Larg,Kong,035585213002,Toys,,,,0.00,$11.54
Kong Ziggies 7oz Small,Kong,035585361871,Toys,,,,4.00,$13.64
Kong Jerky Chicken Medium/Larg,Kong,035585361598,Toys,,,,-2.00,$9.44
Kong Ziggies Enhance Puppy Small,Kong,035585361895,Dog Treats,,,,3.00,$13.64
Kong Ziggies Enhance Puppy M/L,Kong,035585361888,Toys,,,,-1.00,$13.64
Kong Ziggies Enhance Medium/La,Kong,035585361864,Toys,,,,0.00,$13.64
Kong Jerky Chicken Small/Mediu,Kong,035585361604,Toys,,,,1.00,$9.44
Kong Dental Bone Medium,Kong,03558506241,Toys,,,,0.00,$15.74
Kong Whirlz Throw Medium/Large,Kong,035585533308,Toys,,,,2.00,$15.74
Kong Whirlz Rope Medium/Large,Kong,035585533315,Toys,,,,2.00,$15.74
Kong Ext Ball W Rope Large,Kong,035585356426,Toys,,,,1.00,$17.84
Kong Squeak Stix Wiggler Kong Large,,035585012339,Toys,,,,1.00,$13.64
Kong Twitz Ring Large,Kong,035585494067,Toys,,,,0.00,$17.84
Kong Bunji Highviz Ball Large,Kong,035585529240,Toys,,,,1.00,$14.69
Kong Twistz Highviz Ring Kong Small,,035585529264,Toys,,,,1.00,$15.74
Kong Zoolooz Lion Medium,Kong,035585506777,Toys,,,,1.00,$13.64
Kong Flexball Sport Ball Kong Extra,,035585533056,Toys,,,,1.00,$26.24
Kong Sqeeez Stick Medium,Kong,035585032115,Toys,,,,0.00,$13.64
Kong Reward Tinker,Kong,035585509006,Toys,,,,1.00,$26.24
Kong Ball With Hole Medium/Lar,Kong,035585181134,Toys,,,,2.00,$15.74
Kong Extreme Ball Small Kong,,035585181141,Toys,,,,1.00,$10.49
Kong Jumbler Ball Medium/Large,Kong,035585034096,Toys,,,,1.00,$19.94
Kong Large/Extra Large Jumbler,Kong,035585034133,Toys,,,,0.00,$20.99
Kong Jumbler Football Large/Ex,Kong,035585034119,Toys,,,,1.00,$26.24
Kong Rope Ringerz Medium,Kong,035585502786,Toys,,,,1.00,$14.69
Kong Jumbler Tug Small/Medium,Kong,035585509433,Toys,,,,2.00,$16.79
Kong Jumbler Tug Medium/Large,Kong,03558509440,Toys,,,,0.00,$22.04
Kong Cozie Elmer Elephant Medi,Kong,035585159010,Toys,,,,11.99,$13.64
Kong Cozie Ali Alligatpor Kong Medi,,035585159096,Toys,,,,1.00,$12.59
Kong Large/Extra Large Kong Shaker,,035585214184,Toys,,,,3.00,$18.89
Kong Sport Balls Assorted Kong Medi,,035585775630,Toys,,,,3.00,$7.63
Kong Maxx Tug Large,Kong,035585529318,Toys,,,,1.00,$16.79
Kong Airdog Football Large,Kong,035585775241,Toys,,,,1.00,$17.84
Kong Cozie King Lion Medium,Kong,035585159034,Toys,,,,-1.00,$11.54
Kong Sport Assorted Extra Smal,Kong,035585775661,Toys,,,,-1.00,$5.45
Kong Squeak Air Balls Birthday,Kong,035585775197,Toys,,,,3.00,$9.44
Kong Squeez Goomz Football Lar,Kong,035585495064,Toys,,,,-1.00,$17.84
Kong Daily Paper Extra Large,Kong,035585523163,Toys,,,,3.00,$22.04
Kong Sign Sport Balls 3pk Kong Extr,,035585503189,Toys,,,,0.00,$6.54
Kong Sport Soft Balls 2pk Kong Larg,,035585529110,Toys,,,,0.00,$10.49
Kong Squeeezz Tennis Large 2pk,Kong,035585775555,Toys,,,,1.00,$11.54
Kong Squeakair Balls Extra Sma,Kong,035585775180,Toys,,,,4.00,$6.54
Spot Sponge Soccer Balls Spot,,077234023020,Toys,,,,1.00,$6.54
Kong Airdog Squeak Knob Ball M,Kong,035585502151,Toys,,,,0.00,$6.54
Kong Sport Softies Ball 3pk Sm,Kong,035585529097,Toys,,,,0.00,$9.44
Spot Rattle Clatter Mouse Higgins,,077234023778,Toys,,,,0.00,$5.45
Kong Squeakair Ball Large,Kong,035585032016,Toys,,,,1.00,$10.49
Kong Crunchair Ball Medium,Kong,035585483016,Toys,,,,1.00,$3.27
Kong Sport Soft Medium Black,Kong,035585529073,Toys,,,,1.00,$3.27
Kong Airdog Bone Medium,Kong,035585775296,Toys,,,,0.00,$11.54
Kong Airdog Bone Large,Kong,035585775302,Toys,,,,2.00,$17.84
Kong Larg Training Dummy,Kong,035585299006,Toys,,,,1.00,$17.84
Kong Extreme Flyer,Kong,035585123189,Toys,,,,-1.00,$20.99
Kong Flyer Large,Kong,035585129082,Toys,,,,3.00,$14.69
Kong Air Dog Dumbbell Large,Kong,035585775272,Toys,,,,1.00,$17.84
Kong Airdog Dumbbell Medium,Kong,035585775265,Toys,,,,1.00,$13.64
Kong Airdog Dumbbell Small,Kong,035585775258,Toys,,,,1.00,$10.49
Kong Floppy Hippo Small/Medium,Kong,035585402031,Toys,,,,0.00,$15.74
Kong Floppy Knots Hippo Kong Medium,,035585402079,Toys,,,,1.00,$17.84
Kong Snuzz Mini Otter Extra Sm,Kong,035585507101,Toys,,,,3.00,$8.73
Kong Dr. Noyz Teddy Bear Extra,Kong,035585020310,Toys,,,,3.00,$5.45
Kong Snuzzles Mini Duck Kong XS,,035585499956,Toys,,,,2.00,$8.73
Kong Snuzz Mini Duck Extra Sma,Kong,035585020327,Toys,,,,3.00,$5.45
Kong Snuzz Mini Pig Extra Smal,Kong,035585499949,Toys,,,,2.00,$8.73
Kong Snuzz Mini Frog Extra Sma,Kong,035585499932,Toys,,,,1.00,$8.73
Kong Dr. Noyz Frog Extra Kong Small,,035585020303,Toys,,,,2.00,$5.45
Spot Song Bird,Spot,077234028292,Toys,,,,0.00,$8.73
Kong Jungle Jmz Elephant Mediu,Kong,035585507132,Toys,,,,1.00,$18.89
Kong Dr. Noyz Duck Small,Kong,035585020372,Toys,,,,3.00,$7.63
Kong Layerz Forage Hedgehog Me,Kong,035585506203,Toys,,,,-1.00,$14.69
Kong Comfrt Tykes Fox Small,Kong,035585499802,Toys,,,,0.00,$10.49
Kong Shak Luvs Giraffe Small,Kong,035585360591,Toys,,,,1.00,$11.54
Kong Maxx Star Small/Medium,Kong,035585509327,Toys,,,,0.00,$17.84
Spot Lattice Balls 4pk,Spot,077234028483,Toys,,,,-1.00,$4.36
Kong Maxx Shark Medium,Kong,035585498973,Toys,,,,1.00,$16.79
Kong EZ Clear X-Large,Kong,035585081014,Healthcare,,,,2.00,$22.04
Kong Floof Shak Giraffe Kong Medium,,035585360584,Toys,,,,0.00,$15.74
Kong Ballistic Giraffe Medium/,Kong,035585503011,Toys,,,,1.00,$12.59
Kong Maxx Turtle Medium Kong,,035585509341,Toys,,,,0.00,$20.99
Kong Maxx Rhino Large,Kong,035585509334,Toys,,,,0.00,$19.94
2qt Mirror Finish Ss Dish,Ethical Pet,077234060629,Accessories,,,,0.00,$7.63
Kong Licks,Kong,035585533063,Toys,,,,2.00,$20.99
Kong Scryff Chicken Medium/Lar,Kong,035585360775,Toys,,,,0.00,$20.99
Kong Scruffs Chicken Md/Lg,Kong,035585499871,Toys,,,,1.00,$16.79
Kong Shak Honk Duck Large,Kong,035585360737,Toys,,,,1.00,$19.94
Camo Sweatshirt Extra Large,Ethical Pet,077234500071,Accessories,,,,0.00,$27.29
Kong Medium/Large Scrunch Knot,Kong,035585455976,Toys,,,,0.00,$17.84
Kong Medium/Large Scrunch Squi,Kong,035585455983,Toys,,,,0.00,$17.84
Kong Knots Chicken Small,Kong,035585533070,Toys,,,,1.00,$11.54
Kong Armor Football Med Kong,,035585533124,Toys,,,,2.00,$18.89
Kong Wild Knts Fox Medium/Larg,Kong,035585509358,Toys,,,,0.00,$15.74
Kong Wild Knts Bear Assorted M,Kong,035585533001,Toys,,,,0.00,$16.79
Kong Wild Knots Giraffe Kong Small/,,035585509402,Toys,,,,0.00,$10.49
Kong Wild Knots Fox Small/Medi,Kong,035585509389,Toys,,,,0.00,$10.49
Spot Sewmuhfun 2.5 2pk Spot Balls,,077234520000,Toys,,,,1.00,$5.45
Kong Knots Belly Hippo Medium/,Kong,035585505343,Toys,,,,1.00,$14.69
Kong Knots Belly Gorilla Kong Mediu,,035585505350,Toys,,,,1.00,$14.69
Kong Knots Twists Assorted Med,Kong,035585503370,Toys,,,,1.00,$17.84
Kong Knots Twists Assorted Sma,Kong,035585503363,Toys,,,,2.00,$12.59
Spot Hug N Kick Fantastic Spot Fish,,077234521175,Toys,,,,3.00,$8.73
Spot Squiggly Snake,Ethical Pet,077234522226,Toys,,,,2.00,$5.45
Kong Scrump Koala Medium,Kong,035585498744,Toys,,,,1.00,$16.79
Kong Knots Snake Ass Medium/La,Kong,035585499611,Toys,,,,1.00,$17.84
Kong Knots Chicken Medium/Larg,Kong,035585533087,Toys,,,,1.00,$16.79
Kong Sheild Tropical Frog Kong Medi,,035585503134,Toys,,,,0.00,$17.84
Kong Wild Shield Perch Medium,Kong,035585523224,Toys,,,,0.00,$16.79
Kong Sheilds Tropics Octo Medi,Kong,035585498980,Toys,,,,2.00,$14.69
Kong Shakers Honkers Dragon Sm,Kong,035585498775,Toys,,,,-1.00,$10.49
Kong Shakers Bobz Pig Kong Medium,,035585498539,Toys,,,,0.00,$12.59
Kong Shackers Shimmy Kong Crab Medi,,035585498492,Toys,,,,-1.00,$14.69
Spot Sknz Ex Quilted Fox Spot,,077234541852,Toys,,,,1.00,$15.74
Kong Comfort Hedge hog Kong Puppy E,,035585421315,Toys,,,,0.00,$9.44
Kong Scrump Bunny Medium,Kong,035585498751,Toys,,,,0.00,$16.79
Kong Sheilds Tropics Gecko Med,Kong,035585503141,Toys,,,,0.00,$14.69
Kong Snuzz Kid Elephant Kong Small,,035585498478,Toys,,,,0.00,$13.64
Kong Snuzzles Bear Medium,Kong,035585462172,Toys,,,,1.00,$14.69
Kong Softseas Octo Small Kong,,035585502816,Toys,,,,1.00,$13.64
Kong Lwstff Mallard Medium,Kong,035585498874,Toys,,,,2.00,$15.74
Kong Lwstff Fox Medium,Kong,035585402017,Toys,,,,0.00,$15.74
Bambne Wishbone 5.25 Bacon,Ethical Products,077234543184,Dog Treats,,,,2.00,$5.45
Spot Snuffle Roll Puzzle,Spot,077234548257,Toys,,,,1.00,$10.49
Kong Wub Zoo Koala Large,Kong,035585502908,Toys,,,,0.00,$15.74
Kong Wub Ballis Highviz Kong Large,,035585800646,Toys,,,,0.00,$13.64
Kong Snuzzle Hippo Extra Kong Large,,035585507118,Toys,,,,0.00,$16.79
Kong Scamp Lemur Medium,Kong,035585498867,Toys,,,,2.00,$15.74
Kong Signature Stick w Rope,Kong,035585494180,Toys,,,,1.00,$12.59
Kong Toughz Bunny Medium,Kong,035585505879,Toys,,,,1.00,$20.99
Spot Dura Fused Dinosaur,Spot,077234549230,Toys,,,,1.00,$11.54
Kong Frizzles Zazzle Medium,Kong,035585323077,Toys,,,,0.00,$13.64
Kong Lowstff Scruffs Dog Kong Large,,035585421230,Toys,,,,2.00,$16.79
Spot Lil Spots,Spot,077234549308,Toys,,,,0.00,$7.63
Kong Comfrt Pups Boss Kong Small,,035585523385,Toys,,,,0.00,$14.69
Kong Comfrt Pups Peanut Kong Small,,035585523354,Toys,,,,0.00,$12.59
Vanness track Less Litter Nutrisource Mat,,079441004410,Accessories,Tan,,5.5oz,2.00,$12.59
Kong Wubba Camo Small Kong,,035585800141,Toys,,,,0.00,$11.54
Kong Wubba Friends Ballistic S,Kong,035585800004,Toys,,,,0.00,$10.49
Kong Wubba Puppy Assorted Smal,Kong,035585799971,Toys,,,,-1.00,$11.54
Prevue Hendrix Corner Litter P,Prevue Animal,079441004687,Small,,,,0.00,$12.59
Kong Wubba,Kong,035585256160,Toys,,,,1.00,$10.49
Kong Wubba Assort Extra Kong Large,,035585801827,Toys,,,,1.00,$15.74
Kong Wubba Nostff Cheetah Larg,Kong,035585801858,Toys,,,,1.00,$15.74
Nylabone Puppy Teethe Nylabone N Tug,,018214837428,Toys,,,,-1.00,$14.69
Nylabone Donut Wolf,Nylabone,018214855552,Toys,,,,1.00,$15.74
Nylabone Power Chew Pretzel Re Nylabone Power Chew Lobster Re,Nylabone $15.74,018214850724,Toys,,,,1.00,$12.59
Nylabone Axis Bone Regular,Nylabone,018214850014,Toys,,,,0.00,$12.59
Nylabone Stick Wolf,Nylabone,018214816331,Toys,,,,3.00,$10.49
Tapeworm Dewormer Dogs Tabs,Bayer,080605821903,Accessories,,,,0.00,$35.69
Nylabone Puppy Teething Nylabone Rings,,018214822943,Toys,,,,1.00,$14.69
Nylabone Puppy Dinosaur Nylabone,,018214837053,Toys,,,,0.00,$12.59
Nylabone Sneaky Snacker Wolf,Nylabone,018214853480,Toys,,,,0.00,$16.79
Nylabone Bacon Edibles Wolf,Nylabone,018214807995,Treats,,,,2.00,$5.45
Vision Perch 2 pk Supplies,Vision,080605834057,Bird,,,,1.00,$7.63
Nylabone Puppy Dental Dino,Nylabone,018214821458,Toys,,,,1.00,$12.59
Nylabone Rhino Cone Wolf,Nylabone,018214846550,Toys,,,,0.00,$15.74
Nylabone Senior Fill & Treat,Nylabone,018214851660,Dog Treats,,,,0.00,$14.69
Nylabone Peanut Wolf,Nylabone,018214855187,Toys,,,,1.00,$15.74
Nylabone Freeze Bone Wolf,Nylabone,018214855729,Toys,,,,1.00,$17.84
Chuckit Fetch Imm 3pk Medium,Chuckit!,029695330728,Toys,,,,2.00,$31.49
Chuckit Tennis Ball 2pk Medium,Chuckit!,660048074021,Toys,,,,1.00,$6.54
Chuckit Tennis Ball Large Chuckit!,,660048000426,Toys,,,,-1.00,$7.63
Chuckit Rugged Flyer Medium,Chuckit!,029695313424,Toys,,,,0.00,$18.89
Chuckit Whistle Flight,Chuckit!,029695322228,Toys,,,,1.00,$24.14
Chuckit Ultra Ball Medium Chuckit!,,660048001683,Toys,,,,0.00,$9.44
Chuckit Air Fetchball Medium 2,Chuckit!,029695321412,Toys,,,,1.00,$16.79
Vision Compact Cage Lamp,Vision Supplies,080605838000,Bird,,,,1.00,$83.99
Chuckit Air Fetch Ball Small 2,Chuckit!,029695319310,Toys,,,,-1.00,$14.69
Chuckit Ultra Tumbler,Chuckit!,029695331176,Toys,,,,1.00,$14.69
Chuckit Max Glow Large,Chuckit!,029695323140,Toys,,,,1.00,$13.64
Chuckit Max Glow Medium,Chuckit!,029695323133,Toys,,,,1.00,$10.49
Chuckit Max Glow Small,Chuckit!,029695323126,Toys,,,,2.00,$8.73
Chuckt Fetchball 2pk,Chuckit!,660048194002,Toys,,,,1.00,$14.69
Chuckit Fetch & Fold 25m Chuckit! Launc,,029695507397,Toys,,,,1.00,$19.94
Chuckit Sport 14s,Chuckit!,660048069003,Toys,,,,0.00,$13.64
Chuckit Launcher Junior 18m,Chuckit!,660048061007,Toys,,,,0.00,$14.69
Chuckit Ultralinks,Chuckit!,029695323560,Toys,,,,0.00,$18.89
Nylabone Puppy Chicken Nylabone Pink XS,,018214832386,Toys,,,,2.00,$7.63
Nylabone Durachew Bread Large,Nylabone,018214853060,Toys,,,,1.00,$22.04
Nylabone Healthy Edibles Nylabone Bacon Lrg,,018214808022,Toys,,,,3.00,$12.59
Mammoth Medium Tire Biter End/,Mammoth,746772352083,Toys,,,,0.00,$13.64
Mammoth Small Extra Monkey Fis,Mammoth,746772250204,Toys,,,,-1.00,$9.44
Mammoth Large Monkey Mammoth Fist,,746772201008,Toys,,,,1.00,$8.73
Mammoth Extra Fresh 2 Mammoth Knot Bon,,746772255063,Toys,,,,0.00,$9.44
Mammoth Medium Extra Mammoth Monkey Fi,,746772251867,Toys,,,,-1.00,$12.59
Mamm Medium Color Bone,Mammoth,746772200124,Toys,,,,0.00,$7.63
Vision Daylight LED Light Vision 5w,Supplies,080605838352,Bird,,,,1.00,$19.94
Mammoth Mini 3 Knot With Mini,Mammoth,746772510407,Toys,,,,2.00,$7.63
"Coastal Red14"" 401 Collar",Coastal And Collars,084369931709,Leashes And Collars,,,,0.00,$5.59
Mammoth Mini Color Bone,Mammoth,746772200001,Toys,,,,1.00,$3.27
"Mammoth Snake Biter 26"" Mammoth",,746772530603,Toys,,,,1.00,$16.79
Mammoth Color Knot/Ball Mammoth Medium,,746772510124,Toys,,,,1.00,$11.54
Mammoth Large 3 Knot With Ball,Mammoth,746772510148,Toys,,,,1.00,$17.84
Mammoth Small Squeaky Mammoth Snake,,746772750001,Toys,,,,1.00,$9.44
Acurel Amonia Reduce Pad,Acurel,087535360687,Aquatics,,,,0.00,$10.49
Mammoth Large Color 3 Mammoth Knot Tug Mammoth TireBiter II With Mammoth Rope,$15.74,746772200148,Toys,,,,1.00,$9.44
Mammoth Tire Biter Ball Mammoth With E,,746772352045,Toys,,,,0.00,$13.64
Mammoth Tire Biter With Mammoth Rope M,,746772350102,Toys,,,,2.00,$17.84
Mammoth Small Monkey Mammoth Fist Ball,,746772200865,Toys,,,,0.00,$8.73
Mammoth Medium Snakebiter,Mammoth,746772530627,Toys,,,,1.00,$20.99
Mammoth Medium Squeak Shark 15,Mammoth,746772750124,Toys,,,,1.00,$10.49
Tuffy Jr. Boomerang,Tuffy,180181016011,Toys,,,,0.00,$19.94
Tuffy killer Whale,Tuffy,180181907555,Toys,,,,1.00,$20.99
Tuffy T-junior-r-rp,Tuffy,180181011016,Toys,,,,0.00,$13.64
Tuffy T-junior-r-yb,Tuffy,180181005039,Toys,,,,1.00,$34.64
Tuffy T-ff-hotdog,Tuffy,180181020957,Toys,,,,0.00,$20.99
Tuffy T-u-b-yb,Tuffy,180181011030,Toys,,,,1.00,$14.69
Tuffy T-junior-b-cb,Tuffy,180181020124,Toys,,,,1.00,$13.64
Tuffy T-U-R-PL,Tuffy,180181001024,Toys,,,,1.00,$17.84
Tuffy Octopus Small,Tuffy,180181905285,Toys,,,,1.00,$32.54
Tuffy Junior Elephant,Tuffy,180181908101,Toys,,,,1.00,$28.34
Tuffy T-oc-larry Lobster,Tuffy,180181020148,Toys,,,,1.00,$23.09
Tuffy scorpion,Tuffy,180181903694,Toys,,,,1.00,$25.19
Tuffy T-junior-b-rp,Tuffy,180181020117,Toys,,,,2.00,$13.64
Tuffy T-oc- Dolphin,Tuffy,180181023668,Toys,,,,0.00,$26.24
Tuffy T-ds-lizard,Tuffy,180181903748,Toys,,,,1.00,$22.04
Tuffy alligator,Tuffy,180181910036,Toys,,,,0.00,$26.24
Tuffy T-oc-shark-em,Tuffy,180181909498,Toys,,,,0.00,$22.04
Tuffy junior-fish-or,Tuffy,180181908576,Toys,,,,1.00,$16.79
Tuffy Eel,Tuffy,180181010019,Toys,,,,1.00,$18.89
Tuffy T-a-green-alien,Tuffy,180181903731,Toys,,,,1.00,$39.89
Tuffy Turtle,Tuffy,180181020308,Toys,,,,0.00,$19.94
Tuffy Small-octopus,Tuffy,180181007019,Toys,,,,-1.00,$22.04
Tuffy T-u-t-yb,Tuffy,180181002038,Toys,,,,1.00,$19.94
Special Red Egg Food Supplies,Quiko,087535360694,Bird,,,,3.00,$13.64
Tuffy Ultimate 3 Way Tug Tuffy,,180181906350,Toys,,,,1.00,$19.94
Tuffy T-junior-br-rp,Tuffy,180181006012,Toys,,,,1.00,$19.94
Tuffy Junior 3 Way Tug,Tuffy,180181906329,Toys,,,,2.00,$19.94
Dogslife Fleece Slipper,Dog Life,030172024726,Accessories,,,,0.00,$7.63
Spot Double Knot Tug String Fl,Ethical Pet,77234549056,Toys,,,,0.00,$13.64
Spot Ball Ina Bottle,Ethical Pet,077234549582,Toys,,,,1.00,$9.44
Multipet Loofa Squeak Mat,Multipet,784369479140,Toys,,,,0.00,$12.59
Multipet Duckworth Mini,Multipet,784369377064,Toys,,,,0.00,$5.45
"Spot Fluff Ball 8.5""",Ethical Pet,077234549278,Toys,,,,2.00,$9.44
Ammonia-x Cat Ax3,Ammonia-X,087535470126,Aquatics,,,,0.00,$6.54
Multipet Loofa Rope Body Multipet,,784369479850,Toys,,,,1.00,$10.49
Multipet Loofa Dog Medium,Multipet,784369477122,Toys,,,,3.00,$8.73
Spot Lvtheearth Stuff Free Cro,Ethical Pet,077234547526,Toys,,,,0.00,$10.49
Multipet Wrinkleez Ass,Multipet,784369430103,Toys,,,,2.00,$11.54
Multipet Loofa Dog Large Multipet,,784369477184,Toys,,,,1.00,$11.54
Multipet Large Loofa Dog Flopp,Multipet,784369275254,Toys,,,,1.00,$13.64
Multipet Large Loofa Dog Troop,Multipet,784369486216,Toys,,,,1.00,$12.59
Multipet Cross-ropes Assort,Multipet,784369434514,Toys,,,,1.00,$15.74
Zippy Paws Donutz Buddies Frog,ZippyPaws,810032680343,Toys,,,,0.00,$10.49
Zippy Paws Donutz Rainbow,ZippyPaws,810032680213,Toys,,,,0.00,$9.44
Lambchop Small,Multipet,784369207750,Toys,,,,1.00,$9.44
Lamb Chop Large,Multipet,784369483758,Toys,,,,1.00,$15.74
Squishmallows Dog Toy,Jazwares,191726514428,Toys,,,,0.00,$19.94
Lambchop Happy Birthday,Happy,784369487060,Accessories,,,,0.00,$12.59
Multipet Birthday Present Multipet,,784369487091,Toys,,,,0.00,$9.44
Multipet Dazzle Duck,Multipet,784369376739,Toys,,,,1.00,$15.74
Multipet Swinging Safari,Safari,784369223705,Toys,,,,1.00,$16.79
Spot Axolotl in Swimwear Ethical Pet,,077234549667,Toys,,,,2.00,$9.44
"Spot Axolotl Butterball 7""",Ethical Pet,077234549643,Toys,,,,2.00,$9.44
"Spot Axolotl Mermaid 10"" Ethical Pet",,077234549650,Toys,,,,1.00,$9.44
"Spot Axolotl W Duck Tube Ethical Pet Spot Axolotl 6""",$7.63,077234549674,Toys,,,,2.00,$11.54
Zippypaws Birthday Cake ZippyPaws -Blue,,818786018610,Toys,,,,1.00,$10.49
Zippy Paws Nomnom Cupcake Pink,ZippyPaws,818786019129,Toys,,,,1.00,$10.49
Zippy Paws Nomnom Pizza,ZippyPaws,818786012793,Toys,,,,1.00,$9.44
Zippy Paws Z-stitch- Unicorn,ZippyPaws,818786019136,Toys,,,,1.00,$11.54
Flukers Hermit Beach,Flukers,091197660276,Reptiles,,,,1.00,$10.49
Zippy Paws Catipillar,ZippyPaws,855736003326,Toys,,,,2.00,$18.89
Spot Axolotl Stuffing Free Ethical Pet,,077234549681,Toys,,,,6.00,$9.44
"Spot Sooth Crinkle Toy 13""",Ethical Pet,077234541708,Toys,,,,2.00,$13.64
"Spot Sooth Warm Hug Pal 10""",Ethical Pet,077234548509,Toys,,,,1.00,$13.64
"Spot Sooth Blanket Toy 10""",Ethical Pet,077234541692,Toys,,,,2.00,$11.54
"Spot Sooth Tabbie Lambie 8""",Ethical Pet,077234548530,Toys,,,,4.00,$10.49
"Spot Sooth Wrm Hug Bone 9""",Ethical Pet,077234548516,Toys,,,,3.00,$7.63
"Spot Sooth Warm Hug Bone 12""",Ethical Pet,077234548523,Toys,,,,2.00,$9.44
KFC Fries & Drumette 2pk,Ethical Products,077234332290,Accessories,,,,4.00,$9.44
KFC Chicken Box Products,Ethical,077234332313,Accessories,,,,1.00,$9.44
Spot Fun Candy Twisted Whisker,Spot,077234546239,Toys,,,,0.00,$8.73
KFC Famous Bowl Products,Ethical,077234332245,Accessories,,,,1.00,$7.63
Spot Fun Beverage Pawpsii,Spot,077234547625,Toys,,,,0.00,$7.63
Spot Fun Food Ruffus,Spot,077234544440,Accessories,,,,0.00,$8.73
Spot Funfood Dogritos Chips,Spot,077234545898,Accessories,,,,0.00,$10.49
Spot Flat Jax,Spot,077234543580,Toys,,,,1.00,$10.49
Zippy Paws Squickie Can ZippyPaws,,810032680015,Toys,,,,0.00,$7.63
Woody Woodpecker Toy,Multipet,784369372441,Toys,,,,0.00,$15.74
Mr. Bill Toy,Multipet,84369167153,Toys,,,,0.00,$15.74
Zippy Paws Jigglerz Fox,ZippyPaws,818786012342,Toys,,,,2.00,$15.74
Spot Crunch and Sqk,Spot,077234043394,Toys,,,,1.00,$11.54
Spot Sir Sqks Alot,Spot,077234543429,Toys,,,,3.00,$13.64
Spot Sknz Stretch & Squeak,Spot,077234548271,Toys,,,,-1.00,$11.54
Spot Sknz Ex Quilted Squirell,Spot,077234541890,Toys,,,,0.00,$15.74
Spot Sknz Ex,Spot,077234540978,Toys,,,,2.00,$14.69
Flukers High Calcium Dubia Die,Fluker's,091197710131,Reptiles,,,,3.00,$8.73
Spot Sknz Ex Quilted Mini Spot Fox,,077234542163,Toys,,,,-1.00,$10.49
"Jolly Pet Flyer 7.5"" Blue Jolly Pets",,788169017526,Accessories,,,,0.00,$11.54
Spot Sknz Big Bite Bear,Spot,077234056479,Toys,,,,1.00,$14.69
Spot Sknz Big Bite Jackal Spot,,077234056578,Toys,,,,1.00,$17.84
Spot Sknz Crinklers Large Spot Bird,,077234043127,Toys,,,,0.00,$13.64
Spot Sknz Plus Penguin Spot,,077234057322,Toys,,,,1.00,$13.64
Spot Skinz Mallard Duck,Spot,077234055458,Toys,,,,0.00,$10.49
Spot Skinz Plus Duck,Spot,077234057339,Toys,,,,1.00,$14.69
Spot Skinz Ext Trpl Squeak Cro,Spot,077234540961,Toys,,,,0.00,$12.59
Spot Skinz Ext Trpl Squeak Sha,Spot,077234540954,Toys,,,,1.00,$12.59
Spot Skinneez Giraffe,Spot,077234057070,Toys,,,,1.00,$12.59
Spot Skinneez Squirell,Spot,077234053683,Toys,,,,0.00,$13.64
Spot Skinneez Jungle Cat Spot Squea,,077234056707,Toys,,,,1.00,$24.14
Outward Hound Stufffree Outward Fox,Hound,700603701778,Toys,,,,1.00,$11.54
"Spot Woodsy Gnome 12"" Spot",,077234545614,Toys,,,,1.00,$10.49
"Spot Fun Sloth 13""",Spot,077234544952,Toys,,,,2.00,$13.64
Spot Squirrel 7in,Spot,077234549339,Toys,,,,0.00,$12.59
Spot Gigglers Small Hdghog,Spot,077234043400,Toys,,,,1.00,$10.49
Spot Gigglers Bird,Spot,077234043431,Toys,,,,2.00,$13.64
Spot Luna-corn,Spot,077234546086,Toys,,,,1.00,$10.49
"Spot Fun Sloth 7""",Spot,077234544945,Toys,,,,1.00,$9.44
Li'l Pals Burger Combo,Li'l Pals,076484321184,Healthcare,,,,1.00,$15.74
Li'l Pals Happy Birthday Combo,Li'l Pals,076484742309,Healthcare,,,,0.00,$15.74
Doggie Nip,Happy Pet,714929808233,Accessories,,,,0.00,$5.45
Doggiejuana Get Outside SmarterPa w,,714929808226,Accessories,,,,1.00,$13.64
Doggiejuana Getthe Munchies,SmarterPa w,714929808158,Accessories,,,,1.00,$13.64
Doggiejuana Tuffer Chewer,SmarterPa w,859442005384,Accessories,,,,1.00,$19.94
Spot Latex Animal,Spot,077234548721,Toys,,,,1.00,$10.49
Spot Latex Pals,Spot,077234548684,Toys,,,,3.00,$7.63
Jolly Tug,Jolly Pets,788169050516,Toys,,,,0.00,$20.99
"Spot Latex Ring 5""",Spot,077234548660,Toys,,,,2.00,$6.54
"Rascals 6.5"" Toy Grunt Elephan",Rascals,076484830891,Toys,,,,1.00,$15.74
"Li'l Pals 2"" Pink Ball",Li'l Pals,076484832086,Toys,,,,0.00,$5.45
"Li'l Pals 8.5"" Cow Rope",Li'l Pals,076484832154,Toys,,,,0.00,$7.63
"Rascal6.5"" Purple Rhino",Rascals,076484830860,Toys,,,,1.00,$11.54
JW Pet Pet Pet Pet Bad Cuz Med,JW Pet,618940431688,Toys,,,,0.00,$10.49
"Rascals 7"" Grunt Gator",Rascals,076484830846,Toys,,,,0.00,$10.49
Li'l Pals Fiesta Toys,Li'l Pals,076484324840,Toys,,,,0.00,$12.59
Li'l Pals Secret Garden Toys,Li'l Pals,076484324826,Toys,,,,0.00,$14.69
Li'l Pals Soccerball Rop,Li'l Pals,076484401343,Toys,,,,1.00,$6.54
Multipet Small Loofadog,Multipet,784369610352,Toys,,,,2.00,$6.54
Li'l Pals Outer Space,Li'l Pals,076484324819,Toys,,,,1.00,$12.69
Li'l Pals Plush Ball,Li'l Pals,076484842092,Toys,,,,0.00,$6.54
JW Pet Pet Pet Pet Small JW Pet Isque,,618940430353,Toys,,,,0.00,$7.63
"Spot Latex Friends 9""",Spot,077234548677,Toys,,,,3.00,$7.63
"Rascals 3"" Hdghog",Rascals,076484830280,Toys,,,,0.00,$8.73
Li'l Pals Latex Cofee Macroons,Li'l Pals,076484321085,Toys,,,,0.00,$12.59
Li'l Pals Plush 3 pk,Li'l Pals,076484324802,Toys,,,,1.00,$20.99
Li'l Pals Plush Hamburger Li'l Pals,,076484401312,Toys,,,,4.00,$5.45
"Li'l Pals 8"" Spiky Gator",Li'l Pals,076484832147,Toys,,,,0.00,$8.73
Li'l Pals Honey Bee Toys Li'l Pals,,076484324833,Toys,,,,1.00,$16.79
"Jolly Pets 8"" Soccerball Orang",Jolly Pets,788169720815,Toys,,,,1.00,$24.14
"Jolly Pets 8"" Soccerball Blue",Jolly Pets,788169720822,Toys,,,,0.00,$23.09
"Jolly Pets 6"" Soccerball Green",Jolly Pets,788169720631,Toys,,,,1.00,$15.74
"Jolly Pets 6""soccer Ball Bllue",Jolly Pets,788169720624,Toys,,,,1.00,$15.74
"Jolly Pet 6"" Tugntoss Purple",Jolly Pets,788169040654,Toys,,,,2.00,$22.04
JW Pet Pet Pet Pet Hol- ee Roll,JW Pet,618940431138,Toys,,,,1.00,$23.09
"Spot Latex Sea Friend 8.5""",Spot,077234548691,Toys,,,,2.00,$7.63
Fluker's Turtle Treats 6oz,Fluker's,091197720307,Reptiles,,,,1.00,$14.69
Rascals Latex Cow,Rascals,076484830358,Toys,,,,2.00,$5.45
"Jolly Pets 4""jolly Sccrball",Jolly Pets,788169720426,Toys,,,,0.00,$12.59
JW Pet Pet Pet Pet Hol- ee Roll Large,JW Pet,618940431121,Toys,,,,1.00,$15.74
"Rascals 3"" Ball",Rascals,076484825149,Toys,,,,0.00,$5.45
Li'l Pals Pigdog Mesh Toy Li'l Pals,,076484799006,Toys,,,,1.00,$9.44
"Rascals 2.75"" Pig",Rascals,076484830105,Toys,,,,0.00,$5.45
Li'l Pals Rope Toy,Li'l Pals,076484832161,Toys,,,,1.00,$7.63
Li'l Pals Rabdog Mesh Toy,Li'l Pals,076484843648,Toys,,,,1.00,$9.44
"Rascals 3.5"" Fish",Rascals,076484830426,Toys,,,,2.00,$6.54
JW Pet Pet Pet Pet Hol- ee Roll,JW Pet,618940431114,Toys,,,,0.00,$12.59
"Rascals 15"" Rooster",Rascals,076484830532,Toys,,,,3.00,$13.64
"Li'l Pals 4"" Bludog",Li'l Pals,076484832024,Toys,,,,1.00,$6.54
Li'l Pals Plush Gator,Li'l Pals,076484799099,Toys,,,,1.00,$8.73
Li'l Pals Fleece Toy,Li'l Pals,76484842030,Toys,,,,0.00,$5.45
Li'l Pals Plush Duck,Li'l Pals,076484799013,Toys,,,,0.00,$9.44
Li'l Pals Plush Rabbit,Li'l Pals,076484799020,Toys,,,,1.00,$9.44
Li'l Pals Plushlion,Li'l Pals,076484799105,Toys,,,,0.00,$9.44
Multipet Nosey Buddy Assorted,Multipet,784369610949,Toys,,,,4.00,$5.45
JW Pet Pet Pet Pet Puppy Hol-e,JW Pet,618940431107,Toys,,,,0.00,$9.44
"Li'l Pals 4"" Monkey",Li'l Pals,076484832802,Toys,,,,-1.00,$7.63
"Li'l Pals 2.75"" Duck",Li'l Pals,076484832055,Toys,,,,0.00,$4.36
"Li'l Pals 2"" Green Ball",Li'l Pals,076484832062,Toys,,,,1.00,$5.45
"Rascals 3"" Crab",Rascals,076484830693,Toys,,,,0.00,$6.54
NatureFlex Triceratops,Penn-Plax,030172713095,Toys,,,,0.00,$6.54
NatureFlex Brontosaurus Penn-Plax,,030172713088,Toys,,,,0.00,$6.54
"NatureFlex Tinytots T-rex Penn-Plax 4.5""",,030172713081,Toys,,,,0.00,$6.54
"Spot Latex Food 8"" Assorted",Spot,077234548707,Toys,,,,3.00,$7.63
"Rascals 6.25"" Pig",Rascals,076484830518,Toys,,,,0.00,$10.49
"Rascals 5.5"" Frkfurtr",Rascals,076484093906,Toys,,,,0.00,$4.36
Multipet Globken Mini Assorted,Multipet,784369203257,Toys,,,,0.00,$7.63
Rewards Crunch Venison Natural 14oz,Balance,096316000490,Dog Treats,,,,0.00,$13.64
"Rascals 5.5"" Sball Db",Rascals,076484830662,Toys,,,,1.00,$7.63
"Rascals 3"" Hamburger",Rascals,076484830228,Toys,,,,1.00,$8.73
"Rascals 6"" Monkey",Rascals,076484837111,Toys,,,,1.00,$9.44
"Rascals 3"" Soccer Ball",Rascals,076484831676,Toys,,,,1.00,$6.54
"Rascals 3"" Frog",Rascals,076484830150,Toys,,,,-1.00,$5.45
"Rascals 4"" Porkchop",Rascals,076484093913,Toys,,,,1.00,$4.36
"Rascals 6.5"" Paper",Rascals,076484093920,Toys,,,,0.00,$5.45
Rascals Jumbo Burger,Rascals,076484093999,Toys,,,,0.00,$7.63
"Rascals 5"" Bone",Rascals,076484837302,Toys,,,,5.00,$6.54
Rascals Sheep Toy,Rascals,076484837029,Toys,,,,1.00,$15.74
Li'l Pals Potty Bells,Li'l Pals,076484121623,Toys,,,,0.00,$37.26
Titan Comfort Tips Fine,Titan,076484093722,Leashes And Collars,,,,0.00,$3.09
Titan Comfort Tips Medium,Titan And Collars,076484093739,Leashes And Collars,,,,0.00,$3.09
Titan Comfort Tips Heavy Titan,,076484093746,Leashes And Collars,,,,0.00,$3.79
Titan Comfort Tips Xhvy,Titan,76484093753,Leashes And Collars,,,,0.00,$3.09
Titan Leash Black04' Heavy 4',Titan And Collars,76484092800,Leashes And Collars,,,,0.00,$24.49
Titan Chain Leash 4.0 mm 2' Red,Titan And Collars,076484550713,Leashes And Collars,,,,1.00,$27.09
Zilla Micro Terrestial Habitat,Zilla,096316001541,Reptiles,,,,0.00,$28.34
Zilla Waterfall Small,Zilla,096316001596,Reptiles,,,,1.00,$57.74
"Titan Traincllr Medium 18"" Titan 552",And Collars,076484093227,Leashes And Collars,,,,0.00,$8.69
"Titan Traincllr Medium 16"" Titan 552",And Collars,076484093210,Leashes And Collars,,,,1.00,$8.29
"Titan Traincllr Medium 14"" Titan 552",And Collars,076484093203,Leashes And Collars,,,,2.00,$8.29
"Titan Traincllr Fine 18"" 5520",Titan And Collars,076484093135,Leashes And Collars,,,,1.00,$7.49
"Titan Traincllr Fine 14"" 5520",Titan And Collars,076484093111,Leashes And Collars,,,,1.00,$8.99
"Titan Traincllr Fine 12"" 5520",Titan And Collars,076484093104,Leashes And Collars,,,,0.00,$8.99
Zilla Delux Snake Habitat Zilla Accessory Kit,,096316002593,Reptiles,,,,1.00,$99.74
"Titan Traincllr Xfine 10"" 5515",Titan And Collars,076484093012,Leashes And Collars,,,,1.00,$8.31
"Titan Traincllr Xhvy 30"" 5540",Titan And Collars,076484093463,Leashes And Collars,,,,0.00,$15.49
"Titan Traincllr Xhvy 28"" 5540",Titan And Collars,076484093456,Leashes And Collars,,,,0.00,$15.49
"Titan Traincllr Xhvy 26"" 5540",Titan And Collars,076484093449,Leashes And Collars,,,,2.00,$15.49
"Titan Traincllr Xhvy 24"" 5540",Titan And Collars,076484093432,Leashes And Collars,,,,2.00,$14.99
Titan Traincllr Xhvy 22' 5540,Titan And Collars,076484093425,Leashes And Collars,,,,1.00,$14.99
"Titan Traincllr Xhvy 20"" 5540",Titan And Collars,076484093418,Leashes And Collars,,,,2.00,$15.49
"Titan Traincllr Heavy 26"" Titan 5530",And Collars,076484093340,Leashes And Collars,,,,2.00,$10.49
"Titan Traincllr Heavy 24"" Titan 5530",And Collars,076484093333,Leashes And Collars,,,,2.00,$10.49
"Titan Traincllr Heavy 22"" Titan 5530",And Collars,076484093326,Leashes And Collars,,,,0.00,$10.99
"Titan Traincllr Heavy 20"" Titan 5530",And Collars,076484093319,Leashes And Collars,,,,0.00,$10.49
"Titan Trincollar Heavy 18"" Titan 553",And Collars,076484093302,Leashes And Collars,,,,0.00,$10.49
Titan G3320 Traincollarprg,Titan And Collars,076484560033,Leashes And Collars,,,,0.00,$36.99
Zilla Delux Bearded Dragon Habitat Accessory Kit,Zilla,096316002692,Reptiles,,,,1.00,$146.99
LSU Hotdog Toy,Pets First,849790119376,Toys,,,,1.00,$14.69
New Orleans Saints Saints Bott,Pets First,849790120303,Toys,,,,2.00,$14.69
New Orleans Saints Saints Burg,Pets First,849790120723,Toys,,,,1.00,$14.69
Large LSU Leash,Pets First,849790158887,Leashes And Collars,,,,3.00,$17.99
Medium LSU Leash,Pets First,849790151666,Leashes And Collars,,,,2.00,$17.99
Small LSU Leash,Pets First,849790158894,Leashes And Collars,,,,1.00,$17.99
Large LSU Collar,Pets First,849790155329,Leashes And Collars,,,,2.00,$15.99
Medium LSU Collar,Pets First,849790155336,Leashes And Collars,,,,3.00,$15.99
Medium New Orleans Saints Sain,Pets First And Collars,849790159273,Leashes And Collars,,,,3.00,$16.99
Small New Orleans Saints Pets First Saint,And Collars,849790045798,Leashes And Collars,,,,2.00,$14.99
Small New Orleans Saints Pets First Saint,And Collars,849790039940,Leashes And Collars,,,,1.00,$10.99
"Circle 20"" Black 1206 Collar",Circle T And Collars,076484108501,Leashes And Collars,,,,0.00,$27.69
"Circle 24"" Black 1208 Collar",Circle T And Collars,076484108907,Leashes And Collars,,,,0.00,$31.39
"Circle 22"" Black 1208 Collar",Circle T And Collars,076484108709,Leashes And Collars,,,,0.00,$32.99
"Circle 24"" Red 1208 Collar",Circle T And Collars,076484108914,Leashes And Collars,,,,0.00,$31.39
Zilla Jungle Mix 8QT,Zilla,096316113046,Reptiles,,,,3.00,$11.54
"Circle 24""tan 1208 Collar Circle T",,076484108945,Leashes And Collars,,,,0.00,$30.19
"Circle 18"" Tan 1206 Collar",Circle T And Collars,076484108341,Leashes And Collars,,,,0.00,$27.69
"Circle 10"" Black 1703k Collar",Circle T And Collars,076484514678,Leashes And Collars,,,,-1.00,$17.29
"Circle 20"" Bro 1788s Collar",Circle T And Collars,076484178801,Leashes And Collars,,,,0.00,$36.39
"Circle 14"" Bro 1786s Collar",Circle T And Collars,076484178603,Leashes And Collars,,,,0.00,$27.89
"Circle 16""bro 1786s Collar Circle T",,076484178641,Leashes And Collars,,,,0.00,$25.59
"Circle 16"" Btl 1786s Collar Circle T",,076484178658,Leashes And Collars,,,,0.00,$29.29
"Circle 14""btl 1786s Collar Circle T",,076484178610,Leashes And Collars,,,,-1.00,$27.89
Zilla Jungle Mix 24qt,Zilla,096316113053,Reptiles,,,,2.00,$30.44
Circle Tan04' Leash,Circle T,076484114847,Leashes And Collars,,,,-1.00,$31.29
"Circle Brk04"" Leash",Circle T,076484348006,Leashes And Collars,,,,0.00,$37.89
"Circle Black04"" Leash",Circle,076484114403,Leashes And Collars,,,,0.00,$22.79
"Circle Black24"" Collar",Circle T,076484104909,Leashes And Collars,,,,0.00,$24.49
"Circle Black18"" Collar",Circle T,076484104305,Leashes And Collars,,,,0.00,$16.09
"Circle Black22"" Collar",Circle T,076484104701,Leashes And Collars,,,,0.00,$24.49
"Circle Black14"" Collar",Circle T,076484115509,Leashes And Collars,,,,0.00,$15.09
Bionic Bone Large,Bionic,096316116580,Toys,,,,0.00,$23.09
"Circle Lat24"" Collar",Circle T,076484118548,Leashes And Collars,,,,0.00,$22.29
"Circle Lat22"" Collar",Circle T,076484118524,Leashes And Collars,,,,0.00,$22.29
"Circle Lat18"" Collar",Circle T,076484118401,Leashes And Collars,,,,0.00,$16.29
Zilla Durable dish Medium Zilla,,096316116597,Reptiles,,,,0.00,$5.45
Zilla Durable Dish Large,Zilla,096316116603,Reptiles,,,,2.00,$10.49
"Circle 14"" Red 1105 Collar",Circle T And Collars,076484115547,Leashes And Collars,,,,0.00,$15.09
Zilla Durable Den Medium Zilla,,096316116634,Reptiles,,,,0.00,$7.63
"Circle 20"" Tan 1106 Collar",Circle T And Collars,076484104541,Leashes And Collars,,,,0.00,$15.49
Zilla Herp Hotel Large,Zilla,096316117419,Reptiles,,,,2.00,$41.99
"Circle 16"" Tan 1105 Collar",Circle T And Collars,076484115578,Leashes And Collars,,,,0.00,$15.09
"Circle 12"" Tan 1103 Collar",Circle T And Collars,076484103742,Leashes And Collars,,,,0.00,$8.69
"Circle 10"" Tan 1103 Collar",Circle T And Collars,076484103544,Leashes And Collars,,,,0.00,$8.69
Zilla Terraced Dish Medium,Zilla,096316117617,Reptiles,,,,1.00,$14.69
"Circle 16""tcr1786s Collar",Circle T,076484178665,Leashes And Collars,,,,0.00,$27.89
Zilla Terraced Dish Large Zilla,,096316117624,Reptiles,,,,1.00,$32.54
Zilla Rock Den Small,Zilla,096316117709,Reptiles,,,,1.00,$13.64
Li'l Pals Small Harness Pkbpsm,Li'l Pals And Collars,076484638381,Leashes And Collars,,,,0.00,$21.99
Zilla Canopy Series Fluorescen,Zilla,096316280953,Reptiles,,,,0.00,$22.04
Li'l Pals Small Harness Ordpsm,Li'l Pals And Collars,076484163852,Leashes And Collars,,,,1.00,$25.99
Li'l Pals Extra Small Harness,Li'l Pals And Collars,076484163869,Leashes And Collars,,,,-1.00,$21.99
Li'l Pals Small Harness bllpsm,Li'l Pals And Collars,076484163838,Leashes And Collars,,,,0.00,$21.99
Li'l Pals Extra Small Harness,Li'l Pals And Collars,076484638374,Leashes And Collars,,,,2.00,$21.49
Li'l Pals Extra Small Harness,Li'l Pals And Collars,076484029721,Leashes And Collars,,,,1.00,$24.29
Li'l Pals Small Harness Blupsm,Li'l Pals And Collars,076484029769,Leashes And Collars,,,,1.00,$24.99
Spectrastone Lake Green Spectraston 5lb,e,096316660267,Aquatics,,,,0.00,$6.54
Li'l Pals Small Harness Pink Li'l Pals Small Collar 1bl12,Li'l Pals And Collars $10.69 And Collars,076484029776,Leashes And Collars,,,,0.00,$24.99
Zilla Basic Tropical Kit Zilla,,096316660441,Reptiles,,,,0.00,$104.99
Li'l Pals Extra Small Collar 1,Li'l Pals And Collars,076484029905,Leashes And Collars,,,,0.00,$12.49
"Zilla Premium Reflector 5.5""",Zilla,096316670358,Reptiles,,,,4.00,$38.84
Li'l Pals Extra Small Harness,Li'l Pals And Collars,076484624971,Leashes And Collars,,,,0.00,$24.19
Li'l Pals Small Harness Tgdpsm,Li'l Pals And Collars,076484624940,Leashes And Collars,,,,0.00,$24.19
Li'l Pals Small Harness Ptvpsm,Li'l Pals And Collars,076484624902,Leashes And Collars,,,,0.00,$24.19
&#10;Li'l Pals Small Harness Tysps,Li'l Pals And Collars,076484624964,Leashes And Collars,,,,0.00,$24.19
Zilla Premium Reflector Dome 8,Zilla,096316670365,Reptiles,,,,0.00,$41.99
Li'l Pals Extra Small Collar R,Li'l Pals And Collars,076484410079,Leashes And Collars,,,,0.00,$7.79
Zilla Pro Series Desert 50 Zilla Uvb,,096316670839,Reptiles,,,,1.00,$41.99
Li'l Pals Small Collar Blu10,Li'l Pals And Collars,076484066269,Leashes And Collars,,,,0.00,$9.39
"Zilla Desert Series 50 T8 Zilla 24"" Li'l Pals Extra Small Collar B",$7.79 And Collars,096316670921,Reptiles,,,,0.00,$31.49
Li'l Pals Harness Red14 Li'l Pals,,076484624568,Leashes And Collars,,,,2.00,$15.19
Li'l Pals Harness Npk14,Li'l Pals,076484624599,Leashes And Collars,,,,1.00,$15.99
Sublime Reversable Blue Li'l Pals XXS,And Collars,076484264108,Leashes And Collars,,,,0.00,$23.19
Li'l Pals Harness Gnd14 Li'l Pals,,076484624544,Leashes And Collars,,,,1.00,$15.19
Li'l Pals Harness Rwb14,Li'l Pals,076484624575,Leashes And Collars,,,,2.00,$15.19
Sublime Reversable Pink Li'l Pals XXS,And Collars,076484264115,Leashes And Collars,,,,0.00,$24.99
Li'l Pals Harness Dmc14 Li'l Pals,,076484062438,Leashes And Collars,,,,1.00,$15.99
Li'l Pals Harness Lbp14,Li'l Pals,076484624667,Leashes And Collars,,,,2.00,$14.39
Li'l Pals Harness Zpk14,Li'l Pals,076484062582,Leashes And Collars,,,,0.00,$14.99
Zilla Night Red,Dogswell,096316671478,Dog Treats,,,,-1.00,$8.73
Li'l Pals Harness Gbn14,Li'l Pals,076484062131,Leashes And Collars,,,,2.00,$15.19
Li'l Pals Harness Btd14,Li'l Pals,076484062070,Leashes And Collars,,,,2.00,$15.99
Li'l Pals Small Collar Bkz12,Li'l Pals And Collars,076484623509,Leashes And Collars,,,,0.00,$8.79
Li'l Pals Small Collar Buz12,Li'l Pals And Collars,076484623516,Leashes And Collars,,,,0.00,$8.79
Li'l Pals Small Collar Top12,Li'l Pals And Collars,076484162565,Leashes And Collars,,,,1.00,$7.69
Li'l Pals Small Collar Dmc12,Li'l Pals And Collars,076484662225,Leashes And Collars,,,,1.00,$9.99
Li'l Pals Small Collar Tys12,Li'l Pals And Collars,076484662669,Leashes And Collars,,,,2.00,$7.49
Li'l Pals Small Collar Tgd12,Li'l Pals And Collars,076484662652,Leashes And Collars,,,,1.00,$7.49
Li'l Pals Small Collar Ryp12,Li'l Pals And Collars,076484001222,Leashes And Collars,,,,0.00,$7.49
Zilla Night Black 150 Watt Scott Pet,,096316671560,Dog Treats,,,,0.00,$10.49
Li'l Pals Small Collar Wdf12,Li'l Pals And Collars,076484662300,Leashes And Collars,,,,2.00,$8.31
Li'l Pals Small Collar Rwb12,Li'l Pals And Collars,076484400032,Leashes And Collars,,,,1.00,$9.99
Li'l Pals Small Collar Ptr12,Li'l Pals And Collars,076484105043,Leashes And Collars,,,,2.00,$7.49
Li'l Pals Small Collar Dpm12,Li'l Pals And Collars,076484105036,Leashes And Collars,,,,3.00,$7.49
? Lil Pals,Li'l Pals,076484400025,Leashes And Collars,,,,2.00,$7.09
Li'l Pals Small Collar Zpk12,Li'l Pals And Collars,076484001215,Leashes And Collars,,,,0.00,$7.49
Zilla Basking Platform W Ramp,Zilla,096316685031,Reptiles,,,,2.00,$19.94
Li'l Pals Small Collar Gbn12,Li'l Pals And Collars,076484066634,Leashes And Collars,,,,-1.00,$9.99
Terrarium Dish Medium,Zilla,096316685222,Reptiles,,,,2.00,$5.45
Zilla Shed-Ease Reptile Bath,Zilla,096316700116,Reptiles,,,,0.00,$9.44
Li'l Pals Extra Small Collar B,Li'l Pals And Collars,076484623417,Leashes And Collars,,,,-1.00,$8.19
Li'l Pals Extra Small Collar T,Li'l Pals And Collars,076484162572,Leashes And Collars,,,,-1.00,$7.69
Zilla Terrarium Liner 30 Gallon,Redbarn,096316700574,Reptiles,,,,0.00,$9.44
Li'l Pals Extra Small Collar T,Li'l Pals And Collars,076484622434,Leashes And Collars,,,,0.00,$7.49
Li'l Pals Extra Small Collar,Li'l Pals And Collars,076484622427,Leashes And Collars,,,,1.00,$8.31
Li'l Pals Extra Small Collar R,Li'l Pals And Collars,076484622410,Leashes And Collars,,,,1.00,$7.49
Li'l Pals Extra Small Collar W,Li'l Pals And Collars,076484622168,Leashes And Collars,,,,1.00,$7.49
Zilla Terrarium Liner 55 Gallon,Zilla,096316700611,Reptiles,,,,0.00,$11.54
Li'l Pals Extra Small Collar P,Li'l Pals And Collars,076484105029,Leashes And Collars,,,,1.00,$8.31
Li'l Pals Extra Small Collar D,Li'l Pals And Collars,076484105012,Leashes And Collars,,,,2.00,$7.49
Li'l Pals Collar XS Flame,Li'l Pals,076484066290,Leashes And Collars,,,,0.00,$8.31
Zoo Med Mineral Block Animal,Zoo Med,097612006209,Small,,,,3.00,$3.27
Li'l Pals Extra Small Collar Z,Li'l Pals And Collars,076484622236,Leashes And Collars,,,,0.00,$7.49
Li'l Pals Extra Small Collar B,Li'l Pals And Collars,076484062278,Leashes And Collars,,,,1.00,$7.49
Li'l Pals Extra Small Collar G,Li'l Pals And Collars,076484062292,Leashes And Collars,,,,2.00,$7.49
Li'l Pals Leash Npk06,Li'l Pals,076484410185,Leashes And Collars,,,,0.00,$8.39
Coastal Leash Black,Li'l Pals,076484850608,Leashes And Collars,,,,-1.00,$10.99
Li'l Pals Leash Pnz06,Li'l Pals,076484626630,Leashes And Collars,,,,0.00,$16.29
Li'l Pals Leash Orz06,Li'l Pals,076484626623,Leashes And Collars,,,,0.00,$16.29
Li'l Pals Leash Buz06,Li'l Pals,076484626616,Leashes And Collars,,,,0.00,$16.29
Li'l Pals Leash Pwh06,Li'l Pals,076484162039,Leashes And Collars,,,,1.00,$14.59
Li'l Pals Leash Top06,Li'l Pals,076484162046,Leashes And Collars,,,,0.00,$14.59
Li'l Pals Leash Tys06,Li'l Pals,076484062261,Leashes And Collars,,,,1.00,$12.69
Li'l Pals Leash Tgd06,Li'l Pals,076484062254,Leashes And Collars,,,,2.00,$11.39
Li'l Pals Leash Ryp06,Li'l Pals,076484062247,Leashes And Collars,,,,2.00,$12.69
Li'l Pals Leash Ptv06,Li'l Pals,076484062230,Leashes And Collars,,,,1.00,$12.09
Li'l Pals Leash Wdf06,Li'l Pals,076484622687,Leashes And Collars,,,,2.00,$12.69
Li'l Pals Leash Gnd06,Li'l Pals,076484622663,Leashes And Collars,,,,0.00,$10.09
Li'l Pals Leash Rwb06,Li'l Pals,076484610516,Leashes And Collars,,,,1.00,$12.69
Zoo Med Tongs,Zoo Med,097612008203,Reptiles,,,,3.00,$6.54
Li'l Pals Leash Ptr06,Li'l Pals,076484105067,Leashes And Collars,,,,2.00,$12.69
Li'l Pals Leash Dpm06,Li'l Pals,076484105050,Leashes And Collars,,,,2.00,$12.69
Li'l Pals Leash Fmb06,Li'l Pals,076484622618,Leashes And Collars,,,,1.00,$12.09
Li'l Pals Leash Lbp06,Li'l Pals,076484610509,Leashes And Collars,,,,1.00,$12.69
Li'l Pals Leash Zpk06,Li'l Pals,076484622694,Leashes And Collars,,,,-1.00,$12.69
Li'l Pals Leash Leb06,Li'l Pals,076484622625,Leashes And Collars,,,,0.00,$12.09
Li'l Pals Leash Gbn06,Li'l Pals,076484062063,Leashes And Collars,,,,1.00,$12.09
Li'l Pals Leash Btd06,Li'l Pals,076484062056,Leashes And Collars,,,,2.00,$12.69
Vanness High Sides Large Pan,Van Ness,079441004922,Accessories,,,,0.00,$15.74
Petmate Top Entry Litter Box,Petmate,029695220623,Dog Cages,,,,1.00,$45.14
Catit Pixi Litter Box,Catit,022517440810,Accessories,,,,1.00,$45.14
"Reptile Eco , Clamp Lamp Zoo Med",,097612008357,Reptiles,,,,3.00,$24.14
Petmate Hooded Litter Pan Larg,Petmate,029695421761,Dog Cages,,,,1.00,$31.49
Zoo Med Crab Gitd Climbing Bra,Zoo Med,097612009521,Reptiles,,,,2.00,$8.73
Catit Airsift Jumbo Litter Catit Box,,022517506950,Accessories,,,,0.00,$41.99
Catit Airsift Regular Litter Catit B,,022517507025,Accessories,,,,0.00,$35.69
Vanness Corner Enclosed Van Ness Litter,,079441004694,Accessories,,,,1.00,$47.24
Catit Clean Catpanwhood Catit,,022517507032,Accessories,,,,0.00,$36.74
Vanness Exgiant Enclosed Litbo,Van Ness,079441004076,Accessories,,,,1.00,$36.74
Naturallyfresh Multicat 26lb,Naturally Fresh,750244230021,Accessories,,,,0.00,$45.14
Naturallyfresh Quick Clump 26l,Naturally Fresh,750244230014,Accessories,,,,0.00,$41.99
Naturallyfresh Ultra Odor 14 l,Naturally Fresh,750244220053,Accessories,,,,1.00,$29.39
Naturally Fresh Herbal Attract,Naturally Fresh,050244220060,Accessories,,,,0.00,$29.39
Naturally Fresh Clumping 14lb,Naturally Fresh,750244220022,Accessories,,,,0.00,$26.24
Naturally Fresh Pellets 10lb,Naturally Fresh,750244240013,Accessories,,,,1.00,$11.54
Feline Pine 20lb Litter Hammer,Arm &,764375815590,Accessories,,,,1.00,$26.24
Feline Pine 7lb Litter Hammer,Arm &,764375815569,Accessories,,,,2.00,$10.49
Dr. Elsey's Cat Attract Litter,Dr. Elsey's,000338007771,Accessories,,,,0.00,$29.39
Tidycats Tidy Feet Litter,Purina,070230100412,Accessories,,,,0.00,$27.29
Arm & Hammer Multi Cat Arm & Hammer,,033200022060,Accessories,,,,3.00,$22.04
Arm & Hammer Super Scoop Litte,Arm & Hammer,033200021407,Accessories,,,,3.00,$16.79
Arm & Hammer Double Duty Litte,Arm & Hammer,033200022084,Accessories,,,,0.00,$22.04
Arm & Hammer Clump & Arm & Seal Litt,Hammer,033200021438,Accessories,,,,2.00,$25.19
Arm & Hammer Cloud Control Lit,Arm & Hammer,033200001836,Accessories,,,,0.00,$25.19
Zoo Med Hermit Soil,Zoo Med,097612009705,Reptiles,,,,6.00,$4.36
Intersand Odorlock Lavender 13,Intersand,777979210067,Accessories,,,,4.00,$17.84
Intersand Odorlock Calming Bre,Intersand,777979214256,Accessories,,,,4.00,$27.29
Intersand Odorlock Calming Bre,Intersand,777979214065,Accessories,,,,0.00,$17.84
Intersand Odorlock Lavender 13lb,Intersand,777979213068,Accessories,,,,0.00,$17.84
Intersand Odorlock Unsc Intersand 25lb,,777979211255,Accessories,,,,3.00,$27.29
Intersand Odor Lock Unsc Intersand 13lb,,777979211064,Accessories,,,,3.00,$17.84
Freshnews Orginal Litter BPV 12lb tal,Environmen,850357002123,Accessories,,,,2.00,$16.79
Litterpearls Micro Crystals Ultra Pet 3.,,633843106044,Accessories,,,,-1.00,$16.79
Petsafe Crystal Litter 8lb Petsafe,,729849178656,Accessories,,,,0.00,$29.39
World's Best Cat Litter Multi Litter,World's Best Cat,322591006125,Accessories,,,,0.00,$41.99
World's Best Cat Litter Multi Litter,World's Best Cat,322591006255,Accessories,,,,1.00,$20.99
World's Best Cat Litter Unscen Litter,World's Best Cat,322591001083,Accessories,,,,1.00,$48.29
World's Best Cat Litter Lavend Litter,World's Best Cat,322591001663,Accessories,,,,1.00,$19.94
Tidycats 24/7 Preformance Lit,Purina,070230107206,Accessories,,,,3.00,$10.49
Breederselect Cat Litter 20l,Breeder 5,931508739020,Accessories,,,,0.00,$25.19
Arm & Hammer Rimmed Pan,Arm & Hammer,029695221958,Accessories,,,,2.00,$28.34
Vanness Sifting Cat Pan,Van Ness,079441004250,Accessories,,,,1.00,$36.74
Petmate Jumbo Basic Open Litte,Petmate,029695221842,Accessories,,,,3.00,$14.69
Petmate Large Basic Open Litte,Petmate,029695221835,Accessories,,,,2.00,$10.49
Petmate Medium Basic Open Litt,Petmate,029695221828,Accessories,,,,2.00,$7.63
Petmate Small Basic Open Litte,Petmate,029695221811,Accessories,,,,3.00,$7.63
Vanness Large Framed Cat Pan,Van Ness,079441004045,Accessories,,,,2.00,$15.74
Catit Peahusk Lavender Litter,Catit,022517441466,Accessories,,,,1.00,$30.44
Catit Wood Unscented Litter,Catit,022517441497,Accessories,,,,1.00,$31.49
Catit Peahusk Vanilla Litter,Catit,022517441442,Accessories,,,,1.00,$20.99
Vanness Cat Starter Kit,Van Ness,79441004052,Accessories,,,,0.00,$31.49
Tidycat Breeze Litter Pellets,Purina,070230127211,Accessories,,,,2.00,$18.89
Spectrastone Red 5lb e,Spectraston,097612090413,Aquatics,,,,0.00,$7.63
Tidycat Breeze Pads,Purina,070230158376,Accessories,,,,6.00,$24.14
Litter Genie Refill 2pk,Litter Genie,666594208040,Accessories,,,,0.00,$44.09
Litter Genie Refill,Litter Genie,666594208002,Accessories,,,,1.00,$13.64
Litter Genie Plus,Litter Genie,666594207944,Accessories,,,,1.00,$33.59
Catit Smartsift Litter Box,Catit,022517506851,Accessories,,,,1.00,$104.99
Petmate Scoop & Stand,Petmate,29695265013,Accessories,,,,0.00,$13.64
Spot Steel Litter Scoop,Spot,077234027455,Accessories,,,,3.00,$5.45
Catit Magic Blue Replacement,Catit,022517443064,Accessories,,,,0.00,$10.49
Zoo Med Paludarium Large,Zoo Med,097612090611,Reptiles,,,,1.00,$241.49
Vanness Litter Scoop,Van Ness,079441004212,Accessories,,,,3.00,$3.27
Catit Clean Carbon Filter,Catit,022517507056,Accessories,,,,1.00,$7.63
Catit Fresh & Clear Foam Catit Repla,,022517556016,Accessories,,,,5.00,$16.79
Catit Style Litter Scoop Catit,,022517505793,Accessories,,,,0.00,$4.36
Catit Smartsift Replacement Li,Catit,022517505403,Accessories,,,,1.00,$7.63
Petmate Jumbo Litter Scoop,Petmate,029695291128,Accessories,,,,0.00,$4.36
Petmate Large Litter Scoop,Petmate,029695291111,Accessories,,,,4.00,$3.27
Catit Clean Waste Bags,Catit,022517505595,Accessories,,,,1.00,$8.73
Catit Airsift Filter 2x,Catit,022517443118,Accessories,,,,2.00,$14.69
Pixi Flowfoun Filter 3x,Penn-Plax,030172437216,Accessories,,,,0.00,$9.44
Catit Flowfoun Filter 2x,Catit,022517437384,Accessories,,,,3.00,$9.44
Petsafe Selfcleaning Litter Petsafe Bo,,729849168053,Accessories,,,,1.00,$251.99
Petsafe Scoopfree Crystal Petsafe Tray,,729849142299,Accessories,,,,0.00,$41.99
Catit Flower Fountain Original,Catit,022517437421,Accessories,,,,2.00,$27.29
Catit Flower Fountain Led Catit,,022517437476,Accessories,,,,1.00,$29.39
Catit Flower Fountain Stainles,Catit,022517437254,Accessories,,,,2.00,$36.74
Catit Pixi,Catit,022517437209,Accessories,,,,1.00,$68.24
Large Litter Mat,Catit,022517443668,Accessories,,,,2.00,$14.69
Petlinks Litter Mat,Petlinks,786306495077,Accessories,,,,0.00,$27.29
Arm & Hammer Litter Mat Arm & Hammer,,029695221507,Accessories,,,,3.00,$26.24
Turtle Bone,Zoo Med,097612104011,Reptiles,,,,0.00,$5.45
Petmate 15 Medium Litter Petmate Liner,,029695290077,Accessories,,,,1.00,$8.73
Petmate Jumbo Liner 8,Petmate,029695292484,Accessories,,,,4.00,$10.49
Zoo Med Original Banquet Zoo Med Fish,,097612111002,Aquatics,,,,3.00,$3.27
Nature's Miracle Cat Scratch S,Nature's Miracle,018065284013,Accessories,,,,6.00,$12.59
Naturesmiracle Stain & odor Re,Nylabone,018065969743,Accessories,,,,1.00,$15.74
Nature's Miracle Oxy Setinstai,Nature's Miracle,018065981707,Accessories,,,,1.00,$17.84
Naturesmiracle No More Nylabone Sprayin,,018065057815,Accessories,,,,0.00,$15.74
Nature's Miracle Advanced Stai,Nature's Miracle,018065969927,Accessories,,,,2.00,$17.84
Petmate Hibck Drwstin 12 Petmate Liner,,029695290404,Accessories,,,,1.00,$12.59
Petmate Hiback Drwstin Petmate Liner 8,,029695290411,Accessories,,,,2.00,$15.74
Petmate 8 Jumbo Liners Petmate,,723503504157,Accessories,,,,3.00,$7.63
Vanness Xg 10 Liners Sifting,Van Ness,079441004199,Accessories,,,,1.00,$10.49
Pureness Xg Drwstng Pan Liner,Van Ness,079441004182,Accessories,,,,1.00,$7.63
Pureness Large 12 Cat Pan Line,Van Ness,079441004120,Accessories,,,,0.00,$7.63
Pureness Giant 8 Cat Pan Van Ness Liner,,079441004137,Accessories,,,,0.00,$7.63
Vanness Drawstring Cat Van Ness Pan Lin,,079441004106,Accessories,,,,0.00,$7.63
Zoo Med Small Animal Mineral B,Zoo Med Animal,097612118513,Small,,,,0.00,$2.17
24oz Stainless Bowl,Van Ness,079441002324,Accessories,,,,0.00,$8.73
1pt Mirror Finish Ss Dish,Ethical Pet,077234060605,Accessories,,,,2.00,$4.36
50lbs Pet Food Container Gamma2,,079441009040,Accessories,,,,0.00,$59.84
25 Lbs Pet Food Container,Gamma2,079441009033,Accessories,,,,1.00,$40.94
10 Lbs Pet Food Container,Gamma2,079441009026,Accessories,,,,1.00,$29.39
5lbs Pet Food Container,Gamma2,079441009019,Accessories,,,,0.00,$20.99
Catlife Jester Wand,Penn-Plax,030172041495,Accessories,,,,5.00,$6.54
Catlife Silvervine Cat Wand,Penn-Plax,030172102875,Accessories,,,,2.00,$7.63
Catlife Tickle Stick Wand Penn-Plax,,030172041518,Accessories,,,,11.00,$6.54
Catlife Wiggle Wand,Penn-Plax,030172041501,Accessories,,,,13.00,$5.45
Catlife Purple Activiy & Scrat,Penn-Plax,030172067327,Accessories,,,,-1.00,$35.69
Catlife Y Shaped Siscal Post,Penn-Plax,030172071621,Accessories,,,,1.00,$31.49
Catlife Activity & Scratch Pos,Penn-Plax,030172067334,Accessories,,,,1.00,$47.24
Small Furhaven Cozy Cave,FurHaven,842229129571,Beds,,,,1.00,$52.49
Curious Cat Cube Homes For Pets,MidWest,027773023074,Beds,,,,0.00,$51.44
Prevue Scartching Post Grey,Prevue,048081071519,Accessories,,,,0.00,$26.24
Petcrest Scratching Post,PetCrest,784099026713,Accessories,,,,1.00,$30.44
Chicken Roller Cat Toy,Pet Elite,034202499959,Accessories,,,,1.00,$30.44
Zoo Med Mini Pleco Banquet Fish Fee,Zoo Med,097612119114,Aquatics,,,,2.00,$3.27
Petcrest Scratch Ramp,PetCrest,784099026720,Accessories,,,,1.00,$34.64
Meowijuana Meowi-waui w,SmarterPa,859442005148,Accessories,,,,1.00,$11.54
Turbo Replacement Pads Turbo 2pk,,879213001056,Accessories,,,,0.00,$13.64
Catit Groovy Fish,Catit,022517430217,Accessories,,,,0.00,$20.99
Catit Groovy Gecko,Catit,022517430200,Accessories,,,,1.00,$25.19
Catit Vesper Tunnel,Catit,022517419953,Accessories,,,,1.00,$36.74
Catit Spinning Bee,Catit,022517431658,Accessories,,,,2.00,$31.49
Spot Spinabout Electronic Spot Lase,,077234521304,Accessories,,,,3.00,$23.09
Meowijuana Partysize Catnip Jo,SmarterPa w,714929804204,Accessories,,,,1.00,$15.74
Meowijuana King Sized Catnip J,SmarterPa w,714929799968,Accessories,,,,1.00,$13.64
Meowijuana Jumpnjamb SmarterPa Toy,w,714929802064,Accessories,,,,0.00,$13.64
Meowijuana Get Buzzed SmarterPa Toy,w,714929800268,Accessories,,,,1.00,$12.59
Meowijuana Get Cheesy SmarterPa Toy,w,714929807502,Accessories,,,,1.00,$10.49
Kong Playspaces Rave Cave,Kong,035585524160,Toys,,,,0.00,$31.49
Kong Connects Kitty Comber,Kong,035585404028,Toys,,,,1.00,$17.84
Kong Playspaces Glamping Tent,Kong,035585530079,Toys,,,,1.00,$22.04
Kong Plauground Garden Kong,,035585457062,Toys,,,,1.00,$22.04
Zoo Med Timmer Control Zoo Med,,097612120110,Reptiles,,,,1.00,$35.69
Kong Play Spacer Camper,Kong,035585457048,Toys,,,,1.00,$26.24
Kong Playspaces Tiki Twirl,Kong,035585524023,Toys,,,,1.00,$31.49
Kong Comfort Key Play Mat,Kong,035585530130,Toys,,,,0.00,$20.99
Kong Connects Glow Firefly,Kong,035585506753,Toys,,,,1.00,$12.59
Kong Rewards Picnic,Kong,035585524054,Toys,,,,0.00,$13.64
Zoo Med Naturalistic Flora Products,Specialty Pet,097612180213,Reptiles,,,,-1.00,$8.73
Kong Cat Mouse Salmon Kong,,035585014838,Toys,,,,2.00,$6.54
Kong Cat Active Caps 2pk Kong,,035585459332,Toys,,,,0.00,$6.54
Kong Tropics Pals 2pk,Kong,035585530000,Toys,,,,0.00,$10.49
Kong Laser Chirp Bird,Kong,035585530017,Toys,,,,1.00,$10.49
Kong Cat Active Jacks 3pk,Kong,035585459530,Toys,,,,1.00,$7.63
Kong Pullapartjamz,Kong,035585524078,Toys,,,,0.00,$6.54
Kong Rewards Rocker Cheese,Kong,035585530062,Toys,,,,-1.00,$9.44
Zoo Med New Zeland Spagnum Moss,Zoo Med,097612200294,Reptiles,,,,3.00,$10.49
Kong Infused Cat Gyro,Kong,035585034393,Toys,,,,0.00,$9.44
Kong Blissy Mesh Ball/Catnip,Kong,035585506456,Toys,,,,0.00,$6.54
Kong Jellyfish Teaser,Kong,035585524016,Toys,,,,1.00,$6.54
Kong Cat Luvs Lizard,Kong,035585462158,Toys,,,,-1.00,$7.63
Kong Squirell,Kong,763034610088,Toys,,,,0.00,$7.63
Kong Gumball Infuseer,Kong,035585459349,Toys,,,,1.00,$11.54
Kong Active,Kong,035585524047,Toys,,,,1.00,$7.63
Kong Rat,Kong,035585031170,Toys,,,,1.00,$7.63
Kong Refillables Chameleon,Kong,035585458090,Toys,,,,1.00,$7.63
Kong Active Scrunchie,Kong,035585459165,Toys,,,,0.00,$5.45
Kong Connects Window Kong Boxing,,035585524115,Toys,,,,1.00,$11.54
Kong Scrattles Acoustix Kong 2pk Aqualife Superflex Airtube Aqualife Blu,$4.36,035585517001,Toys,,,,0.00,$6.54
Kong Batabout Flicker Mouse,Kong,035585530109,Toys,,,,1.00,$7.63
Kong Connect Punch Bag Kong,,035585524122,Toys,,,,2.00,$16.79
Kong Bat A bout Clacks Kong Caterpi,,035585530093,Toys,,,,2.00,$7.63
Kong Feather Top Carrot Kong,,763034610026,Toys,,,,0.00,$6.54
Kong Vibes Batabout 2pk Kong,,035585440071,Toys,,,,0.00,$6.54
Kong Angler Fish Wrangler,Kong,035585517063,Toys,,,,2.00,$10.49
Spot Springy Fun W Pom- Spot pom,,077234522332,Toys,,,,2.00,$6.54
Catit Creamy Stuff Toy,Catit,022517429617,Accessories,,,,0.00,$4.36
Spot Skinneeez Cat,Spot,077234026816,Toys,,,,0.00,$5.45
Zoo Med Habba Hut Medium,Aquatop,097612200829,Reptiles,,,,2.00,$9.44
Spot Led Motion Activated Ball,Spot,077234400166,Toys,,,,0.00,$5.45
Spot Love the Earth Barnyard B,Spot,077234521755,Toys,,,,3.00,$6.54
Spot Hug N Kick Shimmer Spot Gimmer,,077234521113,Toys,,,,6.00,$7.63
Spot Led Mouse Pointer Spot,,030172104077,Toys,,,,-2.00,$8.73
Meowijuana Seafood Medley Trea,SmarterPa w,859442005483,Cat Treats,,,,3.00,$6.54
Spot Silver Vine Cat Toy,Spot,077234521526,Toys,,,,1.00,$6.54
Spot Adoorable Buzzing Insect,Spot,077234521922,Toys,,,,1.00,$9.44
Zoo Med Habba Hut Large,Zoo Med,097612200836,Reptiles,,,,3.00,$19.94
Spot Jittery Pets Fish,Spot,077234521946,Toys,,,,1.00,$8.73
Spot Buzzing Insects,Spot,077234521915,Toys,,,,1.00,$6.54
Meowijuana Chicken Flavor Trea,SmarterPa w,859442005469,Cat Treats,,,,3.00,$6.54
KFC Sauce & Drumstick Products,Ethical,077234332214,Toys,,,,3.00,$7.63
Spot Cuddly & Colorful 3pk,Spot,077234522271,Toys,,,,0.00,$6.54
Spot American Take-out,Spot,077234521991,Toys,,,,0.00,$6.54
Spot Jute & Feather Sack Spot,,077234029848,Toys,,,,2.00,$5.45
Spot Plush Mice 2pk,Spot,077234029572,Toys,,,,2.00,$4.36
Mopani Wood Large,Zoo Med,097612200935,Reptiles,,,,3.00,$41.99
Spot Fuzzy Mouse Freddy Spot,,077234520840,Toys,,,,3.00,$6.54
Blue Wilderness Chick & Blue Buffalo Turkey,,840243140565,Cat Treats,,,,0.00,$6.54
Spot Mylar Butterfly Teaser Wa,Spot,077234521120,Toys,,,,6.00,$7.63
Spot Fantfish Teaser Wand,Spot,077234521182,Toys,,,,1.00,$7.63
Spot Dolphin Laser Wand Spot,,077234521199,Toys,,,,0.00,$10.49
Spot Love the Earth Butterfly,Spot,077234521762,Toys,,,,0.00,$6.54
Spot Animal Print Rattles Spot,,077234026588,Toys,,,,3.00,$5.45
Spot Colored Plush Mice,Spot,077234020241,Toys,,,,3.00,$5.45
Spot Forest Friends,Spot,077234027042,Toys,,,,1.00,$4.36
Spot Shimmer Glimmer,Spot,077234520772,Toys,,,,1.00,$4.36
Zoo Med Spider Wood Medium,Zoo Med,097612201321,Reptiles,,,,2.00,$20.99
Spot Wool Pompoms W Spot Nip 4pk,,077234028117,Toys,,,,1.00,$3.27
Spot Stringy Mice & Balls Spot 4pk,,077234025055,Toys,,,,2.00,$5.45
Spot Colored Burlap Mice Spot 3pk,,077234020906,Toys,,,,1.00,$5.45
Spot House Mouse Helen Spot,,077234520826,Toys,,,,0.00,$5.45
Spot Sewmuchfun 3.5 Ball,Spot,077234521588,Toys,,,,2.00,$6.54
Zoo Med 18x18x24 Tall,Zoo Med,097612210026,Reptiles,,,,0.00,$157.49
Spot Catch & Release Cat Spot Toy,,077234521106,Toys,,,,0.00,$4.36
Banixx Spray 2fl oz,Banixx,097612210200,Healthcare,,,,0.00,$10.49
Spot Mylar Balls 4pk,Spot,077234029145,Toys,,,,1.00,$4.36
Spot Colored Burlap Balls Spot 3pk,,077234020890,Toys,,,,2.00,$5.45
Zoo Med Floating Betta Exercis,Zoo Med,097612240016,Aquatics,,,,3.00,$8.73
Spot Colorfulsprings Wide Spot 10pk,,077234025154,Toys,,,,1.00,$4.36
Spot Elasteez Ballwfeathers,Spot,077234520727,Toys,,,,2.00,$3.27
Turbo Stacked Rainbow Turbo Scratche,,076484596049,Toys,,,,1.00,$24.14
Turbo Milkcarton Scratcher,Turbo,076484596001,Toys,,,,1.00,$24.14
Churo 50pk Variety,Inaba,850030015570,Cat Treats,,,,0.00,$41.99
Catit Chicken & Shrimp 50pk,Catit,022517444399,Cat Treats,,,,0.00,$29.39
Catit Salmon 50pk,Catit,022517444375,Cat Treats,,,,0.00,$29.39
Catit Chicken & Liver 50pk,Catit,022517444368,Cat Treats,,,,0.00,$29.39
Catit Tuna 50 Pack,Catit,022517444382,Cat Treats,,,,0.00,$29.39
Catit Creamy 50 Pack Variety,Catit,022517444320,Cat Treats,,,,0.00,$29.39
Zoo Med Betta Heater,Zoo Med,097612240047,Aquatics,,,,1.00,$20.99
Turbo Infiniti Scratcher,Turbo,076484596025,Toys,,,,0.00,$25.19
Feline Greenies Pill Pockets S,Greenies,642863021428,Cat Treats,,,,1.00,$8.73
Feline Greenies Catnip Cleans,Greenies,642863111365,Cat Treats,,,,0.00,$5.45
Feline Greenies Chicken Cleans,Greenies,642863111303,Cat Treats,,,,1.00,$5.45
Feline Greenies Salmon Clean B,Greenies,642863111396,Cat Treats,,,,0.00,$5.45
Feline Greenies Tuna Clean Bre,Greenies,642863111334,Cat Treats,,,,0.00,$4.36
Feline Greenies Chicken Skin &,Greenies,642863101410,Cat Treats,,,,0.00,$4.36
Feline Greenies Tuna Healthy I,Greenies,642863101403,Cat Treats,,,,1.00,$5.45
Catit Creamy Salmon 12pk,Catit,022517444429,Cat Treats,,,,0.00,$7.63
Catit Creamy Tuna 12pk,Catit,022517444443,Cat Treats,,,,1.00,$8.73
Zoo Med Bettamatic,Zoo Med,097612240061,Aquatics,,,,2.00,$25.19
Catit Creamy Salmon 5pk Catit,,022517444726,Cat Treats,,,,0.00,$4.36
Catit Creamy Tuna 5pk,Catit,022517444740,Cat Treats,,,,0.00,$4.36
Zoo Med Aqualog Small,Zoo Med,097612240115,Aquatics,,,,1.00,$10.49
Churu Chicken With Cheese 4pk,Inaba,855958006679,Cat Treats,,,,0.00,$4.36
Meowee Savory Spoonables 3 Fla,Meowee,615650000036,Accessories,,,,0.00,$4.36
Fussiecat Mackrel Puree Fussie Cat 4pk,,810138350973,Cat Treats,,,,0.00,$4.36
Fussiecat Oceanfish Puree 4pk,Fussie Cat,810138350997,Cat Treats,,,,0.00,$4.36
Fussiecat Sardine Puree Fussie Cat 4pk,,810138351017,Cat Treats,,,,0.00,$4.36
Fussiecat Tuna & Chicken Fussie Cat Purpl,,888641136209,Cat Treats,,,,0.00,$4.36
Fussiecat Tuna Puree 4pk Fussie Cat,,810138350935,Cat Treats,,,,0.00,$4.36
Fussiecat Tuna & Anchovies Pur,Fussie Cat,810138350942,Cat Treats,,,,1.00,$4.36
Churo Skin & Coat Tuna 4pk,Inaba,850006715756,Cat Treats,,,,0.00,$5.45
Churo Skin & Coat Chicken 4pk,Inaba,850006715763,Cat Treats,,,,0.00,$5.45
Churo Tuna W Salmon 4pk,Inaba,855958006662,Cat Treats,,,,0.00,$4.36
Surf Kitty Treats Planet,Treat,854913005757,Cat Treats,,,,1.00,$5.45
Fromm PurrSnackitty Chicken Re,Fromm,072705124008,Cat Treats,,Teal,3oz,2.00,$5.45
Fromm PurrSnackitty Salmon Rec,Fromm,072705124107,Cat Treats,,Coral,3oz,3.00,$5.45
Zoo Med Fish Log Jumbo Zoo Med,,097612240412,Aquatics,,,,1.00,$35.69
Kong Nibbies Cat Fish,Kong,035585516011,Toys,,,,2.00,$5.45
Gilled Tuna Fillet,Inaba,855958006471,Cat Treats,,,,5.00,$3.27
Grilled Chicken Fillet,Inaba,855958006532,Cat Treats,,,,5.00,$3.27
Catit Nibbly Shrimp Grills Catit,,022517444856,Cat Treats,,,,0.00,$4.36
Flavor Fullz Tuna,Loving Pets,842982052369,Cat Treats,,,,2.00,$4.36
Flavorfullz Chicken & Catnip,Loving Pets,842982052376,Cat Treats,,,,0.00,$4.36
Flavorfullz Salmon,Loving Pets,842982052352,Cat Treats,,,,2.00,$4.36
Vital Cat Chicken Giblets Vital Essentials,,840199694020,Cat Treats,,,,2.00,$9.44
Vital Cat Rabbit Bites Essentials,Vital,840199694068,Cat Treats,,,,0.00,$9.44
Vital Cat Duck Liver Essentials,Vital,840199694044,Cat Treats,,,,1.00,$12.59
Vital Cat Ahi Tuna Bites Vital Essentials,,840199694006,Cat Treats,,,,0.00,$9.44
Vital Cat Chicken Hearts Vital Essentials,,840199694037,Cat Treats,,,,3.00,$9.44
Vital Cat Minnows Essentials,Vital,840199694051,Cat Treats,,,,0.00,$10.49
Purebites Cat Freeze Tuna,PureBites,878968001397,Cat Treats,,,,2.00,$9.44
Vital Cat Salmon Bites Essentials,Vital,840199694075,Cat Treats,,,,1.00,$9.44
Shepherd Boy Freezedried Minno,Shepherd Boy,860193002072,Cat Treats,,,,0.00,$20.99
Shepherd Boy Freezedried Chckh,Shepherd Boy,860193002041,Cat Treats,,,,0.00,$16.79
Nacho Duck Liver Cat Treats,Nacho,850023409188,Cat Treats,,,,0.00,$5.45
Turbo Race Track Scratcher,Turbo,076484533815,Toys,,,,0.00,$28.34
Turbo Truck Scratcher,Turbo,076484596032,Toys,,,,1.00,$31.49
Catstages Easylife Hammock,Catstages,871864007104,Accessories,,,,1.00,$26.24
Home Grown Greens Patch,Penn-Plax,030172093272,Cat Treats,,,,1.00,$6.54
Zoo Med Betta Papaya Plant,Zoo Med,097612241211,Aquatics,,,,1.00,$4.36
Zoo Med Wipeout 2.25oz Comfort Walk Large Red And Collars Comfort Walk Small Purple Comfort Walk Small Black Petsafe And Collars Comfort Walk Small Red,Zoo Med $19.99 $19.99 And Collars $19.99 $18.99,097612241358,Reptiles,,,,1.00,$5.45
Li'l Pals Collar Htf08,Li'l Pals,076484672248,Leashes And Collars,,,,0.00,$6.23
Li'l Pals Collar Gpg08,Li'l Pals,076484672224,Leashes And Collars,,,,0.00,$6.23
Li'l Pals Collar Pby08,Li'l Pals,076484672255,Leashes And Collars,,,,-1.00,$6.23
Zoo Med Betta Tools Aquarium C,Zoo Med,097612241419,Aquatics,,,,0.00,$10.49
Li'l Pals Collar Fwb08,Li'l Pals,076484672217,Leashes And Collars,,,,2.00,$6.23
Li'l Pals Collar Psc08,Li'l Pals,076484067242,Leashes And Collars,,,,2.00,$6.23
Zoo Med Accents,Zoo Med,097612242058,Reptiles,,,,1.00,$4.36
Li'l Pals Collar Stw08,Li'l Pals,076484773136,Leashes And Collars,,,,2.00,$8.31
Li'l Pals Collar Ndt08,Li'l Pals,076484773112,Leashes And Collars,,,,2.00,$6.39
Li'l Pals Collar Sqa08,Li'l Pals,076484773129,Leashes And Collars,,,,2.00,$7.27
Li'l Pals Collar Fwr08,Li'l Pals,076484773105,Leashes And Collars,,,,1.00,$7.27
Zoo Med Betta Kit,Zoo Med,097612243857,Aquatics,,,,1.00,$94.49
Cat Scratcher Replacement Pad,Catit,030172101465,Toys,,,,0.00,$12.59
Catit Home Scratcher Purple,Catit,022517524190,Toys,,,,0.00,$19.94
Catit Home Scratcher Orange,Catit,022517524183,Toys,,,,0.00,$19.94
Zoo Med Digital Betta Thermometer,Zoo Med,097612300291,Aquatics,,,,2.00,$11.54
Tomlyn High Calorie Gel Tomlyn Cat,,030521067879,Healthcare,,,,2.00,$26.24
Tomlyn High Calorie Gel Tomlyn Kitten,,030521062188,Healthcare,,,,3.00,$24.14
Tomlyn Hairball Relief Gel Tomlyn for,,030521068098,Healthcare,,,,0.00,$22.04
Nutri-stat Highcalorie Supplem,Nutri-Vet,030521067725,Healthcare,,,,0.00,$24.14
Sentry Hairball Relief Cat Sentry,,073091111023,Healthcare,,,,2.00,$9.44
Vetrx Cat & Kitten Aid,Goodwinol,046938080011,Healthcare,,,,3.00,$19.94
Four Paws Ear Mite Cat,Four Paws,045663017323,Healthcare,,,,3.00,$13.64
Bio-Groom Cat Earmite 1oz,Bio Groom,021653140011,Healthcare,,,,0.00,$13.64
Four Paws Keep Off Cat Four Paws & Kitte,,045663170103,Healthcare,,,,0.00,$11.54
PetAg KMR Goat's Milk Ready to,PetAg,020279994824,Healthcare,,,,4.00,$13.64
PetAg KMR Ready to Use PetAg,,020279995098,Healthcare,,,,2.00,$16.79
Pet Ag Kmr Kitten replacer Mil,PetAg,020279995111,Healthcare,,,,2.00,$34.64
Petag Kmr 2nd Step Kitten Repl,PetAg,020279997047,Healthcare,,,,0.00,$20.99
Pet Honesty Digestive Probioti,Pet Honesty,850005524540,Healthcare,,,,0.00,$34.64
Naturvet Hairball Aid Cat,NaturVet,797801036467,Healthcare,,,,1.00,$13.64
Naturvet Quiet Moments Cat 60,NaturVet,797801036405,Healthcare,,,,2.00,$15.74
Naturvet L-lysine Cat 60 Chews,NaturVet,797801037327,Healthcare,,,,0.00,$11.54
Vetericyn Facial Therepy Cat,Vetericyn,818582010924,Healthcare,,,,1.00,$23.09
Vetericyn Hydrogel Cat,Vetericyn,818582011945,Healthcare,,,,1.00,$27.29
Nutri-Vet Uri-ease Cat Paw Gel,Nutri-Vet,669125998533,Healthcare,,,,1.00,$16.79
Natures Micracle Catnip Nature's Train,Miracle,018065984982,Healthcare,,,,1.00,$15.74
Tropiclean Oxymed Oatmeal Shampoo,Tropiclean,645095003347,Healthcare,,,,2.00,$14.69
Tropiclean Natflea & Tick Tropiclean No R,,645095007437,Accessories,,,,2.00,$14.69
TropiClean Deepcleansing Cat S,Tropiclean,645095869042,Healthcare,,,,1.00,$13.64
Tropiclean Hypoallergenic Tropiclean Cat,,645095006096,Healthcare,,,,0.00,$7.63
Earthbath Hypoallergenic Earthbath Cat S,,602644021221,Healthcare,,,,1.00,$25.19
Magic Coat Cat Gentle Tearless,Four Paws,045663976422,Healthcare,,,,1.00,$11.54
Skouts Honor Probiotic Shampoo and Conditioner Honor,Skout's,856713005371,Healthcare,,,,3.00,$25.19
Zoo Med Nano Ceramic Zoo Med 25 w,,097612310252,Reptiles,,,,1.00,$22.04
Catit Creamy Spoon,Catit,022517438572,Cat Treats,,,,5.00,$10.49
Catit Creamy Feeding Mat Catit,,022517437490,Cat Treats,,,,1.00,$7.63
Catit Creamy Dish,Catit,022517438619,Cat Treats,,,,11.00,$8.73
Catit Catnip Roll on,Catit,022517447574,Accessories,,,,0.00,$7.63
Zoo Med ReptiSun T5 HO Zoo Med Terrari,,097612320763,Reptiles,,,,2.00,$83.99
Safari the Complete Cat Safari Brush,,076484004223,Healthcare,,,,1.00,$12.59
Safari Self Cleaning Slicker C,Safari,076484860027,Healthcare,,,,0.00,$20.99
Safari Cat Soft Slicker Safari,,076484510687,Healthcare,,,,2.00,$13.64
Comfortzone Cat Spray & Comfort Scratc,Zone,039079002141,Healthcare,,,,1.00,$22.04
Comfortzone Cat Calming Comfort Diffus,Zone,039079003537,Healthcare,,,,1.00,$24.14
Comfortzone Cat Calming Comfort Kit,Zone,039079003377,Healthcare,,,,1.00,$36.74
Kong Zoom Groom Cat,Kong,035585211176,Accessories,,,,1.00,$10.49
Safari Cat Soft Tip Massager B,Safari,076484512056,Healthcare,,,,2.00,$11.54
Safari Flea Comb,Safari,076484510267,Healthcare,,,,3.00,$9.44
Safari Cat Bristle Brush,Safari,076484513695,Healthcare,,,,1.00,$10.49
Safari Cat Nail Trimmer,Safari,076484611407,Healthcare,,,,2.00,$13.64
Nylabone Cat Dental Kit,Nylabone,018214828198,Healthcare,,,,1.00,$14.69
Midwest Petgate Steel Pet Gate Pets,MidWest Homes For,027773022893,Accessories,,,,0.00,$136.49
Mypet Wide Wlkthrugate North States,,026107054524,Accessories,,,,1.00,$152.24
"Midwest Petgate 32"" Tall MidWest Homes For Pets",,027773022800,Accessories,,,,1.00,$73.49
"Mypet Universal Pet Gate North 26""x2",States,026107086259,Accessories,,,,0.00,$60.89
"Midwest Petgate 24"" Tall Homes For Pets",MidWest,027773022794,Accessories,,,,1.00,$56.69
"Fourpaws Wood Gate 26""-42""",Four Paws,045663571306,Accessories,,,,1.00,$73.49
Petsafe Alumminum Door Petsafe Extra L,,729849108622,Accessories,,,,1.00,$178.49
Petsafe Plastic Pet Door Petsafe Large,,729849109605,Accessories,,,,1.00,$104.99
Petsafe Plastic Pet Door Petsafe Small,,729849109582,Accessories,,,,2.00,$52.49
Cozyup Folding Pet Steps Petsafe,,891293000279,Accessories,,,,1.00,$76.64
Petpals Zoso 4 Level Pet Stair,PetPals,818483018388,Accessories,,,,1.00,$104.99
Petpals Charcoal 4 Level Pet S,PetPals,818483019200,Accessories,,,,1.00,$92.39
Penn Plax Felt Steps Dark Grey,Penn-Plax,030172102301,Accessories,,,,1.00,$82.94
Furhaven Small Bed,FurHaven,842229130522,Beds,,,,1.00,$40.94
Furhaven Calming Hug Bed Small,FurHaven,842229122220,Beds,,,,0.00,$32.54
Quiettime Cuddle Bed Grey Smal,Quiet Time,027773019169,Beds,,,,0.00,$41.99
Quiettime Cuddle Bed Blue Smal,Quiet Time,027773019145,Beds,,,,0.00,$36.74
Quiettime Cuddle Bed Grey Medi,Quiet Time,027773019176,Beds,,,,0.00,$52.49
Quiettime Cuddle Bed Blue Medi,Quiet Time,027773019152,Beds,,,,0.00,$45.14
Hello Kitty Pet Bed Small Jazwares Whit,,191726749301,Beds,,,,1.00,$35.69
Hello Kitty Pet Bed Large Jazwares Pink,,191726749288,Beds,,,,0.00,$57.74
"Squishmellow Bed ""gordon"" 24in",Jazwares,191726502159,Beds,,,,2.00,$52.49
"Squishmellow Bed ""avery"" Jazwares 24in",,191726511946,Beds,,,,1.00,$45.14
"Squishmellow Bed ""beula"" Jazwares 30in",,191726509882,Beds,,,,1.00,$61.94
"Squishmellow Bed "" Beula"" 20in",Jazwares,191726502029,Beds,,,,1.00,$35.69
"Squishmellow Bed ""bubba"" 30in",Jazwares,191726769613,Beds,,,,1.00,$61.94
"Squishmellow Bed "" Maui"" Jazwares 24in",,191726502111,Beds,,,,0.00,$52.49
Petcrest Grey Pillow Bed PetCrest,,784099025426,Beds,,,,0.00,$39.89
Petcrest Grey Roud Bed 25in,PetCrest,784099025440,Beds,,,,0.00,$38.84
Territory Cow Pet Bd,Territory,022266176787,Beds,,,,2.00,$62.99
Petcrest Brown Round Bed 25in,PetCrest,784099025457,Beds,,,,1.00,$40.94
Quiettime Black Large Bed,Quiet Time,027773005360,Beds,,,,1.00,$58.79
Quiettime Black Medium Quiet Time Bed,,027773005346,Beds,,,,0.00,$43.04
Quiettime Brown Medium Quiet Time Bed,,027773005087,Beds,,,,0.00,$43.04
Quiettime Brown Small Bed,Quiet Time,027773005070,Beds,,,,1.00,$30.44
Quiettime Brown Extra Small Be,Quiet Time,027773005063,Beds,,,,1.00,$23.09
Quiettime Brown Toy Bed Quiet Time,,027773008255,Beds,,,,0.00,$19.94
Quiettime Black Extra Small Be,Quiet Time,027773005322,Beds,,,,0.00,$23.09
Quiettime Black Toy Bed,Quiet Time,027773008262,Beds,,,,1.00,$19.94
"Squishmellow Bed ""lola"" 20in",Jazwares,191726769446,Beds,,,,0.00,$35.69
Quiettime Extra Large White Be,Quiet Time,027773004912,Beds,,,,1.00,$65.09
Quiet Time Large White Bed,Quiet Time,027773004905,Beds,,,,1.00,$56.69
Quiet Time Extra Large Black B,Quiet Time,027773005377,Beds,,,,0.00,$72.44
Petcrest Fleece Bed White Extr,PetCrest,026716007508,Beds,,,,1.00,$57.74
Quiet Time Extra Large Brown B,Quiet Time,027773005117,Beds,,,,1.00,$72.44
Quiet Time Large Brown Bed,Quiet Time,027773005100,Beds,,,,1.00,$54.59
Quiet Time Bolsterd Bed Medium,Quiet Time,027773004882,Beds,,,,1.00,$36.74
"Quiet Time Bed Blue 36""",Quiet Time,027773007289,Beds,,,,1.00,$57.74
"Quiet Time Bed Pink 30""",Quiet Time,027773007197,Beds,,,,0.00,$41.99
"Quiet Time Bed Pink 36""",Quiet Time,027773007203,Beds,,,,1.00,$57.74
Quiet Time Bolster Bed 24 inch Gray,Mid West,027773027850,Beds,,,,0.00,$25.19
"Quiet Time Reversible Bed 24""",Quiet Time,027773009474,Beds,,,,0.00,$34.64
Quiet Time Bolster Bed Small W,Quiet Time,027773004875,Beds,,,,2.00,$17.84
Quiettime Bolser Bed Extra Sma,Quiet Time,027773027843,Beds,,,,0.00,$18.89
Petcrest Fleece Bolsterbed Sma,PetCrest,026716007201,Beds,,,,2.00,$26.24
"Quiettime Reverseible Bed 22""",Quiet Time,027773009467,Beds,,,,1.00,$24.14
"Quiet Time Reverseible Bed 18""",Quiet Time,027773009450,Beds,,,,1.00,$19.94
"Quiet Time Pet Bed Pink 18""",Quiet Time,027773008279,Beds,,,,0.00,$20.99
"Quiet Time Pet Bed Blue 18""",Quiet Time,027773008293,Beds,,,,1.00,$22.04
Drytech 100 Pack Pads,Penn-Plax,030172041150,Accessories,,,,0.00,$53.54
Fourpaws Wee Wee Pad Wee-Wee,,045663970475,Accessories,,,,1.00,$54.59
Weewee Pad 7pk,Wee-Wee,045663160005,Accessories,,,,2.00,$7.63
Weewee Pad 14pk,Wee-Wee,045663016142,Accessories,,,,1.00,$11.54
Weewee Pad 30 Pack,Wee-Wee,045663016302,Accessories,,,,2.00,$22.04
Four Paws Wee WeePads 50 Pack,Wee-Wee,045663016357,Accessories,,,,1.00,$34.64
Weewee Pads 100pk,Wee-Wee,045663016401,Accessories,,,,1.00,$62.99
Weewee Instarise Border Wee-Wee 10pk,,045663974848,Accessories,,,,0.00,$14.69
Weewee Grass Scent Pads 10pk,Wee-Wee,045663975746,Accessories,,,,1.00,$13.64
Weewee Instarise Border Wee-Wee 50pk,,045663974855,Accessories,,,,0.00,$62.99
Weewee Super Absorbant Wee-Wee 40pk,,045663971144,Accessories,,,,1.00,$31.49
Weewee Extra Large Pads 14pk,Wee-Wee,045663016470,Accessories,,,,1.00,$23.09
Weewee Extra Large Pads 21 Pac,Wee-Wee,045663016487,Accessories,,,,2.00,$33.59
Weewee Extra Extra Large Pads,Wee-Wee,045663016630,Accessories,,,,1.00,$31.49
Weewee Extra Large Pads 40pk,Wee-Wee,045663016494,Accessories,,,,1.00,$57.74
Simplesolution Large Washmale,Simple Solution,010279112427,Accessories,,,,1.00,$41.99
Simplesolution Medium Washmale,Simple Solution,010279112410,Accessories,,,,2.00,$35.69
Simplesolution XL Washable Diaper,Simple Solution,010279105955,Accessories,,,,1.00,$47.24
"Zoo Med T5 Hood ""36",Zoo Med,097612320930,Reptiles,,,,0.00,$83.99
Weewee Dispodiapers Xsmall 12p,Wee-Wee,045663972301,Accessories,,,,2.00,$17.84
Weewee Dispodiapers Small 12pk,Wee-Wee,045663972318,Accessories,,,,1.00,$18.89
Weewee Dispodiapers Medium 12,Wee-Wee,045663972325,Accessories,,,,2.00,$19.94
Weewee Dispodiapers Large/Extr,Wee-Wee,045663972332,Accessories,,,,3.00,$24.14
Weewee Washable Pad Wee-Wee 3pk,,045663974831,Accessories,,,,1.00,$62.99
Weewee Patch Replace Wee-Wee Grass Med,,045663158538,Accessories,,,,1.00,$47.24
Weewee Patch Replace Wee-Wee Grass Sma,,045663158521,Accessories,,,,0.00,$31.49
Weewee Silicone Pad Holder,Wee-Wee,045663970000,Accessories,,,,0.00,$48.29
Weewee Dispo Malewrap Wee-Wee Medium/L,,045663972271,Accessories,,,,1.00,$23.09
Wee-Wee w Febreze 10pk,Four Paws,045663974381,Accessories,,,,2.00,$14.69
Weewee Dispo Liner Pads 24pk,Wee-Wee,045663188993,Accessories,,,,1.00,$10.49
Naturvet Off Limits Training S,NaturVet,013292820003,Healthcare,,,,0.00,$27.29
Skout's Honor Stay Off Skout's Trainin,Honor,810053870495,Accessories,,,,1.00,$22.04
Keep Off Repeltant,Four Paws,045663170004,Accessories,,,,1.00,$15.74
Naturvet Potty Here,NaturVet,797801090117,Healthcare,,,,3.00,$8.73
Weewee House Breaking Wee-Wee Aid Spra,,045663150105,Accessories,,,,4.00,$12.59
Mini Combo Deep Dome Zoo Med,,097612321906,Reptiles,,,,2.00,$60.89
Drytech Puppy Pad 30pk Penn-Plax,,030172029905,Accessories,,,,1.00,$18.89
Drytech Puppy Pad 14pk Penn-Plax,,030172029899,Accessories,,,,2.00,$9.44
Drytech Puppy Pad 7pk,Penn-Plax,030172029882,Accessories,,,,3.00,$6.54
Weewee Premium Patch Pet Potty,Wee-Wee,045663974787,Accessories,,,,2.00,$75.59
Fourpaws Walk About Quickfit M,Four Paws,045663590208,Accessories,,,,1.00,$18.89
Petmate Clean Resonse Rake & P,Petmate,029695711077,Healthcare,,,,-1.00,$31.49
Petcrest Poop Bags,PetCrest,784099025655,Accessories,,,,0.00,$3.27
Bergan Poo Bag Dispenser,Bergan,879213008833,Accessories,,,,1.00,$10.49
Spot in the Bag Waste Bags,Spot,077234984062,Accessories,,,,0.00,$9.44
Weewee Odor Block Poo Wee-Wee Bag,,045663972370,Accessories,,,,2.00,$11.54
Weewee Fold Away Scoop,Wee-Wee,045663975289,Accessories,,,,1.00,$31.49
Weewee Plain Sanitary Scoop Sm,Wee-Wee,045663182007,Accessories,,,,1.00,$30.44
Weewee Spring Action Extra Lar,Wee-Wee,045663182410,Accessories,,,,1.00,$36.74
Weewee Spring Actial Scoop Med,Wee-Wee,045663182403,Accessories,,,,1.00,$31.49
Weewee Springactiongrss Wee-Wee Scp Me,,045663182304,Accessories,,,,1.00,$31.49
Weewee Spring Action Scoop Sma,Wee-Wee,045663182359,Accessories,,,,1.00,$16.79
Weewee Patch Indoor Potty Medi,Wee-Wee,045663158309,Accessories,,,,1.00,$85.04
Weewee Patch Indoor Potty Smal,Wee-Wee,045663158200,Accessories,,,,2.00,$73.49
Thunder Shirt Sport M Shirt,Thunder,819505013220,Accessories,,,,1.00,$44.09
Thunder Shirt Sport L Shirt,Thunder,819505013237,Accessories,,,,0.00,$56.69
Carelift Rear Support Harness,Petsafe,891293000828,Accessories,,,,-1.00,$48.29
Carelift Rear Support Harness,Petsafe,891293000811,Accessories,,,,1.00,$44.09
Zenpet Buddy Lift L/Extra ZenPet Larg,,683615359130,Accessories,,,,1.00,$53.54
Zenpet Buddylift Medium/Large,ZenPet,683615359116,Accessories,,,,1.00,$43.04
Thunder Shirt Sport Small Thunder Shirt,,819505013190,Accessories,,,,1.00,$44.09
Thunder Shirt Sport Extra Thunder Smal,Shirt,819505013213,Accessories,,,,0.00,$41.99
Science Diet Sensitive Cat 7lb,Science Diet,052742888408,Cat Food,Bag,,7lb,1.00,$41.99
Kong Cloud Large,Kong,035585081366,Accessories,,,,0.00,$34.64
Zoo Med Mini Dessert Mini Dese,Zoo Med,097612322279,Reptiles,,,,3.00,$52.49
Kong Comfort Tykes Gosling Sm,Kong,035585499789,Toys,,,,2.00,$12.59
Kong Cloud Extra Small,Kong,035585081328,Accessories,,,,2.00,$20.99
Thunder Shirt Sport Extra Thunder Extr,Shirt,819505013206,Accessories,,,,1.00,$38.84
Thunder Shirt Extra Extra Thunder Smal,Shirt,854880001479,Accessories,,,,1.00,$20.99
Happy Ride Safty Harness 25-50,Happy,852185001620,Accessories,,,,1.00,$34.64
Happy Ride Safty Harness 45-75,Happy,852185001637,Accessories,,,,1.00,$36.74
Kong Ez Cone Collar Xx- Kong Large,,035585081007,Accessories,,,,1.00,$27.29
Kong Ez Cone Collar X- Kong Large,,035585360751,Accessories,,,,0.00,$22.04
Kong Ez Cloud Collar Large,Kong,035585081359,Accessories,,,,2.00,$40.94
Zoo Med Desert UVB & Lighting,Zoo Med,097612322316,Reptiles,,,,1.00,$66.14
Happy Ride Booster Seat Happy Up to,,891293000606,Accessories,,,,2.00,$54.59
Happyride Booster Seat Kurgo Upto 18,,891293000613,Accessories,,,,0.00,$48.29
Red Cross Extra Large Life Jac,Outward Hound,030172085284,Accessories,,,,1.00,$22.04
Zippy Paws Large Life Jacket,ZippyPaws,818786015008,Accessories,,,,1.00,$50.39
Zippy Paws Medium Life ZippyPaws Jacket,,818786014995,Accessories,,,,0.00,$37.79
Zippy Paws Small Life Jacket,ZippyPaws,818786014971,Accessories,,,,1.00,$29.39
Zippy Paws Extra Small Life Ja,ZippyPaws,818786014988,Accessories,,,,1.00,$28.34
Titan Aerial Dog Run,Titan,076484890703,Accessories,,,,2.00,$47.24
Fourpaws 50' Heavy Weight Tie,Four Paws,045663847500,Accessories,,,,1.00,$52.49
Fourpaws Medium 20' Tie Four Paws Out Ca,,045663856205,Accessories,,,,0.00,$19.94
Prevue Hendrix Tie Out Trolley,Prevue,048081021248,Accessories,,,,1.00,$22.04
Fourpaws 30' Cotton Train Leas,Four Paws And Collars,045663561307,Leashes And Collars,,,,1.00,$26.99
Fourpaws 20' Cotton Train Leas,Four Paws And Collars,045663561208,Leashes And Collars,,,,1.00,$26.99
Prevue Hendrix Tieout Chain 15,Prevue,048081021163,Accessories,,,,0.00,$18.89
Prevue Hendrix Tieout Chain 30,Prevue,048081021262,Accessories,,,,2.00,$31.49
Prevue Hendrix Tieout Chain 15,Prevue,048081021149,Accessories,,,,2.00,$14.69
Prevue Hendrix Tieout Chain 10,Prevue,048081021132,Accessories,,,,3.00,$12.59
Prevue Hendrix Tieout Chain 20,Prevue,048081021170,Accessories,,,,2.00,$24.14
Titan Tieout 20' Giant,Titan,076484512100,Accessories,,,,0.00,$45.14
Titan Tieout 15' Giant,Titan,076484512094,Accessories,,,,-1.00,$30.44
Titan Tieout 10'giant,Titan,076484512087,Accessories,,,,-1.00,$28.34
Titan Tieout 30' Giant,Titan,076484512117,Accessories,,,,0.00,$45.14
Titan Tieout 20' Heavy,Titan,076484890611,Accessories,,,,0.00,$26.24
"Zoo Med Paludarium Hood 18""",Zoo Med,097612325706,Reptiles None Purple,14,oz,,1.00,$47.24
Shepherd Boy Freeze Chicken He,Shepherd Boy,097612326307,Dog Treats,,,,-1.00,$16.79
Fourpaws Tieoutcabble20ft Supe,Four Paws,045663848200,Accessories,,,,0.00,$33.59
Fourpawstieoutcable20ft Hvywgh,Four Paws,045663847203,Accessories,,,,1.00,$22.04
Fourpaws Tieoutcable15fthvywgh,Four Paws,045663847159,Accessories,,,,2.00,$18.89
Petcrest Tie Out Cable Small 1,PetCrest,026716915100,Accessories,,,,0.00,$10.49
Titan Shockspring with Snap,Titan,076484890420,Accessories,,,,1.00,$6.54
Titan Tie Out Chain 15ft,Titan,076484890260,Accessories,,,,1.00,$18.89
Prevue Hendrix Tieout Spiralst,Prevue,048081021118,Accessories,,,,1.00,$7.63
Prevue Hendrix Tieout Spiralst,Prevue,048081021125,Accessories,,,,-1.00,$11.54
Fourpaws Walkabout Giant Stake,Four Paws,045663905002,Accessories,,,,1.00,$33.59
"Fourpaws Walkabout 21"" Four Paws Heavy T",,045663900007,Accessories,,,,1.00,$22.04
"Fourpaws Walk About 19"" Four Paws Sprlst",,045663950002,Accessories,,,,0.00,$13.64
Titan Spiral Stake & Tie Titan Out C,,076484890130,Healthcare,,,,0.00,$24.14
Petcrest Tie Out Stake,PetCrest,026716899998,Accessories,,,,1.00,$23.09
Cat/Doglife Filter Cartridge R,Dog Life,030172084652,Accessories,,,,1.00,$9.44
Cage Crock Steel,Lixit,076711007430,Accessories,,,,1.00,$11.54
Petmate Kkennel Cup Single,Petmate,029695291562,Accessories,,,,1.00,$10.49
Zoo Med Nano LED 5w,Merrick,097612328059,Dog Treats,,,,1.00,$13.64
Large Blue Single Bowl Travel,Loving Pets,842982079878,Accessories,,,,1.00,$15.74
Catit Fountain Filter Mini Catit 3pc,,022517440056,Accessories,,,,0.00,$7.63
Medium Blue Solo Bowl Lixit Tvrl,,842982079861,Accessories,,,,0.00,$11.54
Petmate Travel Bowl Duo Petmate,,029695235924,Accessories,,,,0.00,$24.14
Small Blue Double Diner Penn-Plax Trvl,,030172041808,Accessories,,,,0.00,$13.64
Pm Easy Reach Dinner Extra Lar,PetAg,029695234798,Accessories,,,,1.00,$62.99
Retro Extra Small Pink Bowl,Retro,842982071308,Accessories,,,,3.00,$6.54
Dolce Puppy Forever Bowl,Loving Pets,842982071544,Accessories,,,,1.00,$8.73
Dolce Had Me at Woof Bowl,Loving Pets,842982071605,Accessories,,,,1.00,$8.73
Dolce Food & Water Bowl Loving Pets,,842982071575,Accessories,,,,2.00,$11.54
"9.50"" Stoneware Crock Dog Dish",Ethical Products,077234061183,Accessories,,,,1.00,$28.34
"7.50"" Stoneware Crock Dog Dish",Ethical Products,077234061176,Accessories,,,,2.00,$18.89
Retro Large Blue Bowl,Retro,842982071377,Accessories,,,,0.00,$15.74
Retro Medium Blue Bowl,Retro,842982071360,Accessories,,,,2.00,$10.49
Zoo Med Infrared 25w,Merrick,097612331257,Dog Treats,,,,2.00,$13.64
Vanness Single 44oz,Van Ness,079441002034,Accessories,,,,3.00,$6.54
Vanilla Ness Single 16oz Van Ness,,079441002362,Accessories,,,,0.00,$3.27
Vanilla Ness Dual 42oz,Van Ness,079441002126,Accessories,,,,2.00,$5.45
Crock Heavyweight 106oz Ethical Pet,,079441003055,Accessories,,,,4.00,$13.64
Crock Heavyweight 52oz Ethical Pet,,079441003048,Accessories,,,,3.00,$9.44
Crock Heavyweight 20oz Ethical Pet Animal,,079441003031,Small,,,,3.00,$5.44
Skidstop Heavyweight Medium,JW Pet,618940642589,Accessories,,,,1.00,$7.63
Replendish2lbfdrw/Micrba Petmate n,,029695245398,Accessories,,,,0.00,$20.99
PetMate Premium Gravity Petmate Feeder,,029695244957,Accessories,,,,2.00,$31.49
Replendish 1gwtrwmicro Replendish Grey,,029695244926,Accessories,,,,0.00,$31.49
Replendish 1g.wtrw/Microban,Replendish,029695244940,Accessories,,,,0.00,$31.49
Petmate Cafe Feeder 3lb Petmate,,029695246258,Accessories,,,,1.00,$20.99
Petmate Cafe Feeder 12lb,Petmate,029695246159,Accessories,,,,2.00,$31.49
Petmate Cafe Water 3 Gallon,Petmate,029695244056,Accessories,,,,1.00,$30.44
"4.75"" Stoneware Crock Dog Dish",Ethical Products,077234061152,Accessories,,,,2.00,$11.54
Portofino Dish Dog Blushpink 5,Loving Pets,77234586280,Accessories,,,,0.00,$8.73
Crisscross Steel Non Skid Loving Pets Dish,,077234585962,Accessories,,,,0.00,$4.36
Ruffmtuff 2qt,Van Ness,842982072565,Accessories,,,,4.00,$14.69
Ruff N Tuff 3qt,Van Ness,842982072572,Accessories,,,,4.00,$17.84
Vanness 1.48 L Double,Van Ness,079441002133,Accessories,,,,2.00,$6.54
Vanness 16oz Double,Van Ness,079441002119,Accessories,,,,-1.00,$3.27
Zoo Med Infrared Heat Lamp 40W,Zoo Med,097612331400,Reptiles,,,,2.00,$14.69
Pet Mate Double Cup Large,Pet Mate,029695231759,Accessories,,,,0.00,$5.45
Skidstop Heavyweight Large,JW Pet,618940642688,Accessories,,,,1.00,$8.73
Skidstop Heavyweight Medium,JW Pet,618940632405,Accessories,,,,0.00,$7.63
Skidstop Jumbo,JW Pet,618940632429,Accessories,,,,1.00,$15.74
In Sight Clean Waterer Supplies,JW Pet,618940313014,Bird,,,,3.00,$12.59
Zoo Med Nano LED Daylight Lamp 5w,Zoo Med,097612340020,Reptiles,,,,0.00,$20.99
Replendish Steel Small Water 1,Replendish,029695243455,Accessories,,,,1.00,$41.99
Replendish0.5gwtrw/Micr Petmate o Grey,,029695244865,Accessories,,,,0.00,$20.99
Replendish0.5g.wtrw/Micr Petmate oban,,029695245404,Accessories,,,,0.00,$20.99
Ferplast .16 Us Gal Food/Water,Ferplast,798549092883,Accessories,,,,0.00,$20.99
Zeus H2eau Fountain Dog,Zeus,022517914007,Accessories,,,,-1.00,$46.19
Petmate Replendish 4gal Petmate Water,,029695245381,Accessories,,,,1.00,$62.99
"Zoo Med ReptiSun 10.0 Zoo Med UVB T5 22""",,097612348248,Reptiles,,,,1.00,$47.24
Petmate 4gal Water Replenisher,Petmate,029695244988,Accessories,,,,0.00,$55.64
Dogit Go Slow L Blue,Hagen,022517737316,Accessories,,,,1.00,$31.49
Dogit Go Slow M Blue,Hagen,022517737163,Accessories,,,,1.00,$18.89
Dogit Go Slow M Black,Hagen,022517737170,Accessories,,,,1.00,$19.94
Dogit Go Slow Extra Small Pink,Hagen,022517737019,Accessories,,,,2.00,$10.49
Dogit Go Slow Extra Small Blue,Hagen,022517737026,Accessories,,,,1.00,$10.49
Vittles Vault 30 Lbs Storage,Gamma2,769397142303,Accessories,,,,0.00,$52.49
Vittles Vault Elevated Feeder,Gamma2,029695435515,Accessories,,,,0.00,$94.49
Bellabowl Red Large,Bellabowl,842982074149,Accessories,,,,3.00,$12.59
Bellabowl Red Medium,Bellabowl,842982074132,Accessories,,,,3.00,$11.54
Bellabowl Red Small,Bellabowl,842982074125,Accessories,,,,3.00,$7.63
Bellabowl Blue Large,Bellabowl,842982074118,Accessories,,,,1.00,$13.64
Bellabowl Blue Medium,Bellabowl,842982074095,Accessories,,,,0.00,$9.44
Bellabowl Blue Small,Bellabowl,842982074088,Accessories,,,,3.00,$7.63
Bellabowl Black Large,Bellabowl,842982074064,Accessories,,,,6.00,$13.64
Bellabowl Black Medium,Bellabowl,842982074057,Accessories,,,,3.00,$9.44
Bellabowl Black Small,Bellabowl,842982074040,Accessories,,,,2.00,$7.63
Bellabowl Green Medium Bellabowl,,842982074675,Accessories,,,,3.00,$9.44
Bellabowl Green Small,Bellabowl,842982074668,Accessories,,,,2.00,$6.54
Bellabowl Pink Large,Bellabowl,842982074026,Accessories,,,,0.00,$15.74
Bellabowl Pink Small,Bellabowl,842982074002,Accessories,,,,1.00,$7.63
Petmate 2 Cup Bowl,Petmate,029695291555,Accessories,,,,1.00,$11.54
Petmate 1 Cup Bowl,Petmate,029695230776,Accessories,,,,3.00,$3.27
Petmate 7 Cup Bowl,Petmate,029695230806,Accessories,,,,0.00,$5.45
Ruff N Tuff Double Diner,Van Ness,842982072107,Accessories,,,,0.00,$15.74
Snappyfit Stainlesssteel Bwl 2 Pets,MidWest Homes For,027773008590,Accessories,,,,0.00,$15.74
Snappy Fit Stainless Steel Bow Pets,MidWest Homes For,027773007135,Accessories,,,,1.00,$26.24
Small Kennel Cup,Penn-Plax,030172041723,Accessories,,,,0.00,$10.49
Funfeeder Notch Blue Medium,Outward Hound,700603678308,Accessories,,,,-1.00,$11.54
Funfeeder Wave Mint Small,Outward Hound,700603678292,Accessories,,,,1.00,$11.54
Catit Pixi Feeder,Catit,022517437544,Accessories,,,,1.00,$141.74
Zeus Fountain Filter Pads Zeus,,022517914045,Accessories,,,,2.00,$27.29
Penn-Plax Clear Springs Pet Fo,Penn-Plax,030172065965,Accessories,,,,3.00,$56.69
Vittles Vault 40lbs,Gamma2,769397143409,Accessories,,,,1.00,$76.64
Petmate 3count Charcoal Petmate Water,,029695248498,Accessories,,,,0.00,$13.64
Oasis Thirst Quencher Faucet D,Kordon,048054800276,Accessories,,,,1.00,$23.09
Faucet Waterer,Penn-Plax,076711008406,Accessories,,,,0.00,$10.49
Large Breed Dog Bottle,Lixit,076711006853,Accessories,,,,0.00,$13.64
Spot Pet Food Can Cover Spot 3pk,,077234364819,Accessories,,,,2.00,$3.27
Mediterranean Steel Double Din,Ethical Pet,077234058503,Accessories,,,,0.00,$31.49
Mediterranean Stainless Ethical Pet Steel,,077234058497,Accessories,,,,0.00,$29.39
Dogswell Hydrocortisone Dogswell,,012104420042,Healthcare,,,,0.00,$15.74
Dogswell Diarrhea Aid,Dogswell,012104432083,Healthcare,,,,0.00,$12.59
Travel Trainer,Penn-Plax,769397145045,Accessories,,,,0.00,$22.04
Li'l Pals Double Sided Comb,Li'l Pals,076484002007,Healthcare,,,,2.00,$9.44
Dry Ears Bowl,Penn-Plax,076484884702,Accessories,,,,0.00,$13.64
Ecoware Cat Dish,Van Ness,079441002256,Accessories,,,,2.00,$6.54
I Love Cats Fish,Penn-Plax,030172044045,Accessories,,,,0.00,$8.73
"Best Friends Cat 6"" Dish",Ethical Pet,077234546932,Accessories,,,,2.00,$8.73
Bellabown Xsmall Fish Purple,Loving Pets,842982077515,Accessories,,,,1.00,$6.54
Bellabowl Xsmall Fish Blue,Bellabowl,842982077508,Accessories,,,,3.00,$6.54
8oz Stainless Cat Dish Decorat,Van Ness,079441002584,Accessories,,,,0.00,$5.45
8oz Stainless Cat Dish,Van Ness,079441002317,Accessories,,,,3.00,$5.45
Bella Large Bone Place Mat,Loving Pets,842982073579,Accessories,,,,3.00,$13.64
Small Tan Bone Place Mat,Penn-Plax,030172041815,Accessories,,,,0.00,$11.54
Geobone Aqua Fashion Mat,Loving Pets,842982075672,Accessories,,,,1.00,$10.49
Polkadot Bones Fashion Mat,Loving Pets,842982075689,Accessories,,,,0.00,$10.49
Repti Sticks 4.85 oz,Zoo Med,097612400328,Reptiles,,,,1.00,$13.64
Small Dinner Mat,Vaness,079441008005,Accessories,,,,1.00,$10.49
Large Food Scoop,Penn-Plax,030172105395,Accessories,,,,0.00,$5.45
Small Food Scoop,Penn-Plax,030172105388,Accessories,,,,-1.00,$5.45
Sodapup Large Orange Flower Po,SodaPup,810216026530,Accessories,,,,2.00,$17.84
Sodapup Large Green Flower Pot,SodaPup,810216026547,Accessories,,,,1.00,$17.84
Sodapup Large Blue Flower Pot,SodaPup,810216026769,Accessories,,,,1.00,$17.84
Sodapup Mini Groovy Love Emat,SodaPup,810216026714,Accessories,,,,0.00,$14.69
Sodapup Mini Surf Emat,SodaPup,810216026707,Accessories,,,,0.00,$14.69
Sodapup Mini Honey Emat,SodaPup,810216025885,Accessories,,,,0.00,$14.69
Sodapup Ebowl Honey Comb,SodaPup,810216026325,Healthcare,,,,0.00,$24.14
Sodapup Etray Mandala,SodaPup,810216026080,Accessories,,,,0.00,$19.94
Sodapup Emat Flower Power,SodaPup,810216026073,Accessories,,,,0.00,$16.79
Funfeeder Slo Bowl Purple,Outward Hound,700603510059,Accessories,,,,1.00,$13.64
Sodapup Ebowl Great Outdoors,SodaPup,810216026493,Accessories,,,,0.00,$24.14
Sodapup Emat Tree of Life,SodaPup,810216026691,Accessories,,,,0.00,$17.84
Sodapup Emat Duckies,SodaPup,810216026257,Accessories,,,,0.00,$16.79
Sodapup Emat Whale,SodaPup,810216026240,Accessories,,,,1.00,$16.79
Outward Hound Slo Bowl Orange Small,Outward Hound,700603510042,Accessories,,,,1.00,$12.59
Outward Hound Slo Bowl Turquoise Small,Outward Hound,700603510066,Accessories,,,,1.00,$12.59
Sodapup Wave Ebowl,SodaPup,810216026400,Accessories,,,,1.00,$20.99
"Sodapup Etray ""waiting""",SodaPup,810216026523,Accessories,,,,2.00,$18.89
Spot Handidrink Mini,Spot,661161515040,Accessories,,,,4.00,$11.54
Penn Plax Paw Cleaner,Penn-Plax,030172101380,Accessories,,,,1.00,$23.09
Petcrest Pin Brush,PetCrest,784099025983,Healthcare,,,,1.00,$10.49
Petcrest Combo Brush,PetCrest,784099025945,Healthcare,,,,0.00,$11.54
Petcrest Bristle Brush,PetCrest,784099025969,Healthcare,,,,1.00,$9.44
Petcrest Shedding Comb PetCrest,,784099026126,Healthcare,,,,-1.00,$11.54
Petcrest Shedding Blade,PetCrest,784099026072,Accessories,,,,0.00,$11.54
Magic Coat Gentle Groom Four Paws Glove,,045663976156,Healthcare,,,,2.00,$23.09
Comfy Groom,Penn-Plax,030172084430,Accessories,,,,0.00,$17.84
Safari Nail File,Safari,076484611209,Healthcare,,,,2.00,$9.33
Petcrest Shedding Rake,PetCrest,784099026058,Healthcare,,,,-1.00,$13.64
Petcrest Slicker Brush Small,PetCrest,84099026034,Healthcare,,,,0.00,$10.49
Petcrest Slicker Brush Large,PetCrest,784099026041,Healthcare,,,,2.00,$12.59
Petcrest Self Cleaning Slicker,PetCrest,784099026010,Healthcare,,,,2.00,$19.94
Petcrest Nail Trimmer,PetCrest,784099025938,Healthcare,,,,0.00,$9.44
Magic Coat Reduces Shedding,Four Paws,045663975531,Healthcare,,,,2.00,$24.14
Magic Coat Total Knot Destroye,Four Paws,045663975586,Healthcare,,,,2.00,$19.94
Safari Shedding Comb Cat,Safari,076484005633,Healthcare,,,,1.00,$16.79
Li'l Pals Combo Brush,Li'l Pals,076484962417,Healthcare,,,,0.00,$11.54
Li'l Pals Nail Trimmer,Li'l Pals,076484002298,Healthcare,,,,0.00,$9.44
"Furminator Small Dog, Long Hai",Furminator,811794929244,Healthcare,,,,2.00,$53.54
"Furminator Small Dog, Short Ha",Furminator,811794929152,Healthcare,,,,1.00,$41.99
Furminator Adjustable Dematter,Furminator,811794929220,Healthcare,,,,3.00,$29.39
Magic Coat Serated Comb Blade,Four Paws,045663970932,Healthcare,,,,2.00,$17.84
Magic Coat Saftey Sciccors,Four Paws,045663975609,Healthcare,,,,2.00,$15.74
Safari Nail Trimmer Medium,Safari,076484611308,Healthcare,,,,0.00,$13.64
Zoo Med Natural Adult Bearded,Zoo Med,097612400762,Reptiles,,,,-1.00,$7.63
Zoo Med Juvenile Iguana Redbarn Food 10oz,,097612400809,Reptiles,,,,1.00,$7.63
Zoo Med Crested Gecko Zoo Med Food Sam,,097612402056,Reptiles,,,,0.00,$24.14
Zoo Med Juvenile High Protein,Zoo Med,097612402759,Reptiles,,,,2.00,$15.74
Zoo Med Watermelon Grested Geicko 2oz,Zoo Med,097612403015,Reptiles,,,,3.00,$8.73
Zoo Med Plum Crested Gecko food,Zoo Med,097612403152,Reptiles,,,,3.00,$8.73
Safari Nail Trimmer Small Safari Dogs,,076484510694,Healthcare,,,,3.00,$11.54
Zoo Med Paludarium Filter 20,Zoo Med,097612510119,Reptiles,,,,0.00,$33.59
Safari Flea Comb Long Hair,Safari,076484577178,Healthcare,,,,2.00,$7.63
Safari Flea Comb Short/Medium,Safari,076484577833,Healthcare,,,,0.00,$7.63
Safari Double Sided Flea Safari Comb,,076484617027,Healthcare,,,,2.00,$3.27
Safari Comfort Grip Curry Safari Brush,,076484004216,Healthcare,,,,1.00,$10.49
Safari Soft Tip Curry Brush,Safari,076484943201,Healthcare,,,,1.00,$7.63
Safari Comb Small,Safari,076484005589,Healthcare,,,,3.00,$15.74
Zoo Med Snake Hook,Zoo Med,097612622508,Reptiles,,,,5.00,$13.64
Safari Shedding Comb Short Hai,Safari,076484005640,Healthcare,,,,2.00,$14.69
Safari Safety Scissors,Safari,076484612107,Accessories,,,,1.00,$20.99
Safari Shed Magic Long Hair Me,Safari,076484961267,Accessories,,,,0.00,$19.94
Safari Shed Magic Cat,Safari,076484961281,Accessories,,,,1.00,$26.24
Safari Shed Magic Medium,Safari,076484632266,Accessories,,,,2.00,$19.94
Safari Shed Magic Large,Safari,076484632273,Accessories,,,,1.00,$30.44
Safari Wire Pin Brush Small &,Safari,076484512926,Healthcare,,,,4.00,$13.64
Safari Wire Pin Brush Large,Safari,076484512940,Healthcare,,,,1.00,$15.74
Safari Bristle Brush Large Safari,,076484512971,Healthcare,,,,2.00,$9.44
Safari Combo Brush Large,Safari,076484512995,Healthcare,,,,2.00,$17.84
Safari Combo Brush Small & Med,Safari,076484512988,Healthcare,,,,1.00,$17.52
Safari Self Cleaning Slicker S,Safari,076484860003,Healthcare,,,,2.00,$19.94
Safari Self Cleaning Slicker M,Safari,076484860010,Healthcare,,,,-2.00,$20.99
Safari Self Cleaning Slicker L,Safari,076484741043,Healthcare,,,,1.00,$23.09
Zoo Med Cavern Kit,Zoo Med,097612740011,Reptiles,,,,1.00,$20.99
Safari Long Hair Slicker Mediu,Safari,076484467097,Healthcare,,,,2.00,$20.99
Safari Curved Firm Slicker Safari Sma,,076484946202,Healthcare,,,,1.00,$13.64
Safari Flexible Slicker Small,Safari,076484425004,Healthcare,,,,1.00,$28.34
Safari Flexible Slicker Medium,Safari,076484424403,Healthcare,,,,2.00,$27.29
Zoo Med Excavator Clay Lupine 10lb,,097612740103,Reptiles,,,,3.00,$16.79
Safari Soft Slicker Small Safari,,076484004025,Healthcare,,,,3.00,$11.54
Safari Soft Slicker Large,Safari,076484004063,Healthcare,,,,2.00,$15.74
Safari Shedding Blade cat Safari,,076484510632,Accessories,,,,2.00,$14.69
Safari Nylon Coated Tip Dog Br,Safari,076484042225,Healthcare,,,,2.00,$15.74
Safari the Complete Dog Brush,Safari,076484042218,Healthcare,,,,2.00,$16.79
Safari Massage Brush,Safari,076484043031,Healthcare,,,,2.00,$12.59
Safari Single Row Rake,Safari,076484612305,Healthcare,,,,2.00,$15.74
Safari Double Row Rake,Safari,076484612206,Healthcare,,,,2.00,$16.79
Safari Double Row Rake Rotatin,Safari,076484961922,Healthcare,,,,2.00,$20.99
Safari Mat Remover,Safari,076484444913,Accessories,,,,1.00,$20.99
Pill Popper,Lixit,076711004897,Accessories,,,,2.00,$5.45
Zoo Med Excavator Clay Zoo Med 20lb,,097612740202,Reptiles,,,,3.00,$32.54
Freshbreath Toothbrush Tropiclean Large,,645095002166,Healthcare,,,,1.00,$10.49
Freshbreath Toothbrush Tropiclean Small &,,645095002173,Healthcare,,,,1.00,$6.54
Zoo Med Repti Bark 4.4 L Zoo Med,,097612750041,Reptiles,,,,3.00,$8.73
Freshbreathe Gel,Tropiclean,645095001077,Healthcare,,,,0.00,$12.59
Freshbreathe Kit Large,Tropiclean,645095001299,Healthcare,,,,1.00,$13.64
Freshbreathe Enticers Penut Ki,Tropiclean,645095006379,Healthcare,,,,0.00,$13.64
Nylabone Finger Brushes Nylabone,,018214828044,Healthcare,,,,3.00,$5.45
Zoo Med Repti Bark 8qt,Zoo Med,097612750089,Reptiles,,,,3.00,$12.59
Nylabone Puppy Chicken Blue,Nylabone,018214832393,Healthcare,,,,1.00,$7.63
Nylabone Dental Kit Peanut But,Nylabone,018214846048,Healthcare,,,,0.00,$14.69
Nylabone Dental Kit Ultra Clea,Nylabone,018214827924,Healthcare,,,,0.00,$14.69
Zoo Med Repti Soil 10 Quart,Zoo Med,097612752106,Reptiles,,,,3.00,$17.84
Nylabone Toothpaste Peanut But,Nylabone,018214828068,Healthcare,,,,2.00,$9.44
Nylabone Toothpaste Ultra Clea,Nylabone,018214827986,Healthcare,,,,3.00,$9.44
Petag Nursing Kit,PetAg,020279998006,Healthcare,,,,2.00,$11.54
Durvet Ivermectin Pour on Durvet,,745801110403,Healthcare,,,,1.00,$61.94
Zoo Med Reptisoil 24qt,Zoo Med,097612752243,Reptiles,,,,1.00,$34.64
Zoo Med Bio Blend 8QT,Zoo Med,097612754087,Reptiles,,,,2.00,$17.84
Zoo Med Forest Floor Bedding 8 Dry Quarts,Zoo Med,097612780086,Reptiles,,,,2.00,$13.64
Zoo Med Eco Earth 8QT,Zoo Med,097612790085,Reptiles,,,,3.00,$11.54
Zoo Med Eco Earth Brick Nation 1lb,,097612790108,Reptiles,,,,4.00,$7.63
Happy Jack Pad Kote,Happy,023851010547,Healthcare,,,,1.00,$13.64
Happy Jack Xylecide,Happy,023851013241,Healthcare,,,,2.00,$17.84
Happy Jack Kennel Dip Ii Happy,,023851010455,Healthcare,,,,3.00,$29.39
Happy Jack Mange Medicine,Happy,023851010431,Healthcare,,,,2.00,$19.94
Flys Off Spray 6oz,Farnam,039079091404,Healthcare,,,,1.00,$17.84
Pet Honesty Multivitamin 10in1,Pet Honesty,850005524069,Healthcare,,,,1.00,$38.84
Pet Honesty Hemp Calming Max 9,Pet Honesty,850005524489,Healthcare,,,,2.00,$44.09
Pet Honesty Hemp Calming,Pet Honesty,850005524021,Healthcare,,,,3.00,$39.89
Pet Honesty Hip+joint Health M,Pet Honesty,850005524878,Healthcare,,,,2.00,$56.69
Pet Honesty Allergy Support Pe,Pet Honesty,850005524434,Healthcare,,,,3.00,$39.89
Zoo Med Wipe Out 1,Zoo Med,097612810080,Reptiles,,,,3.00,$9.44
Durvet Naturals Deo Shampoo,Durvet,745801511026,Healthcare,,,,0.00,$11.54
Durvet Medicated Antimicrofun,Durvet,745801515109,Healthcare,,,,2.00,$11.54
Durvet Medicated Antimicrofung,Durvet,745801515048,Healthcare,,,,4.00,$20.99
Durvet Remedis Hot Spot Durvet Mist,,745801511194,Healthcare,,,,2.00,$10.49
Durvet Remedies Iodine Durvet Shampoo,,745801511064,Healthcare,,,,2.00,$15.74
Durvet Medicated Itch Spray,Durvet,745801515017,Healthcare,,,,2.00,$29.39
Petag Nurser Bottle 2oz PetAg,,020279998013,Accessories,,,,12.00,$3.27
Petag Nurser Bottle 4oz,PetAg,020279998044,Accessories,,,,7.00,$6.54
Petag Esbilac Milk,PetAg,020279998129,Accessories,,,,0.00,$8.73
Petag Esbilac 2nd Step Powder,PetAg,020279997016,Accessories,,,,2.00,$26.24
Petag Goats Milk Esbilac Milk,PetAg,020279994817,Accessories,,,,1.00,$11.54
Grizzly Omega Salmon 16oz,Grizzly Pet Products,835953003118,Healthcare,,,,0.00,$31.49
Grizzly Omega Salmon 8oz,Grizzly Pet Products,835953000117,Healthcare,,,,3.00,$22.04
Zoo Med Repti Rapids LED Water,Zoo Med,097612910216,Reptiles,,,,1.00,$78.74
Nutri-vet Asprin,Nutri-Vet,69125024416,Healthcare,,,,0.00,$24.14
Naturvet Vitapet Puppy Daily V,NaturVet,797801030205,Healthcare,,,,2.00,$16.79
Naturvet Cardiovascular Suppor,NaturVet,797801048439,Healthcare,,,,0.00,$31.49
Naturvet Digestive Enzymes Pow,NaturVet,797801036603,Healthcare,,,,3.00,$28.34
Naturvet Probiotic & Enzymes P,NaturVet,797801048309,Healthcare,,,,2.00,$31.49
Naturvet Probiotic & Enzymes 7,NaturVet,797801037020,Healthcare,,,,0.00,$22.04
Naturvet Digestive Enzymes,NaturVet,797801036450,Healthcare,,,,0.00,$23.09
Naturvet No Scoot,NaturVet,797801036979,Healthcare,,,,1.00,$15.74
Naturvet No Toot,NaturVet,797801036726,Healthcare,,,,0.00,$11.54
Naturvet Stool Ease,NaturVet,797801036382,Healthcare,,,,1.00,$20.99
Naturvet Calcium- phosphorus Po,NaturVet,797801048200,Healthcare,,,,1.00,$27.29
Freshbreathe Solution 16oz,Tropiclean,645095001015,Healthcare,,,,2.00,$13.64
Zoo Med Reptirapid Skul Medium,Zoo Med,097612910278,Reptiles,,,,1.00,$97.64
Freshbreathe Hip & Joint 16oz,Tropiclean,645095001541,Healthcare,,,,1.00,$14.69
Freshbreathe Support Skin Heal,Tropiclean,645095001848,Healthcare,,,,1.00,$19.94
Freshbreathe Oral Foam,Tropiclean,645095001022,Healthcare,,,,2.00,$11.54
Repti Rock XL Water Dish Zoo Med,,097612920505,Reptiles,,,,3.00,$31.49
Freshbreathe Drops,Tropiclean,645095001978,Healthcare,,,,-1.00,$11.54
Nylabone Oral Care Dental Spra,Nylabone,018214828075,Healthcare,,,,0.00,$12.59
Nylabone Oral Care Foaming Trt,Nylabone,018214828051,Healthcare,,,,2.00,$14.69
Naturvet Hemp Quiet Moments Ch,NaturVet,797801059312,Healthcare,,,,1.00,$22.04
Naturvet Hemp Queit Moments Oi,NaturVet,797801059350,Healthcare,,,,3.00,$17.84
Naturvet Aller-911 Anti Lick Spray,NaturVet,797801048071,Healthcare,,,,0.00,$12.59
Naturvet Aller-911 Hot Spot Fo,NaturVet,797801048040,Healthcare,,,,0.00,$13.64
Naturvet Bitter Yuck 16fl oz,NaturVet,797801090025,Healthcare,,,,1.00,$15.74
Naturvet Bitter Yuck 8oz,NaturVet,797801090001,Healthcare,,,,2.00,$12.59
Naturvet Pet Electrolyte,NaturVet,797801070027,Healthcare,,,,1.00,$18.89
Zoo Med Repti Rock Food Zilla Dish Medium,,097612921304,Reptiles,,,,1.00,$6.54
Naturvet Aller-911 Allergy NaturVet Che,,797801036900,Healthcare,,,,2.00,$20.99
Naturvet Quiet Moments NaturVet,,797801036955,Healthcare,,,,-2.00,$20.99
Zoo Med Repti Rock Food Zoo Med Dish Large,,097612921403,Reptiles,,,,1.00,$15.74
Vetrx Dog & Puppy Aid,Goodwinol,046938070012,Healthcare,,,,3.00,$15.74
"Nt Canine Hotspot,Wounds,Ears",Nutri-Vet,728028098501,Healthcare,,,,1.00,$15.74
Zymox Topical Spray,Zymox,667334229042,Healthcare,,,,0.00,$19.94
Zymox Topical Cream,Zymox,667334229059,Healthcare,,,,2.00,$19.94
Naturvet Anti-diarrhea 8oz NaturVet,,797801001656,Healthcare,,,,2.00,$18.89
Sulfodene Hotspot Medicated Sp,Sulfodene,039079001878,Healthcare,,,,-2.00,$9.44
Sulfodene 3 Way Ointment,Sulfodene,039079024570,Healthcare,,,,6.00,$11.54
Animed Shed Med 32oz,AniMed,694244951701,Healthcare,,,,3.00,$24.14
Animed Muscle Up 16oz,AniMed,694244951466,Healthcare,,,,2.00,$27.29
Ultra Joint for Joint Pain 8oz,Ultr Oil,052369000092,Healthcare,,,,1.00,$28.34
Tomlyn High Calorie Gel Adult,Tomlyn,030521067862,Healthcare,,,,2.00,$24.14
Tomlyn High Calorie Gel Puppy,Tomlyn,030521067855,Healthcare,,,,2.00,$24.14
Brilliant Salmon Oil 8,Brilliant,707216010138,Healthcare,,,,2.00,$20.99
Naturvet Arthrisoothe-gold NaturVet 180,,797801034920,Healthcare,,,,0.00,$55.64
Naturvet Emotional Support Dai,NaturVet,797801602396,Healthcare,,,,1.00,$34.64
Repri Rock Food & Water Zoo Med Dishes,,097612923209,Reptiles,,,,2.00,$9.44
Petag Dyne 32oz,PetAg,020279205135,Healthcare,,,,0.00,$36.74
Petag Dyne 16 oz,PetAg,020279205104,Healthcare,,,,1.00,$24.14
Supergrow 100,Penn-Plax,030172041006,Healthcare,,,,0.00,$19.94
Canine Red Cell,Farnam,086621799028,Healthcare,,,,3.00,$22.04
Evolutions Natruvet Probiotic,NaturVet,797801603522,Healthcare,,,,0.00,$25.19
Evolutions Natruvet Anchovy Al,NaturVet,797801603485,Healthcare,,,,1.00,$20.99
Evolutions Natruvet Advanced A,NaturVet,797801603461,Healthcare,,,,-1.00,$28.34
Pierce's Nu-stock,Pierce's,856162000019,Healthcare,,,,3.00,$37.79
Ranch Remedy Topical First Aid,Ranch Remedy,860002290423,Healthcare,,,,4.00,$31.49
Banixx Paw Wipes,Banixx,97227002333,Healthcare,,,,0.00,$23.09
Banixx Spray 32 oz,Banixx,897227002012,Healthcare,,,,1.00,$52.49
Banixx Spray 8oz,Banixx,897227002036,Healthcare,,,,1.00,$28.34
Bannixx Shampoo,Banixx,897227002104,Healthcare,,,,2.00,$34.64
Banixx Wound Care Cream 8oz,Banixx,897227002142,Healthcare,,,,2.00,$36.74
Bannixx Wound Care Cream 4oz,Banixx,897227002173,Healthcare,,,,4.00,$22.04
Veterricyn Antimicrobial Hot S,Spot,818582011952,Healthcare,,,,2.00,$27.29
Vetericyn Antimicrobial Ear Ri,Vetericyn,818582011969,Healthcare,,,,2.00,$24.14
Vetericyn Anitmicrobial Eye Wa,Vetericyn,818582011976,Healthcare,,,,3.00,$23.09
Vetericyn Pet Eye Gel 3oz Vetericyn,,818582010238,Healthcare,,,,3.00,$31.49
Vetericyn Antimicrobial Dressi,Vetericyn,018582010405,Healthcare,,,,0.00,$30.44
Vetericyn Antimicrobial Wound,Vetericyn,852009002017,Healthcare,,,,2.00,$34.64
Durvet Chlorhexidine Solution,Durvet,745801102583,Healthcare,,,,3.00,$10.49
Natures Miracle Laundry Boost,Nature's Miracle,018065984548,Accessories,,,,2.00,$14.69
Natures Miracle Ultra Disinfec,Nature's Miracle,018065054500,Accessories,,,,1.00,$10.49
Repti Rock Food & Water Zoo Med Dish M,,097612923308,Reptiles,,,,2.00,$19.94
Nature's Miracle Stain & Nature's Odor,Miracle,018065969668,Accessories,,,,3.00,$14.69
Nature's Miracle Hard Floor Cl,Nature's Miracle,018065984814,Accessories,,,,2.00,$15.74
Nature's Miracle Oxy Set Nature's in St,Miracle,018065981721,Accessories,,,,3.00,$16.79
Nature's Miracle Advanced Stai,Nature's Miracle,018065969873,Accessories,,,,2.00,$17.84
Nature's Miracle Skunk Remover,Nature's Miracle,018065984203,Healthcare,,,,5.00,$15.74
Skout's Honor Carpet Machine S,Skout's Honor,856713005302,Accessories,,,,1.00,$26.24
Perfect Coat Unscented Perfect Shamp,Coat,026851872115,Healthcare,,,,0.00,$10.49
Weeaway Odor Fogger Mint Green,Wee-Away,850024364356,Accessories,,,,3.00,$15.74
Weeaway Odor Fogger Hawain Bre,Wee-Away,850024364332,Accessories,,,,0.00,$15.74
Weeaway Odor Fogger Cm,Wee-Away,850024364103,Accessories,,,,6.00,$15.74
Weeaway Skunk Eliminator,Wee-Away,852896006969,Healthcare,,,,2.00,$26.24
Weeaway Laundry Booster,Wee-Away,850024364462,Accessories,,,,0.00,$26.24
Weeaway Carpet Shampoo,Wee-Away,856893007288,Healthcare,,,,3.00,$34.64
Tropiclean Essentials Shea But,Tropiclean,645095004214,Accessories,,,,0.00,$14.69
Tropiclean Essentials Jojoba S,Tropiclean,645095004184,Healthcare,,,,1.00,$13.64
Tropiclean Medicated Itch Tropiclean,,645095202160,Accessories,,,,2.00,$13.64
Tropicleanoxymed Pawpad Lotion,Tropiclean,645095004092,Healthcare,,,,1.00,$10.49
Tropicleanoxymed Medicated,Tropiclean,645095003323,Healthcare,,,,2.00,$15.74
Repti Rock Food & Water Zoo Med dishes,,097612923407,Reptiles,,,,0.00,$31.49
Tropiclean Oxymed Medicated Oatmeal,Tropiclean,645095003330,Healthcare,,,,6.00,$15.74
Zoo Med Glow Bowl Small,Zoo Med,097612923605,Reptiles,,,,2.00,$13.64
Tropiclean Perfect Fur Tangle,Tropiclean,645095000124,Healthcare,,,,0.00,$12.59
Furminator Deshed Foam Furminator Compact,,811794933913,Healthcare,,,,2.00,$17.84
Furminator Senstive Skin Furminator Shamp,,81179493319,Healthcare,,,,0.00,$12.59
Furminator Deshedding Sensitiv,Furminator,811794933203,Healthcare,,,,1.00,$15.74
Zoo Med Glow Bowls Medium,Zoo Med,097612923612,Reptiles,,,,1.00,$13.64
Fresh N Clean Creme Rinse,PetAg,071860225865,Accessories,,,,1.00,$16.79
Fresh N clean Scented Shampoo,PetAg,071860225841,Healthcare,,,,2.00,$16.79
Fresh N Clean Oat Baking PetAg Soda,,071860224721,Healthcare,,,,1.00,$14.69
Bio-Groom Waterless Bath,Bio Groom,021653204089,Healthcare,,,,0.00,$12.59
Zymox Advance Enzymatic Condit,Zymox,667334229158,Healthcare,,,,3.00,$20.99
Zymox Leave on Conditioner,Zymox,667334229035,Healthcare,,,,0.00,$20.99
Zymox Shampoo,Zymox,667334229028,Healthcare,,,,0.00,$22.04
Nature's Miracle Puppy Cotton,Nature's Miracle,018065284143,Healthcare,,,,3.00,$12.59
Nature's Miracle Hypoallergeni,Nature's Miracle,018065284112,Healthcare,,,,2.00,$12.59
Nature's Miracle Stain & Nature's Oder,Miracle,018065969620,Healthcare,,,,2.00,$14.69
Nature's Miracle Freshing Nature's Spra,Miracle,018065984685,Healthcare,,,,1.00,$15.74
Nature's Miracle Skunk Lavende,Nature's Miracle,018065984227,Healthcare,,,,1.00,$17.84
Tropiclean Skunk Shampoo,Tropiclean,645095008281,Healthcare,,,,2.00,$14.69
Spa Lavish Renew Shampoo,Tropiclean,645095700239,Healthcare,,,,1.00,$15.74
Spa Lavish White Coat Shampoo,Tropiclean,645095700611,Healthcare,,,,2.00,$15.74
Spa Lavish for Him Shampoo,Tropiclean,645095700550,Healthcare,,,,2.00,$15.74
Naturvet Tear Stain Remover,NaturVet,797801038140,Healthcare,,,,1.00,$8.73
Healthy Promise Eye wipes,Four Paws,045663976248,Healthcare,,,,3.00,$15.74
Zoo Med Glow Bowls Large,Bionic,097612923629,Reptiles,,,,1.00,$28.34
Veterinary Formula Ear Therapy,Veterinary Formula,736990014788,Healthcare,,,,2.00,$17.84
Bio-Groom Ear Mite Treatment 4,Bio Groom,021653140042,Healthcare,,,,1.00,$17.84
Probiotic Ear Cleaner Cat Skout's Honor,,810053870921,Healthcare,,,,2.00,$12.59
Tropiclean Dual Action Ear Cle,Tropiclean,645095410022,Healthcare,,,,0.00,$11.54
Healthy Promise Ear wash 4oz,Four Paws,045663017347,Healthcare,,,,2.00,$11.54
Naturvet Ear Wash,NaturVet,797801038003,Healthcare,,,,3.00,$12.59
Repti Ramp Bowl XL,Zoo Med,097612924121,Reptiles,,,,1.00,$45.14
Tropiclean Refreshing 2in1 Watermelon,Tropiclean,645095006133,Healthcare,,,,2.00,$15.74
Tropiclean Pineapple Spray,Tropiclean,645095160026,Healthcare,,,,4.00,$15.74
Tropiclean Watermelon Spray,Tropiclean,645095006157,Healthcare,,,,1.00,$13.64
Tropiclean Deep Cleansing Mango Kiwi Shampoo,Tropiclean,645095006850,Healthcare,,,,3.00,$15.74
Tropiclean Mango Kiwi Deoderizing Spray,Tropiclean,645095006881,Healthcare,,,,2.00,$13.64
Tropiclean Moisturizing Condit,Tropiclean,645095202122,Healthcare,,,,3.00,$13.64
Repti Rock Corner Bowl Large,Zoo Med,097612925401,Reptiles,,,,2.00,$26.24
Repti Rock Corner Bowl XL,Zoo Med,097612925500,Reptiles,,,,2.00,$52.49
Tropiclean Lime & Coconutnut S,Tropiclean,45095160026,Healthcare,,,,0.00,$11.54
Tropiclean Shed Control,Tropiclean,645095202443,Healthcare,,,,1.00,$13.64
Tropiclean Waterless Papaya & Coconut,Tropiclean,645095869080,Healthcare,,,,1.00,$13.64
Tropiclean Berry Breeze Spray,Tropiclean,645095861312,Healthcare,,,,0.00,$11.54
Tropiclean Deep Cleansing Berr,Tropiclean,645095869011,Healthcare,,,,2.00,$13.64
Zoo Med Reptifogger,Zoo Med,097612950151,Reptiles,,,,2.00,$104.99
Tropiclean Whitening,Tropiclean,645095202177,Healthcare,,,,3.00,$15.74
Zoo Med Repti Tuff Halogen 90W,Zoo Med,097612980905,Reptiles,,,,1.00,$18.89
Tropiclean Flea & Tickk Relief,Tropiclean,645095202115,Accessories,,,,0.00,$13.64
Skouts Honor Flea Home Skout's Spray,Honor,10053870426,Healthcare,,,,0.00,$20.99
Valhoma Spike 26 Pr Collar,Valhoma And Collars,1083820165,Leashes And Collars,,,,0.00,$31.99
Tropiclean Hypoallergenic Tropiclean Wipe,,645095010093,Healthcare,,,,3.00,$13.64
Exo Terra Calcium 3.2 oz,Exo Terra,1556121851,Reptiles,,,,0.00,$5.45
Exo Terra Calcium 15.9 oz,Exo Terra,1556121852,Reptiles,,,,0.00,$12.59
Bio-Groom Natural Scent Bio Groom Tuscan,,021653282087,Accessories,,,,3.00,$17.84
Bio-Groom Natural Scent Bio Groom Desert,,021653573086,Accessories,,,,3.00,$23.09
Bio-Groom Natural Scent Bio Groom Desert,,021653284081,Accessories,,,,2.00,$17.84
Bio-Groom Natural Scent Bio Groom Lemong,,021653281080,Accessories,,,,2.00,$19.94
Bio-Groom Natural Scent Bio Groom Pink J,,021653283084,Accessories,,,,2.00,$18.89
Espree 2in1 Simple Soothe,Espree,748406003996,Healthcare,,,,-1.00,$13.64
Wash Away Simply Clean Tropiclean Shamp,,850024364660,Healthcare,,,,1.00,$15.74
Wash Away Lemon Verbena Shamp,Tropiclean,850024364721,Healthcare,,,,-1.00,$15.74
Wash Away Green Tea Shamp,Tropiclean,850024364684,Healthcare,,,,4.00,$15.74
Petcrest Lucky Puppy,PetCrest,784099029103,Accessories,,,,0.00,$12.59
Petcrest Brighten,PetCrest,784099029141,Accessories,,,,0.00,$14.69
Petcrest Shed Control,PetCrest,784099029127,Healthcare,,,,-1.00,$14.69
Exo Terra Heatwave Rock Exo Terra Small,,15561220040,Reptiles,,,,0.00,$40.94
NutriSource Little Bites Nutrisource Grain,,15561221931,Dog Treats None Purple,6,oz,,0.00,$7.63
Magiccoat Prof Series Oats She,Four Paws,045663976040,Healthcare,,,,0.00,$15.74
Magic Coat Reduces Shedding,Four Paws,045663976446,Healthcare,,,,4.00,$11.54
Magic Coat Reduces Odor,Four Paws,045663976408,Healthcare,,,,2.00,$9.44
Exo Terra Hygrometer,Exo Terra,15561224666,Reptiles,,,,0.00,$8.73
Exo Terra Mini/Max Hygrometer,Exo Terra,15561224772,Reptiles,,,,0.00,$35.69
Bark2basics Citrus Plus s,Bark2Basic,745855840011,Accessories,,,,0.00,$20.99
Skout's Honor Prebiotic Pet Ba,Skout's Honor,850004314616,Healthcare,,,,2.00,$19.94
Skout's Honor Probiotic Paw Sp,Skout's Honor,810053870556,Healthcare,,,,2.00,$17.84
Skout's Honor Skunk Odor Elimi,Skout's Honor,856713005289,Healthcare,,,,1.00,$13.64
Skout's Honor Probiotic Deodor,Skout's Honor,850004314487,Healthcare,,,,3.00,$15.74
Skout's Honor Probiotic Itch S,Skout's Honor,850004314746,Healthcare,,,,1.00,$17.84
Skout's Honor Probiotic Itch R,Skout's Honor,810053870853,Healthcare,,,,1.00,$24.14
Skout's Honor Probiotic Deodor,Skout's Honor,856713005388,Healthcare,,,,2.00,$17.84
Exo Terra Large Wide,Exo Terra,15561226134,Reptiles,,,,0.00,$330.74
Skouts Honor Probiotic Shampoo,Skout's Honor,810053870693,Healthcare,,,,2.00,$24.14
Skout's honor Probiotic Puppy,Skout's Honor,810053870624,Healthcare,,,,3.00,$15.74
Skout's honor Probiotic Puppy,Skout's Honor,810053870617,Healthcare,,,,3.00,$24.14
Bio-Groom Ear care Ear Cleaner,Bio Groom,021653518049,Healthcare,,,,4.00,$12.59
Bio-Groom Ear fresh Ear Powder,Bio Groom,021653516243,Healthcare,,,,3.00,$11.54
Tropiclean Essentials Jojoba S,Tropiclean,645095004245,Healthcare,,,,0.00,$15.74
Bio-Groom Groom Fresh Cologne,Bio Groom,021653513082,Healthcare,,,,3.00,$17.84
Ck-9 Cologne 4oz,Ethical Pet,653373000728,Healthcare,,,,6.00,$23.09
Beautifur Cologne,Beautifur,653373021310,Healthcare,,,,0.00,$16.79
Doggy Bahama Orange 4oz,Coastal Pet,653373805002,Accessories,,,,3.00,$20.99
Doggy Bahama Pink 4oz,Coastal Pet,653373806009,Accessories,,,,6.00,$20.99
Timmy Holedigger 4oz,Penn-Plax,653373000643,Accessories,,,,1.00,$20.99
Espress Calming Waters,Espree,748406003330,Healthcare,,,,-1.00,$11.54
Earthbath Stress Release Earthbath Sprit,,602644022020,Healthcare,,,,1.00,$15.74
Top performance Fresh Pet 8oz,Freshpet,721343865803,Accessories,,,,4.00,$17.84
Aromacare Chamomile l Pet Products,Professiona,042955009752,Accessories,,,,-1.00,$11.54
Aromacare Calmin Lavender Products,Professiona l Pet,042955009554,Accessories,,,,-1.00,$11.54
Salon Scents Blueberry Pie 8oz,Salon Scents,745858525335,Accessories,,,,4.00,$23.09
Salon Scents Citrus & Pomegran,Salon Scents,745855817013,Accessories,,,,5.00,$20.99
Spa Lavish for Him 8oz,Tropiclean,645095700574,Healthcare,,,,2.00,$13.64
Freshnclean Cologne Spray Flor,PetAg,071860215712,Healthcare,,,,2.00,$18.89
Freshnclean Cologne Spray Bbyp,PetAg,071860216023,Healthcare,,,,2.00,$17.84
Happy Beaks the Voyager Happy,,644472000610,Accessories,,,,0.00,$59.84
Avain Breeder Large Bird ZuPreem,,762177796000,Accessories,,,,2.00,$176.39
Wild Bird 20 Lbs Supplies,Kaytee,729641000551,Bird,,,,7.00,$26.24
Nylabone Blue Wishbone Nylabone,,1556122620,Toys,,,,0.00,$6.54
Sweet Harvest Cockatiel 20lbs,Kaylor Supplies,720101105205,Bird,,,,2.00,$104.99
Sweet Harvest Parakeet 20lbs,Kaylor Supplies,720101103201,Bird,,,,1.00,$64.04
Safflower Gold Parrot 25lbs,Safflower Supplies,046706251315,Bird,,,,1.00,$104.99
Safflower Gold Conure & Cockat,Safflower Supplies,046706251254,Bird,,,,1.00,$88.19
Vitaseed Caliblend 25lbs Supplies,Vitakraft,046706210053,Bird,,,,0.00,$92.39
Birdlife Gravel Paper 15.5''x15.5'',Birdlife Supplies,030172005107,Bird,,,,2.00,$9.44
Birdlife Gravel Paper 9x12 Birdlife Supplies,,030172902918,Bird,,,,2.00,$7.63
Birdlife Gravel Paper 9.5''x15'',Birdlife Supplies,030172902925,Bird,,,,3.00,$7.63
Birdlife Gravel Paper11x17,Birdlife Supplies,030172902932,Bird,,,,2.00,$6.54
Living World Gravel Paper Living World,Animal,080605802858,Small,,,,3.00,$9.44
Naturals Cocobed Fibers Prevue 2.5lbs,Supplies,048081001080,Bird,,,,1.00,$31.49
JW Pet Bird Bath Supplies,JW Pet,618940313175,Bird,,,,1.00,$15.74
Penplax Bird Bath Supplies,Penn-Plax,030172080616,Bird,,,,0.00,$11.54
Prevue Hendrix Nesting Box,Prevue Supplies,048081111024,Bird,,,,0.00,$15.74
Ware Keet Nesting Box Supplies,Ware,791611015742,Bird,,,,0.00,$27.29
Ware Cockatiel Nest Box Ware Supplies,,791611015766,Bird,,,,1.00,$57.74
Exo Terra Screen Cover 30gal,Exo Terra,15561227155,Reptiles,,,,0.00,$27.29
Exo Terra Water Dish Large,Exo Terra,15561228039,Reptiles,,,,0.00,$19.94
Cozy Cotton Nesting Material,Lixit Supplies,644472008128,Bird,,,,1.00,$3.27
Exo Terra Trex Skull,Exo Terra,15561228565,Reptiles,,,,0.00,$25.19
Ezfill Feeder Bird Supplies,Penn-Plax,030172902284,Bird,,,,2.00,$4.36
Small Bird Nest Happy Beaks,Happy Supplies,644472008036,Bird,,,,2.00,$5.45
Aqualife Thermal Temp,Aqualife,15561229890,Aquatics,,,,0.00,$4.36
Living World Canary Nest Living World,Supplies,080605820005,Bird,,,,1.00,$3.27
Living World Finch Nest Living World,Supplies,080605820029,Bird,,,,1.00,$8.73
Exo Terra Large Low,Exo Terra,15561230216,Reptiles,,,,0.00,$209.99
Prevue Large Cage Supplies,Prevue,048081500415,Bird,,,,1.00,$83.99
Tall Flight Cage Supplies,Prevue,048081426241,Bird,,,,0.00,$125.99
Prevue House Style Tiel Cage,Prevue Supplies,048081416150,Bird,,,,0.00,$125.99
Exo Terra Medium Wide,Exo Terra,15561230766,Reptiles,,,,0.00,$209.99
Assorted Keet Cage Supplies,Prevue,048081980101,Bird,,,,1.00,$50.39
Prevue 18x18 Supplies,Prevue,048081018187,Bird,,,,5.00,$83.99
Prevue Flight Cage Supplies,Prevue,048081000618,Bird,,,,2.00,$48.29
Fruitables Bacon & Apple Fruitables,,15561237802,Dog Treats,,,,0.00,$7.63
Assorted Keet House Cage,Prevue Supplies,048081416143,Bird,,,,0.00,$57.74
Prevue Large Cage Supplies,Prevue,048081252512,Bird,,,,1.00,$157.49
Tetra Glo Gravel Black Lagoon,Tetra,180181002014,Aquatics,,,,0.00,$8.73
A & E Variety Bird Cage Co,A&E Cage Supplies,644472014600,Bird,,,,0.00,$27.29
A & E Assorted Bird Cage A&E Cage Co,Supplies,048081481185,Bird,,,,0.00,$26.24
Tuffy Mega,Tuffy,180181905339,Toys,,,,0.00,$27.29
Natures Miracle Bird Cage Clea,Nature's Supplies,18065984692,Bird,,,,0.00,$13.64
JW Pet Pet Pet Pet Tall Silo W,JW Pet Supplies,18940313014,Bird,,,,0.00,$8.73
Zupreem Fruitblend Parrot & Co,ZuPreem Supplies,762177830209,Bird,,,,3.00,$20.99
Zupreem Nutblend Parrot ZuPreem & Conu,Supplies,762177850306,Bird,,,,1.00,$31.49
Zupreem Natural Parrot & ZuPreem Conur,Supplies,762177932002,Bird,,,,2.00,$28.34
Skidstop Medium,JW Pet,18940632405,Accessories,,,,0.00,$12.59
Zupreem Naturals Medium Bird,ZuPreem Supplies,762177922003,Bird,,,,1.00,$22.04
Biothane Groom Flea Shampoo,Bio Groom,21653101128,Healthcare,,,,0.00,$13.64
Advantage Shampoo Cat Elanco,,24089792730,Healthcare,,,,0.00,$13.64
Zupreem Naturals 10lbs Supplies,ZuPreem,762177000138,Bird,,,,0.00,$73.49
Sunseed Vitaprima Canary & Fin,Sunseed Supplies,087535597649,Bird,,,,4.00,$15.74
Petmate Cafe Watr .25g,Petmate,29695244360,Accessories,,,,0.00,$12.59
Birdlife Calcium Perch Parakee,Birdlife,30172012938,Healthcare,,,,0.00,$8.73
Reptology Granite Stone Hideaw,Reptology,30172079887,Reptiles,,,,0.00,$31.49
Api 5 in 1 Test Strip 25 Test,API,317163070338,Aquatics,,,,2.00,$24.14
Kaytee Fiesta Conure Food,Kaytee Supplies,071859999029,Bird,,,,0.00,$33.59
Api Em Erthromycin,API,317163160558,Aquatics,,,,1.00,$24.14
Kaytee Fiesta Big Bird Supplies,Kaytee,071859949161,Bird,,,,3.00,$36.74
Safflower Gold Conure & Safflower Cockat,Supplies,046706301201,Bird,,,,6.00,$17.84
Kaytee Cockatiel Supplies,Kaytee,071859948706,Bird,,,,-1.00,$22.04
Kaytee Fiesta Cockatiel Supplies,Kaytee,071859426457,Bird,,,,0.00,$16.79
Kaytee Parrot Supplies,Kaytee,071859999005,Bird,,,,3.00,$32.54
Kaytee Parrot W Sunflower,Kaytee Supplies,071859948737,Bird,,,,2.00,$22.04
California Blend Parrot Supplies,Higgins,046706210039,Bird,,,,2.00,$24.14
Higgins Vitaseed Parrot Supplies,Higgins,046706210015,Bird,,,,6.00,$17.84
Higgins Sunburst Parrot Supplies,Higgins,046706302345,Bird,,,,0.00,$22.04
Safflowergold Parrot Gold,Safflower Supplies,046706301218,Bird,,,,5.00,$17.84
Higgins Vitaseed Cockateil,Higgins Supplies,046706210145,Bird,,,,6.00,$11.54
Sweet Harvest Cockatiel No Sun,Kaylor Supplies,720101105021,Bird,,,,1.00,$13.64
Sweet Harvest Cockatiel W Sunf,Kaylor Supplies,720101104024,Bird,,,,3.00,$13.64
Sweet Harvest Parakeet 4lbs Sweet Harvest Parakeet 2lbs,Kaylor $10.49,720101103041,Healthcare,,,,4.00,$15.74
Reptile System T5 Zone 1 Reptile 24w 2,9,344398117003,Reptiles,,,,0.00,$41.99
Higgins Vitaseed Parakeet,Higgins,046706210206,Healthcare,,,,2.00,$11.54
Higgins Intune Parakeet Higgins,,046706302451,Healthcare,,,,-1.00,$16.79
Sunseed Dove & Pigeon Diet,Sunseed Supplies,087535361516,Bird,,,,0.00,$18.89
Sunburst Blue 6' Leash 0,Sunburst And Collars,344398121023,Leashes And Collars,,,,0.00,$10.69
Adams Flea Spray,Adams,39079058971,Healthcare,,,,0.00,$29.39
Kaytee Lava Block Animal,Kaytee,44472002034,Small,,,,0.00,$4.36
Vitapol Mineral Block Supplies,Vitapol,44472017632,Bird,,,,0.00,$6.54
TropiClean Ntrl Flea & Tickk S,Tropiclean,45095202542,Accessories,,,,0.00,$13.64
Hagan Tropican Handfeeding For,Hagen,015561822596,Healthcare,,,,1.00,$12.59
Sunburst Fruit to Nuts Supplies,Sunburst,46706322503,Bird,,,,0.00,$5.45
Grannicks Bitter Apple,Grannick's,037685114623,Accessories,,,,1.00,$8.73
Hari Charcoal,Hagen,015561824590,Accessories,,,,2.00,$9.44
Hari Clay-cal Supplies,Hagen,080605803336,Bird,,,,2.00,$9.44
Hari Oyster Shells Supplies,Hagen,015561824606,Bird,,,,2.00,$5.45
Galapagos Walnut Bedding,Galapagos Supplies,759834050742,Bird,,,,0.00,$19.94
Kaytee High Calcium Grit Kaytee Supplies,,071859942704,Bird,,,,1.00,$7.63
Kaytee Kay-kob Litter Supplies,Kaytee,071859005324,Bird,,,,3.00,$14.69
Birdlife Natur Weave Kabob Lar,Birdlife Supplies,030172077838,Bird,,,,1.00,$24.14
Birdlife Natural Kabob Supplies,Birdlife,030172088285,Bird,,,,1.00,$35.69
Happy Beaks Rainbow Blocks,Happy Supplies,644472012828,Bird,,,,6.00,$22.04
Playfuls Voracious Supplies,Playfuls,048081624708,Bird,,,,1.00,$39.89
Playfuls Fluff & Stuff Supplies,Playfuls,048081624722,Bird,,,,1.00,$62.99
Happybeaks Hanging Blocks Medi,A&E Cage Supplies,644472991208,Bird,,,,0.00,$46.19
Playfuls Slice of Life Supplies,Playfuls,048081609583,Bird,,,,0.00,$18.89
Repto Treat Turtle,Reptology,46798162537,Reptiles,,,,0.00,$6.54
Birdlife Weave Kabob Supplies,Birdlife,030172080432,Bird,,,,2.00,$20.99
Spectrastone Mini Black Spectraston Lag 5l,e,47497269237,Aquatics,,,,0.00,$8.73
Playfuls Wizard Supplies,Playfuls,048081609620,Bird,,,,1.00,$29.39
Happybeaks Hanging Blocks Larg,A&E Cage Supplies,644472990621,Bird,,,,0.00,$57.74
Playfuls Tower Supplies,Playfuls,048081609606,Bird,,,,0.00,$22.04
Prevue Hendrix Bodacious Bites,Prevue Supplies,048081609446,Bird,,,,1.00,$41.99
Playfuls Banquet Supplies,Playfuls,048081624753,Bird,,,,1.00,$26.24
Smartplay Stacker Supplies,Hagen,080605810273,Bird,,,,-1.00,$20.99
Birdlife Combo Kabob Medium,Birdlife Supplies,030172013508,Bird,,,,0.00,$26.24
Smartplay Hanging Rings Hagen Supplies,,080605810143,Bird,,,,0.00,$16.79
Happybeaks Ball Hanging A&E Cage Co,Supplies,644472014228,Bird,,,,0.00,$30.44
Playfuls Explosion Supplies,Playfuls,048081623763,Bird,,,,0.00,$36.74
Playfuls Though Puff Supplies,Playfuls,048081623756,Bird,,,,0.00,$27.29
Happybeaks Abc Hanging A&E Cage Blocks,Supplies,644472990942,Bird,,,,0.00,$24.14
Playfuls Krusty Crown Supplies,Playfuls,048081624630,Bird,,,,0.00,$10.49
Playfuls Club,Prevue,04808162606,Toys,,,,0.00,$17.84
Happybeaks Stacked Blocks,A&E Cage Supplies,644472990935,Bird,,,,1.00,$32.54
Birdlife Hanging Platform Birdlife Supplies,,030172098871,Bird,,,,1.00,$22.04
Playfuls Maitai Supplies,Playfuls,048081621844,Bird,,,,2.00,$12.59
Birdlife Shaggy Kabob Supplies,Birdlife,030172026003,Bird,,,,-1.00,$19.94
Happybeaks Big Cirlce and Bloc,A&E Cage Supplies,644472017878,Bird,,,,2.00,$30.44
Prevue Hendrix Cage Saver,Prevue Supplies,48081001097,Bird,,,,0.00,$4.36
Birdlife Leather Kabob Supplies,Birdlife,030172025990,Bird,,,,2.00,$29.39
Prevue Hendrix Bodacious Bites,Prevue Supplies,048081619247,Bird,,,,2.00,$22.04
Smart Play Tower Supplies,Catit,080605810235,Bird,,,,1.00,$25.19
Playfuls Mojioto Supplies,Playfuls,048081625040,Bird,,,,2.00,$8.73
Playfuls Flower Supplies,Playfuls,048081623480,Bird,,,,2.00,$7.63
Prevue Hendrix Medium Seed Cat,Prevue Supplies,48081008218,Bird,,,,0.00,$9.44
Prevue Hendrix Natural Doublec,Prevue Supplies,048081628188,Bird,,,,0.00,$24.14
Smartplay Coconut Supplies,Hagen,080605810129,Bird,,,,0.00,$18.89
Pangea Medium Humid Hide,Pangea,50005832560,Reptiles,,,,0.00,$13.64
Prevue Hendrix Naturals Cocohi,Prevue Supplies,048081628027,Bird,,,,1.00,$15.74
Playfuls Jellyfish Supplies,Playfuls,048081626719,Bird,,,,2.00,$17.84
Playfuls Preening Wheel Supplies,Playfuls,048081602485,Bird,,,,2.00,$11.54
Playfuls Helicopter Supplies,Playfuls,048081623473,Bird,,,,0.00,$7.63
Pangea Ecodish Mossy Pine,Pangea,5000583287,Reptiles,,,,0.00,$11.54
Birdlife Fruit Kabob Small Birdlife Supplies,,030172000423,Bird,,,,2.00,$12.59
Prevue Hendrix Naturals Crown,Prevue Supplies,048081625576,Bird,,,,2.00,$7.63
Playfuls Barn Dance Supplies,Playfuls,048081626757,Bird,,,,2.00,$10.49
Playfuls Buffet Supplies,Playfuls,048081609354,Bird,,,,1.00,$9.44
Playfuls Volcano Flower Supplies,Playfuls,048081602379,Bird,,,,3.00,$8.73
Weeaway Flea Spray,Wee-Away,50024364318,Accessories,,,,0.00,$26.24
Playfuls Accordian Crinkle Playfuls Supplies,,048081625170,Bird,,,,2.00,$8.73
Birdlife Coconut with Ladder,Birdlife Supplies,30172080104,Bird,,,,0.00,$19.94
Valhoma Spike 26 Black Valhoma Collar,And Collars,5003967285,Leashes And Collars,,,,0.00,$31.99
Playfuls Club Supplies,Playfuls,048081626061,Bird,,,,3.00,$16.79
Birdlife Combo Kabob Small,Birdlife Supplies,030172013485,Bird,,,,2.00,$11.54
"Playfuls ""wailua Falls Mobile""",Playfuls Supplies,048081602393,Bird,,,,-2.00,$9.44
Birdlife Kabob Toy Supplies,Birdlife,030172013454,Bird,,,,0.00,$14.69
"Playfuls Sound & Move""spindles",Playfuls Supplies,048081624838,Bird,,,,6.99,$7.63
"Playfuls Sound & Move ""rope &",Playfuls Supplies,048081626030,Bird,,,,2.00,$11.54
"Playfuls Preen & Pacify ""miner",Playfuls Supplies,48081624784,Bird,,,,0.00,$20.99
JW Double Axis Animal,Marshall,618940310013,Small,,,,1.00,$7.63
Smartplay Bird Toy Supplies,Hagen,080605810044,Bird,,,,2.00,$10.49
"Playfuls Preen & Pacify ""shell",Playfuls Supplies,048081625057,Bird,,,,0.00,$5.45
Happy Beaks Rope Swing Happy W Frays,Supplies,644472990645,Bird,,,,0.00,$14.69
"Playfuls Sound & Move ""monsoon",Playfuls Supplies,048081621561,Bird,,,,2.00,$15.74
Bird Toy Supplies,Prevue,618940310303,Bird,,,,1.00,$7.63
Prevue Hendrix Wood Corner She,Prevue Supplies,048081033005,Bird,,,,-1.00,$10.49
Prevue Hendrix Forage & Prevue Engage,Supplies,048081033012,Bird,,,,0.00,$11.54
Bird Toy Supplies,Prevue,618940310372,Bird,,,,1.00,$9.44
Birdlife Activity Center Birdlife Small,Supplies,030172023675,Bird,,,,1.00,$33.59
JW T Sand Perch Supplies,Marineland,618940312161,Bird,,,,2.00,$8.73
Prevue Hendrix Naturals Rope L,Prevue,048081628065,Toys,,,,0.00,$9.44
Happy Beaks Wood Bridge,Happy Supplies,644472117653,Bird,,,,0.00,$13.64
Clean Waterer Supplies,Prevue,618940313007,Bird,,,,2.00,$7.63
Birdlife Toy Purse Supplies,Birdlife,030172095788,Bird,,,,2.00,$9.44
Prevue Hendrix Snuggle Hut Med,Prevue Supplies,048081011645,Bird,,,,1.00,$11.54
Prevue Hendrix Snuggle Huts Sm,Prevue Supplies,048081111635,Bird,,,,0.00,$9.44
Prevue Hendrix Cozy Corner Lar,Prevue Supplies,048081311622,Bird,,,,-1.00,$6.54
In Sight Clean Cupn Feeder,Supplies,618940313083,Bird,,,,3.00,$9.44
Happy Beaks Tent Supplies,Happy,644472000542,Bird,,,,0.00,$11.54
Happy Beaks Snuggle Sacklg,Happy Supplies,644472001846,Bird,,,,0.00,$15.74
Happy Beaks Snuggle Sack Mediu,Happy Supplies,644472001853,Bird,,,,0.00,$13.64
Snuggle Sack Small Purple,Prevue Supplies,048081111673,Bird,,,,1.00,$8.73
"Aqualife Plant Scapes 14"" Aqualife",,618940313090,Aquatics,,,,0.00,$17.84
"Aqualife Plant Scapes 10"" Aqualife",,618940313113,Aquatics,,,,0.00,$14.69
Birdlife Wooden Swing Medium,Birdlife Supplies,030172902192,Bird,,,,4.00,$9.44
JW Pet Sand Perch Small JW Pet Supplies,,618940312000,Bird,,,,2.00,$8.73
Kong Pet Stix Med,Kong,035585035239,Toys,,,,1.00,$12.59
JW Cuttlebone Holder Supplies,,618940313137,Bird,,,,2.00,$8.73
"Playful Forage & Engage ""rainc",Penn-Plax Supplies,030172082894,Bird,,,,0.00,$7.63
"Playfuls Phys & Mental""Tug of",Playfuls Supplies,048081626153,Bird,,,,2.00,$7.63
"Playfuls Phys & Mental ""sassy""",Playfuls Supplies,048081609514,Bird,,,,2.00,$8.73
Greenies Pllpckt Chicken Cap 1,Greenies,642863104107,Dog Treats,,,,2.00,$25.19
Wacky Wood Large Swing,Prevue Supplies,048081626818,Bird,,,,1.00,$26.24
Pill Pockets L Cap Peanut Greenies Butter,,642863111297,Dog Treats,,,,2.00,$23.09
Birdie Basics Lantern Mirror,Prevue Supplies,048081604205,Bird,,,,4.00,$5.45
Birdlife Geo-balls with Bell Birdlife Supplies,,030172082795,Bird,,,,0.00,$3.27
Birdlife Mirror with Beads Birdlife Supplies,,030172902482,Bird,,,,4.00,$4.36
Birdlife Swingwmirrorand Birdlife Spinn,Supplies,030172082764,Bird,,,,4.00,$3.27
Birdlife Bird Bath W Mirror Birdlife Supplies,,030172902543,Bird,,,,4.00,$4.36
Birdlife Landing Perch W Mirro,Birdlife Supplies,030172906183,Bird,,,,4.00,$6.54
Birdlife Small Bird Play Supplies,Birdlife,030172902505,Bird,,,,1.00,$4.36
Greenies Anytime Bites,Greenies,642863114373,Dog Treats,,,,1.00,$23.09
Birdlife Perch W Mirror and Be,Birdlife Supplies,030172902451,Bird,,,,4.00,$4.36
Pennplax Jingle Bird Wmirror/P,Penn-Plax Supplies,030172013447,Bird,,,,0.00,$7.63
Birdlife Flower Mirror W Bell,Birdlife Supplies,030172082818,Bird,,,,5.00,$4.36
Birdlife Hanging Pacifier Birdlife with,Supplies,030172902765,Bird,,,,1.00,$4.36
JW Pet Pet Pet Pet Lattice Cha,JW Pet Supplies,18940310365,Bird,,,,0.00,$4.36
Happ Beaks Cozy Corner A & E Large,Supplies,644472001990,Bird,,,,1.00,$8.73
Birdie Basics 2-sided Mirror,Prevue Supplies,048081604212,Bird,,,,4.00,$4.36
Kaytee Hamtrac Exercise Kaytee Loop,Animal,644472002355,Small,,,,0.00,$20.99
Birdlife Cross Rope Perch Birdlife Supplies,,030172085369,Bird,,,,-1.00,$12.59
Birdlife Rope Perch 21in Supplies,Birdlife,030172036781,Bird,,,,-1.00,$12.59
"Pacific Perch 9"" Beach Branch",Prevue Supplies,048081010112,Bird,,,,2.00,$15.74
Happy Beaks Carrier Animal,Happy,644472008043,Small,,,,0.00,$34.64
Natural Wood Perches 18'' 2 ppk,A&E Supplies,644472008401,Bird,,,,1.00,$7.63
"A & E 14"" Wooden Perches",A&E Cage Supplies,644472008388,Bird,,,,1.00,$5.45
"Birdlife 14"" Wooden Perches",Birdlife Supplies,030172902031,Bird,,,,1.00,$5.45
Marina Naturals Large,Marineland,644472008685,Aquatics,,,,0.00,$41.99
"Birdlife 19"" Cement Perches",Birdlife Supplies,030172018688,Bird,,,,2.00,$9.44
"A & E 18"" Sand Perches Co",A&E Cage Supplies,644472008418,Bird,,,,0.00,$11.54
"Birdlife 16"" Cement Perches",Birdlife Supplies,030172018664,Bird,,,,2.00,$9.44
Birdlife Wood Ladder 7 Step,Birdlife Supplies,030172902116,Bird,,,,2.00,$7.63
Carpenter Creations 11- rung La,Prevue Supplies,048081011386,Bird,,,,2.00,$15.74
Carpenter Creations 9 Rung Lad,Prevue Supplies,048081011379,Bird,,,,0.00,$10.49
Smackers Strawberry Supplies,Vitapol,644472010046,Bird,,,,2.00,$6.54
Carpenter Creations 6 Rung Lad,Prevue Supplies,048081011355,Bird,,,,2.00,$9.44
Cuttlebone Supplies,,644472014693,Bird,,,,1.00,$8.73
Birdie Basics Perch Medium 3/4,Prevue Supplies,048081003763,Bird,,,,0.00,$5.45
Happy Beaks Bird Toy Doubble Sided Mirror,A&E Cage Supplies,644472015232,Bird,,,,2.00,$6.54
Nibbles Barnyard Treats Animal,Nibbles,644472016338,Small,,,,0.00,$1.41
"Naturals 9""coffee Wood Y-branc",Prevue Supplies,048081010501,Bird,,,,1.00,$15.74
"Naturals 9"" Java Wood Perch",Prevue Supplies,048081010402,Bird,,,,2.00,$12.59
JW Pet Pet Pet Pet Insight San,JW Pet Supplies,618940312017,Bird,,,,2.00,$9.44
JW Pet Pet Pet Pet Insight San,JW Pet Supplies,618940312154,Bird,,,,0.00,$6.54
Birdlife Cement Ladder Supplies,Birdlife,030172018626,Bird,,,,1.00,$15.74
A&E Seed Catcher Large A & E Supplies,,644472017144,Bird,,,,0.00,$11.54
Birdlife Natures Perch Supplies,Birdlife,030172002564,Bird,,,,3.00,$10.49
Livingworld Sand Perch Covers,Living Supplies,080605803251,Bird,,,,0.00,$4.36
Birdlife 4perch Covers Supplies,Birdlife,030172902956,Bird,,,,2.00,$5.45
"Pacific Perch 9"" Cosmic Prevue Crunch",Supplies,048081010228,Bird,,,,3.00,$11.54
"Pacific Perch 6"" Cosmic Prevue Crunch",Supplies,048081010204,Bird,,,,0.00,$9.44
Penn Plax Calcium Perch Penn-Plax Medium,Supplies,030172012969,Bird,,,,2.00,$19.94
Freshbreath Total Care Kit,Tropiclean,645095001282,Healthcare,,,,1.00,$13.64
Freshbreathe Solution 33.8oz,Tropiclean,645095001831,Healthcare,,,,2.00,$24.14
Pacific Perch Beach Walk Prevue Small,Supplies,048081001005,Bird,,,,0.00,$10.49
Pacific Perch Beach Walk Prevue Small,Supplies,048081011112,Bird,,,,0.00,$9.44
Tropiclean Fresh Breath Tropiclean Finger Brush,,645095002180,Healthcare,,,,5.00,$5.45
Meijer Ecuttlebone Perch Meijer Supplies,,713733591706,Bird,,,,0.00,$4.36
Tweet Eats Corn Puffs Supplies,Tweet Eats,030172101212,Bird,,,,1.00,$11.54
Sweet Harvest Papaya Supplies,Kaylor,720101277650,Bird,,,,2.00,$12.59
JW Pet Pet Pet Pet Millet JW Pet Hold,Supplies,618940313144,Bird,,,,1.00,$5.45
Birdlife Milletholder W Bells,Birdlife Supplies,030172902628,Bird,,,,3.00,$4.36
Hari Spray Millet Supplies,Hagen,080605824706,Bird,,,,2.00,$6.54
Kaytee Spray Millet Small Kaytee Supplies,,071859003016,Bird,,,,3.00,$8.73
Kaytee Spray Millet Large Kaytee Supplies,,071859003054,Bird,,,,2.00,$13.64
Higgins Spray Millet Supplies,Higgins,046706600038,Bird,,,,4.00,$7.63
Sweet Harvest Fruits & Nuts Mi,Kaylor Supplies,720101244041,Bird,,,,0.00,$8.73
Sunseed Fantasy Fruit Mix,Sunseed Supplies,087535593054,Bird,,,,0.00,$10.49
Lafebers Garden Veggie Nutribe,Lafeber Supplies,041054823504,Bird,,,,1.00,$18.89
Lafebers El Paso Nutri Berries,Lafeber Supplies,041054821500,Bird,,,,1.00,$18.89
Lafebers Avi Cakes Supplies,Lafeber,041054862305,Bird,,,,0.00,$14.69
Lafebers Pellet Berries Supplies,Lafeber,041054717407,Bird,,,,0.00,$17.84
Sweet Harvest Mixed Veggies,Kaylor Supplies,720101211258,Bird,,,,2.00,$8.73
Kaytee Food for the Wild Bird,Kaytee Supplies,071859948713,Bird,,,,0.00,$7.63
Kaytee Bird Greens Supplies,Kaytee,071859002576,Bird,,,,0.00,$4.36
Kaytee Yo Dips Sunflower Kaytee Seeds,Supplies,071859998466,Bird,,,,3.00,$5.45
Kaytee Healthy Bits Treats,Kaytee Supplies,071859942445,Bird,,,,1.00,$6.54
Kaytee Yo Dips Supplies,Kaytee,071859998473,Bird,,,,2.00,$6.54
Kaytee Healthy Toppings Kaytee Papaya,Supplies,071859942667,Bird,,,,1.00,$5.45
Sweet Harvest Fruit Mix Kaylor Supplies,,720101288052,Bird,,,,2.00,$8.73
Kaytee Treat Stick Almd Walnut,Kaytee Animal,071859002972,Small,,,,1.00,$8.71
Sunburst Sticks Island Fruits,Sunburst Supplies,046706002627,Bird,,,,0.00,$3.27
Sunburst Sticks Nuts & Berries,Sunburst Supplies,046706002641,Bird,,,,0.00,$3.27
Sunburst Sticks Lil Fruits Supplies,Higgins,046706002702,Bird,,,,0.00,$3.27
Tropiclean Oral Spray,Generic,645095002197,Healthcare,,,,2.00,$9.44
Sunburst Fruits and Veggies,Sunburst Supplies,46706322510,Bird,,,,0.00,$5.45
Sunburst Millet Bits Supplies,Sunburst,046706322718,Bird,,,,1.00,$3.27
Higgins Duets Parrots & Macaws,Higgins Supplies,046706303502,Bird,,,,0.00,$7.63
Higgins Duets Conure & Lovebir,Higgins Supplies,046706303601,Bird,,,,2.00,$7.63
Vitapol Vitaline Smakers Super,Vitapol Supplies,644472013870,Bird,,,,1.00,$7.63
Vitapol Vitaline Smakers Vege,Vitapol Supplies,644472013887,Bird,,,,1.00,$7.63
Tropiclean Oral Care Spray Peanut Butter 4oz,Fritz Aquatics,645095002340,Healthcare,,,,2.00,$9.44
Vitapol Smackers 3w1 Supplies,Vitapol,44472002126,Bird,,,,0.00,$7.63
Vitapol Smakers Snack Fruit Co,Vitapol Supplies,44472006209,Bird,,,,0.00,$6.54
Vitapol Smakers Snack Kiwi Coc,Vitapol Supplies,644472991499,Bird,,,,1.00,$7.63
Vitakraft Sticks Egg and Vitakraft Honey,Supplies,051233211206,Bird,,,,0.00,$5.45
Tropiclean Anti Itch Medicated,Tropiclean,645095003316,Healthcare,,,,3.00,$12.59
Kaytee Treatstick Hny Multi Co,Kaytee Supplies,071859942407,Bird,,,,-1.00,$10.49
Vitapol Vitaline Paradise Vitapol 2pc,Supplies,644472013894,Bird,,,,1.00,$13.64
Vitapol Smakers Nuts Cockatiel,Vitapol Supplies,644472002331,Bird,,,,1.00,$6.54
Vitapol Smakers Maxi 2pc Vitapol Supplies,,44472002393,Bird,,,,0.00,$19.94
Tropiclean Essentials Yuzu Oil,Tropiclean,645095004177,Healthcare,,,,2.00,$15.74
Tropiclean Natural Flea & Tropiclean Tick Gentle Mist For Cat,,645095007420,Healthcare,Red,,15lb,2.00,$17.84
Kaytee Mixed Nuts & Cherries,Kaytee Supplies,071859942834,Bird,,,,0.00,$8.73
Spot 20oz Hook on Cup Spot Supplies,,077234060117,Bird,,,,0.00,$9.44
30oz Coop Cup Co,A&E Cage Supplies,048081612255,Bird,,,,-1.00,$12.59
20oz Coop Cup Bolt Clamp,A&E Cage Supplies,048081612262,Bird,,,,2.00,$10.49
Tropiclean Home Vet Ear Tropiclean Mite T,,645095008823,Healthcare,,,,1.00,$11.54
A & E 20oz Jungle Cups A&E Cage Co,Supplies,44472015058,Bird,,,,0.00,$8.73
A & E 10oz Jungle Cups A&E Cage Co,Supplies,644472015034,Bird,,,,0.00,$7.63
A & E 5oz Jungle Cups Co,A&E Cage Supplies,644472015010,Bird,,,,0.00,$6.54
Tropiclean Berry & Coconut Pet Wipes,Tropiclean,645095010109,Healthcare,,,,-2.00,$13.64
Birdlife Cuttle Bone Supplies,Birdlife,030172031519,Bird,,,,2.00,$4.36
Tropiclean Tangle Remover Swee,Tropiclean,645095160002,Healthcare,,,,1.00,$13.64
Birdlife Casino Kabob Supplies,Birdlife,030172105319,Bird,,,,2.00,$7.63
Prevue Hendrix Small Seed Catc,Prevue Supplies,048081008201,Bird,,,,0.00,$7.63
Tropiclean Gentle Coconut Hypoallergenic Shampoo,Tropiclean,645095202139,Healthcare,,,,5.00,$13.64
JW Pet Pet Pet Pet Silo Bird F,JW Pet Supplies,618940313052,Bird,,,,2.00,$8.73
Tropiclean Deoderizing Shamp,Tropiclean,645095202146,Healthcare,,,,2.00,$13.64
Tropiclean Luxury 2-in-1 Tropiclean Papaya & Coconut,,645095202184,Healthcare,,,,3.00,$13.64
Tropiclean Natural Flea & Tropiclean Tick Soothing Bite Spray,,645095320420,Healthcare,,,,3.00,$13.64
A & E Treat Clips Co,A&E Cage Supplies,644472014785,Bird,,,,0.00,$4.36
Birdlife E-cuttlebone 2 Pack,Birdlife Supplies,030172095801,Bird,,,,7.00,$6.54
Marineland Led Pod Color Marineland Enhnc,,645095861329,Aquatics,,,,0.00,$9.44
Tropiclean Gentle Coconut Waterless Shampoo,Tropiclean,645095869028,Healthcare,,,,1.00,$12.59
Tropiclean Vanilla Fascial Tropiclean Cle,,645095869035,Healthcare,,,,1.00,$9.44
Birdlif Mineral Block 2pk Birdlife Supplies,,030172102370,Bird,,,,4.00,$6.54
Avian Care Topical Solution for Birds,Zymox Supplies,667334451252,Bird,,,,1.00,$27.29
Birdlife 2week Seed Feeder,Birdlife Supplies,030172902239,Bird,,,,0.00,$3.27
Birdlife Large Seed/Water Birdlife Foun,Supplies,030172902314,Bird,,,,3.00,$6.54
E-z Feed 2oz Supplies,Penn-Plax,030172902666,Bird,,,,9.00,$2.17
NutriVet Bitter Bandage 3x5,Nutri-Vet,669125804056,Healthcare,,,,2.00,$11.54
Turbo Hairy,Turbo,076484835254,Toys,,,,-2.00,$2.17
Turbo Fish,Turbo,76484536014,Toys,,,,0.00,$2.17
NutriVet Liquid Bandage,Nutri Vet,669125999875,Healthcare,,,,1.00,$11.54
Turbo Animal Prints,Turbo,076484835247,Toys,,,,-9.00,$2.17
Turbo Sponge Ball,Turbo,076484835339,Toys,,,,-2.00,$2.17
Fluval 32.5us Fluval Tank Fluval & St,,683615359512,Aquatics,,,,0.00,$598.49
Turbo Sports Ball,Turbo,076484855313,Toys,,,,0.00,$2.17
Turbo Octopus,Turbo,076484228612,Toys,,,,-5.00,$3.27
Turbo Cat Ball,Turbo,076484835322,Healthcare,,,,-2.00,$2.17
Adams Cat Spot on 5 and Spot Over,,039079003179,Healthcare,,,,2.00,$20.99
Adams Dog Spot on 5- 14lbs,Spot,039079003735,Healthcare,,,,0.00,$20.99
Adams Dog Spot on 15- Spot 30 Lbs,,039079003728,Healthcare,,,,1.00,$20.99
Adams Dog Spot on 31- Spot 60lbs,,039079003704,Healthcare,,,,2.00,$20.99
Adams Dog Spot on 61- Spot 150lbs,,039079003698,Healthcare,,,,2.00,$20.99
Adams Dog Flea Collar 2pk,Adams,039079002387,Healthcare,,,,2.00,$30.44
Adams Cat Flea Collar,Adams,039079001267,Healthcare,,,,3.00,$11.54
Adams Dog Small Flea Collar,Adams,039079007412,Healthcare,,,,3.00,$11.54
Adams Dog Large Flea Collar,Adams,039079007405,Healthcare,,,,-2.00,$11.54
Adams Carpet Powder,Adams,039079012287,Healthcare,,,,1.00,$14.69
Amber Naturalz UTR 1oz Amber Naturalz,,684534020064,Healthcare,,,,2.00,$30.44
Adams Home Spray,Adams,039079058872,Healthcare,,,,3.00,$16.79
Adams Flea Spray 16floz Adams,,039079058964,Healthcare,,,,0.00,$15.74
Meowijuana Rainbow Trout,Blue Buffalo,714929800282,Toys,,,,2.00,$11.54
Adams Yard Spray,Adams,039079060226,Healthcare,,,,2.00,$18.89
Adams Plus Shampoo With Precor,Adams,039079090025,Healthcare,,,,3.00,$18.89
Advantage Treatment Spray Dog,Elanco,724089113467,Healthcare,,,,1.00,$15.74
Marineland 60gal Tank & Marineland Stand,,715501517864,Aquatics,,,,0.00,$493.49
Advantage Shampoo Cats Elanco,,724089792730,Healthcare,,,,2.00,$13.64
Biothane-groom Repel 35 Bio Groom,,021653080164,Healthcare,,,,0.00,$17.84
Zodiac Flea and Tick Powder,Zodiac,041535278304,Healthcare,,,,4.00,$12.59
Sugar Glider Dry Food 12oz,Pretty Pets Animal,716432850068,Small,,,,1.00,$11.54
Skouts Honor Flea Yard Spray,Skout's Honor,810053870433,Healthcare,,,,1.00,$37.79
Skout's Honor Flea Shampoo,Skout's Honor,810053870419,Healthcare,,,,3.00,$23.09
Tropiclean Natrl Flea & Tick H,Tropiclean,645095320017,Healthcare,,,,1.00,$22.04
Tropiclean Ntrl Flea & Tick Ea,Tropiclean,645095007413,Accessories,,,,3.00,$18.89
Sweet Harvest Finch Harvest,Sweet Supplies,720101102020,Bird,,,,2.00,$8.73
Tropiclean Ntrl Flea & Tick Ma,Tropiclean,645095202573,Accessories,,,,2.00,$16.79
Tropiclean Natural Flea & Tropiclean Tick,,645095320031,Accessories,,,,3.00,$25.19
Harris Diatomacouse Earth Bott,Harris,072725002706,Accessories,,,,3.00,$9.44
AniMed Diatomaceous Earth,AniMed,694244901232,Accessories,,,,2.00,$17.84
Bug Blaster,Penn-Plax,030172004902,Accessories,,,,0.00,$39.89
Harris Diatomaceous Earth 2 Lb,Harris,72725004076,Accessories,,,,0.00,$16.79
Harris Diatomaceous Earth 4lbs,Harris,072725004083,Accessories,,,,1.00,$22.04
Harris Diatomaceous Earth 10.5,Harris,072725004182,Accessories,,,,2.00,$43.04
Sweet Harvest Parrot No Sunflow,Kaylor Supplies,720101107049,Bird,,,,1.00,$31.49
Cascade20 Filter,Cascade,720101107209,Aquatics,,,,0.00,$22.04
Exo Terra Cricket Pen Small,Exo Terra,015561222853,Reptiles,,,,2.00,$13.64
Small World .6gal,Penn-Plax,030172090318,Reptiles,,,,5.00,$7.63
Small World Habitat 1.2 Gal,Penn-Plax,030172090561,Reptiles,,,,6.00,$11.54
Chili Peppers Harvest,Sweet Supplies,720101222155,Bird,,,,3.00,$9.44
Reptile Ranch Small,Exo Terra,010838200503,Reptiles,,,,0.00,$31.49
Faunariam Low Small,Exo Terra,015561223003,Reptiles,,,,-1.00,$19.94
Natural Balance Pet Foods Rew,Natural Balance,723633014083,Treats,,,,0.00,$20.99
Tetra Fauna 10g Repto hab,Tetra01590 5002516,047497269190,Reptiles,,,,0.00,$52.49
Tetrafaune Deluxe Reptohabitat,Tetra,047497269176,Reptiles,,,,-2.00,$283.49
Zilla Critter Cage 40G,Zilla,096316660274,Reptiles,,,,-2.00,$209.99
Rewards Crunch Duck 14oz,Natural Balance,723633014731,Dog Treats,,,,0.00,$13.64
Exo Terra Faunarium Jumbo,Exo Terra,15561222655,Reptiles,,,,0.00,$22.04
Exo Terra Faunarium Medium,Exo Terra,015561222556,Reptiles,,,,3.00,$9.44
Exo Terra Faunarium Large,Exo Terra,015561222600,Reptiles,,,,2.00,$15.74
Pill Crusher,,723754613004,Healthcare,,,,1.00,$7.63
Zoo Med Creatures Den Low Prof,Zoo Med,097612091076,Reptiles,,,,0.00,$62.99
Seresto Cat,Elanco,724089579522,Healthcare,,,,7.00,$83.99
Zoo Med Arboreal Feeding Platform,Zoo Med,097612621525,Reptiles,,,,1.00,$19.94
Zoo Med Crested Gecko Kit,Zoo Med,097612952001,Reptiles,,,,0.00,$99.74
Super Clot,,736990002013,Healthcare,,,,2.00,$12.59
Oxbow Purcmfrt 72l Oxbw Oxbow Blend Zoo Med Reptihabitat 30gal,Animal $220.49,744845111025,Small,,,,3.00,$24.14
Oxbow Chinchilla 3lb Animal,Oxbow,744845302102,Small,,,,2.00,$13.64
Oxbow Alfalfa 15oz Animal,Oxbow,744845402154,Small,,,,5.00,$8.73
Zilla Aquatic Turtle Kit 20l Zilla,,96316003286,Reptiles,,,,0.00,$272.99
Oxbow Animal Health Western Timothy Hay 15oz,Oxbow Animal,744845402253,Small,,,,5.00,$8.73
Oxbow Timothy Blend 90oz,Oxbow Animal,744845810072,Small,,,,0.00,$26.24
Zilla Tropical Kit,Zilla,9631670005,Reptiles,,,,0.00,$69.29
Exo Terra Leo Gecko Starter Ki,Exo Terra,015561238960,Reptiles,,,,0.00,$146.99
Oxbow Timmy Pops Animal,Oxbow,744845963129,Small,,,,1.00,$6.54
Zilla Micro Arboreal Habitat,Zilla,096316001558,Reptiles,,,,0.00,$28.34
Zoo Med Reptihabitat 40 Gal,Zoo Med,097612090512,Reptiles,,,,0.00,$290.84
Oxbow Crazy Hay Ball Animal,Oxbow,744845963273,Small,,,,0.00,$6.54
Exo Terra Mini X-tall,Exo Terra,015561225953,Reptiles,,,,0.00,$94.49
Exo Terra Snake Starter Exo Terra Kit 20,,015561238977,Reptiles,,,,0.00,$209.99
Zoo Med Desert Starter Kit 10g,Zoo Med,097612091557,Reptiles,,,,-1.00,$104.99
Zoo Med Juvenile Bearded Drago,Zoo Med,097612091274,Reptiles,,,,2.00,$209.99
Zoo Med Growth Shell XL Zoo Med,,097612009385,Reptiles,,,,3.00,$5.45
Oxbow Roll Arounds Animal,Oxbow,744845963365,Small,,,,0.00,$7.63
Zoo Med Crab Cork Shelter,Zoo Med,097612009538,Reptiles,,,,1.00,$5.45
Durvet Ivermectin Sheep Durvet Drench,,745801110670,Healthcare,,,,1.00,$37.79
Zoo Med Crab Salt Water Zoo Med Condit,,097612810455,Reptiles,,,,0.00,$5.45
Zoo Med Crab Drinking Water Co,Zoo Med,097612810448,Reptiles,,,,0.00,$6.54
Zoo Med Crab Thermoter Zoo Med,,097612009101,Reptiles,,,,3.00,$4.36
Zoo Med Crab Combo Gauge,Zoo Med,97612009118,Reptiles,,,,0.00,$13.64
Durvet Activated Charcoal Durvet Gel,,745801712508,Healthcare,,,,0.00,$3.27
Zoo Med Crab Glow in the Zoo Med Dark,,097612009262,Reptiles,,,,2.00,$7.63
Zoo Med Hermit Crab Crunchies,Zoo Med,097612009606,Reptiles,,,,2.00,$5.45
Zoo Med Hermit Crab Salad,Zoo Med,097612009613,Reptiles,,,,1.00,$9.44
Zoo Med Hermit Crab Food,Zoo Med,097612410112,Reptiles,,,,-1.00,$7.63
Tetra Hermit Crab Cakes,Tetra,046798169765,Reptiles,,,,1.00,$6.54
Mammoth Medium Color Bone,Mammoth,746772200049,Toys,,,,1.00,$6.54
Zoo Med Mixed Fancy Shells,Zoo Med,097612009408,Reptiles,,,,0.00,$3.27
Zoo Med Neon Crab Shells,Zoo Med,097612009415,Reptiles,,,,0.00,$2.17
Zoo Med Hermit Crab Sponge,Zoo Med,097612009507,Reptiles,,,,0.00,$3.27
Mammoth Small 3 Knot Tug,Mammoth,746772200100,Toys,,,,1.00,$5.45
Hermit Beach,Penn-Plax,030172064944,Reptiles,,,,0.00,$9.44
Zoo Med White Hermit Crab Sand,Zoo Med,097612009217,Reptiles,,,,1.00,$6.54
Zoo Med Blue Hermit Crab Sand,Zoo Med,097612009255,Reptiles,,,,1.00,$9.44
Zoo Med Hermit Crab Starter Ki,Zoo Med,097612251029,Reptiles,,,,1.00,$33.59
Galapagos Hermit Crab Sub,Pangea,759834050827,Reptiles,,,,0.00,$15.74
Zoo Med Hermit Crab Habitat Ki,Zoo Med,097612810509,Reptiles,,,,0.00,$89.24
Mammoth Small Cloth Squeak Rop,Mammoth,746772233009,Toys,,,,2.00,$8.73
Galapagos Oak Leaves 4qt,Lupine,759834051541,Reptiles,,,,1.00,$15.74
32 inch Mossy Stick 6pc,Galapagos,759834053224,Reptiles,,,,1.00,$24.14
Zoo Med Habba Hut Giant Zoo Med,,097612200850,Reptiles,,,,-2.00,$41.99
Galapagos Mossy Dome Hide Larg,Galopagos,759834053682,Reptiles,,,,2.00,$29.39
Galap Mossy Dome Hide Small,Pangea,756144053668,Reptiles,,,,0.00,$22.04
Galapagos Flexible Bridge 3x3,Pangea And Collars,759834053095,Leashes And Collars,,,,0.00,$18.99
Galapagos Flexible Bridge 2x3,Pangea And Collars,59834053088,Leashes And Collars,,,,0.00,$16.99
Galapogoas Mossy Cave Large,Galapagos,759834053446,Reptiles,,,,1.00,$31.49
"Galapogoas Mossy Cave 6""",Galapagos,759834053484,Reptiles,,,,1.00,$25.19
"Galapogoas Mossy Cave 4""",Galapagos,759834053460,Reptiles,,,,1.00,$20.99
Pangea Gecko Feeding Ledge,Pangea,854732004504,Reptiles,,,,0.00,$26.24
Galapagos Terrarium Starter Kit,Galapagos,759834053507,Reptiles,,,,2.00,$24.14
Komodo Guiniana Plant Jumbo,Komodo,784369932027,Reptiles,,,,1.00,$31.49
Galapagos Terrarium Starter Kit,Galapagos,759834053514,Reptiles,,,,0.00,$25.19
Exo Terra Spider Orchid,Exo Terra,015561229913,Reptiles,,,,1.00,$19.94
Exo Terra Jade Cactus,Exo Terra,015561229845,Reptiles,,,,1.00,$12.59
Galapagos Sapa Corner Hide,Galapagos,759834053705,Reptiles,,,,2.00,$34.64
Galapagos Moss Mushroom,Galapagos,759834552710,Reptiles,,,,1.00,$30.44
Zilla Rock Lair Medium,Zilla,096316113510,Reptiles,,,,1.00,$41.99
Zupreem Purefun Medium ZuPreem Bird,Supplies,762177360201,Bird,,,,1.00,$19.94
Succulent Garden #2,Penn-Plax,850005832522,Reptiles,,,,0.00,$16.79
Zoo Med Chestnut Bromeland,Zoo Med,097612270204,Reptiles,,,,0.00,$13.64
Zoo Med Tillandsia Air Zoo Med Plant,,097612180640,Reptiles,,,,0.00,$13.64
Komodo Anthurium Bush Komodo,,784369932010,Reptiles,,,,2.00,$23.09
Reptology Lava Rock Plant,Reptology,30172098192,Reptiles,,,,0.00,$14.69
Exo Terra Saguard Cactus Small,Exo Terra,015561229814,Reptiles,,,,2.00,$10.49
Exo Terra Finger Cactus,Exo Terra,015561229838,Reptiles,,,,0.00,$11.54
Zoo Med Coconut House Zoo Med,,097612200867,Reptiles,,,,-1.00,$5.45
Exo Terra Barrel Cactus Small,Exo Terra,015561229807,Reptiles,,,,1.00,$11.54
Exo Terra Barrel Cactus Medium,Exo Terra,015561229852,Reptiles,,,,1.00,$14.69
Redline Science Incubator Penn-Plax,,680660859776,Reptiles,,,,0.00,$10.49
Zupreem Sensible Seed Parrot 2lb,Marineland Supplies,762177470207,Bird,,,,1.00,$25.19
Zilla Durable Den,Zilla,096316116641,Reptiles,,,,0.00,$13.64
Buffalo Skull,Exo Terra,015561228572,Reptiles,,,,1.00,$26.24
Exo Terra T-Rex Skull,Exo Terra,015561228596,Reptiles,,,,0.00,$25.19
Exo Terra Dinosaur Eggs Exo Terra,,015561228411,Reptiles,,,,1.00,$29.39
Exo Terra Canopy Cave,Exo Terra,015561228701,Reptiles,,,,1.00,$25.19
Zupreem Fruit Blend 3.5 lb,ZuPreem Supplies,762177840307,Bird,,,,3.00,$31.49
Exo Terra Grow Mushrooms,Exo Terra,015561228435,Reptiles,,,,0.00,$30.44
Reptology Ledge and Cave Hideo,Reptology,30172101786,Reptiles,,,,0.00,$68.24
Reptology Rock Scape,Reptology,030172101922,Reptiles,,,,1.00,$48.29
"Coastal Orange 10"" 301 Collar",Coastal And Collars,7648403919,Leashes And Collars,,,,0.00,$3.79
Komodo Forest Log,Komodo,84369932317,Reptiles,,,,0.00,$19.94
Exo Terra Cholla Cage Medium,Exo Terra,015561229883,Reptiles,,,,1.00,$16.79
Exo Terra Corner Cave Large,Exo Terra,015561231978,Reptiles,,,,0.00,$15.74
Exo Terra Conrner Cave Medium,Exo Terra,015561231961,Reptiles,,,,0.00,$11.54
Exo Terra Snake Bowl Exo Terra Small Wet Log Exo Terra,Exo Terra $10.49,015561228152,Reptiles,,,,3.00,$11.54
"Coastal Purple26"" Buck Collar",Coastal And Collars,7648404720,Leashes And Collars,,,,0.00,$10.59
Colorful Wood Parrot Playpen,Penn-Plax Supplies,030172102912,Bird,,,,0.00,$36.74
Pangea Small Humid Hide,Pangea,768303705557,Reptiles,,,,0.00,$9.44
"Coastal Orange 24"" 2901 Collar",Coastal And Collars,7648406441,Leashes And Collars,,,,0.00,$11.39
Komodo Jp Rock Den Large,Komodo,784369932232,Reptiles,,,,1.00,$16.79
Komodo Jp Rock Den Small,Komodo,784369932225,Reptiles,,,,1.00,$11.54
"Coastal Orange 26"" 2901 Collar",Coastal And Collars,7648406461,Leashes And Collars,,,,0.00,$9.89
Zilla Basking Platform W Ramp,Zilla,096316685062,Reptiles,,,,-1.00,$34.64
Zilla Basking Platform W Ramp,Zilla,096316685055,Reptiles,,,,2.00,$23.09
Zilla Basking Platform W Ramp,Zilla,096316685048,Reptiles,,,,2.00,$41.99
"Coastal Orange 20"" Buck Collar",Coastal And Collars,7648406603,Leashes And Collars,,,,0.00,$16.09
Exo Terra Dinosaur Bone,Exo Terra,015561228428,Reptiles,,,,3.00,$7.63
Komodo Raptor Skull,Komodo,784369932126,Reptiles,,,,-1.00,$16.79
Exo Terra Tortoise Skeleton,Exo Terra,015561229272,Reptiles,,,,-1.00,$11.54
Reptology Ledge and Cave Hideo,Reptology,30172041686,Reptiles,,,,0.00,$20.99
Reptology Ledge and Cave Hideo,Reptology,030172041693,Reptiles,,,,2.00,$31.49
"Coastal Neon Pink26"" Martingal",Coastal And Collars,7648406687,Leashes And Collars,,,,0.00,$18.89
Exo Terra Infrared Thermo,Exo Terra,015561224741,Reptiles,,,,1.00,$41.99
Zoo Med Mini/Max Thermo,Zoo Med,097612370669,Reptiles,,,,0.00,$17.84
Coastal Neon Pink06' 2906 Coll,Coastal And Collars,7648406886,Leashes And Collars,,,,0.00,$23.59
Kaytee Tree Trunk Hide Kaytee Large,Animal,76484228582,Small,,,,0.00,$16.79
Reptology Combo Meters Reptology,,030172060335,Reptiles,,,,4.00,$17.84
Reptology Thermometer,Reptology,030172060359,Reptiles,,,,7.00,$7.63
Zoo Med Hold Down Kit for LF-3,Zoo Med,097612322811,Reptiles,,,,2.00,$6.54
Zoo Med Hold Down Kit for LF-3 Zoo Med Combo Gauge,Zoo Med $20.99,097612322804,Reptiles,,,,2.00,$6.54
Reptology Digtial Thermo Reptology,,030172060366,Reptiles,,,,4.00,$3.27
Zoo Med Digital Thermo,Zoo Med,097612370607,Reptiles,,,,0.00,$11.54
"Coastal Pink Bright12"" 401 Col",Coastal And Collars,7648440135,Leashes And Collars,,,,0.00,$5.59
Zoo Med Terraium Controller,Zoo Med,097612327120,Reptiles,,,,1.00,$38.84
Zoo Med Creaturetherm Heater,Zoo Med,097612008302,Reptiles,,,,1.00,$30.44
Zoo Med Paludarium Platform Sm,Zoo Med,97612520019,Reptiles,,,,0.00,$31.49
Safari Styptic Powder,Safari,76484513190,Accessories,,,,0.00,$12.59
Zoo Med Paludarium Filter 20 C,Zoo Med,097612511116,Reptiles,,,,1.00,$8.73
"Coastal Orange 14"" Buck Collar",Coastal And Collars,7648461985,Leashes And Collars,,,,0.00,$7.69
Zoo Med Reptitemp Digital Ther,Zoo Med,097612376005,Reptiles,,,,1.00,$53.54
Zilla Digital Temp Control,Zilla,096316001589,Reptiles,,,,1.00,$73.49
Zoo Med Environmental Control,Zoo Med,097612375039,Reptiles,,,,1.00,$131.24
Zoo Med Under Tank Heater 50-6,Zoo Med,097612300079,Reptiles,,,,0.00,$40.94
Zoo Med Under Tank Heater 30-4,Zoo Med,097612300062,Reptiles,,,,1.00,$34.64
Zoo Med Under Tank Heater 10-2,Zoo Med,097612300055,Reptiles,,,,1.00,$26.24
Zoo Med Under Tank Heater Mini,Zoo Med,097612300086,Reptiles,,,,1.00,$39.89
Zilla Heat Mat Medium,Zilla,6316680357,Reptiles,,,,0.00,$37.79
Zilla Heat Mat Small,Zilla,096316680340,Reptiles,,,,0.00,$27.29
Coastal Lime Extra Extra Coastal Small,And Collars,7648463454,Leashes And Collars,,,,0.00,$11.99
Exo Terra Small Forest Branch,Exo Terra,015561230759,Reptiles,,,,3.00,$8.73
Zoo Med Grapevine M,Zoo Med,097612580082,Reptiles,,,,0.00,$17.84
Zoo Med Cork Flat Large Zoo Med,,097612210125,Reptiles,,,,4.00,$18.89
Zoo Med Cork Flat Medium,Zoo Med,097612210118,Reptiles,,,,4.00,$20.99
Zoo Med Cork Flat Small Zoo Med,,097612210101,Reptiles,,,,3.00,$11.54
Zoo Med Cork Round X- large,Zoo Med,097612210132,Reptiles,,,,1.00,$41.99
Zoo Med Cork Round Jumbo,Zoo Med,097612210248,Reptiles,,,,0.00,$57.74
Zoo Med Cork Round Lar Zoo Med,,097612210224,Reptiles,,,,0.00,$26.24
Zoo Med Cork Round Medium,Zoo Med,097612210217,Reptiles,,,,0.00,$13.64
Coastal Gray Blue 3xs Harness,Coastal And Collars,7648463801,Leashes And Collars,,,,0.00,$12.69
Coastal Solid Extra Small Coastal Harn,And Collars,7648464805,Leashes And Collars,,,,0.00,$31.69
Galopagoos 18in Mossy Galapagos Sticks,,759834053200,Reptiles,,,,0.00,$15.74
Galopagos 24in Mossy Sticks,Galapagos,9834053217,Reptiles,,,,0.00,$15.74
Reptile Climber Vines with Reptology Lea,,030172060274,Reptiles,,,,0.00,$32.54
Pangea Green Repltile Vine,Pangea,850005832317,Reptiles,,,,0.00,$16.79
Flukers Bend a Branch,Fluker's,091197510205,Reptiles,,,,0.00,$23.09
Pangea Brown Reptile Vine,Pangea,850005832324,Reptiles,,,,-1.00,$16.79
Flukers Red Coleus,Fluker's,091197510175,Reptiles,,,,1.00,$23.09
Fluker's English Ivy 6ft,Fluker's,091197510144,Reptiles,,,,1.00,$26.24
Flukers Purple Coleus,Fluker's,91197510168,Reptiles,,,,0.00,$18.89
Pangea Hanging Caladium Bush L,Pangea,850005832225,Accessories,,,,-1.00,$13.64
Pangea Hanging Orchid Pangea Purple,,50005832904,Accessories,,,,0.00,$12.59
Exo Terra Moss Vine Large,Exo Terra,015561230841,Reptiles,,,,2.00,$20.99
Coastal Gray Purple Extra Coastal Smal,And Collars,7648464864,Leashes And Collars,,,,0.00,$20.19
Exo Terra Jungle Vine Large,Exo Terra,015561230865,Reptiles,,,,2.00,$19.94
Exo Terra Ficus Silk Large,Exo Terra,015561230506,Reptiles,,,,1.00,$17.84
Coastal 6' Pineapples 469 Coastal Leas,And Collars,76484994654,Leashes And Collars,,,,0.00,$17.49
Intersand Odorlock Lavender 25,Intersand,777979210258,Accessories,,,,0.00,$27.29
Wholesome Tanks Jerky Wholesome Sticks,,783178592613,Dog Treats,,,,0.00,$14.69
Petcrest Two in One Pet Aquatop Shampoo & Conditioner,,784099029172,Healthcare,,,,0.00,$8.73
Komodo Tortoise Seed Kit Specialty Pet Products,,784369931815,Reptiles,,,,2.00,$7.63
Repto Pink Hanging Vines Reptology 12',,030172087516,Reptiles,,,,2.00,$11.54
Komodo Realistic Reptile Aqualife & Fish Tank Ornaments,,784369932041,Reptiles,,,,2.00,$20.99
Zoo Med Naturalistic Flora,Zoo Med,97612180527,Reptiles,,,,0.00,$16.79
Komodo Hide Medium,Komodo,784369932072,Dog Treats,,,,2.00,$27.29
Reptology Climber Vines W Leav,Reptology,030172060267,Reptiles,,,,-1.00,$17.84
Flukers Bamboo Bars,Fluker's,091197510212,Reptiles,,,,2.00,$26.24
Zilla Aquatic Turtle Sticks Zilla,,096316003026,Reptiles,,,,0.00,$7.63
Flukers Tortoise Diet,Fluker's,9119770060,Reptiles,,,,0.00,$10.49
Flukers Aquatic Turtle Diet,Fluker's,091197700637,Reptiles,,,,1.00,$10.49
Exo Terra Moss Ball,Exo Terra,15561224789,Reptiles,,,,0.00,$9.44
Zoo Med Tortoise Flower Zoo Med Food T,,097612401431,Reptiles,,,,0.00,$3.27
Zoo Med Turtle Eye Drops,Zoo Med,097612800302,Reptiles,,,,1.00,$7.63
Living Natural Coconut Fiber Terrarium Liner,Redbarn,784369933574,Reptiles,,,,2.00,$36.74
Flukers Calcium Tortoie Fluker's Treats,,091197720352,Reptiles,,,,1.00,$9.44
Reptology Turtle Platform Reptology,,030172077340,Reptiles,,,,1.00,$30.44
Exo Terra Hippo Island,Exo Terra,015561230667,Reptiles,,,,0.00,$15.74
Exo Terra Turtle Island,Exo Terra,15561230681,Reptiles,,,,0.00,$19.94
Zilla Turtle Pure Water Care Zilla Turtle Mircale Ball,Zilla $15.74,096316003293,Reptiles,,,,0.00,$7.63
Reptology Filter Cartridge Reptology 70,,030172060847,Reptiles,,,,1.00,$6.54
Reptology Biothane Sponge 70 R,Reptology,30172060830,Reptiles,,,,0.00,$9.44
Reptology Carbon Cartridge 175,Reptology,0172060861,Reptiles,,,,0.00,$9.44
ReptoGuard Turtle Health Tetra Condi,,046798169680,Reptiles,,,,4.00,$4.36
Turtle Dock Suction Cups Zoo Med,,097612661040,Reptiles,,,,-2.00,$3.27
"Aqualife 23"" Bubble Wall",Aqualife,784369933727,Aquatics,,,,0.00,$13.64
Turtle Pier Extender Clips Zoo Med,,030172100161,Reptiles,,,,0.00,$10.49
TetraFauna Reptofilter Large 3,Tetra,046798260493,Reptiles,,,,-1.00,$16.79
Hikari Mulberific Delite,Hikari,042055206310,Aquatics,,,,1.00,$18.89
Flukers Repta Rinse Eye Rinse,Fluker's,91197730405,Reptiles,,,,0.00,$7.63
Nature Zone Turtle Fungus Bath,Nature Zone,783178592415,Reptiles,,,,0.00,$10.49
Exo Terra Turtle Cleaner,Exo Terra,015561219983,Reptiles,,,,1.00,$10.49
Red Barn Chicken Stew 12oz,Redbarn,785184105160,Dog Food,Can,,12oz,0.00,$4.02
Api Turtle Turtle Fix,API,317163034422,Reptiles,,,,1.00,$9.44
Api Turtle Sludge Destroyer 4oz,API,317163034415,Reptiles,,,,2.00,$9.44
Zoo Med Grassland Tortoise,Zoo Med,097612401301,Reptiles,,,8.5oz,1.00,$11.54
Zoo Med Gourmet Tortoise Food,Zoo Med,97612401011,Reptiles,,,,0.00,$9.44
Zoo Med Gourmet Box Turtle Foo,Zoo Med,097612400908,Reptiles,,,,0.00,$11.54
RedBarn Land Whole Grain 4lb,Redbarn,785184120071,Dog Treats,4lb,,,2.00,$22.04
Reptisticks Turtle,Tetra,097612400311,Reptiles,,,,2.00,$4.36
Zoo Med Aquatic Turtle Gourmet 4.5oz,Zoo Med,097612400380,Reptiles,,,,1.00,$14.69
RedBarn Puppy Grain Free 4lb,Redbarn,785184125014,Dog Treats,4lb,,,2.00,$25.19
Reptomin Floating Turtle Stick,Tetra,046798292524,Reptiles,,,,0.00,$7.63
Reptomin Floating Turtle Stick,Tetra,046798162551,Reptiles,,,,2.00,$25.19
Reptology Internal Filter 70,Penn-Plax,030172060779,Reptiles,,,,1.00,$31.49
Floating Turtle Pier Large,Penn-Plax,030172065224,Reptiles,,,,1.00,$41.99
Floating Turtle Pier Medium,Penn-Plax,030172060885,Reptiles,,,,1.00,$38.84
Floating Turtle Pier Small Penn-Plax,,030172061059,Reptiles,,,,1.00,$31.49
Exo Terra Turtle Bank,Exo Terra,015561238007,Reptiles,,,,0.00,$19.94
Zoo Med Floating Dock Mini,Zoo Med,097612660050,Reptiles,,,,0.00,$19.94
Lagoon Kidney,Penn-Plax,030172031823,Aquatics,,,,0.00,$13.64
"Lagoon 11"" Oval",Penn-Plax,030172031816,Aquatics,,,,0.00,$19.94
Redbarn Glaze Cheek Roll Beef,Redbarn,785184250631,Dog Treats,,,,6.00,$14.69
Zoo Med Turltle Dock Small,Zoo Med,097612660104,Reptiles,,,,1.00,$20.99
Exo Terra Corner Water Exo Terra Dish X-,,015561228299,Reptiles,,,,2.00,$38.84
Exo Terra Corner Water Exo Terra Dish La,,015561228282,Reptiles,,,,2.00,$26.24
Exo Terra Corner Water Exo Terra Dish Me,,015561228275,Reptiles,,,,1.00,$17.84
Redbarn Large Collagen Redbarn Stick,,785184262016,Dog Treats,,,,23.00,$7.63
Redbarn Medium Collagen Wrappe,Redbarn,785184262504,Treats,,,,9.00,$5.45
Exo Terra Water Dish X- Exo Terra Small,,015561228077,Reptiles,,,,0.00,$8.73
Redbarn Fillmunch Retrieve Pea,Redbarn,785184403037,Dog Treats,,,,2.00,$7.63
Redbarn Small Bn Chicken,Redbarn,785184403044,Dog Treats,,,,1.00,$7.63
Redbarn Extra Large Ham Redbarn Bone,,785184404003,Dog Treats,,,,13.00,$6.54
Redbarn Filled Hoof Cheese & B,Redbarn,785184506448,Treats,,,,2.00,$6.54
NaturVet Salmon Oil 8.75 Pondmaster fl oz,,797801036108,Healthcare,,,,1.00,$31.49
Natur Vet All In One 60 Chews,Natur Vet,797801036917,Healthcare,,,,1.00,$22.04
Natuevet Skin & Coat Salmon 90,Natur Vet,797801036924,Healthcare,,,,1.00,$18.89
Zoo Med Reptirock Food Zoo Med Small,,097612921205,Reptiles,,,,3.00,$7.63
Naturvet Stool Eating Deterren,Natur Vet,797801036986,Healthcare,,,,3.00,$17.84
NaturVet All In One Multi- Natur Vet Vitamin Powder 13 oz,,797801040044,Healthcare,,,,1.00,$36.74
NaturVet Allergy Powder Aquatop 9 oz,,797801040051,Healthcare,,,,1.00,$33.59
Benebone Small Fishbone,Benebone,810054210061,Dog Treats,,,,0.00,$13.64
Zoo Med Reptiramp Bowl Zoo Med Medium,,097612924107,Reptiles,,,,1.00,$13.64
Zoo Med Corner Bowl Small,Zoo Med,097612450019,Reptiles,,,,0.00,$13.64
Zoo Med Corner Bowl Medium,Zoo Med,097612450002,Reptiles,,,,0.00,$36.74
Zoo Med Mini Deep Dome Zoo Med,,097612321807,Reptiles,,,,3.00,$33.59
Health Extension Vitality 3.5,Health Extension,810120991023,Dog Food,Can,,3.5oz,10.00,$2.71
Zoo Med Deep Dome,Zoo Med,097612321708,Reptiles,,,,0.00,$39.89
Zoo Med Desert Uvb & Heat Kit,Zoo Med,097612320756,Reptiles,,,,1.00,$73.49
Zoo Med Mini Tropical Uvb Comb,Zoo Med,097612322286,Reptiles,,,,2.00,$51.44
Zoo Med Wire Cage Clamp Lamp,Zoo Med,097612321005,Reptiles,,,,1.00,$24.14
SmartBones Smart Twist Smart Sticks,Bones,810833029426,Treats,,,,2.00,$16.79
Zoo Med Creatures Dome Zoo Med Combo 8,,097612008364,Reptiles,,,,1.00,$52.49
SmartBones 4lg Churro s,SmartBone,810833029433,Dog Treats,,,,-1.00,$18.89
Zoo Med Nano Combo Dome 80w,Zoo Med,097612325608,Reptiles,,,,0.00,$55.64
Zoo Med Nano Dome 40w Zoo Med,,097612119091,Reptiles,,,,0.00,$24.14
Flukers Mini Sun Dome,Fluker's,091197270048,Reptiles,,,,0.00,$31.49
Furminator Grinder Replacement,Furminator,811794040413,Accessories,,,,2.00,$8.73
Exo Terra Solar-Glo Self Balla,Exo Terra,015561221924,Reptiles,,,,2.00,$60.89
Exo Terra Solar Glo 80w,Exo Terra,015561223348,Reptiles,,,,1.00,$55.64
Exo Terra Day & Night Led 3w,Exo Terra,015561223362,Reptiles,,,,0.00,$20.99
Furminator Short Hair Large,Furminator,811794929138,Accessories,,,,1.00,$52.49
Exo Terra Scorpion Light 15 Le,Exo Terra,015561223652,Reptiles,,,,1.00,$51.44
Exo Terra Compact Top Small,Exo Terra,015561222266,Reptiles,,,,1.00,$60.89
Furminator Undercoat Medium,Furminator,811794929145,Healthcare,,,,2.00,$48.29
Furminator Undercoat Medium,Furminator,811794929251,Healthcare,,,,1.00,$55.64
Furminator Undercoat Large,Furminator,811794929268,Healthcare,,,,1.00,$52.49
Exo Terra Glow Light Small,Exo Terra,015561220521,Reptiles,,,,0.00,$38.84
Flukers 5.5 in Clamp Lamp,Fluker's,091197270024,Reptiles,,,,2.00,$30.44
Flukers 8.5 in Clamp Lamp,Fluker's,091197270000,Reptiles,,,,6.00,$31.49
Flukers 10 in . Clamp Lamp,Fluker's,091197270017,Reptiles,,,,1.00,$33.59
Exo Terra Wire Light,Exo Terra,015561220620,Reptiles,,,,2.00,$47.24
Furminator Bathing Brush Furminator,,811794929329,Healthcare,,,,1.00,$19.94
Exo Terra Deep Dome Small,Exo Terra,015561223485,Reptiles,,,,2.00,$30.44
Exo Terra Mounting Clips Exo Terra 5,,301556122434,Reptiles,,,,3.00,$5.45
Exo Terra T5 Top Interconnecti,Exo Terra,015561242691,Reptiles,,,,2.00,$11.54
Zoo Creatures Feeding Block,Zoo Med,097612118506,Reptiles,,,,2.00,$3.27
Exoterrra T5 Terraium Mounting,Exo Terra,015561242592,Reptiles,,,,0.00,$10.49
Furminator deShedding Shampoo,Furminator,811794933173,Healthcare,,,,1.00,$14.69
Furminator Deshedding CONDITIO,Furminator,811794933180,Healthcare,,,,1.00,$12.59
Nature Zone Mite Guard Nature Parasit,Zone,8317859341,Reptiles,,,,0.00,$13.64
Grizzly Omegas Suplements,Ginger,835953007222,Healthcare,,,,1.00,$20.99
Reptile System T5 Zone 3 Reptile 24w 1,0,344398117006,Reptiles,,,,0.00,$36.74
Exo Terra Repuvb200 T5 Exo Terra 39w 7%,,15561223409,Reptiles,,,,0.00,$36.74
"Reptile System 34"" 39w Reptile T5 Zone 3 12%",7,344398117007,Reptiles,,,,2.00,$41.99
Blue Buffalo Wilderness Blue Buffalo Beef &,,840243101238,Dog Food,Can,oz,,0.00,$4.57
Blue Buffalo Chicken 12.5 Blue Buffalo oz,,840243104932,Dog Food,Can,,12.5oz,1.00,$4.79
"Exo Terra T5 Top 24w 24""",Exo Terra,015561242561,Reptiles,,,,2.00,$83.99
Reptile System T5 Zone 3 Reptile Unit,5,344398121028,Reptiles,,,,0.00,$104.99
"Exo Terra T5 Top 54w 47""",Exo Terra,15561242585,Reptiles,,,,0.00,$89.24
Exo Terra Terraskyuv Extendabl,Exo Terra,015561224147,Reptiles,,,,2.00,$104.99
Exo Terra Terraskyuv 3w Exo Terra,,015561224154,Reptiles,,,,2.00,$62.99
Exo Terra Terraskyuv 9w Exo Terra,,015561224253,Reptiles,,,,0.00,$78.74
Blue Buffalo Cat Wilderness Ch,Blue Buffalo,840243104987,Cat Food,Can,oz,,19.00,$2.39
Blue Buffalo Wilderness Blue Buffalo Salmon,,840243105359,Dog Food,Bag,lb,,0.00,$30.44
Exo Terra Screen Cover Exo Terra 20 Gall,,015561227131,Reptiles,,,,1.00,$24.14
Exo Terra Screen Cover Exo Terra 15/20 G,,015561227124,Reptiles,,,,2.00,$20.99
Zilla Day White Light Bulb Zilla 50w,,096316671331,Reptiles,,,,0.00,$10.49
Zilla Day White Light Bulb Zilla 100 Watt,,096316671355,Reptiles,,,,0.00,$8.73
Zilla Day White Light Bulb Zilla 150 watt,,096316671362,Reptiles,,,,0.00,$9.44
Zilla Day White Light Spot Zilla Bulb 50 watt,,096316671492,Reptiles,,,,2.00,$9.44
Zilla Day White Light Spot Zilla 75watt,,096316671508,Reptiles,,,,4.00,$11.54
Zilla Day White Light Spot Zilla 100wt,,096316671515,Reptiles,,,,2.00,$12.59
Zilla Day White Light Spot Zilla Bul,,096316671522,Reptiles,,,,1.00,$14.69
Zilla Night Red Heat 50w Zilla,,096316671454,Reptiles,,,,4.00,$10.49
Zilla Night Red Heat 75w Zilla,,096316671461,Reptiles,,,,2.00,$10.49
Blue Buffalo Tuna Gravy 5.5oz,Blue Buffalo,840243140657,Cat Food,Can,,5.5oz,8.00,$2.28
Zilla Night Red Heat 150w Zilla,,096316671485,Reptiles,,,,0.00,$11.54
Zilla Day Blue Light 50w,Zilla,096316671416,Reptiles,,,,0.00,$8.73
Zilla Day Blue Light 75w,Zilla,096316671423,Reptiles,,,,4.00,$10.49
Zilla Day Blue Light 100w Zilla,,96316671430,Reptiles,,,,0.00,$8.73
Zilla Day Blue Light 150w Zilla,,096316671447,Reptiles,,,,4.00,$11.54
Zilla Black Heat Spot Bulb Zilla 50w,,096316671539,Reptiles,,,,2.00,$8.73
Zilla Black Heat Spot Bulb Zilla 75w,,096316671546,Reptiles,,,,3.00,$11.54
Zilla Black Heat Spot Bulb Zilla 100,,096316671553,Reptiles,,,,0.00,$9.44
Blue Buffalo Lamb 5lb,Blue Buffalo,840243144099,Dog Food,Bag,,5lb,3.00,$25.19
Zilla Black Heat Bulb 75w Zilla,,096316671386,Reptiles,,,,3.00,$8.73
Zilla Black Heat Bulb 100w,Zilla,096316671393,Reptiles,,,,2.00,$9.44
Zilla Black Heat Bulb 150w,Zilla,096316671409,Reptiles,,,,5.00,$11.54
Blue Buffalo Senior 5lb,Blue Buffalo,840243144143,Cat Food,Bag,,5lb,-2.00,$39.89
Exo Terra Thermostat 600w,Exo Terra,015561224635,Reptiles,,,,1.00,$164.84
Exo Terra Thermostat 300w,Exo Terra,015561224574,Reptiles,,,,1.00,$52.49
Retro Large Pink Bowl,Retro,842982071339,Accessories,,,,0.00,$15.74
Exo Terra Uvb100 13w Tropical,Exo Terra,1556122133,Reptiles,,,,0.00,$31.49
Exo Terra Uvb150 13w Desert,Exo Terra,1556122146,Reptiles,,,,0.00,$34.64
Retro Bowl,Loving Pets,842982071353,Accessories,,,,0.00,$7.63
Paludarium 3 in 1 Lamp,Zoo Med,097612370072,Reptiles,,,,0.00,$47.24
Zoo Med Lamp Stand Large,Zoo Med,097612322002,Reptiles,,,,1.00,$52.49
Big Jelly Pots,Komodo,8436993140,Reptiles,,,,0.00,$2.07
Komodo Tortoise Hay,Komodo,84369931709,Reptiles,,,,0.00,$13.64
Zoo Med Repti Rapids Wd Medium,Zoo Med,097612910247,Reptiles,,,,1.00,$104.99
Valhoma Spike 20 Black Valhoma Collar,And Collars,8436993235,Leashes And Collars,,,,0.00,$29.99
Exo Terra Large Waterfall Exo Terra,,015561229142,Reptiles,,,,1.00,$88.19
Zoo Med Reptirain,Zoo Med,097612950106,Reptiles,,,,1.00,$101.84
D.GS Dirty Dog Doormat Blue 35''x26'',,849670008189,Accessories,,,,1.00,$44.09
Exo Terra Reptiflo 200,Exo Terra,015561220903,Reptiles,,,,2.00,$23.09
LSU Teeshirt Small,Pets First,849790155343,Accessories,,,,0.00,$20.99
New Orleans Saints Leash Lrg,Pets First And Collars,849790159266,Leashes And Collars,,,,1.00,$16.99
Exo Terra Humidifier Extension,Exo Terra,015561242356,Reptiles,,,,3.00,$36.74
Zoo Med Little Dripper,Zoo Med,097612910025,Reptiles,,,,1.00,$16.79
Zoo Med Big Dripper,Zoo Med,097612910018,Reptiles,,,,1.00,$16.79
Exo Terra Mister 2qt,Exo Terra,15561224918,Reptiles,,,,0.00,$14.69
Zoo Med ReptiSun T5 HO Zoo Med Terrari,,097612320749,Reptiles,,,,1.00,$167.99
Skout's Honor Probiotic Skout's Hot Spot Hydrogel,Honor,850004314739,Healthcare,,,,0.00,$24.14
Zoo Med ReptiSun T8 Terrarium,Zoo Med,097612326109,Reptiles,,,,0.00,$82.94
"Zoo Med T8 Hood 20""",Zoo Med,097612326000,Reptiles,,,,0.00,$72.44
"Zoo Med Reptisun T5 30"" Zoo Med 10.0",,097612320770,Reptiles,,,,2.00,$125.99
Pet Honesty Hip & Joint Pet 90 Count,Honesty,850005524076,Healthcare,,,,2.00,$38.84
Pet Honesty Allergy Skin Pet Health,Honesty,850005524168,Healthcare,,,,1.00,$37.79
Zoo Med Nano Basking Spot Lamp 40w,Zoo Med,097612360219,Reptiles,,,,2.00,$8.73
Zoo Med Nano Basking Spot Lamp,Zoo Med,097612360202,Reptiles,,,,2.00,$7.63
Zoo Med Nano Halogen Zoo Med Heat Lamp 35w,,097612970357,Reptiles,,,,-1.00,$9.44
Primal Frozen Pronto Beef 4 lb,Primal,850334004423,Dog Food,Bag,,4lb,0.00,$30.44
Exo Terra Moonlite 5w,Exo Terra,015561223676,Reptiles,,,,1.00,$15.74
Zoo Med Moonlite Reptile Zoo Med Bulb 40w,,097612391046,Reptiles,,,,2.00,$9.44
Zoo Med Moonlite Reptile Zoo Med Bulb 60w,,097612391060,Reptiles,,,,2.00,$9.44
Zoo Med ReptiSun 10.0 Zoo Med UVB Dese,,097612340112,Reptiles,,,,1.00,$31.49
Zoo Med Reptisun 5.0 UVB,Zoo Med,097612340068,Reptiles,,,,0.00,$28.34
Zoo Med ReptiSun 10.0 Zoo Med UVB T5 H,,097612348156,Reptiles,,,,0.00,$28.34
Zoo Med ReptiSun 10.0 Zoo Med UVB Dese,,097612340105,Reptiles,,,,2.00,$45.14
Primal Frozen Pronto Chicken 4 lb,Primal,850334004430,Dog Food,Bag,,4lb,1.00,$36.74
Zoo Med Reptisun 24' T8 Zoo Med 17w,,097612348392,Reptiles,,,,2.00,$48.29
"Zoo Med Reptisun 46""t5 Zoo Med 54w",,097612348545,Reptiles,,,,0.00,$43.04
Flukers Sunglow Coil Bulb Fluker's,,091197230059,Reptiles,,,,0.00,$34.64
Benebone Medium Wishbone Bacon,Benebone,854111004002,Dog Treats,,,,1.00,$15.74
Benebone Small Wishbone Peanut,Benebone,854111004026,Dog Treats,,,,1.00,$13.64
Zilla Mini Heat & UVB Fixture,Zilla,096316280830,Reptiles,,,,0.00,$58.79
Zilla Heat & UVB Basking Zilla Fixtu,,096316280823,Reptiles,,,,3.00,$83.99
Zilla Dual Low Profile Fixture,Zilla,096316000346,Reptiles,,,,0.00,$56.69
Zilla Light & Heat Halogen Zilla Min,,096316156296,Reptiles,,,,1.00,$31.49
Zilla Pro Seires Tropical Zilla 25 U,,096316670822,Reptiles,,,,2.00,$41.99
Benebone Small Wishbone Bacon,Benebone,854111004033,Treats,,,,1.00,$13.64
Zilla Tropical Series 25 T8 Zilla 18,,096316671072,Reptiles,,,,1.00,$41.99
Zilla Slimeline T8 Tropical Zilla Fi,,96316007260,Reptiles,,,,0.00,$73.49
Zilla Slimeline T8 Desert Zilla Fixt,,096316007284,Reptiles,,,,1.00,$104.99
Benebone Large Wishbone Peanut,Benebone,854111004095,Dog Treats,,,,1.00,$28.34
Zilla Mini Halogen Bulb 50w Wh,Zilla,096316156333,Reptiles,,,,1.00,$11.54
Zilla Mini Halogen Bulb 25w Wh,Zilla,096316156302,Reptiles,,,,2.00,$11.54
Zilla Mini Halogen Bulb 25w Bl,Zilla,096316156319,Reptiles,,,,2.00,$11.54
Zilla Mini Halogen Bulb 50w Bl,Zilla,096316156340,Reptiles,,,,4.00,$11.54
Zilla Mini Halogen Bulb 50w Re,Zilla,096316156357,Reptiles,,,,3.00,$11.54
Zilla Mini Halogen Bulb 25w Re,Zilla,096316156326,Reptiles,,,,3.00,$11.54
Zilla Mini Led Plant Bulb,Zilla,9631600047,Reptiles,,,,0.00,$24.14
Zilla Desert Mini Compact Zilla Fluo Zilla Tropical Mini Compact Fl,$23.09,096316280908,Reptiles,,,,0.00,$23.09
Zilla Mini Ceramic Heat Emitte,Zilla,096316000735,Reptiles,,,,3.00,$20.99
Exo Terra Daytime Heat Exo Terra 15w,,1556122100,Reptiles,,,,0.00,$9.44
Exo Terra Daytime Heat Exo Terra 25w,,015561221023,Reptiles,,,,1.00,$9.44
Exo Terra Daytime Heat Exo Terra 40w,,015561221047,Reptiles,,,,0.00,$9.44
Exo Terra Daytime Heat Exo Terra 60w,,015561221108,Reptiles,,,,4.00,$9.44
Exo Terra Daytime Heat Exo Terra 100w,,1556122112,Reptiles,,,,0.00,$11.54
Exo Terra Daytime Heat Exo Terra 150 w,,015561221146,Reptiles,,,,1.00,$11.54
Exo Terra Night Heat 15w Exo Terra,,1556122120,Reptiles,,,,0.00,$7.63
Exo Terra Night Heat 25w Exo Terra,,015561221221,Reptiles,,,,8.00,$7.63
Exo Terra Night Heat 40w Exo Terra,,015561221245,Reptiles,,,,2.00,$7.63
Exo Terra Night Heat 50w Exo Terra,,015561221269,Reptiles,,,,3.00,$8.73
Exo Terra Nigh Heat 75w Exo Terra,,015561221306,Reptiles,,,,0.00,$8.73
Exo Terra Night Heat 100w,Exo Terra,015561220583,Reptiles,,,,4.00,$9.44
Exo Terra Night Heat 150w,Exo Terra,1556122059,Reptiles,,,,0.00,$11.54
Exo Terra Intense 25w,Exo Terra,015561221962,Reptiles,,,,1.00,$8.73
Exo Terra Intense 50w,Exo Terra,015561221351,Reptiles,,,,3.00,$13.64
Exo Terra Intense 75w,Exo Terra,015561221368,Reptiles,,,,3.00,$13.64
Exo Terra Intense 100w,Exo Terra,015561221382,Reptiles,,,,1.00,$14.69
Exo Terra Intense 150w,Exo Terra,015561221405,Reptiles,,,,0.00,$16.79
Exo Terra Infrared 75w,Exo Terra,015561221429,Reptiles,,,,2.00,$15.74
Exo Terra Infrared Basking 100,Exo Terra,1556122144,Reptiles,,,,0.00,$17.84
Exo Terra Infrared 150w,Exo Terra,015561221467,Reptiles,,,,2.00,$22.04
Exo Terra Daylight 25w,Exo Terra,015561221955,Reptiles,,,,3.00,$10.49
Exo Terra Daylight 50w,Exo Terra,015561221313,Reptiles,,,,4.00,$11.54
Exo Terra Daylight 75w,Exo Terra,015561221320,Reptiles,,,,3.00,$11.54
Exo Terra Daylight Basking 100,Exo Terra,1556122132,Reptiles,,,,0.00,$15.74
Exo Terra Halogen 25w,Exo Terra,015561221979,Reptiles,,,,4.00,$18.89
Exo Terra Halogen 50w,Exo Terra,015561221818,Reptiles,,,,4.00,$22.04
Exo Terra Halogen 75 w,Exo Terra,015561221825,Reptiles,,,,2.00,$26.24
Exo Terra Halogen 100w Exo Terra,,1556122183,Reptiles,,,,0.00,$26.24
Exo Terra Ceramic 40w,Exo Terra,015561220446,Reptiles,,,,2.00,$45.14
Exo Terra Ceramic 60w,Exo Terra,1556122045,Reptiles,,,,0.00,$46.19
Exo Terra Ceramic 100w Exo Terra,,1556122046,Reptiles,,,,0.00,$44.09
Exo Terra Ceramic 150w Exo Terra,,015561220477,Reptiles,,,,2.00,$56.69
Fluker's Grub Bag Mealworm Cal,Fluker's,091197720369,Reptiles,,,,3.00,$9.44
Zilla Reptile Munchies Mealwor,Zilla,096316099517,Reptiles,,,,2.00,$15.74
Zilla Reptile Munchies Vegetab,Zilla,096316096264,Reptiles,,,,2.00,$17.84
Zilla Reptile Munchies Vegetab,Zilla,096316096295,Reptiles,,,,2.00,$18.89
Zilla Reptile Munchies Fruit M,Zilla,096316096271,Reptiles,,,,2.00,$11.54
"Zilla Reptile Munchies, Omnivo",Zilla,096316096257,Reptiles,,,,2.00,$14.69
"Zilla Reptile Munchies, Omnivo",Zilla,096316096288,Reptiles,,,,3.00,$20.99
Fluker's Grub Bag Bearded Drag,Fluker's,091197720345,Reptiles,,,,-1.00,$11.54
Komodo Dandelion Kit,Komodo,8436993180,Reptiles,,,,0.00,$7.63
Benebone Small Maplestick,Benebone,854111004392,Toys,,,,1.00,$15.74
Benebone Small Bacon Stick,Benebone,854111004460,Dog Treats,,,,0.00,$13.64
Zoo Med Crested Gecko Zoo Med Food Pre,,097612403084,Reptiles,,,,3.00,$8.73
Zoo Med Crested Gecko Zoo Med Blueberry,,097612403190,Reptiles,,,,3.00,$9.44
Pangea Gecko Diet Insect Pangea,,5473200438,Reptiles,,,,0.00,$13.64
Pangea Gecko Diet Watermelon,Pangea,5473200425,Reptiles,,,,0.00,$13.64
Fluker's Crafted Cuisine Fluker's Garde,,091197700620,Reptiles,,,,0.00,$12.59
Fluker's Crafted Cuisine Fluker's Adult,,091197700613,Reptiles,,,,1.00,$13.64
Fluker's Crafted Cuisine Fluker's Juven,,091197700606,Reptiles,,,,1.00,$10.49
Zoo Med Creatures Jelly Zoo Med Cup,,097612008609,Reptiles,,,,2.00,$6.54
Zoo Med Bearded Dragon Zoo Med Food Sa,,097612402025,Reptiles,,,,1.00,$13.64
Benebone Maple Puppy Benebone XS,,854111004705,Dog Treats,,,,1.00,$17.84
Exo Terra Terrarium Lock Exo Terra,,015561226202,Reptiles,,,,3.00,$11.54
Zoo Med Repti Shedding Zoo Med Aid 2.2,,097612800319,Reptiles,,,,2.00,$7.63
Exo Terra Replacement Exo Terra Sponge f,,1556122288,Reptiles,,,,0.00,$4.36
Zilla Water Pillow,Zilla,096316700222,Reptiles,,,,1.00,$4.36
Lee's Mealworm Dish,Lee's,010838201654,Reptiles,,,,1.00,$10.49
Exo Terra Food Cup Holder,Exo Terra,015561232593,Reptiles,,,,1.00,$2.17
Pangea L Micro Dish,Pangea,5003967289,Reptiles,,,,0.00,$17.84
Benebone Giant Wishbone Peanut,Benebone,854111004965,Dog Treats,,,,-1.00,$26.24
Pangea Ecodish Gray Marble,Pangea,5000583283,Reptiles,,,,0.00,$11.54
Pangea Humitidy Hide Sponge,Pangea,5000583229,Reptiles,,,,0.00,$6.54
Inaba Churu Tuna,Inaba,855958006556,Treats,,,,-6.00,$4.36
Zoo Med Arboreal Feeding Cup,Zoo Med,097612621532,Reptiles,,,,2.00,$5.45
Zoo Med Arboreal Cup Refill,Zoo Med,097612621549,Reptiles,,,,3.00,$5.45
Zilla Non Locking Clips 29 Zilla or,,9631667109,Reptiles,,,,0.00,$4.36
Exo Terra Screen Cover Exo Terra Clips L,,015561227308,Reptiles,,,,3.00,$3.27
Exo Terra Screen Cover Exo Terra Clips S,,015561227292,Reptiles,,,,3.00,$3.27
Petcrest Screen Clips 5- PetCrest 25g,,002671680592,Reptiles,,,,0.00,$4.36
Komodo Smart Dish Multi-Purpos,Komodo,784369932355,Reptiles,,,,1.00,$6.54
"Jurassipet MiteWipes Mite, Fle",Seachem,000116085410,Reptiles,,,,1.00,$23.09
Reptology Substrate Scoop,Reptology,003017210538,Reptiles,,,,2.00,$5.45
"Zoo Med Angled 10"" Tongs",Zoo Med,097612622119,Reptiles,,,,4.00,$12.59
Herb Smack Red Veggies Vitapol Animal,,87535360694,Small,,,,0.00,$7.63
Flukers Small Repta Leash,Fluker's,091197310027,Reptiles,,,,1.00,$9.44
Flukers Medium Repta Leash,Fluker's,9119731003,Reptiles,,,,0.00,$11.54
Flukers Xxsmall Repta Leash,Fluker's,9119731000,Reptiles,,,,0.00,$9.44
Flukers Xsmall Repta Leash,Fluker's,9119731001,Reptiles,,,,0.00,$9.44
Nature Zone Rot Guard for Enha,Nature Zone,008317859331,Reptiles,,,,0.00,$9.44
Nature Zone Bearded Dragon Col,Nature Zone,783178547514,Reptiles,,,,1.00,$7.63
Nature Zone Bearded Dragon Vit,Nature Zone,783178547415,Reptiles,,,,0.00,$10.49
Nature Zone Bearded Elctro,Nature Zone,8317854714,Reptiles,,,,0.00,$9.44
Nature Zone Bearded Dragon Pro,Nature Zone,783178547613,Reptiles,,,,1.00,$9.44
Nature Zone Coccidia Guard,Nature Zone,8317859351,Reptiles,,,,0.00,$11.54
Rep-Cal Research Labs Herptivi,Zoo Med,788286003006,Reptiles,,,,0.00,$14.69
Fluker's Repta-Vitamin with Be,Fluker's,091197730030,Reptiles,,,,3.00,$12.59
Fluker's Repta Calcium with Vi,Fluker's,091197730054,Reptiles,,,,2.00,$8.73
Fluker's Repta Strawberry-Bana,Fluker's,091197730191,Reptiles,,,,2.00,$10.49
Fluker's Calcium:Phosphorus 2:,Fluker's,091197730085,Reptiles,,,,2.00,$10.49
Zoo Med Repti Sand Scooper,Zoo Med,097612623000,Reptiles,,,,2.00,$9.44
BFF Minced Tuna & Tilapia Twos,BFF,878408007057,Cat Food,Can,Pink,3oz,17.00,$1.52
Pure Bites Freeze Dried Shrimp,PureBites,878968002868,Cat Treats,,,,1.00,$9.44
Zoo Med Reptisafe 2.25 Floz,Zoo Med,097612840025,Reptiles,,,,4.00,$6.54
Zoo Med Reptisafe 4.25floz,Zoo Med,097612840049,Reptiles,,,,5.00,$9.44
Zoo Med Reptisafe 8.75floz,Zoo Med,097612840087,Reptiles,,,,3.00,$12.59
Exo Terra Aquatize,Exo Terra,015561219792,Reptiles,,,,1.00,$10.49
Zilla Tropical Mist Humidity,Zilla,096316700055,Reptiles,,,,3.00,$8.73
Zillla Calcium Supplement Zilla,,096316700079,Reptiles,,,,3.00,$9.44
Zilla Vitamin Spray,Zilla,096316700093,Reptiles,,,,2.00,$9.44
Zilla Terrarium Cleaner,Zilla,096316700185,Reptiles,,,,2.00,$9.44
"Fussie Cat Tuna, Clams 2.82oz",Fussie Cat,888641130535,Cat Food,Can,,2.82oz,0.00,$1.95
Fluker's Repta-Boost Insectivo,Fluker's,091197730306,Reptiles,,,,2.00,$16.79
Exo Terra Electrolyte,Exo Terra,015561219938,Reptiles,,,,1.00,$9.44
"Fussie Cat Tuna, Anchovy 2.82o",Fussie Cat,888641133116,Cat Food,Can,,2.82oz,0.00,$1.95
Small Jelly Pots,Komodo,784369931112,Reptiles,,,,16.00,$1.08
Flukers High Calcium Mealworm,Fluker's,091197710100,Reptiles,,,,3.00,$8.73
Flukers High Calcium Cricket D,Fluker's,091197710001,Reptiles,,,,2.00,$8.73
Fluker's Cricket Quencher Fluker's Orig,,091197712005,Reptiles,,,,1.00,$6.54
Fluker's Calcium Fortified Fluker's Cri,,009119771201,Reptiles,,,,0.00,$6.54
Fluker's Orange Cube Complete,Fluker's,091197713019,Reptiles,,,,4.00,$15.74
Zilla Cricket Drink with Calci,Zilla,096316700031,Reptiles,,,,0.00,$8.73
Zilla Cricket Drink,Zilla,096316700017,Reptiles,,,,1.00,$8.73
Nature Zone Salad Dressing for,Nature Zone,783178543714,Reptiles,,,,1.00,$13.64
Nature Zone Salad Dressing for,Nature Zone,783178543615,Reptiles,,,,1.00,$12.59
Zoo Med Creatures Roly- Zoo Med Poly Kit,,097612008906,Reptiles,,,,1.00,$20.99
Fromm Lamb Pâté 12.2oz Fromm,,888641136162,Dog Food,Can,Green,12.2oz,0.00,$4.13
Fluker's Gourmet-Style Canned,Fluker's,091197780301,Reptiles,,,,-1.00,$10.49
Zoo Med Can O Crickets,Zoo Med,097612400304,Reptiles,,,,0.00,$7.63
Exo Terra Grasshoppers,Exo Terra,015561219501,Reptiles,,,,0.00,$7.63
Exo Terra Black Soldier Fly La,Exo Terra,015561219662,Reptiles,,,,-2.00,$7.63
Exo Terra Snails,Exo Terra,015561219563,Aquatics,,,,0.00,$7.63
Exo Terra Earthworms,Exo Terra,015561219686,Reptiles,,,,-1.00,$7.63
Exo Terra Crickets,Exo Terra,015561219600,Reptiles,,,,0.00,$7.63
Nature Zone Water Bites Nature For Fe,Zone,783178542137,Reptiles,,,,1.00,$3.27
Nature Zone Natural Bites Nature & Bi,Zone,783178562265,Reptiles,,,,0.00,$10.49
Nature Zone Natural Bites Nature & Bi,Zone,783178562418,Reptiles,,,,1.00,$10.49
Fluker's Gourmet-Style Canned,Fluker's,091197780080,Reptiles,,,,2.00,$11.54
Fluker's Gourmet-Sytle Canned,Fluker's,091197780073,Reptiles,,,,1.00,$9.44
SmartBones 12 Chicken Sticks,SmartBone s,892383002333,Dog Treats,,,,2.00,$16.79
Zoo Med Pacman Frog Food,Zoo Med,097612401806,Reptiles,,,,2.00,$6.54
Adams Indoor Fogger,Adams,9079059817,Healthcare,,,,0.00,$23.09
Zoo Med Zoo Menu Iguana Food,Zoo Med,976124006566,Reptiles,,,,1.00,$5.45
Flukers X Large Repta Leash,Fluker's,9119731004,Reptiles,,,,0.00,$12.59
Rep-Cal Research Labs Growth F,Rep-cal,788286008124,Reptiles,,,,-1.00,$8.73
Fluker's Buffet Blend Juvenile,Fluker's,091197760525,Reptiles,,,,0.00,$10.49
Zoo Med Gourmet Bearded Dragon,Zoo Med,097612401042,Reptiles,,,,3.00,$20.99
Gourmet Iguana Food,Penn-Plax,030172011948,Reptiles,,,,0.00,$20.99
Rep-Cal Research Labs Rep-cal Maintena,,788286004058,Reptiles,,,,3.00,$22.04
Rep-Cal Research Labs Rep-cal Growth F,,788286004010,Reptiles,,,,0.00,$8.73
Zoo Med Adult High Fiber Zoo Med Drago,,097612402797,Reptiles,,,,0.00,$15.74
Zoo Med Juvenile High Protein,Zoo Med,097612402742,Reptiles,,,,1.00,$7.63
Valhoma Spike 26 Tq Collar,Valhoma And Collars,9119770062,Leashes And Collars,,,,0.00,$33.99
Zilla Green Liner 40/50g Zilla,,096316700642,Reptiles,,,,2.00,$18.89
Zilla Brown 40/50g,Zilla,096316117594,Reptiles,,,,3.00,$18.89
Zilla Heat Mat Large,Zilla,9631600073,Reptiles,,,,0.00,$47.24
Zilla Green Liner 30g,Zilla,096316700598,Reptiles,,,,3.00,$9.44
Zilla Green Liner 20l/29g,Zilla,096316700581,Reptiles,,,,2.00,$8.73
Zilla Green Liner 20l/29 g,Zilla,096316700567,Reptiles,,,,1.00,$8.73
Zilla Green Liner 15/20h Gallo,Zilla,096316700604,Reptiles,,,,1.00,$9.44
Zilla Green Liner 10 Gal,Zilla,096316700543,Reptiles,,,,2.00,$5.45
Zilla Grey Liner 10 Gal,Zilla,096316700550,Reptiles,,,,1.00,$6.54
Living Natural Coco Mat 10x20,Komodo,784369933550,Reptiles,,,,-1.00,$11.54
Komodo Living Natural Coconut,Komodo,784369933567,Reptiles,,,,2.00,$18.89
Exo Terra Mini Sand Mat Exo Terra,,015561225618,Reptiles,,,,2.00,$14.69
Exo Terra 10g Sand Mat,Exo Terra,015561225656,Reptiles,,,,3.00,$19.94
Exo Terra 20g L Sand Mat,Exo Terra,015561225663,Reptiles,,,,3.00,$27.29
Zoo Med Humidty Plus,Zoo Med,097612092080,Reptiles,,,,3.00,$13.64
Zoo Med Siperwood Small,Zoo Med,097612201314,Reptiles,,,,0.00,$9.44
Zilla Deluxe Snake Kit,Zilla,96316002593,Reptiles,,,,0.00,$99.74
Galapagos Desert Environment C,Galapagos,759834054221,Reptiles,,,,1.00,$28.34
Galapagos Forest Environment C,Galapagos,759834054214,Reptiles,,,,2.00,$28.34
Galapagos MossVine for Galapagos Hanging,,759834052661,Reptiles,,,,-1.00,$19.94
Exo Terra 60 Gallon Sand Exo Terra Mat,,015561225687,Reptiles,,,,1.00,$41.99
Exo Terra 40 Gallon Sand Exo Terra Mat,,015561225670,Reptiles,,,,0.00,$36.74
Exo Terra Large Sand Mat,Exo Terra,015561225694,Reptiles,,,,1.00,$40.94
Zilla Durable Dish M,Zilla,96316117617,Reptiles,,,,0.00,$5.45
Exoterr Small Sand Mat,Exo Terra,015561225625,Reptiles,,,,0.00,$26.24
Exo Terra Medium Moss Exo Terra Mat,,015561224840,Reptiles,,,,1.00,$18.89
Exo Terra Mini Moss Mat Exo Terra,,015561224802,Reptiles,,,,3.00,$7.63
Exo Terra Canopy Worm Exo Terra Dish,,015561228251,Reptiles,,,,-1.00,$26.24
Buffalo Worm Dish,Exo Terra,015561228084,Reptiles,,,,0.00,$14.69
Zilla Creature Cage 30g,Zilla,96316660267,Reptiles,,,,0.00,$183.74
Zoo Med Forest Floor 24qt,Zoo Med,097612780246,Reptiles,,,,2.00,$34.64
Exo Terra Coco Husk Loose 24qt,Exo Terra,015561227872,Reptiles,,,,3.00,$29.39
Zoo Med Premium ReptiBark Bedd,Zoo Med,097612750249,Reptiles,,,,3.00,$31.49
Zilla Non Locking Clips 30g,Zilla,9631667110,Reptiles,,,,0.00,$4.36
Zilla Rock Liar Small,Zilla,96316685031,Reptiles,,,,0.00,$30.44
Zilla Herp Hotel Medium,Zilla,96316685222,Reptiles,,,,0.00,$17.84
Zoo Med Aspen Snake Bedding 8,Zoo Med,097612751086,Reptiles,,,,2.00,$13.64
Galapagos Magnolia Leaves for,Fluker's,759834051503,Reptiles,,,,1.00,$16.79
Zoo Med Creature Eco Soil Coco,Zoo Med,097612008708,Reptiles,,,,0.00,$3.27
Bambne + 6 Medium Beef Ethical Products,,9631670022,Dog Treats,,,,0.00,$7.63
Zilla Desert Blend 5qt Zilla,,096316700451,Reptiles,,,,-1.00,$8.73
Zilla Desert Blend 10qt,Zilla,096316700468,Reptiles,,,,0.00,$13.64
Zilla Desert Blend 25qt,Zilla,096316700482,Reptiles,,,,0.00,$28.34
Zoo Med Vita Sand White Zoo Med,,097612762150,Reptiles,,,,0.00,$15.74
Zoo Med Ecoearth 3 Pack Zoo Med,,097612790207,Reptiles,,,,0.00,$13.64
Zoo Med Creatures Dome Zoo Med 40w,,97612008357,Reptiles,,,,0.00,$24.14
Caribsea Aragonite 15lb Caribsea,,97612009361,Aquatics,,,,0.00,$22.04
Zoo Med Coconut Chips 3 Zoo Med Pack,,097612790214,Reptiles,,,,3.00,$9.44
Zoo Med Coconut Chips Zoo Med 1lbs,,097612790115,Reptiles,,,,5.00,$5.45
Nylabone FlexiChew Giant,Nylabone,9761211060,Toys,,,,0.00,$16.79
Zoo Med Terrarium Moss Zoo Med Medium,,097612200225,Reptiles,,,,3.00,$14.69
Valhoma Spike 16 Hy Collar,Valhoma And Collars,9761240143,Leashes And Collars,,,,0.00,$29.99
Valhoma Spike 18 Pr Collar,Valhoma And Collars,9761240301,Leashes And Collars,,,,0.00,$28.99
Zoo Med Eco Earth Coconut Fibe,Zoo Med,097612790245,Reptiles,,,,4.00,$29.39
Cascade 20 Filter 3pk,Cascade,97612510119,Aquatics,,,,0.00,$7.63
Benebone Small Ring Bacon,Benebone,9761262211,Dog Treats,,,,0.00,$10.49
Valhoma 24 Black Collar,Valhoma,9761262220,Leashes And Collars,,,,0.00,$19.99
Zoo Med Reptirock Medium,Zoo Med,97612910278,Reptiles,,,,0.00,$13.64
Zoo Med Vita-Sand Substrate 10,Zoo Med,097612762358,Reptiles,,,,2.00,$16.79
Zoo Med Creature Sand 2lb,Zoo Med,097612008210,Reptiles,,,,2.00,$6.54
Rewards Crunch Bison Small Bre,Natural Balance,97612950151,Dog Treats,,,,0.00,$7.63
Zoo Med Creature Soil 1 Qt,Zoo Med,097612008807,Reptiles,,,,3.00,$4.36
Zoo Med Reptisoil 4qt,Zoo Med,097612752045,Reptiles,,,,3.00,$9.44
Zilla Jungle Mix 4qt,Zilla,096316113039,Reptiles,,,,3.00,$8.73
Exo Terra Bahariya Black Exo Terra Stone,,015561234173,Reptiles,,,,0.00,$16.79
Exo Terra Bio-Drain 4.4lb Exo Terra,,015561231152,Reptiles,,,,3.00,$11.54
Zoo Med HydroBalls Expanded Cl,Zoo Med,097612720105,Reptiles,,,,2.00,$11.54
Exo Terra Sub Stratum,Exo Terra,015561231831,Reptiles,,,,1.00,$15.74
Exo Terra Turtle Pebbles Exo Terra,,015561238304,Reptiles,,,,1.00,$19.94
Rewards Crunch Bison Small Bre,Natural Balance,97612950175,Dog Treats,,,,0.00,$7.63
Repti Hammock Giant,Zoo Med,097612610222,Reptiles,,,,1.00,$19.94
Zoo Med Repti Hammock Zoo Med Basking,,097612610208,Reptiles,,,,2.00,$12.59
Zoo Med Repti Hammock Zoo Med Basking,,097612610215,Reptiles,,,,2.00,$9.44
Lizard Ladder,Penn-Plax,030172064937,Reptiles,,,,0.00,$8.73
Lizard Lounger Hanging Penn-Plax Hideout,,030172096631,Reptiles,,,,2.00,$24.14
Lizard Lounger Sun-lover Penn-Plax,,030172087011,Reptiles,,,,1.00,$22.04
Lizard Lounger Vine Backdrop,Penn-Plax,030172087431,Reptiles,,,,1.00,$30.44
Lizard Lounger Bridge,Penn-Plax,030172087462,Reptiles,,,,2.00,$41.99
Lizard Lounger,Penn-Plax,030172086809,Reptiles,,,,2.00,$24.14
Exo Terra Crested Gecko Zoo Med Food 8,,015561232609,Reptiles,,,,1.00,$11.54
Grooming,,412850235592,Grooming,Grooming,,,-2450.00,$0.00
Live Reptiles Reptiles/Fe eders,Reptiles,482235561868,Live,Live,,,-686.00,$0.00
Aquatic Fish Fish/Plant,,487999782221,Aquatic,,,,-10152.00,$0.00
kong cloud medium,,035585081342,Healthcare,,,,2.00,$33.59
zoo med box turtle food 8.25,,097612400991,Reptiles,,,,2.00,$17.84
Etta Sayes Cookie Cruncher 1oz,,853994001429,Dog Treats,,,,30.00,$1.35
Blue Buffalo Lamb Stix 5oz,,840243142736,Dog Treats,,,,-3.00,$9.44
Spot Funfetti,,077234521090,Accessories,,,,0.00,$5.45
Spot Lil Spots Octopus,,077234549315,Accessories,,,,-1.00,$7.63
Spot LeatherFish Assorted,,077234548042,Accessories,,,,0.00,$8.73
Zoo Repti Rock Small Water,,097612920208,Reptiles,,,,2.00,$8.73
Spot Snuggler 30x40,,077234500637,Accessories,,,,0.00,$11.54
Spot Snuggler 40x60,,077234500583,Accessories,,,,-1.00,$17.84
Spot Jolly Pops 6 inch,,788169060621,Toys,,,,-1.00,$20.99
Primal Pronto Chicken .75oz,Primal,850334004775,Dog Food,Bag,,0.75oz,2.00,$6.29
Pet Envy octopus,,784369573404,Toys,,,,-3.00,$26.24
Pet Envy Turtle,,784369573350,Toys,,,,-3.00,$26.24
Pet Envy Crab,,784369573374,Toys,,,,0.00,$26.24
Pet Envy Seahorse,,784369573558,Toys,,,,0.00,$26.24
Hills Sensitive Chicken Stew Pouch,Science Diet,052742076560,Dog Food,Can,,2.8oz,5.00,$2.39
Wholesomes Smokey Bites 3lb,,034846550047,Dog Treats,,,,2.00,$7.63
Victor High Pro Plus 30lb VICTOR,,899944446421,Dog Food,Bag,,30lb,1.00,$50.39
Fromm Gold Puppy 5lb,Fromm,072705115570,Dog Food,Bag,,5lb,13.00,$16.79
Cat Bal,,030172034878,Toys,,,,0.00,$2.17
Cat Ball,,022517355701,Toys,,,,15.00,$2.17
Aqueon Betta Food,,015905060516,Aquatics,,,,5.00,$3.27
A & E Small Animal Chew Animal,,644472014303,Small,,,,0.00,$10.49
Diamond Large Breed Puppy 20lb,Diamond,074198068362,Dog Food,Bag,,20lb,3.00,$37.79
Hills Sensitive Salmon Diet,Science,052742304502,Dog Food,Can,,13oz,49.00,$4.46
Kong Ez Soft Small,,035585081373,Accessories,,,,1.00,$18.89
ExoTerra Daytime Heat 100 w,,015561221122,Reptiles,,,,3.00,$11.54
Blue Buffalo Tastefuls Active Cat 15lb,,859610000517,Cat Food,Bag,,15lb,1.00,$57.74
Freshpet Chicken 6lb,Freshpet,851893001069,Dog Food,Bag,,6lb,-1.00,$19.94
Diamond Small Breed Lamb 18lb,Diamond,074198608317,Dog Food,Bag,,18lb,1.00,$33.59
Hikari Omega Brine Shrimp,,042055325219,Aquatics,,,,2.00,$7.63
Penn Plax Habitat,,30172090318,Reptiles,,,,0.00,$7.63
Home Range Tilapia Skin,,626245071027,Dog Treats,,,,5.00,$5.45
Wild Harvest Foraging,,026851992615,Accessories,,,,1.00,$7.63
Wild Harvest Seed Pops Supplies,,026851993087,Bird,,,,2.00,$6.54
Higgins Freeze Dried Fruit .5oz,Supplies,046706323319,Bird,,,,3.00,$6.54
Zupreem Grazing Snack Supplies,,762177000299,Bird,,,,2.00,$9.44
Higgins Fruit & Veggies .5oz,Supplies,046706322510,Bird,,,,4.00,$5.45
Oxbow Eco Straw Animal,,744845103020,Small,,,,2.00,$26.24
Misc.,,419249973059,,,,,-4072.00,$0.00
Zilla Heat Mat Large,,096316680364,Reptiles,,,,-1.00,$47.24
JW Small Animal Barn Animal,,618940821021,Small,,,,2.00,$12.59
Kaytee Fiesta Parrot 4.5lb Supplies,,071859426440,Bird,,,,4.00,$40.94
Fasion Pet Boots XL,,077234302071,Accessories,,,,0.00,$24.14
Kaytee Critter Trail Water Bottle,Animal,045125605969,Small,,,,2.00,$9.44
Feeding Dish Small Animal,,030172013850,Small,,,,1.00,$3.27
Sweet Harvest Rabbit 4lb Animal,,720101353040,Small,,,,3.00,$14.69
Tiny Friends Farm Russel Rabbit 2lb,Animal,730582211623,Small,,,,3.00,$11.54
Etta Says Cookie Chedder & Bacon,,853994001443,Dog Treats,,,,16.00,$1.35
Tropiclean Deep Ckeaning 20oz,,645095202153,Accessories,,,,2.00,$15.74
Kaytee Fiesta Conure 4.5lb,Supplies,071859426464,Bird,,,,2.00,$33.59
Blue Buffalo Stix Chicken Recipe,,840243142712,Dog Treats,,,,0.00,$9.44
Blue Buffalo Stix Beef Recipe,,4024314272,Dog Treats,,,,2.00,$9.44
Zoo Med Habba Hut Small,,097612200812,Reptiles,,,,2.00,$9.44
Tetra Hermit Crab Meal,Tetra,046798169802,Reptiles,,Yellow,4.94oz,0.00,$8.73
Furminator Grinder,,811794013424,Healthcare,,,,1.00,$45.14
Furminator Grinder Replacement,,44433235678,Healthcare,,,,0.00,$8.73
Kong Flex Ball,,3558553305,Toys,,,,0.00,$23.09
Kong Twistz Hi Viz Ball,,3558552927,Toys,,,,0.00,$11.54
Exo Terra Etra Large Water Dish,,1556122804,Reptiles,,,,1.00,$27.29
Marina Floatong Breeding Trap,,015561109338,Aquatics,,,,2.00,$6.54
Zoo Med Reptisun 10.0 48 inch,,097612343489,Reptiles,,,,2.00,$49.34
PENN plax Tiger Tail Wand,,030172041525,Toys,,,,8.00,$4.36
Sportmix Goutmet mix Cat Food,SportMix,034846600940,Cat Food,Bag,lb,,2.00,$19.94
Penn Plax Cat Toy,,076484536014,Toys,,,,-10.00,$2.17
Sunburst Parakeet 3lb Supplies,,046706302284,Bird,,,,7.00,$12.59
Amanda Tips,,483700528645,Tips,,,,-43.00,$0.00
Ashleigh Tips,,419337415850,Tips,,,,-37.00,$0.00
Anna Tips,,430685934480,Tips,,,,-37.00,$0.00
Janet Tips,,421853799222,Tips,,,,-36.00,$0.00
Rachel Tips,,489153137977,Tips,,,,-36.00,$0.00
Amanda Nail Clip,,459585861658,Grooming,Nail,Clip,,-66.00,$10.00
Amanda Nail Grind,,474413721287,Grooming,Nail,Grind,,-42.00,$13.00
Ashleigh Nail Clip,,488867115400,Grooming,Nail,Clip,,-68.00,$10.00
Ashleigh Nail Grind,,490643796741,Grooming,Nail,Grind,,-31.00,$13.00
Janet Nail Clip,,410826740620,Grooming,Nail,Clip,,-36.00,$10.00
Janet Nail Grind,,449628505441,Grooming,Nail,Grind,,-28.00,$13.00
Anna Nail Clip,,430320642688,Grooming,Nail,Clip,,-44.00,$10.00
Anna Nail Grind,,481013716469,Grooming,Nail,Grind,,-68.00,$13.00
Rachel Nail Clip,,458566585910,Grooming,Nail,Clip,,-58.00,$10.00
Rachel Nail Grind,,491275442235,Grooming,Nail,Grind,,-47.00,$13.00
Heather Nail Clip,,483888887510,Grooming,Nail,Clip,,-30.00,$10.00
Heather Nail Grind,,488428958491,Grooming,Nail,Grind,,-8.00,$13.00
Natural Balance Sweet Potatoe and Salmon 13oz Balance,Natural,723633001564,Dog Food,Can,,13oz,8.00,$3.91
Penn Plax Cat Toy,,07648485124,Toys,,,,0.00,$2.17
Esbilac Puppy 12 oz,,02279995005,Healthcare,,,,0.00,$29.39
Loving Pets Flavor Fullz,,842982052345,Dog Treats,,,,2.00,$4.36
Zilla 100 Watt Day Blue Light,,096316671430,Reptiles,,,,0.00,$11.54
AquaClear Filter Bag Insert 2 Bags,,015561113625,Aquatics,,,,0.00,$4.36
Fluval Betta Plus Tap Water Conditioner,,015561183345,Aquatics,,,,2.00,$2.17
Home Range 6'' Beef Chomper,,626245050138,Dog Treats,,,,3.00,$5.45
Fluval Betta Aquarium Cleaner 60mL,,015561183352,Aquatics,,,,3.00,$4.36
Super Worms 50 Reptiles/Fe eders,,439974970284,Live,Bugs,,,-589.00,$7.27
Super Worms 25 Reptiles/Fe eders,,460333821404,Live,Bugs,,,-149.00,$4.15
Live Mice Reptiles/Fe eders,Rodents,466219976572,Live,Live,,,-1231.00,$4.29
Live Rat Small Reptiles/Fe eders,Rodents,430935181701,Live,Live,,,-429.00,$9.99
Live Rat Medium Reptiles/Fe eders,Rodents,445193775890,Live,Live,,,-160.00,$10.99
Live Rat Large Reptiles/Fe eders,Rodents,422267234620,Live,Live,,,-81.00,$11.99
Mealworm 50 Reptiles/Fe eders,,492683402705,Live,Bugs,,,-64.00,$3.11
Mealworm 100 Reptiles/Fe eders,,413135379536,Live,Bugs,,,-96.00,$4.15
Wax Worms 50 Reptiles/Fe eders,,465862113778,Live,Bugs,,,-16.00,$5.19
Exo Tera Infrared 100w,Exo Terra,015561221443,Reptiles,,,,1.00,$17.84
carefresh White 10L Animal,,066380004182,Small,,,,1.00,$14.69
Live Birds Animals,,459487685628,Live Small,,,,-89.00,$0.00
Live Animals Animals,,483880134124,Live Small,,,,-14.00,$0.00
AquaLife Bubble Wall,,030172335105,Aquatics,,,,3.00,$7.63
Sunburst Gourmet Treat Sticks 2x,Supplies,046706324064,Bird,,,,-2.00,$6.54
Dogswell Skin and Coat Salmon Jerky,,693804292377,Dog Treats,,,,0.00,$22.04
A&E Smackers Cockatiel Fruit,Supplies,644472006209,Bird,,,,0.00,$6.54
Glo Fish Deco,,046798784449,Aquatics,,,,1.00,$12.59
Aqua Plant Bonsai,,030172098727,Aquatics,,,,3.00,$8.73
Aquarium Solutions Coral,,042055962155,Aquatics,,,,0.00,$13.64
Frozen Mice Pinkey Sm Reptiles/Fe eders,Rodents,476772651151,Live,Frozen,,,-372.00,$1.09
Frozen Mice Pinky Lrg Reptiles/Fe eders,Rodents,463293700581,Live,Frozen,,,-261.00,$1.09
Frozen Mice Fuzzy Reptiles/Fe eders,Rodents,472841787196,Live,Frozen,,,-294.00,$1.69
Frozen Mice Small Reptiles/Fe eders,Rodents,458060217140,Live,Frozen,,,-271.00,$2.69
Frozen Mice Medium Reptiles/Fe eders,Rodents,454481379795,Live,Frozen,,,-314.00,$3.19
Frozen Mice Large Reptiles/Fe eders,Rodents,474137157836,Live,Frozen,,,-294.00,$3.69
Frozen Mice XL Reptiles/Fe eders,Rodents,467211299355,Live,Frozen,,,-133.00,$4.15
Frozen Rat Small Reptiles/Fe eders,Rodents,433121454320,Live,Frozen,,,-218.00,$7.27
Frozen Rat Medium Reptiles/Fe eders,Rodents,418730852460,Live,Frozen,,,-130.00,$8.31
Nylabone Elk Bone Venison,,018214855361,Dog Treats,,,,-1.00,$24.14
Greenies Large 12 oz,Sweet Potato,642863114243,Dog Treats,,,,1.00,$24.14
Frozen Rat Large Reptiles/Fe eders,Rodents,437443818983,Live,Frozen,,,-53.00,$8.99
Mealworm 500 Reptiles/Fe eders,,427707893948,Live,Bugs,,,-19.00,$10.99
Victor Hi Pro 50lb,VICTOR,854524005276,Dog Food,Bag,,50lb,3.00,$67.19
Live Rabbit Animals,,456493360884,Live Small,,,,-89.00,$60.99
Live Hamsters Animals,,498145233863,Live Small,,,,-60.00,$19.99
Live Guinea Pig Animals,,442295734527,Live Small,,,,-54.00,$54.99
Live Cinchilla Animals,,413104748141,Live Small,,,,-1.00,$275.99
Live Hornworm Reptiles/Fe eders,,497807885082,Live,Bugs,,,-879.00,$1.19
Diamon Naturals 20lb,Diamond,074198608362,Dog Food Bag,20lb,,,3.00,$37.79
Freshpet Vital Grain Free Freshpet Complete 1.75lb,,627975010089,Dog Food,Bag,,1.75lb,3.00,$16.79
Freshpet Homestyle Beef Freshpet Chicken & Turkey1lb,,627975012922,Dog Food,Bag,,1lb,0.00,$12.59
Coadtal Woods & Water Collar Med,And Collars,076484769733,Leashes And Collars,,,,0.00,$10.69
Skouts honor Deep Woods 16oz,,850004314470,Healthcare,,,,3.00,$25.19
Sweet Harvest Hamster & More 2lb,Animal,720101362028,Small,,,,0.00,$9.44
Kaytee 7'' Run-About Ball Animal,,045125613537,Small,,,,0.00,$13.64
Coastal Woods & Water Collar Large,And Collars,076484769931,Leashes And Collars,,,,2.00,$16.19
Coastal Woods & Water Collar Large,And Collars,076484769948,Leashes And Collars,,,,1.00,$16.99
Saint Rocco's Dog Treats,,195893165155,Dog Treats,,,,-2.00,$14.69
Saint Rocco's Dog Treats,,860010079713,Dog Treats,,,,-1.00,$7.63
Coastal Woods & Water Collar Large,And Collars,076484769788,Leashes And Collars,,,,0.00,$12.99
Coastal Woods & Water Collar Large,And Collars,076484769795,Leashes And Collars,,,,1.00,$12.99
Coastal Woods & Water Collar Large,And Collars,076484769573,Leashes And Collars,,,,1.00,$10.49
Dubia Roaches Reptiles/Fe eders,,473578914572,Live,Bugs,,,-1074.00,$0.25
Coastal Woods & Water Leash 6',And Collars,076484709258,Leashes And Collars,,,,-1.00,$18.89
Coastal Woods & Water Leash 6',And Collars,076484709234,Leashes And Collars,,,,0.00,$20.99
Coastal Comfort Sport Harness,And Collars,076484698019,Leashes And Collars,,,,1.00,$39.79
Coastal Woods & Water Leash 6',And Collars,076484709241,Leashes And Collars,,,,1.00,$26.99
Coastal Woods & Water Leash 6',And Collars,076484709203,Leashes And Collars,,,,1.00,$20.99
Komodo Living Natural,,784369933765,Reptiles,,,,2.00,$8.73
Coastal Water & Woods Collar Med,And Collars,076484769757,Leashes And Collars,,,,0.00,$10.69
Fromm Frommbo Gumbo Fromm Beef,,072705134007,Dog Food Can,12.5oz,,,10.00,$5.11
Coastal Water & Woods Collar Med,And Collars,076484769917,Leashes And Collars,,,,0.00,$10.99
Coastal Water & Woods Collar Sm,And Collars,076484994159,Leashes And Collars,,,,1.00,$11.99
A&E Smackers Banana 2 Pack,Animal,644472991512,Small,,,,2.00,$6.54
Higgins Sunburst Rabbit 6lb,Animal,046706559046,Small,,,,3.00,$20.99
Tuesdays Natural 12'' Braided Collagen,,810723033496,Dog Treats,,,,9.00,$9.44
Tuesdays Natural Chicken Basted Cheek Roll,,855591005572,Dog Treats,,,,4.00,$9.44
Coastal Water & Woods Collar 18'',And Collars,076484720055,Leashes And Collars,,,,2.00,$18.39
Coastal Water & Woods Collar 20'',And Collars,076484720062,Leashes And Collars,,,,0.00,$18.39
Coastal Water & Woods Collar 22'',And Collars,076484720079,Leashes And Collars,,,,2.00,$18.39
Coastal Water & Woods Collar 26'',And Collars,076484720093,Leashes And Collars,,,,1.00,$18.39
New Earth Harness Med Pink,And Collars,076484264535,Leashes And Collars,,,,1.00,$29.99
New Earth Harness Lrg Pink,And Collars,076484494505,Leashes And Collars,,,,1.00,$35.89
New Earth Harness Med Blue,And Collars,076484264597,Leashes And Collars,,,,2.00,$27.29
New Earth Harness Med Purple,And Collars,076484264511,Leashes And Collars,,,,2.00,$29.99
New Earth Harness Lrg Purple,And Collars,076484149511,Leashes And Collars,,,,1.00,$37.99
New Earth Harness Sm Blue,And Collars,076484144547,Leashes And Collars,,,,1.00,$23.29
New Earth Harness XS Red,And Collars,076484143533,Leashes And Collars,,,,1.00,$15.49
New Earth Harness XS Blue,And Collars,076484143892,Leashes And Collars,,,,2.00,$15.49
New Earth Harness Sm Pink,And Collars,076484144554,Leashes And Collars,,,,2.00,$23.29
New Earth Harness Sm Red,And Collars,076484144455,Leashes And Collars,,,,2.00,$23.29
New Earth Harness XS Purple,And Collars,076484143861,Leashes And Collars,,,,2.00,$16.99
New Earth Harness Sm Purple,And Collars,076484144516,Leashes And Collars,,,,2.00,$24.99
Growl,,810164520234,Toys,,,,0.00,$17.84
Growl bruizers,,810164520272,Toys,,,,-1.00,$16.70
Fluval strarium 4.4lb,,015561126939,Aquatics,,,,4.00,$17.84
Carefresh blue 50 L Animal,,066380004359,Small,,,,3.00,$41.99
Zoo Med Habba Hut XL,,097612200843,Reptiles,,,,0.00,$26.24
Kaytee rabbit food Animal,,071859000022,Small,,,,4.00,$12.59
The Little Mermaid,,030172082634,Aquatics,,,,1.00,$7.63
Nutri Source Puppy Small Nutrisource & Medium Breed,,073893263043,Dog Food,Bag,,12lb,3.00,$41.99
Lava Ledge Animal,,045125603842,Small,,,,2.00,$11.54
Estes Aquarium Rock,,034652205162,Aquatics,,,,3.00,$8.73
Tortoise Food,,788286004072,Reptiles,,,,1.00,$26.24
Tuesdays 6'' Braided Colllagen,,810723032697,Dog Treats,,,,1.00,$3.27
Snuggle Sacks XL Animal,,048081311653,Small,,,,1.00,$18.89
Natures Choice Natural Rawhide,,842982047044,Dog Treats,,,,3.00,$1.04
Coastal Cat Collar SOG12,,076484670749,Accessories,,,,1.00,$12.59
Sunburst Herb Garden 3oz,Animal,046706323043,Small,,,,7.00,$5.45
Cage Accessories Hideaway,Animal,048081628126,Small,,,,0.00,$10.49
Tiny Friends Farm Hazel Hamster Lovelies 4.2oz,Animal,730582211609,Small,,,,1.00,$5.45
Fiesta Guinea Pig Food Animal,,071859426532,Small,,,,2.00,$15.74
Aqua-Plants 12'',,030172071485,Aquatics,,,,3.00,$16.79
Fluval Bug Bites Betta Fluval Formula 1.05oz,,015561165754,Aquatics,,,,4.00,$4.36
Bella Home Prevue Cage Animal,,048081025260,Small,,,,2.00,$36.74
Mister Large 67.50z,,015561224918,Reptiles,,,,3.00,$14.69
Estes Black Gravel 5lbs,Estes,034652405067,Aquatics,,,,7.00,$7.63
Zoo Med 5.0 UVB,,097612340051,Reptiles,,,,2.00,$41.99
Estes Aquarium Gravel,,015851154055,Aquatics,,,,1.00,$7.63
Premier Pets Bark Collr,,729849179936,Accessories,,,,-1.00,$55.64
Gift Cards,,493439400792,Gift Cards,,,,-4.00,$0.00
Wax Worms 25 Reptiles/Fe eders,,419390271394,Live,Bugs,,,0.00,$4.15
Pureness 20 Cat Pan Liners,,079441422207,Accessories,,,,-1.00,$16.79
Nutrisource Seafood Select GF 26lb,Nutrisource,073893430063,Dog Food,Bag,,26lb,2.00,$66.14
Aqualife Deco Scape 7x3.5x12,,080605117020,Aquatics,,,,2.00,$17.84
Hills 7+ Beef & Vegi Stew Science Diet,,052742143408,Dog Food,Can,,13oz,5.00,$4.02
Eco Bedding Pink 3lb Animal,,767044024460,Small,,,,0.00,$20.99
Zoo Med ReptiRock Medium,,097612920307,Reptiles,,,,1.00,$13.64
Hikari jumbo mysis shrimp 16OZ,,042055310901,Aquatics,,,,2.00,$19.94
Zoo Med Naturalistic Flora,,097612180268,Reptiles,,,,-1.00,$9.44
Princess Nail Clip,,459079425373,Grooming,Nail,Clip,,-14.00,$10.00
Baby Brine Shrimp,,042055323000,Aquatics,,,,6.00,$8.73
Princess Nail Grind,,461701753945,Grooming,Nail,Grind,,0.00,$13.00
Natural Balance Health Protection 12.5oz,Natural Balance,723633007221,Dog Food,Can,,12.5oz,4.00,$3.91
Kaytee comfort wheel giant 12'',Animal,045125613865,Small,,,,2.00,$34.64
Acana Bountiful Catch,Acana,064992612047,Cat Food,Bag,,4lb,3.00,$20.99
Small CollagenStick .6oz,,785184262009,Dog Treats,,,,13.00,$5.45
Crickets Reptiles/Fe eders,,477980340066,Live,Bugs,,,-74064.00,$0.08
Fromm Weight Management 30lb,Fromm,072705105717,Dog Food Bag,30lb,,,2.00,$58.79
Kong Squeaker Small Balls,,035585775159,Toys,,,,3.00,$7.63
Nutrisource Small Bite 4lb Nutrisource,,073893260165,Dog Food,Bag,,4lb,0.00,$16.79
Wholesomes Jerkey Tanks,,034846727029,Dog Treats,,,,0.00,$14.69
Penn Plax Jaws,,030172103926,Aquatics,,,,0.00,$20.99
Aquaplant Small Purple Bunch Plants,Penn-Plax,030172098765,Aquatics,,,,4.00,$4.36
Dogswell Grillers Duck 10oz,Dogs Well,693804292452,Dog Treats,,,,1.00,$20.99
Hikari Mysis shrimp 3.5,,042055309202,Aquatics,,,,-1.00,$5.45
catit chicken Turkey 3oz,,022517450093,Cat Food,Can,,3oz,60.00,$1.73
Catit Skin & Coat Seafoof 3oz,,022517450154,Cat Food,Can,,3oz,65.00,$1.73
Greenies Smart Toppers Greenies 16oz,,642863117848,Cat Food,Can,,16oz,0.00,$13.07
"Aqueon Hinged Glass Top 30""",Aqueon,015905290302,Aquatics,,,,0.00,$31.49
Coastal Elastacat Collar,,076484432477,Leashes And Collars,,,,1.00,$14.99
Hikari Jumbo Blood worms 16oz,,042055302500,Aquatics,,,,3.00,$19.94
Hikari ich x 4oz,,042055732147,Aquatics,,,,3.00,$6.54
Seachem Combo Alert,Seachem,000116001205,Aquatics,,,,2.00,$15.74
seachem Purigen 100ml,,000116016506,Aquatics,,,,0.00,$15.74
"Seachem Fish Net 5""",,000116032216,Aquatics,,,,0.00,$5.45
Fresh Pet Vital Beef Turkey Lamb,Freshpet,627975013318,Dog Food,Bag,lb,,3.00,$11.54
Exo Terra 60 Breeder Mesh Lid,,015561227179,Reptiles,,,,-2.00,$39.89
Cascade Filte 150 200,Penn Plax,030172016073,Aquatics,,,,3.00,$6.54
Jolly Pets Romp & Roll 6in Red,,788169060614,Toys,,,,1.00,$25.19
Tuffy Bowmerng Large,,180181006036,Toys,,,,1.00,$22.04
Fromm Lamb 12.2oz,Fromm,072705118687,Dog Food,Can,,12.2oz,8.00,$4.13
Sweet Harvest Parakeet 2lb,Supplies,720101103027,Bird,,,,2.00,$11.54
Sweet Harvest Pumkin Seed 5oz,Supplies,720101200054,Bird,,,,1.00,$11.54
JW Lattis Balls Supplies,,618940310365,Bird,,,,2.00,$5.45
Lafeber's Sunny Orchard 10oz,Supplies,041054828509,Bird,,,,2.00,$18.89
Earthborn Catalina Catch 3ozx,,034846715118,Cat Food,Can,,3oz,19.00,$1.62
Sheba Whitefish & Tuna Sheba 3.75oz,,023100114200,Cat Food,Can,,3.75oz,2.00,$1.62
Sheba Tuna 3.75oz,Sheba,023100114156,Cat Food,Can,,3.75oz,24.00,$1.62
Elanco Tapeworm Cat,,724089113436,Healthcare,,,,1.00,$26.24
prt Bowl Pink Medium,,842982074019,Accessories,,,,3.00,$9.44
Coastal 18'' 26'' Large,,076484619571,Leashes And Collars,,,,3.00,$18.89
Kong EZ Clear Small,,035585081311,Healthcare,,,,2.00,$13.64
Kong EZ Clear Medium,,035585081212,Healthcare,,,,3.00,$17.84
Kong EZ Clear Large,,035585081113,Healthcare,,,,2.00,$26.24
Coastal Inspire Collar Med,And Collars,076484954139,Leashes And Collars,,,,1.00,$13.79
Coastal Inspire Collar Lrg,,076484954184,Leashes And Collars,,,,2.00,$13.79
Kong Cloud Small,,035585081335,Healthcare,,,,2.00,$25.19
Prevue Naturals Bird Toy Supplies,,048081602638,Bird,,,,-1.00,$12.59
Happy Beaks Bird Toy Supplies,,644472012460,Bird,,,,3.00,$11.54
Wild Harvest Treat Stick With Tough Core,Supplies,026851993063,Bird,,,,2.00,$7.63
Kong Extreme Goodie Bone Medium,,611932100128,Toys,,,,1.00,$14.69
Coastal Inspire Collar Med,And Collars,076484954115,Leashes And Collars,,,,2.00,$13.79
Coastal Inspire Collar Med,And Collars,076484954122,Leashes And Collars,,,,1.00,$14.99
Kong Scruffs Turtle Medium/Lasrge,,035585499888,Toys,,,,1.00,$16.79
Wild Harves Bke Shop Glazed Donuts Vanilla,Animal,026851835240,Small,,,,4.00,$5.45
Coastal Inspire Collar,,076484954160,Leashes And Collars,,,,2.00,$13.79
Smart Bones Smart Stick 12 Count,,810833021383,Dog Treats,,,,1.00,$16.79
Smart Bones Wrapped Twist 30 Count,,810833003600,Dog Treats,,,,1.00,$17.84
Greenies Regular 6oz,,642863102936,Dog Treats,,,,3.00,$12.59
Coastal Styles Collar Lrg Alien,And Collars,076484693809,Leashes And Collars,,,,1.00,$12.99
Coastal Styles Collar Lrg Dinosaur,And Collars,076484693816,Leashes And Collars,,,,1.00,$12.39
Pill Pockets Tab Chicken,,642863045394,Dog Treats,,,,3.00,$11.54
Kong Stripes Low Stuff,,035585499581,Toys,,,,-1.00,$15.74
Coastal Safe Cat,,076484670718,Leashes And Collars,,,,0.00,$9.49
Coastal Styles Collar Lrg Donut,And Collars,076484065620,Leashes And Collars,,,,2.00,$12.39
Coastal Styles Collar Med Unicorn,And Collars,076484693564,Leashes And Collars,,,,1.00,$10.69
Coastal Styles Collar Med Alien,And Collars,076484693519,Leashes And Collars,,,,1.00,$10.69
Kong Duos Duets,,035585504766,Leashes And Collars,,,,0.00,$0.00
Komodo Large Hide,,784369933185,Reptiles,,,,0.00,$41.99
Tetra Repto Habitat 40 Gallon,,047497269220,Reptiles,,,,0.00,$209.99
Tetra Repto Habitat 75 Gallon,,047497269237,Reptiles,,,,0.00,$346.49
"Zilla Reflector Dome 8.5""",,096316670648,Reptiles,,,,0.00,$31.49
Coastal Styles Collar XS Donut,And Collars,076484065200,Leashes And Collars,,,,2.00,$8.31
Coastal Styles Collar XS Unicorn,And Collars,076484428456,Leashes And Collars,,,,0.00,$7.49
Coastal Styles Collar XS Alien,And Collars,076484428401,Leashes And Collars,,,,1.00,$7.69
Coastal Styles Collar Sm Lama,And Collars,076484996474,Leashes And Collars,,,,0.00,$8.99
Coastal Styles Collar Sm Donuts,And Collars,076484065224,Leashes And Collars,,,,1.00,$8.29
Coastal Styles Collar Sm Alien,And Collars,076484996443,Leashes And Collars,,,,0.00,$8.99
Fluval Moss Ball,,015561113441,Aquatics,,,,4.00,$9.44
Coastal Styles Collar XS,,076484065217,Leashes And Collars,,,,0.00,$7.69
Coastal Styles Collar Sm Dinosaur,And Collars,076484996450,Leashes And Collars,,,,0.00,$8.99
Coastal Inspire XS DGM,,076484954016,Leashes And Collars,,,,2.00,$11.99
Zilla Night Black 50 Watt,,096316671379,Reptiles,,,,4.00,$8.73
Coastal Inspire XS BZS,,076484954009,Leashes And Collars,,,,2.00,$10.99
"Zoo Med Repti Sun LED UVB 30""",,097612321036,Reptiles,,,,1.00,$209.99
Coastal Inspire XS SHB,,076484954047,Leashes And Collars,,,,0.00,$10.99
Coastal Inspire Sm DGM,,076484954061,Leashes And Collars,,,,2.00,$10.99
Coastal Inspire Leash Sm,,076484954214,Leashes And Collars,,,,2.00,$16.69
Coastal Inspire Leash Sm,,076484954238,Leashes And Collars,,,,2.00,$16.69
Coastal Inspire Leash Lrg RAF,And Collars,076484954283,Leashes And Collars,,,,2.00,$22.19
Coastal Inspire Leash Lrg MLM,And Collars,076484954276,Leashes And Collars,,,,1.00,$23.99
Coastal Inspire Leash Lrg BZS,And Collars,076484954252,Leashes And Collars,,,,2.00,$22.19
Coastal Inspire Leash Lrg SHB,And Collars,076484954290,Leashes And Collars,,,,1.00,$24.99
Coastal Inspire Leash Lrg DGM,And Collars,076484954269,Leashes And Collars,,,,2.00,$22.19
Coastal Styles Leash Sm Dinosaur,And Collars,076484994654,Leashes And Collars,,,,0.00,$18.99
Coastal Styles Leash Sm Unicorn,And Collars,076484994692,Leashes And Collars,,,,1.00,$18.99
Coastal Styles Leash Sm Donut,And Collars,076484065248,Leashes And Collars,,,,1.00,$17.49
Coastal Styles Leash Sm Lama,And Collars,076484969041,Leashes And Collars,,,,2.00,$20.49
Coastal Styles Leash Lrg Donut,And Collars,076484065644,Leashes And Collars,,,,2.00,$21.99
Zoo Med XS Water Bowl,,097612920109,Reptiles,,,,2.02,$7.63
Churu Meal Topper Chicken With Pumpkin,,810100851279,Dog Treats,,,,6.00,$8.73
Springtails Reptiles/Fe eders,,439541136679,Live,Bugs,,,-5.00,$9.99
Isopods Reptiles/Fe eders,,422835375359,Live,Bugs,,,-8.00,$9.99
Springtails & Isopods Reptiles/Fe eders,,486320648328,Live,Bugs,,,-17.00,$15.99
Marshall Super Thru Way Animal,,766501001907,Small,,,,0.00,$31.49
Marshal Octo-Play Animal,,766501003000,Small,,,,1.00,$36.74
Marshal Ferret Go Round Animal,,766501004564,Small,,,,1.00,$41.99
A & E Flakes Carrot & Beet Root,Animal,644472991529,Small,,,,2.00,$5.45
Tuesday's Natural Chewy Bulls,,851265004520,Treats,,,,14.00,$5.45
Reptology Hide,,030172079887,Reptiles,,,,1.00,$24.14
Fresh Pet Vital Cat 1lb,Freshpet,627975011116,Cat Food,Bag,,1lb,1.00,$6.29
Scienc Diet Cat Sensitive Science 3.5lb,Diet,052742852300,Cat Food,Bag,,3.5lb,3.00,$26.24
Preview Hendrix 4'' Cuttlebone,Supplies,048081011416,Bird,,,,2.00,$3.27
Higgins Sunburst Gourmet Blend Chinchilla,Animal,046706563104,Small,,,,3.00,$13.64
Versele-Laga Complete Chinchilla & Degu,Animal,541034061581,Small,,,,3.00,$19.94
Glo Fish Coral,,046798773054,Aquatics,,,,2.00,$12.59
Happy Beaks Bird Toy Supplies,,644472009903,Bird,,,,3.00,$5.45
Tiki Cat Chicken Pumkin & Duck 2.5oz,,693804480385,Cat Food,Can,,2.5oz,18.00,$1.84
Natural Balance Ultra Protein,Natural Balance,723633006965,Cat Food,Can,oz,,7.00,$2.39
Casual Canine Sm,,721343067351,Accessories,,,,-1.00,$18.89
Timothy Hay 18oz Animal,,850032686082,Small,,,,4.00,$9.44
Omega One Betta Flakes,,698220011717,Aquatics,,,,3.00,$4.36
Coastal Harness xs,,076484068430,Accessories,,,,-1.00,$22.04
Kong Wubba,,035585800028,Toys,,,,1.00,$11.54
Turbo Catnip 0.5oz,,076484810848,Accessories,,,,-1.00,$7.63
Intune Duets Stuffed Treats 3oz,Animal,046706563302,Small,,,,0.00,$7.63
Ferret Chew Sticks 1.87oz,Animal,657546800986,Small,,,,0.00,$7.63
Ucari,,850023010063,Healthcare,,,,3.00,$83.99
Bags To Go,,604142570607,Accessories,,,,-1.00,$7.63
T8 Freshwater Aquarium Light 18''L 15watt,,015905004558,Aquatics,,,,1.00,$18.89
Playfulls Bird Toys Supplies,,048081626047,Bird,,,,2.00,$13.64
Repti Calcium 8oz,,097612134087,Reptiles,,,,2.00,$14.69
Syrflex Cohesive Bandage,,715501517888,Healthcare,,,,-1.00,$4.36
Quiet Time Fashion Pet Bed Pink,,027773007180,Accessories,,,,0.00,$37.79
Kaytee CritterTrail One Level Pink Habitat,Animal,045125605136,Small,,,,2.00,$73.49
Animal Boarding,,412397286750,,,,,0.00,$0.00
Tiny Farms Friends Chinchilla,Animal,730582211685,Small,,,,1.00,$15.74
Wild Harvest Stuffed Log 7.7oz,Animal,026851992554,Small,,,,2.00,$9.44
Loving Pet Bella Mat,Loving Pets,842982073524,Accessories,,,,1.00,$15.74
Pet Water Bottle Animal,,076711003456,Small,,,,3.00,$7.63
Kaytee FortiDiet Hamster & Gerbil,Animal,071859999869,Small,,,,2.00,$10.49
Coastal Neon Pink 20'',,076484047138,Leashes And Collars,,,,0.00,$9.99
Loving Pets Fashion Mat,,842982075696,Accessories,,,,0.00,$8.73
Spot Pet Lazer Single Dot,,077234400500,Accessories,,,,0.00,$5.45
A&E Nibbles Small Pet Chew,Animal,644472002867,Small,,,,3.00,$4.36
Wild Harvest Stuffed Logz Animal,,026851840268,Small,,,,2.00,$6.54
A&E Nibbles Animal,,644472014358,Small,,,,5.00,$1.41
Higgins Vita Garden Rat & Mouse,Animal,046706556502,Small,,,,3.00,$8.73
Tuesdays 5'' Tremenda Sticks,,851265004858,Dog Treats,,,,35.00,$2.17
Zoo Med Box Turtle Food 6oz,,097612400205,Reptiles,,,,0.00,$6.54
Mamoth Flossy Chew XL,,746772200162,Toys,,,,2.00,$15.74
Home Rangec8-10'' Chomper,,626245052262,Treats,,,,13.00,$9.44
Primal Pronto Beef .75lb,Primal,850334004768,Dog Food,Bag,,.75lb,2.00,$6.29
Exo Terra Heat Mat 16w,,015561220330,Reptiles,,,,1.00,$41.99
Exo Terra Heat Mat 24w,,015561220347,Reptiles,,,,1.00,$52.49
Exo Terra Daylight 100W,,015561221337,Reptiles,,,,3.00,$15.74
Exo Terra Infrared 50W,,015561221412,Reptiles,,,,7.00,$15.74
"Midwest Wabbitat 47"" Animal",,027773024200,Small,,,,1.00,$157.49
Higgins Vita Garden Hamster 2.5lb,Animal,046706556557,Small,,,,4.00,$8.73
Kong XL Elephant,,035585498812,Toys,,,,1.00,$22.04
Pro Plan Urinary Whitefish 3oz,,038100173348,Cat Food,Can,,3oz,21.00,$2.28
Pro Plan Beef and Salmon 13oz,Pro Plan,038100181657,Dog Food,Can,,13oz,8.00,$3.04
Pro Plan Sensitive Puppy Pro Plan Lamb 16lb,,038100187680,Dog Food,Bag,,16lb,1.00,$50.39
Pro Plan Sensitive Lamb Pro Plan 16lb,,038100175663,Dog Food,Bag,,16lb,0.00,$51.44
Pro Plan Puppy Lamb 6lb Pro Plan,,038100113641,Dog Food,Bag,,6lb,0.00,$20.99
Pure Vita Turkey 25lb,Nutrisource,073893175001,Dog Food,Bag,,25lb,2.00,$67.19
NutriSource Grain Free Nutrisource Chicken 4lb,,073893290087,Dog Food,Bag,,4lb,2.00,$20.99
Wellness Small Breed Turkey 12lb,Wellness,076344891116,Dog Food,Bag,,12lb,1.00,$48.29
Tiki Chicken Pumpkin & duck 2.5oz,,433607650277,Cat Food,Can,,2.5oz,11.00,$1.84
Dashi Chicken & Salmon Inaba 2.5oz,,810100850951,Cat Food,Can,,2.5oz,13.00,$1.73
Churu TidBit 3.36oz,,810100854997,Cat Treats,,,,1.00,$7.63
Churu Fun Bites 3 pack,,810100851408,Cat Treats,,,,3.00,$4.36
Science Diet Sensitive Salmon Kitten 6lb,Science Diet,052742069449,Cat Food,Bag,,6lb,1.00,$41.99
Science Diet Cat Turkey 5.5oz,Science Diet,052742661308,Cat Food Can,5.5,oz,,14.00,$2.82
Mamoth Rope Toy,,746772255100,Toys,,,,2.00,$8.73
Fromm Surf & Turf 10lb,Fromm,072705116935,Cat Food,Bag,,10lb,2.00,$40.94
Fromm Ancient Grains 30lb,Fromm,072705105915,Dog Food,Bag,,30lb,2.00,$55.64
Fromm Tenderollies Bac'nchedd,,072705126002,Dog Treats,,,,2.00,$10.49
Pro Plan Cat Beef & Chicken 3oz,Pro Plan,038100170156,Cat Food,Can,,3oz,16.00,$1.95
Pro Plan Sensitive Turkey Pro Plan 24lb,,038100189752,Dog Food,Bag,,24lb,2.00,$82.94
Pro Plan Turkey & Rice 15lb,Pro Plan,038100101303,Dog Food,Bag,,15lb,2.00,$40.94
Pro Plan Beef & Bison 33lb,Pro Plan,038100189868,Dog Food,Bag,,33lb,1.00,$83.99
Milkbone Maro 40oz,,079100923274,Dog Treats,,,,0.00,$23.09
CATIT Pixie Filter 3 Pack,,022517437216,Accessories,,,,3.00,$9.44
Exo Terra Desert Stone Outback Red 11lb,,015561231350,Reptiles,,,,-1.00,$13.64
Exo Terra Stone Desert Black 11lb,,015561231473,Reptiles,,,,1.00,$14.69
Exo Terra Moss Vine Small,,015561230834,Reptiles,,,,2.00,$15.74
Exo Terra Monsoon Nano,,015561224796,Reptiles,,,,1.00,$94.49
Marina Fiah Net Breeder,,015561109345,Aquatics,,,,2.00,$5.45
Marina Glass Betta Kit,,015561134859,Aquatics,,,,1.00,$34.64
Kong squeak Z Star,,035585014883,Toys,,,,1.00,$10.49
Kong Cross Knots Monkey,,035585454535,Toys,,,,1.00,$17.84
Higgins Sunburst Treat Stick Psarrot Carrots& Dand,Supplies,046706324163,Bird,,,,2.00,$8.73
Coastal Safari Nail File,,076484513084,Healthcare,,,,2.00,$8.73
True Chews Chicken Pot Pie 12oz,,840243149926,Dog Treats,,,,1.00,$20.99
Round Lake Farm Timothy & Orchard Hay 48oz,Animal,850032686389,Small,,,,0.00,$15.74
Komodo Living Natural,,784369933772,Reptiles,,,,1.00,$8.73
Power Walker Lrg Red,,076484088056,Leashes And Collars,,,,0.00,$56.99
Power Walker Lrg Pink,,076484089787,Leashes And Collars,,,,1.00,$57.99
Power Walker Med Red,,076484088025,Leashes And Collars,,,,0.00,$46.99
Power Walker Med Pink,,076484089794,Leashes And Collars,,,,0.00,$46.99
Power Walker XS Black,,076484087844,Leashes And Collars,,,,0.00,$36.99
Power Walker Sm Red,,076484087950,Leashes And Collars,,,,1.00,$40.99
Sublime Leash 6' Stripes & Stars,And Collars,076484209826,Leashes And Collars,,,,2.00,$19.09
Sublime Leash 6' Yellow Stripes,And Collars,076484209833,Leashes And Collars,,,,1.00,$19.09
Wolfgang Los Muertos Med,And Collars,076484180668,Leashes And Collars,,,,2.00,$19.95
Sublime Collar Lrg Palm Tree,And Collars,076484239540,Leashes And Collars,,,,0.00,$16.39
Sublime Collar Lrg Yellow Stripes,And Collars,076484239533,Leashes And Collars,,,,1.00,$16.39
Sublime Collar Lrg Red & White Stripes,And Collars,076484239526,Leashes And Collars,,,,3.00,$16.39
Sublime Collar Lrg Waves,,076484239502,Leashes And Collars,,,,1.00,$16.39
Sublime Collar Med Mountain,And Collars,076484005121,Leashes And Collars,,,,-1.00,$12.99
Sublime Collar Med Red & White,And Collars,076484269363,Leashes And Collars,,,,1.00,$11.79
Sublime Collar Sm Red & White,And Collars,076484266522,Leashes And Collars,,,,1.00,$9.99
Sublime Collar Sm Mountain,And Collars,076484005329,Leashes And Collars,,,,1.00,$10.99
Water & Woods Orange Waterproof Sm,And Collars,076484126215,Leashes And Collars,,,,1.00,$11.59
Water & Woods Waterproof Orange Lrg,And Collars,076484126253,Leashes And Collars,,,,1.00,$15.59
Wolfgang Los Muertos Lrg,And Collars,076484180729,Leashes And Collars,,,,1.00,$19.95
Wolfgang Collar Med Flower,And Collars,076484179839,Leashes And Collars,,,,0.00,$19.95
Wolfgang Collar Med Mountain,And Collars,076484483455,Leashes And Collars,,,,1.00,$19.95
K9 Explorer Leash Sm Orange,And Collars,076484364808,Leashes And Collars,,,,2.00,$24.09
K9 Explorer Leash Sm Green,And Collars,076484364822,Leashes And Collars,,,,2.00,$25.29
K9 Explorer Leash Sm Black,And Collars,076484364839,Leashes And Collars,,,,2.00,$21.99
K9 Explorer Leash Lrg Teal,And Collars,076484369896,Leashes And Collars,,,,2.00,$25.79
K9 Explorer Leash Sm Red,And Collars,076484364792,Leashes And Collars,,,,1.00,$25.29
K9 Explorer Leash Lrg Orange,And Collars,076484369858,Leashes And Collars,,,,2.00,$25.79
K9 Explorer Leash Lrg Green,And Collars,076484369872,Leashes And Collars,,,,2.00,$26.59
K9 Explorer Collar Lrg Orange,And Collars,076484369797,Leashes And Collars,,,,2.00,$23.89
K9 Explorer Collar Lrg Red,And Collars,076484369780,Leashes And Collars,,,,2.00,$23.89
K9 Explorer Collar Lrg Green,And Collars,076484369810,Leashes And Collars,,,,1.00,$23.89
K9 Explorer Collar Lrg Black,And Collars,076484369827,Leashes And Collars,,,,1.00,$21.89
K9 Explorer Collar Med Green,And Collars,076484369759,Leashes And Collars,,,,1.00,$17.99
K9 Explorer Collar Med Red,And Collars,076484369728,Leashes And Collars,,,,1.00,$20.49
K9 Explorer Collar Med Black,And Collars,076484369766,Leashes And Collars,,,,2.00,$17.99
K9 Explorer Collar Sm Black,And Collars,076484364778,Leashes And Collars,,,,2.00,$15.99
K9 Explorer Collar Sm Green,And Collars,076484364761,Leashes And Collars,,,,1.00,$13.69
Home Range 30''-36'' Beef Bully Stick,,626245050220,Treats,,,,7.00,$19.94
K9 Explorer Collar Sm Orange,And Collars,076484364747,Leashes And Collars,,,,2.00,$14.59
K9 Explorer Collar Sm Teal,And Collars,076484364785,Leashes And Collars,,,,1.00,$12.79
K9 Explorer Collar XS Black,And Collars,076484364662,Leashes And Collars,,,,1.00,$15.49
K9 Explorer Collar XS Teal,And Collars,076484364679,Leashes And Collars,,,,1.00,$15.49
New Earth Leash Lrg Purple,And Collars,076484149665,Leashes And Collars,,,,1.00,$26.99
New Earth Leash Lrg Blue,,076484149696,Leashes And Collars,,,,1.00,$22.89
New Earth Leash Lrg Pink,,076484490651,Leashes And Collars,,,,1.00,$26.99
Aqueon Mini Bow 1,,015905001977,Aquatics,,,,1.00,$41.99
Aqueon Flat Heater 15W,,015905012317,Aquatics,,,,1.00,$18.89
New Earth Leash Sm Pink,,076484440656,Leashes And Collars,,,,0.00,$15.99
New Earth Leash Sm Blue,And Collars,076484144691,Leashes And Collars,,,,1.00,$15.49
New Earth Leash Sm Purple,And Collars,076484144660,Leashes And Collars,,,,2.00,$15.99
API PH Test Strip 25 Count,,317163060339,Aquatics,,,,2.00,$19.94
Estes Swift Creek 25lb,,034652117076,Aquatics,,,,2.00,$30.44
New Earth Collar Lrg Pink,,076484490101,Leashes And Collars,,,,3.00,$13.69
New Earth Collar Lrg Purple,And Collars,076484149115,Leashes And Collars,,,,1.00,$14.99
New Earth Collar Lrg Blue,,076484149146,Leashes And Collars,,,,2.00,$13.69
New Earth Collar S/M Blue,And Collars,076484146091,Leashes And Collars,,,,1.00,$10.39
New Earth Collar S/M Purple,And Collars,076484146060,Leashes And Collars,,,,1.00,$11.99
New Earth Collar XS Pink,,076484440243,Leashes And Collars,,,,0.00,$10.99
New Earth Collar XS Red,,076484144059,Leashes And Collars,,,,2.00,$9.39
New Earth Collar XS Blue,,076484144172,Leashes And Collars,,,,0.00,$9.39
New Earth Collar XS Purple,And Collars,076484144141,Leashes And Collars,,,,1.00,$9.99
New Earth Collar XXS Red,And Collars,076484143571,Leashes And Collars,,,,1.00,$7.59
New Earth Collar XXS Purple,And Collars,076484143816,Leashes And Collars,,,,1.00,$8.31
New Earth Collar XXS Blue,And Collars,076484143847,Leashes And Collars,,,,2.00,$8.31
New Earth Collar XXS Pink,And Collars,076484430107,Leashes And Collars,,,,3.00,$8.31
Marineland Rite Size Pad,,047431010000,Aquatics,,,,0.00,$9.44
Seachem Poly Guard 10g,,440955790326,Aquatics,,,,3.00,$11.54
Seachem Equilibrium 300g,,000116044608,Aquatics,,,,3.00,$11.54
Tetra Bio Bag Medium 6 Pack,,046798263500,Aquatics,,,,0.00,$13.64
Zoo Med Betta Bling Tiered Rocks,,097612242270,Aquatics,,,,1.00,$8.73
Zoo Med Betta Bling Skull Sign,,097612242294,Aquatics,,,,2.00,$8.73
Aqualife Led Light,,030172105326,Aquatics,,,,0.00,$20.99
Suzies CBD Hearts 20 ct,,728028492439,Healthcare,,,,0.00,$22.04
Kaytee Forti Cockatiel 3lb Supplies,,071859547114,Bird,,,,3.00,$15.74
A & E Crunchy Grapes Medium,Supplies,644472007978,Bird,,,,-1.00,$11.54
A & E Seed Catcher Medium,Supplies,644472017373,Bird,,,,1.00,$10.49
NaturVet Quiet Moments Spray 8oz,,797801035750,Healthcare,,,,1.00,$20.99
Litter Pearls 7lb,,633843106082,Accessories,,,,1.00,$31.49
Sentry Calming Spray 1.62oz,,073091053477,Accessories,,,,1.00,$26.24
Spot Colorful Springs,,077234025147,Toys,,,,1.00,$4.36
PetAg Tropical Fresh Shampoo 18oz,,071860224707,Healthcare,,,,1.00,$16.79
Outward Hound Slo Bowl Large,,700603510035,Accessories,,,,1.00,$19.94
Four Paws Scissor Rake Scooper,,045663182205,Accessories,,,,1.00,$31.49
Kong Sport Ball Small,,035585503196,Toys,,,,0.00,$9.44
Wild Knots Tiger Med/Large,,035585509365,Toys,,,,1.00,$17.84
Tropiclean Water Fresh Breath 33.8oz,,645095001114,Healthcare,,,,2.00,$22.04
Tropiclea Oxy Med DSoothing Spray 8oz,,645095003019,Healthcare,,,,1.00,$12.59
Natural Balance Rewards Peanut Buttewr 14oz,,723633014632,Treats,,,,1.00,$13.64
Rep-Cal Box Turtle 12oz,,788286004089,Reptiles,,,,0.00,$11.54
Coastal 2 Dog Adjustable Coupler Red,And Collars,076484182068,Leashes And Collars,,,,0.00,$15.39
Coastal 2 Dog Adjustable Coupler Large Blue,And Collars,076484182051,Leashes And Collars,,,,0.00,$15.39
Lil Pals 2 Dog Adjustable Coupler Sm Black,And Collars,076484062964,Leashes And Collars,,,,1.00,$10.29
Coastal 2 Dog Adjustable Coupler Sm Black,And Collars,076484182013,Leashes And Collars,,,,0.00,$11.29
Coastal 2 Dog Adjustable Coupler Sm Blue,And Collars,076484182020,Leashes And Collars,,,,5.00,$11.29
Coastal 2 Dog Adjustable Coupler Sm Red,And Collars,076484182037,Leashes And Collars,,,,7.00,$11.29
"Coastal Leash 12"" Red",,076484070112,Leashes And Collars,,,,6.00,$12.19
"Coastal Leash 12"" Blue",,076484070129,Leashes And Collars,,,,5.00,$12.19
"Coastal Leash 12"" Black",,076484070105,Leashes And Collars,,,,3.00,$12.19
"Coastal Leash 18"" Blue",,076484070525,Leashes And Collars,,,,6.00,$13.89
"Coastal Leash 18"" Red",,076484070518,Leashes And Collars,,,,2.00,$13.89
"Coastal Leash 18"" Black",,076484070501,Leashes And Collars,,,,0.00,$13.89
"Coastal Leash 24"" Blue",,076484070921,Leashes And Collars,,,,4.00,$14.59
No Slip Martingale Collar Lrg Black,And Collars,076484072604,Leashes And Collars,,,,1.00,$18.99
No Slip Martingale Collar Lrg Pink,And Collars,076484069772,Leashes And Collars,,,,0.00,$18.99
No Slip Martingale Collar Lrg Blue,And Collars,076484072628,Leashes And Collars,,,,1.00,$18.99
No Slip Martingale Collar Med Black,And Collars,076484072406,Leashes And Collars,,,,0.00,$12.69
No Slip Martingale Collar Med Light Blue,And Collars,076484066832,Leashes And Collars,,,,0.00,$10.89
No Slip Martingale Collar Med Red,And Collars,076484072413,Leashes And Collars,,,,0.00,$13.99
No Slip Martingale Collar Med Blue,And Collars,076484072420,Leashes And Collars,,,,1.00,$12.69
No Slip Martingale Collar Sm Light Blue,And Collars,076484640766,Leashes And Collars,,,,2.00,$10.79
No Slip Martingale Collar Sm Pink,And Collars,076484640797,Leashes And Collars,,,,0.00,$11.99
No Slip Martingale Collar Sm Red,And Collars,076484072161,Leashes And Collars,,,,2.00,$11.29
No Slip Martingale Collar Sm Blue,And Collars,076484072178,Leashes And Collars,,,,3.00,$11.29
No Slip Martingale Collar Sm Black,And Collars,076484072154,Leashes And Collars,,,,1.00,$11.99
No Slip Martingale Collar XS Black,And Collars,076484072000,Leashes And Collars,,,,2.00,$7.27
SecureAway Seresto XS Black,And Collars,076484061233,Leashes And Collars,,,,1.00,$9.79
SecureAway Seresto XS Red,And Collars,076484061240,Leashes And Collars,,,,3.00,$10.99
SecureAway Seresto XS Blue,And Collars,076484061257,Leashes And Collars,,,,1.00,$11.99
SecureAway Seresto Sm Pink,And Collars,076484061851,Leashes And Collars,,,,1.00,$11.99
SecureAway Seresto Sm Blue,And Collars,076484061844,Leashes And Collars,,,,1.00,$11.99
SecureAway Seresto Sm Red,And Collars,076484061172,Leashes And Collars,,,,1.00,$10.99
SecureAway Seresto Sm Black,And Collars,076484061165,Leashes And Collars,,,,1.00,$10.29
SecureAway Seresto Med Pink,And Collars,076484195013,Leashes And Collars,,,,0.00,$13.69
SecureAway Seresto Med Blue,And Collars,076484195006,Leashes And Collars,,,,0.00,$13.69
SecureAway Seresto Med Red,And Collars,076484061998,Leashes And Collars,,,,1.00,$12.79
SecureAway Seresto Med Black,And Collars,076484061981,Leashes And Collars,,,,1.00,$13.99
SecureAway Seresto Lrg Pink,And Collars,076484198014,Leashes And Collars,,,,1.00,$14.49
SecureAway Seresto Lrg Blue,And Collars,076484198007,Leashes And Collars,,,,2.00,$14.49
SecureAway Seresto Lrg Red,And Collars,076484061974,Leashes And Collars,,,,2.00,$13.39
SecureAway Seresto Lrg Black,And Collars,076484061967,Leashes And Collars,,,,2.00,$13.39
Cat-life Ball Toy,,030172034978,Toys,,,,-10.00,$1.04
Coastal ProActive XS Blue,And Collars,076484242434,Leashes And Collars,,,,0.00,$9.79
Titan Chain Leash 3.0 mm 4' Black,And Collars,076484092800,Leashes And Collars,,,,0.00,$24.49
Turkey Bell,,082373719178,Leashes And Collars,,,,8.00,$2.07
Coastal Collar Accessory Red Bow Tie,And Collars,076484453106,Leashes And Collars,,,,1.00,$6.19
Coastal Collar Accessory Bandana Red,And Collars,076484244315,Leashes And Collars,,,,1.00,$11.19
Zoo Med Hermit Crab Heater,,097612009309,Reptiles,,,,1.00,$31.49
Coastal Natural Controll Training Collar Links,And Collars,076484915505,Leashes And Collars,,,,3.00,$5.19
Coastal Natural Controll Collar Lrg Blue,And Collars,076484975530,Leashes And Collars,,,,0.00,$16.69
Carefresh Purple 23l Animal,,066380004311,Small,,,,2.00,$26.24
Wild Harvest Danishes Animal,,026851992561,Small,,,,3.00,$7.63
Coastal Natural Controll Collar Lrg Red,And Collars,076484975547,Leashes And Collars,,,,1.00,$16.69
Coastal Natural Controll Collar Lrg Gray,And Collars,076484975554,Leashes And Collars,,,,1.00,$16.69
Coastal Natural Controll Collar Sm Blue,And Collars,076484975509,Leashes And Collars,,,,0.00,$14.49
Coastal Natural Controll Collar Sm Red,And Collars,076484975516,Leashes And Collars,,,,2.00,$14.49
Coastal Natural Controll Collar Sm Gray,And Collars,076484975523,Leashes And Collars,,,,2.00,$14.49
Kaytee Timothy Mint 24oz Animal,,071859998725,Small,,,,2.00,$12.59
Lixit Top Fill 32oz Animal,,076711003784,Small,,,,2.00,$19.94
A & E Smakers Vegtable 2 Pack,Animal,644472002423,Small,,,,2.00,$6.54
Kaytee Stoneware 3inch Animal,,045125421217,Small,,,,2.00,$5.45
Kaytee Super Salt Savors Animal,,045125611540,Small,,,,2.00,$5.45
Kaytee Chew Proof Water Bottle 12oz,Animal,045125619829,Small,,,,2.00,$13.64
Ethical Crock Ceramic 3 Inch,Animal,077234061138,Small,,,,2.00,$5.44
Redbarn Fusion Land 3.5lb,Redbarn,785184120828,Dog Food,Bag,,3.5lb,1.00,$23.09
Redbarn Fusion GF Land Redbarn 3.5lb,,785184120835,Dog Food,Bag,,3.5lb,1.00,$24.14
Redbarn Fusion Sky 3.5lb Redbarn,,785184120842,Dog Food,Bag,,3.5lb,2.00,$20.99
Redbarn Fusion GF Sky 3.5lb,Redbarn,785184120859,Dog Food,Bag,,3.5lb,3.00,$22.04
Nibbles Pet Chew Animal,,644472991628,Small,,,,3.00,$3.27
Coastal Comfort Wrap Harness Lrg Light Pink,And Collars,076484694516,Leashes And Collars,,,,0.00,$27.99
Coastal Comfort Wrap Harness Lrg Light Blue,And Collars,076484089534,Leashes And Collars,,,,1.00,$27.99
Coastal Comfort Wrap Harness Lrg Blue,And Collars,076484069345,Leashes And Collars,,,,1.00,$27.99
Coastal Comfort Wrap Harness Lrg Purple,And Collars,076484069376,Leashes And Collars,,,,1.00,$26.49
Coastal Comfort Wrap Harness Lrg Light Purple,And Collars,076484694530,Leashes And Collars,,,,1.00,$26.49
Coastal Comfort Wrap Harness Lrg Red,And Collars,076484069390,Leashes And Collars,,,,1.00,$27.99
Coastal Comfort Wrap Harness Med Green,And Collars,076484664533,Leashes And Collars,,,,1.00,$19.59
Coastal Comfort Wrap Harness Med Dark Pink,And Collars,076484044571,Leashes And Collars,,,,0.00,$19.59
Coastal Comfort Wrap Harness Med Purple,And Collars,076484069673,Leashes And Collars,,,,1.00,$19.09
Coastal Comfort Wrap Harness Med Light Pink,And Collars,076484066429,Leashes And Collars,,,,1.00,$19.99
Coastal Comfort Wrap Harness Med Red,And Collars,076484069680,Leashes And Collars,,,,1.00,$19.99
Coastal Comfort Wrap Harness Med Black,And Collars,076484069635,Leashes And Collars,,,,0.00,$19.99
Coastal Comfort Wrap Harness Med Blue,And Collars,076484069642,Leashes And Collars,,,,0.00,$19.59
Coastal Comfort Wrap Harness Med Hunter,And Collars,076484069659,Leashes And Collars,,,,1.00,$19.59
Coastal Comfort Wrap Harness Med Teal,And Collars,076484066597,Leashes And Collars,,,,1.00,$19.99
Coastal Comfort Wrap Harness Med Light Blue,And Collars,076484044540,Leashes And Collars,,,,0.00,$19.09
Coastal Comfort Wrap Harness Sm Blue,And Collars,076484064548,Leashes And Collars,,,,0.00,$15.99
Coastal Comfort Wrap Harness Sm Pink,And Collars,076484064562,Leashes And Collars,,,,1.00,$15.99
Coastal Comfort Wrap Harness Sm Teal,And Collars,076484644337,Leashes And Collars,,,,1.00,$15.59
Coastal Comfort Wrap Harness Sm Hunter,And Collars,076484064555,Leashes And Collars,,,,1.00,$15.99
Coastal Comfort Wrap Harness Sm Light Green,And Collars,076484445606,Leashes And Collars,,,,0.00,$15.99
Coastal Comfort Wrap Harness Sm Light Blue,And Collars,076484044489,Leashes And Collars,,,,1.00,$15.99
Coastal Comfort Wrap Harness Sm Dark Pink,And Collars,076484044519,Leashes And Collars,,,,1.00,$15.59
Coastal Comfort Wrap Harness Sm Red,And Collars,076484064586,Leashes And Collars,,,,1.00,$15.99
Coastal Comfort Wrap Harness Sm Black,And Collars,076484064531,Leashes And Collars,,,,0.00,$15.59
Coastal Comfort Wrap Harness XS Light Purple,And Collars,076484634550,Leashes And Collars,,,,1.00,$12.99
Coastal Comfort Wrap Harness XS Light Blue,And Collars,076484044427,Leashes And Collars,,,,1.00,$12.99
Coastal Comfort Wrap Harness XS Dark Pink,And Collars,076484044458,Leashes And Collars,,,,1.00,$12.99
Coastal Comfort Wrap Harness XS Purple,And Collars,076484044120,Leashes And Collars,,,,1.00,$12.99
Coastal Comfort Wrap Harness XS Hunter,And Collars,076484044052,Leashes And Collars,,,,1.00,$12.99
Coastal Comfort Wrap Harness XS Light Pink,And Collars,076484634536,Leashes And Collars,,,,0.00,$12.99
Coastal Comfort Wrap Harness XS Red,And Collars,076484044137,Leashes And Collars,,,,1.00,$12.99
Coastal Comfort Wrap Harness XS Black,And Collars,076484044038,Leashes And Collars,,,,2.00,$12.09
Coastal Comfort Wrap Harness XS Bright Green,And Collars,076484634543,Leashes And Collars,,,,0.00,$12.99
"Valhoma Collar Spike 18"" Light Blue",And Collars,086386115958,Leashes And Collars,,,,0.00,$28.99
"Valhoma Collar Spike 18"" Lime Green",And Collars,086386117945,Leashes And Collars,,,,0.00,$28.99
"Valhoma Collar Spike 24"" Yellow",And Collars,086386117334,Leashes And Collars,,,,1.00,$32.99
"Valhoma Collar Spike 24"" Red",And Collars,086386116313,Leashes And Collars,,,,0.00,$31.99
"Valhoma Collar Spike 26"" Blue",And Collars,086386116634,Leashes And Collars,,,,1.00,$31.99
"Valhoma Collar Spike 26"" Green",And Collars,086386116641,Leashes And Collars,,,,0.00,$31.99
"Valhoma Collar Spike 26"" Purple",And Collars,086386116689,Leashes And Collars,,,,1.00,$31.99
"Valhoma Collar 26"" Purple",And Collars,086386566354,Leashes And Collars,,,,1.00,$19.99
"Valhoma Collar 24"" Red",,086386565814,Leashes And Collars,,,,1.00,$19.99
"Valhoma Collar 28"" Dark Pink",And Collars,086386566644,Leashes And Collars,,,,1.00,$19.99
"Valhoma Collar 24"" Pink",,086386565968,Leashes And Collars,,,,1.00,$19.99
"Valhoma Collar 16"" Green",,086386564770,Leashes And Collars,,,,1.00,$19.99
"Valhoma Collar 20"" Purple",And Collars,086386565159,Leashes And Collars,,,,0.00,$19.99
"Valhoma Collar 20"" Green",,086386565173,Leashes And Collars,,,,-1.00,$19.99
"Valhoma Collar 26"" Red",,086386566217,Leashes And Collars,,,,1.00,$19.99
"Valhoma Collar 26"" Dark Pink",And Collars,086386566248,Leashes And Collars,,,,1.00,$19.99
"Valhoma Collar 26"" Blue",,086386566224,Leashes And Collars,,,,1.00,$19.99
"Valhoma Collar 28"" Purple",And Collars,086386566750,Leashes And Collars,,,,1.00,$19.99
"Valhoma Collar 24"" Light Blue",And Collars,086386565869,Leashes And Collars,,,,1.00,$19.99
Valhoma Collar Purple,,086386565555,Leashes And Collars,,,,1.00,$19.99
"Valhoma Collar 22"" Bright Green",And Collars,086386565579,Leashes And Collars,,,,1.00,$19.99
"Valhoma Collar 24"" Light Green",And Collars,086386565975,Leashes And Collars,,,,0.00,$19.99
"Valhoma Collar 24"" Blue",,086386565821,Leashes And Collars,,,,2.00,$19.99
"Valhoma Collar 22"" Blue",,086386565425,Leashes And Collars,,,,1.00,$19.99
Healthy Edibles Wild Bison,,018214834786,Toys,,,,4.00,$8.73
Merrick Chicken And Sweet Potatoe 22lb,Merrick,022808385639,Dog Food,Bag,,22lb,2.00,$72.44
Hills Natural Flexi Stix Jerky Turkey,,052742368009,Treats,,,,7.00,$9.44
Hydrator Water Bottle,,030172045929,Accessories,,,,0.00,$7.63
Nutri-Berries Tropical Fruit Parrot Food,Supplies,041054826505,Bird,,,,2.00,$18.89
Bionic Urban Stick,,022517978016,Toys,,,,1.00,$14.69
Bio-Stratum,,015561126960,Aquatics,,,,1.00,$19.94
Tastefuls,Blue Buffalo,859610000876,Cat Food,Bag,lb,,1.00,$57.74
Fromm PurrSnickity Chicken 6oz,,072705137053,Cat Treats,,,,1.00,$4.36
Gourmt Birthday Treats,,692614130602,Dog Treats,,,,-2.00,$14.69
Hikari Mega-Marine,,042055319201,Aquatics,,,,2.00,$7.63
Mega Chews Elk,,853994001023,Dog Treats,,,,0.00,$10.49
Pure Water Pebbles Blue,,029904705156,Accessories,,,,0.00,$5.45
Tropiclean Papya Mist Deodor Spray 8fl,,645095861305,Accessories,,,,2.00,$11.54
Zoo Med Repti Rock Water Dish M,,015561230407,Reptiles,,,,1.00,$12.59
Komodo Reptile & Fish Ornaments,,784369933734,Reptiles,,,,-1.00,$31.49
Tuesdays 12'' Collagen Straight Stick Beef,,810723034127,Dog Treats,,,,3.00,$7.63
Arm & Hammer Cat Litter Deoderizer 20 oz,,033200150206,Accessories,,,,1.00,$5.45
Large whole elk Antler2,,785184200117,Treats,,,,2.00,$16.79
Andis Ultra Edge Size 40,,040102640766,Accessories,,,,2.00,$39.89
Nutrisource Weight Management 4lb,Nutrisource,073893212584,Dog Food,Bag,,4lb,0.00,$16.79
Kaytee Forti Diet Parrot 5lb,Supplies,071859546124,Bird,,,,3.00,$25.19
Spot Cat Teaser,,077234520581,Toys,,,,0.00,$7.63
Spot Simmer Glimmer,,077234520765,Toys,,,,1.00,$5.45
Sentry Cat Calming Chews 4oz,,073091040118,Healthcare,,,,2.00,$12.59
Spot Lick Mat,,077234586211,Accessories,,,,1.00,$6.54
Kradel CBD,,850038315061,Healthcare,,,,1.00,$16.79
Coastal Collar BLK14'',,076484614002,Leashes And Collars,,,,1.00,$13.99
Hill's Perfect Digestion Diet,Science,052742038278,Dog Food Bag,22lb,,,1.00,$80.84
Vital Essentials Cat Minnows,,840199694105,Cat Treats,,,,3.00,$14.69
Fromm Lamb With Cranberries 8oz,,072705121205,Dog Treats,,,,2.00,$7.63
Fromm Duck A La Veg Cat 4lb,Fromm,072705116607,Cat Food,Bag,,4lb,5.00,$19.94
Fromm Rancherosa 26lb,Fromm,072705114801,Dog Food,Bag,,26lb,0.00,$82.94
Coastal Mesh Muzzle Size 5,,076484076084,Accessories,,,,0.00,$19.94
Lee Hi Back Litter Pan Animal,,010838203306,Small,,,,3.00,$23.09
Carefresh Blue 23 lier Animal,,066380004342,Small,,,,3.00,$26.24
Coastal Reflective Controll Handle Harness Sm Red,And Collars,076484648861,Leashes And Collars,,,,-1.00,$34.69
Coastal Reflective Control Handle Harness Med Red,And Collars,076484648939,Leashes And Collars,,,,1.00,$34.69
Sublime Reversable Red XXS,And Collars,076484264122,Leashes And Collars,,,,1.00,$23.19
Sublime Reversable Red Med,And Collars,076484269127,Leashes And Collars,,,,1.00,$31.39
Sublime Reversable Red XS,And Collars,076484265129,Leashes And Collars,,,,0.00,$23.19
Sublime Reversable Blue Sm,And Collars,076484266102,Leashes And Collars,,,,1.00,$31.39
Sublime Reversable Blue Med,And Collars,076484269103,Leashes And Collars,,,,1.00,$31.39
Sublime Reversable Pink Med,And Collars,076484269110,Leashes And Collars,,,,0.00,$31.39
Sublime Reversable Pink Sm,And Collars,076484266119,Leashes And Collars,,,,0.00,$30.99
Sublime Reversable Yellow XXS,And Collars,076484264139,Leashes And Collars,,,,0.00,$23.19
Komodo Plant,Komodo,784369933789,Reptiles,,,,0.00,$13.64
Komodo Plant,Komodo,784369933826,Reptiles,,,,0.00,$8.73
Sublime Reversable Green XXS,And Collars,076484264153,Leashes And Collars,,,,1.00,$23.19
Sublime Reversable Green Sm,And Collars,076484266157,Leashes And Collars,,,,1.00,$31.39
Komodo Woodland Canopy,,784369932034,Reptiles,,,,3.00,$22.04
Sublime Reversable Green XS,And Collars,076484265150,Leashes And Collars,,,,0.00,$23.19
Sublime Reversable Black Med,And Collars,076484269141,Leashes And Collars,,,,0.00,$31.39
Sublime Reversable Black XXS,And Collars,076484264146,Leashes And Collars,,,,2.00,$23.19
Pondmaster 190 Replacement Filter,,025033121959,Aquatics,,,,2.00,$15.74
Pondmaster Replacement Filter,,025033122024,Aquatics,,,,2.00,$18.89
Lovingpet Travel Bowl Small Pink,,842982079885,Accessories,,,,1.00,$15.74
RedBarn Chew A Bulls Brush Medium 12ct,,785184011409,Dog Treats,,,,1.00,$17.84
"Savory 4""-5"" Beef Bone",,810359002057,Dog Treats,,,,2.00,$3.27
Savory Prime Rawhide 100ct,,810359000077,Dog Treats,,,,1.00,$16.79
Etta Says Deer 3 FT,,853994001771,Dog Treats,,,,19.00,$9.44
Greenies Teenie 27oz,,642863041334,Dog Treats,,,,2.00,$47.24
Greenies Regular 12 oz,,642863041174,Dog Treats,,,,2.00,$24.14
kong Cozie Frog,,035585509099,Toys,,,,1.00,$16.79
Kong Extreme Donut MD/LG,,035585356839,Toys,,,,0.00,$19.94
Kong Squeeze Wheel Medium,,035585014906,Toys,,,,0.00,$12.59
Kong Snacks Small Peanut Butter 7oz,,035585010113,Dog Treats,,,,1.00,$9.44
Comfort Soft Wrap Harness XXXS Green,And Collars,076484062841,Leashes And Collars,,,,3.00,$10.99
Comfort Soft Wrap Harness Green Med,And Collars,076484688317,Leashes And Collars,,,,1.00,$32.69
Comfort Soft Harness Red Med,And Collars,076484691331,Leashes And Collars,,,,1.00,$23.19
Comfort Soft Wrap Harness Green Lrg,And Collars,076484698316,Leashes And Collars,,,,2.00,$39.19
Comfort Soft Wrap Harness Purple Lrg,And Collars,076484698323,Leashes And Collars,,,,3.00,$40.19
Comfort Soft Wrap Harness Green XXS,And Collars,076484630866,Leashes And Collars,,,,0.00,$11.69
Comfort Soft Wrap Harness Blue XXXS,And Collars,076484062834,Leashes And Collars,,,,0.00,$13.99
Comfort Soft Wrap Harness Pink XXXS,And Collars,076484062865,Leashes And Collars,,,,1.00,$13.99
Comfort Soft Sport Wrap Harness Red XXXS,And Collars,076484638022,Leashes And Collars,,,,2.00,$13.09
Comfort Soft Sport Wrap Harness Blue XXXS,And Collars,076484638015,Leashes And Collars,,,,4.00,$12.69
Comfort Soft Sport Wrap Harness Black XXXS,And Collars,076484638008,Leashes And Collars,,,,5.00,$13.09
Comfort Soft Sport Wrap Harness Black XS,And Collars,076484648007,Leashes And Collars,,,,5.00,$19.69
Comfort Soft Sport Wrap Harness Black Sm,And Collars,076484648045,Leashes And Collars,,,,2.00,$22.89
Comfort Soft Sport Wrap Harness Blue Sm,And Collars,076484648052,Leashes And Collars,,,,1.00,$27.99
Comfort Soft Sport Wrap Harness Red Med,And Collars,076484668029,Leashes And Collars,,,,2.00,$35.49
Comfort Soft Sport Wrap Harness Blue Med,And Collars,076484668012,Leashes And Collars,,,,2.00,$34.59
Comfort Soft Sport Wrap Harness Red Lrg,And Collars,076484698026,Leashes And Collars,,,,1.00,$41.99
Comfort Soft Reflective Wrap Harness Purple Lrg,And Collars,076484698644,Leashes And Collars,,,,2.00,$42.59
Comfort Soft Reflective Wrap Harness Blue Lrg,And Collars,076484698613,Leashes And Collars,,,,1.00,$44.99
Comfort Soft Reflective Wrap Harness Orange Lrg,And Collars,076484698651,Leashes And Collars,,,,0.00,$42.59
Comfort Soft Reflective Wrap Harness Black Lrg,And Collars,076484698606,Leashes And Collars,,,,1.00,$41.49
Comfort Soft Reflective Wrap Harness Green Lrg,And Collars,076484698620,Leashes And Collars,,,,1.00,$39.19
Comfort Soft Reflective Wrap Harness Purple Med,And Collars,076484668647,Leashes And Collars,,,,1.00,$36.99
Comfort Soft Reflective Wrap Harness Black Med,And Collars,076484668609,Leashes And Collars,,,,1.00,$36.99
Comfort Soft Reflective Wrap Harness Orange Med,And Collars,076484668654,Leashes And Collars,,,,2.00,$39.39
Comfort Soft Reflective Wrap Harness Blue Med,And Collars,076484668616,Leashes And Collars,,,,1.00,$39.39
Comfort Soft Reflective Wrap Harness Orange Sm,And Collars,076484648281,Leashes And Collars,,,,4.00,$31.69
Comfort Soft Reflective Wrap Harness Black Sm,And Collars,076484648236,Leashes And Collars,,,,2.00,$31.69
Comfort Soft Reflective Wrap Harness Blue Sm,And Collars,076484648243,Leashes And Collars,,,,1.00,$32.49
Comfort Soft Reflective Wrap Harness Black XS,And Collars,076484648601,Leashes And Collars,,,,3.00,$31.69
Comfort Soft Reflective Wrap Harness Green XS,And Collars,076484648625,Leashes And Collars,,,,1.00,$34.99
Comfort Soft Reflective Wrap Harness Purple XS,And Collars,076484648649,Leashes And Collars,,,,1.00,$31.69
Comfort Soft Reflective Wrap Harness Pink XS,And Collars,076484648632,Leashes And Collars,,,,1.00,$34.99
Comfort Soft Reflective Wrap Harness Orange XS,And Collars,076484648656,Leashes And Collars,,,,2.00,$31.69
K9 Explorer Harness Green Sm,And Collars,076484366550,Leashes And Collars,,,,2.00,$33.29
K9 Explorer Harness Red Sm,And Collars,076484366529,Leashes And Collars,,,,0.00,$34.19
K9 Explorer Harness Blue Sm,And Collars,076484366543,Leashes And Collars,,,,1.00,$34.19
K9 Explorer Harness Green Med,And Collars,076484569531,Leashes And Collars,,,,1.00,$46.99
K9 Explorer Harness Blue Lrg,And Collars,076484795626,Leashes And Collars,,,,1.00,$47.79
K9 Explorer Harness Red Lrg,And Collars,076484795602,Leashes And Collars,,,,1.00,$47.79
Lupine Leash Purple 1 in,,746889969594,Leashes And Collars,,,,3.00,$19.99
Lupine Leash Teal 1/2 in,,746889808398,Leashes And Collars,,,,3.00,$15.99
Lupine Leash Purple 1/2 in,And Collars,746889969396,Leashes And Collars,,,,1.00,$15.99
Lupine Leash Teal 3/4 in,,746889808091,Leashes And Collars,,,,2.00,$18.99
Lupine Leash Pink 1/2 in,,746889142393,Leashes And Collars,,,,3.00,$15.99
Lupine Leash Pink 1 in,,746889142591,Leashes And Collars,,,,4.00,$19.99
Lupine Leash Blue 1/2 in,,746889418399,Leashes And Collars,,,,3.00,$15.99
Lupine Leash Blue 1 in,,746889418597,Leashes And Collars,,,,2.00,$18.99
"Lupine Collar Purple 3/4 in 15""-25""",And Collars,746889969044,Leashes And Collars,,,,2.00,$14.99
"Lupine Collar Purple 1 in 12""-20""",And Collars,746889969525,Leashes And Collars,,,,2.00,$14.99
"Lupine Collar Purple 1in 16""-28""",And Collars,746889969532,Leashes And Collars,,,,2.00,$15.99
"Lupine Collar Pink 1 in 12""-20""",And Collars,746889142522,Leashes And Collars,,,,1.00,$15.99
"Lupine Collar Pink 1 in 16""-28""",And Collars,746889142539,Leashes And Collars,,,,3.00,$15.99
"Lupine Collar Pink 1/2 in 10""-16""",And Collars,746889142355,Leashes And Collars,,,,0.00,$9.99
"Lupine Collar Blue 1 in 16""-28""",And Collars,746889418535,Leashes And Collars,,,,3.00,$16.99
"Lupine Collar Blue 3/4 in 15""-25""",And Collars,746889418047,Leashes And Collars,,,,2.00,$14.99
"Lupine Collar Blue 3/4 in 13""-22""",And Collars,746889418023,Leashes And Collars,,,,1.00,$13.99
"Lupine Collar Blue 1 in 12""-20""",And Collars,746889418528,Leashes And Collars,,,,2.00,$15.99
"Lupine Collar Blue 1/2 in 8""-12""",And Collars,746889418344,Leashes And Collars,,,,2.00,$9.99
"Lupine Collar Blue 1/2 in 10""-16""",And Collars,746889418351,Leashes And Collars,,,,1.00,$9.99
"Lupine Collar Teal 1/2 in 10""-16""",And Collars,746889808350,Leashes And Collars,,,,0.00,$9.99
"Lupine Collar Teal 3/4 in 13""-22""",And Collars,746889808022,Leashes And Collars,,,,1.00,$12.99
"Lupine Collar Teal 3/4 in 15""-25""",And Collars,746889808046,Leashes And Collars,,,,2.00,$14.99
"Lupine Collar Teal 1 in 16""-28""",And Collars,746889808534,Leashes And Collars,,,,3.00,$15.99
"Lupine Collar Teal 1 in 12""-20""",And Collars,746889808527,Leashes And Collars,,,,0.00,$15.99
Valhoma Chain Collar 30 in 4.0 mm,And Collars,086386700703,Leashes And Collars,,,,1.00,$15.49
Titan Chain Collar 12 in 1.5 mm,And Collars,076484093029,Leashes And Collars,,,,0.00,$6.69
Four Paws Wee Wee Dispenser With Bag,,045663018320,Accessories,,,,1.00,$11.54
Four Paws Heavy Duty Cable 30ft,Four Paws,045663847302,Accessories,,,,3.00,$26.24
Four Paws Tie Out Cable Medium 15ft,Four Paws,045663856151,Accessories,,,,0.00,$16.79
Fur Haven Tent Fleece Gray 13x13,Ranch Remedy,842229120974,Accessories,,,,1.00,$31.49
Greenies Kitten 2.1oz,Greenies,642863115349,Cat Treats,,,,0.00,$4.36
Greenies Cat SmartBites Chicken 2.1oz,,642863101397,Cat Treats,,,,0.00,$4.36
Arm & Hammer Double Duty Litter Deoderizor,,033200150299,Accessories,,,,2.00,$8.73
Zupreem Parrot Breeder 40lb,ZuPreem Supplies,762177786001,Bird,,,,2.00,$176.39
JW Comphy Perch 36 inch,JW Pet Supplies,723503561266,Bird,,,,1.00,$39.89
JW Comphy Perch 28 Inch,JW Pet Supplies,723503561242,Bird,,,,1.00,$36.74
JW Comphy Perch Medium 32 inch,JW Pet Supplies,723503561167,Bird,,,,1.00,$29.39
JW Comphy Perch Small 21 inch,JW Pet Supplies,723503561044,Bird,,,,0.00,$15.74
Flourite Sand 7.7lb,Seachem,000116352307,Aquatics,,,,0.00,$20.99
API 5 in 1 Test Styrip 4 count,API,317163080337,Aquatics,,,,3.00,$11.54
Exo Terra Star Cactus,Exo Terra,015561229821,Reptiles,,,,1.00,$11.54
Exo Terra Boston Fern Small,Exo Terra,015561229906,Reptiles,,,,0.00,$14.69
Exo Terra Turtle Grass,Exo Terra,015561229968,Reptiles,,,,0.00,$13.64
Catit Litter Scoop,Catit,022517505786,Accessories,,,,3.00,$5.45
Merrick Turducken,Merrick,022808785170,Dog Treats,,,,1.00,$8.73
Merrick Chicken,Merrick,022808785095,Dog Treats,,,,1.00,$8.73
Quiet Time Bed Gray 24 Mid West inch,,027773005339,Accessories,,,,2.00,$26.24
Quiet Time Gray Wave Crate Bed,Mid West,027773027836,Accessories,,,,0.00,$13.64
Quiet Time Crate Bed 18 Mid West inch Tan,,027773027911,Accessories,,,,0.00,$15.74
Quiet time Crate Bed Tan Mid West 24 inch,,027773027935,Accessories,,,,1.00,$25.19
Quiet Time Crate Bed 48Inch Tan,Mid West,027773027973,Accessories,,,,0.00,$73.49
Higgins Natural Snack Flowers & Berries,Higgins Animal,046706556038,Small,,,,2.00,$8.73
Higgins Natural Snack Apples & Bananas,Higgins Animal,046706556014,Small,,,,2.00,$6.54
"Higgins Natural Snack Carrots,Peas & Greens",Higgins Animal,046706556021,Small,,,,2.00,$6.54
Pro Plan Sensitive Large Pro Plan Breed Salmon 24lb,,038100186881,Dog Food,Bag,,30lb,2.00,$82.94
Lazer Brite Leash Purple Sm,And Collars,076484633669,Leashes And Collars,,,,1.00,$17.59
Lazer Brite Leash Purple Med,And Collars,076484643781,Leashes And Collars,,,,2.00,$22.09
Lazer Brite Leash Purple Lrg,And Collars,076484693977,Leashes And Collars,,,,2.00,$29.49
Lazer Brite Leash Green Med,And Collars,076484643767,Leashes And Collars,,,,2.00,$22.09
Lazer Brite Leash Green Lrg,And Collars,076484693953,Leashes And Collars,,,,2.00,$29.49
Lazer Brite Leash Teal Sm,And Collars,076484633614,Leashes And Collars,,,,2.00,$17.59
Lazer Brite Leash Rainbow Sm,And Collars,076484633621,Leashes And Collars,,,,1.00,$17.59
Lazer Brite Leash Blue Lrg,And Collars,076484693922,Leashes And Collars,,,,4.00,$29.49
Lazer Brite Leash Rainbow Lrg,And Collars,076484693946,Leashes And Collars,,,,2.00,$29.49
Lazer Brite Leash Blue Med,And Collars,076484643675,Leashes And Collars,,,,2.00,$22.09
Lazer Brite Leash Rainbow Med,And Collars,076484643699,Leashes And Collars,,,,1.00,$22.09
Lazer Brite Leash Teal Med,And Collars,076484643682,Leashes And Collars,,,,2.00,$22.09
Lazer Brite Collar Green Lrg,And Collars,076484693380,Leashes And Collars,,,,1.00,$18.19
Lazer Brite Collar Green S/M,And Collars,076484643361,Leashes And Collars,,,,1.00,$11.99
Lazer Brite Collar Purple XS,And Collars,076484633188,Leashes And Collars,,,,2.00,$8.31
Lazer Brite Collar Purple S/M,And Collars,076484643385,Leashes And Collars,,,,1.00,$11.99
Lazer Brite Collar Teal XS,,076484633126,Leashes And Collars,,,,1.00,$8.31
Lazer Brite Collar Teal S/M,And Collars,076484643347,Leashes And Collars,,,,2.00,$11.99
Lazer Brite Collar Blue S/M,And Collars,076484643330,Leashes And Collars,,,,3.00,$11.39
Lazer Brite Collar Rainbow Lrg,And Collars,076484693373,Leashes And Collars,,,,2.00,$18.19
Lazer Brite Collar Blue Lrg,And Collars,076484693281,Leashes And Collars,,,,2.00,$17.29
Coastal Leash Red,,076484850714,Leashes And Collars,,,,1.00,$10.69
Coastal Leash Green,,076484021565,Leashes And Collars,,,,1.00,$6.49
Kaytee Country Harvest Treat Blend,Animal,071859996363,Small,,,,1.00,$7.63
Small Worl Plastic Tank 2.2 Gallon,Penn Plax,030172091018,Reptiles,,,,3.00,$18.89
Action Air Medium Tresure Chest,Penn Plax,030172010156,Aquatics,,,,2.00,$18.89
Paw Patrol Mini Marshal,Penn Plax,030172079993,Aquatics,,,,0.00,$6.54
Paw Patrol Mini Sky,Penn Plax,030172079962,Aquatics,,,,1.00,$6.54
Paw Patroil Mini Chase,Penn Plax,030172079979,Aquatics,,,,0.00,$6.54
Sponge Bob Mini Gary,Penn Plax,030172040481,Aquatics,,,,1.00,$6.54
Giant Millworms 50 count Reptiles/Fe eders,,029788330505,Live,Bugs,,,-54.00,$6.23
Giant Millworms 35 count Reptiles/Fe eders,,029788323453,Live,Bugs,,,-22.00,$3.11
Sponge Bob Mini Patrick,Penn Plax,030172040504,Aquatics,,,,2.00,$6.54
Sponge Bob Squidwards Home,Penn Plax,030172045806,Aquatics,,,,1.00,$15.74
Oxbow Wobble Teaser,,744845966458,Accessories,,,,2.00,$19.94
Wild Harvest Foraging 3 Small Treats,Animal,026851992639,Small,,,,1.00,$6.53
"Aqua Plants 8"" Green",,030172071461,Aquatics,,,,2.00,$11.54
"Sinkers Ludwigia 24""",,030172055645,Aquatics,,,,0.00,$15.74
"Jumgle Pod 8.5""",Penn Plax,003017205938,Aquatics,,,,1.00,$18.89
A&E Smakers Snak Kiwi for Budgies,Supplies,644472991482,Bird,,,,1.00,$7.63
Cascade Power Filter 20,Penn Plax,030172070990,Aquatics,,,,3.00,$23.09
Cascade Air Charger 1,Penn Plax,030172085765,Aquatics,,,,1.00,$31.49
"Aqua Life Bubble Wall 28"" Penn Plax",,030172335280,Aquatics,,,,1.00,$11.54
SoreFins 5 in 1 Tank Cleaner,Penn Plax,030172105029,Aquatics,,,,1.00,$14.69
Coastal Collar 12'' 401,,076484034213,Accessories,,,,2.00,$6.54
Kaytee Forti Diet 2lb Supplies,,071859948676,Bird,,,,1.00,$10.49
Coastal Collar Red 16'' 601,,076484043215,Accessories,,,,1.00,$6.18
Cat Life Cat Toy,,030172025938,Toys,,,,3.00,$7.63
Tyler Tips,,417814682948,Tips,,,,-24.00,$0.00
Heather Tips,,450938358146,Tips,,,,0.00,$0.00
Zoo Med Repti Ramp Bowl Lrg,,097612924114,Reptiles,,,,1.00,$34.64
Self Adhering Wrap,,83615359512,Accessories,,,,0.00,$10.49
Coastal Leash Blue 6' 606,,076484044229,Leashes And Collars,,,,1.00,$9.99
Coastal Leash Hunter 6' 2906,And Collars,076484069451,Leashes And Collars,,,,2.00,$23.59
Coastal Leash Hunter 4' 904,And Collars,076484059995,Leashes And Collars,,,,3.00,$13.49
Bull Tail Range,Home,626245050626,Dog Treats,,,,4.00,$19.94
Dyne 32oz,PetAg,020279205142,Healthcare,,,,2.00,$36.74
Dyne Pro Healthy Gut 16oz,,020279205005,Healthcare,,,,1.00,$24.14
Aqua Naturl Bio-Substrate 5,,935348200209,Aquatics,,,,2.00,$13.64
Odorlock Lavendar 25lb,,777979213259,Accessories,,,,1.00,$27.29
Round Lake Farm Young Rabbit Food 4lb,Animal,850032686273,Small,,,,0.00,$15.74
Diggers Dog Toy,,083929017458,Toys,,,,-3.00,$3.27
Zoo Med Digital Thermometer,,097612300246,Reptiles,,,,4.00,$15.74
Cascade 300 Filter Cartridge,,030172016080,Aquatics,,,,2.00,$10.49
Oxbow Simple Rewards Timothy Treats 1.4oz,Animal,744845960050,Small,,,,3.00,$6.54
Higgins Sunburst Gourmet Blend 2.5lb,Animal,046706563036,Small,,,,5.00,$11.54
Bergan Carrier,,879213009106,Accessories,,,,0.00,$50.39
Origen Cat Guardian 8 10 Orijen lb,,064992718534,Cat Food,Bag,,10lb,1.00,$61.94
Pet Water Bottle Animal,,076711003500,Small,,,,3.00,$10.49
Orijen Regional Red 23lb Orijen,,064992105259,Dog Food,Bag,,23lb,1.00,$107.09
Spot Shimmer Balls,,077234028247,Toys,,,,0.00,$3.27
Kaytee Timothy Biscuits 4oz,Animal,071859944821,Small,,,,4.00,$5.45
Aspen Snake Bedding 4.4L,,097612751048,Reptiles,,,,1.00,$7.63
Cat-Life Small Mouse,,030172034916,Reptiles,,,,-17.00,$2.17
Kaytee Tree Trunk Natural Large,Animal,045125604023,Small,,,,1.00,$19.94
Zoo Med Naturalistic Terrarium18x24x18,,097612091038,Reptiles,,,,-1.00,$131.24
HigginsSunburst Gourmet Rat & Mouse 2.5lb,Animal,046706563005,Small,,,,3.00,$10.49
Kaytee Healthy Toppins 2.5,Animal,071859942735,Small,,,,2.00,$4.36
NutriSource Seafood Select Small Bites GF 12lb,Nutrisource,073893430131,Dog Food,Bag,,12lb,2.00,$44.09
Freshpet Small Breed Poultry Roll 1lb,Freshpet,627975012724,Dog Food,Bag,,1lb,0.00,$9.44
Freshpet Grain Free Beef Freshpet & Lamb 5.5lb,,627975011246,Dog Food,Bag,,5.5lb,2.00,$41.99
Mango Peach Candle 9oz Pethouse,,881314673186,Accessories,,,,0.00,$24.14
Lots of Knots Supplies,Prevue,048081624821,Bird,,,,4.00,$7.63
Kauai Totem Supplies,Prevue,048081602386,Bird,,,,2.00,$7.63
Naturals Dutchess Supplies,Prevue,048081625552,Bird,,,,2.00,$7.63
Bow Dangles Supplies,Prevue,048081625156,Bird,,,,4.00,$8.73
Wood & Beeds Supplies,Prevue,048081609507,Bird,,,,2.00,$6.54
Fairy Queen Supplies,Prevue,048081625453,Bird,,,,0.00,$5.45
Pixie Sticks Supplies,Prevue,048081626184,Bird,,,,0.00,$7.63
Fire cracker Supplies,Prevue,048081624982,Bird,,,,2.00,$8.73
Laundry Day Supplies,Prevue,048081625187,Bird,,,,2.00,$10.49
Tear Riffic Pouch Supplies,Prevue,048081623879,Bird,,,,2.00,$5.45
Cookies & Knots Supplies,Prevue,048081625101,Bird,,,,3.00,$8.73
Cyclone Supplies,Prevue,048081621615,Bird,,,,2.00,$10.49
Eggman Supplies,Prevue,048081626191,Bird,,,,2.00,$7.63
Fancy Dance Supplies,Prevue,048081626115,Bird,,,,1.00,$7.63
Naturals Princess Supplies,Prevue,048041645538,Bird,,,,2.00,$6.54
Petsafe RFA 67 Battery,,729849105423,Accessories,,,,3.00,$13.64
Rocket Tallis Supplies,Prevue,048081626764,Bird,,,,2.00,$6.54
Coco Rope Mini Supplies,Prevue,048081628034,Bird,,,,0.00,$7.63
Woodland Harvest Supplies,Prevue,048081625491,Bird,,,,2.00,$8.73
Thread Catcher Supplies,Prevue,048081625149,Bird,,,,2.00,$11.54
Co Co Hidaway With Ladder,Prevue Supplies,048081628010,Bird,,,,1.00,$11.54
Coco & Bamboo Supplies,Prevue,048081628003,Bird,,,,1.00,$13.64
Mangrove Wood Toy Supplies,Prevue,048081628058,Bird,,,,0.00,$11.54
Brown Snack Supplies,Prevue,048081625507,Bird,,,,0.00,$11.54
Car Wassh Supplies,Prevue,048081625217,Bird,,,,1.00,$15.74
Tiki Hut Supplies,Prevue,048081621882,Bird,,,,1.00,$10.49
Court Jester Supplies,Prevue,048081625460,Bird,,,,2.00,$8.73
Short Stack Supplies,Prevue,048081626054,Bird,,,,1.00,$10.49
Miuneral Supplies,Prevue,048081624784,Bird,,,,2.00,$20.99
Ferris Wheel Supplies,Prevue,048081609576,Bird,,,,1.00,$18.89
Chow Supplies,Prevue,048081609422,Bird,,,,1.00,$9.44
Abucus Supplies,Prevue,048081609545,Bird,,,,0.00,$12.59
Braided Bunch Supplies,Prevue,048081626696,Bird,,,,2.00,$10.49
Birds Of Paradise Swing Supplies,Prevue,048081602355,Bird,,,,0.00,$11.54
Raincatcher Supplies,Prevue,048081626177,Bird,,,,1.00,$7.63
Miami Frost Supplies,Prevue,048081626740,Bird,,,,2.00,$9.44
Baskets Banquet Supplies,Prevue,048081626733,Bird,,,,1.00,$6.54
Basket of Bounty Supplies,Prevue,048081626726,Bird,,,,2.00,$9.44
Desert Delioghts Supplies,Prevue,048081626788,Bird,,,,1.00,$9.44
Shreadable Shack Supplies,Prevue,048081624081,Bird,,,,2.00,$11.54
Confetti Kazoo Supplies,Prevue,048081625132,Bird,,,,4.00,$15.74
Canada Pooch Jac Leash OS Purple,And Collars,628284131939,Leashes And Collars,,,,1.00,$39.99
Canada Pooch Jac Leash OS Black,And Collars,628284131922,Leashes And Collars,,,,0.00,$39.99
Canada Pooch Redirect Harness XXL,And Collars,628284131861,Leashes And Collars,,,,1.00,$64.99
Canada Pooch Jac Leash OS Blank XL,And Collars,628284131854,Leashes And Collars,,,,0.00,$59.99
Canada Pooch Jac Leash OS Blank L,And Collars,628284131847,Leashes And Collars,,,,1.00,$56.99
Canada Pooch Jac Leash OS Blank M,And Collars,628284131830,Leashes And Collars,,,,1.00,$54.99
Canada Pooch Jac Leash OS Blank S,And Collars,628284131823,Leashes And Collars,,,,1.00,$49.99
Canada Pooch Jac Leash OS Purple XXL,And Collars,628284131915,Leashes And Collars,,,,1.00,$64.99
Canada Pooch Jac Leash OS Purple XL,And Collars,628284131908,Leashes And Collars,,,,0.00,$59.99
Canada Pooch Jac Leash OS Purple L,And Collars,628284131892,Leashes And Collars,,,,1.00,$56.99
Canada Pooch Jac Leash OS Purple M,And Collars,628284131885,Leashes And Collars,,,,1.00,$54.99
Canada Pooch Jac Leash OS Purple S,And Collars,628284131878,Leashes And Collars,,,,1.00,$49.99
GloFi Dco,,046798780885,Aquatics,,,,0.00,$7.63
Sunburst Vegi Sticks Animal,,046706323012,Small,,,,4.00,$5.45
Penn Plax Aqua Plant Bonsai,,030172098734,Aquatics,,,,3.00,$10.49
Adams Plus Fogger,,039079059817,Healthcare,,,,2.00,$32.54
Kong crackles,,035585524009,Accessories,,,,-1.00,$7.63
Bacon&cheese kong easy treat,,035585010489,Treats,,,,0.00,$10.49
Natural Balancr Ultra Protien Cuts in Gravy,Natural Balance,723633007047,Cat Food,Can,oz,,-3.00,$2.71
Eco Bedding 100g Pink,,767044124436,Accessories,,,,-1.00,$6.54
"Kaytee Forti-Diet Mouse,Rat&Hamster",,071859999944,Accessories,,,,2.00,$11.54
Wild Things Salmon Jerky Otis,,850047164254,Dog Treats,,,,3.00,$11.54
Wild Things Bison Jerky,Otis,850047164001,Dog Treats,,,,5.00,$11.54
Wild Things Elk Jerky,Otis,850047164018,Dog Treats,,,,5.00,$11.54
Wild Things Venison Jerky,,850047164025,Dog Treats,,,,5.00,$11.54
Wild Things Venison Trainers,Otis,850047164292,Dog Treats,,,,4.00,$10.49
Bergn Comfort Carrier Smll Hether Berry,,879213009175,Accessories,,,,1.00,$50.39
Easy feeder,,045663191009,Accessories,,,,2.00,$9.44
Wild Things Bison Trainers,Otis,850047164285,Dog Treats,,,,6.00,$10.49
Wild Things Salmon Trainers,Otis,850047164339,Dog Treats,,,,5.00,$10.49
Wild Things Elk Trainers,Otis,850047164308,Dog Treats,,,,6.00,$10.49
Wild Things Bison Lung,Otis,850047164032,Dog Treats,,,,4.00,$14.69
Wild Things Elk Lung,Otis,850047164278,Dog Treats,,,,4.00,$14.69
Wild Things Venison Lung Otis,,850047164261,Dog Treats,,,,3.00,$14.69
Water Dish X-Large,Exo Terra,015561228046,Reptiles,,,,0.00,$27.29
Pro Terrarium Low Medium,Exo Terra,015561244077,Reptiles,,,,2.00,$157.49
Kong Comfort Elephant X-Small,Kong,035585360485,Toys,,,,1.00,$9.44
Eco Bedding Blue 100 Grams,Animal,067044125335,Small,,,,1.00,$6.54
Eco Bedding Pink 100 Grams,Animal,067044024430,Small,,,,1.00,$6.54
Ammonia Test Kit,,317163000861,Aquatics,,,,1.00,$22.04
API GH & KH Test Kit,API,317163010587,Aquatics,,,,0.00,$15.74
Aqua Safe Betta 1.69oz,Tetra,046798168379,Aquatics,,,,3.00,$5.45
Wild Harvest Chewable Perch,Wild Supplies,026851841364,Bird,,,,2.00,$10.49
Supreme Dove Food 5lb Supplies,Kaytee,071859051314,Bird,,,,2.00,$15.74
Forti Diet parakeet 2lb Supplies,Kaytee,071859543109,Bird,,,,2.00,$10.49
Bird Greens 1oz Supplies,Kaytee,071859949260,Bird,,,,0.00,$5.45
Sensible Seed 2lb Supplies,ZuPreem,762177460208,Bird,,,,1.00,$19.94
"Coastal Purple 10"" 301",,076484008351,Leashes And Collars,,,,0.00,$4.69
Fl;exable Litter Mat,Petmate,029695229800,Accessories,,,,0.00,$13.64
"Coastal Purple 12"" 301",,076484008559,Leashes And Collars,,,,0.00,$4.69
Fresh & Natural Clumping Litter 20lb,,777979231307,Accessories,,,,2.00,$18.89
"Coastal Pink 14"" 401",,076484034503,Leashes And Collars,,,,1.00,$6.23
"Coastal Pink 10"" 301",,076484008306,Leashes And Collars,,,,1.00,$5.19
"Coastal Pink Metal Buckle 10""-14""",And Collars,076484614330,Leashes And Collars,,,,1.00,$14.00
"Coastal Pink 12"" 401",,076484034305,Leashes And Collars,,,,0.00,$6.23
"Coastal Pink 16"" 401",,076484034701,Leashes And Collars,,,,1.00,$5.59
"Coastal Black 12"" 401",,076484034206,Leashes And Collars,,,,2.00,$5.59
"Coastal Black 8""-12"" 6301",,076484046872,Leashes And Collars,,,,1.00,$8.31
"Coastal Black 10""-14"" Plastic 6401",And Collars,076484046001,Leashes And Collars,,,,0.00,$8.31
"Coastal Black 16"" 401",,076484034602,Leashes And Collars,,,,2.00,$5.59
"Coastal Black 10"" 301",,076484008207,Leashes And Collars,,,,2.00,$3.89
"Coastal Black 14"" 401",,076484034404,Leashes And Collars,,,,1.00,$6.23
Iams Mini Chuncks 5lb,Iams,019014830107,Dog Food Bag,5lb,,,1.00,$16.79
"Coastal Purple 12"" 401",,076484034350,Leashes And Collars,,,,0.00,$6.23
"Coastal Purple 8""-12"" 6301 Plastic",And Collars,076484046995,Leashes And Collars,,,,0.00,$7.27
"Coastal Purple 10""-14"" 6401 Plastic",And Collars,076484046742,Leashes And Collars,,,,1.00,$8.31
"Coastal Purple 10""-14"" 61401 Metal",And Collars,076484614040,Leashes And Collars,,,,1.00,$13.99
"Coastal Light Pink 16"" 401",And Collars,076484401374,Leashes And Collars,,,,1.00,$5.59
"Coastal Light Blue 16"" 401",And Collars,076484733758,Leashes And Collars,,,,1.00,$5.59
"Coastal Light Blue 14"" 401",And Collars,076484733710,Leashes And Collars,,,,2.00,$5.59
"Coastal Light Blue 12"" 401",And Collars,076484733673,Leashes And Collars,,,,2.00,$5.59
"Coastal Light Blue 12"" 301",And Collars,076484733475,Leashes And Collars,,,,5.00,$3.79
"Coastal Light Blue 10"" 301",And Collars,076484733437,Leashes And Collars,,,,0.00,$4.69
"Coastal Black 12"" 301",,076484008405,Leashes And Collars,,,,2.00,$4.69
"Coastal Red 12"" 301",,076484008412,Leashes And Collars,,,,2.00,$4.69
"Coastal Red 14"" 401",,076484034411,Leashes And Collars,,,,2.00,$5.59
Greenies Weight Management Petite 27oz,,642863046018,Dog Treats,,,,1.00,$47.24
"Coastal Red 16"" 401",,076484034619,Leashes And Collars,,,,1.00,$5.29
"Coastal Red 8""-12"" 6301",,076484046889,Leashes And Collars,,,,1.00,$8.31
Greenies Weight Management Regular 27oz,,642863046025,Dog Treats,,,,1.00,$47.24
"Coastal Red 10""-14"" 6401 Plastic",And Collars,076484046018,Leashes And Collars,,,,2.00,$8.31
"Coastal Red 10""-14"" 61401 Metal",And Collars,076484614057,Leashes And Collars,,,,2.00,$13.99
"Coastal Blue 8""-12"" 6301",,076484046896,Leashes And Collars,,,,1.00,$8.31
"Coastal Blue 12"" 401",,076484034220,Leashes And Collars,,,,1.00,$6.23
"Coastal Blue 10""-14"" 61401 Metal",And Collars,076484614019,Leashes And Collars,,,,0.00,$14.99
"Coastal Blue 16"" 401",,076484034626,Leashes And Collars,,,,2.00,$5.59
"Coastal Blue 14"" 401",,076484034428,Leashes And Collars,,,,2.00,$6.23
"Coastal Blue 12"" 301",,076484008429,Leashes And Collars,,,,4.00,$5.19
"Coastal Hunter 8""-12"" 6301",And Collars,076484046803,Leashes And Collars,,,,0.00,$7.27
"Coastal Hunter 10""-14"" 6401 Plastic",And Collars,076484046773,Leashes And Collars,,,,2.00,$8.31
"Coastal Hunter 12"" 401",,076484034381,Leashes And Collars,,,,2.00,$5.59
"Coastal Hunter 16"" 401",,076484034787,Leashes And Collars,,,,1.00,$4.49
"Coastal Hunter 12"" 401",,076484034589,Leashes And Collars,,,,1.00,$5.59
Coastal Hunter,,076484008566,Leashes And Collars,,,,2.00,$4.15
Nibbles Small Pet Chew Wood & Pumice,Animal,644472991598,Small,,,,2.00,$7.63
Nylabone Puppy Ovel Ring,Nylabone,018214846307,Toys,,,,0.00,$15.74
"Coastal Purple 18"" 901",,076484059155,Leashes And Collars,,,,1.00,$9.49
Snake Strip Undert Tank Zoo Med Heater,,097612300147,Reptiles,,,,1.00,$33.59
Victor Beef Meal & Brown VICTOR Rice 40lb,,894308002343,Dog Food,Bag,,40lb,1.00,$51.44
"Coastal Light Blue 18""-26"" 6901 Plastic",And Collars,076484730009,Leashes And Collars,,,,2.00,$9.29
"Coastal Light Blue 14""-20"" 6601 Plastic",And Collars,076484730047,Leashes And Collars,,,,0.00,$9.99
"Coastal Light Blue 18""-26"" 61901 Plastic",And Collars,076484619502,Leashes And Collars,,,,2.00,$17.99
"Coastal Red 14""-20"" 6601 Plastic",And Collars,076484047015,Leashes And Collars,,,,2.00,$9.99
"Coastal Red 14""-20"" 6962 Plastic",And Collars,076484697111,Leashes And Collars,,,,2.00,$10.59
"Coastal Red 14""-20"" 61601 Metal",And Collars,076484616051,Leashes And Collars,,,,2.00,$16.09
"Coastal Red 20"" 901",,076484059216,Leashes And Collars,,,,0.00,$9.49
"Coastal Red 18"" 601",,076484043413,Leashes And Collars,,,,2.00,$7.27
"Coastal Red 18"" 901",,076484059018,Leashes And Collars,,,,2.00,$8.99
"Coastal Blue 18"" 601",,076484043420,Leashes And Collars,,,,2.00,$6.23
"Coastal Blue 16"" 601",,076484043222,Healthcare,,,,3.00,$6.50
"Coastal Blue 18"" 901",,076484059025,Healthcare,,,,1.00,$9.44
"Coastal Blue 14""-20"" 61601 Metal",And Collars,076484616020,Leashes And Collars,,,,5.00,$15.29
"Coastal Blue 14""-20"" 6962 Plastic",And Collars,076484697029,Leashes And Collars,,,,2.00,$10.99
"Coastal Blue 14""-20"" 6601 Plastic",And Collars,076484047022,Leashes And Collars,,,,1.00,$8.99
"Coastal Blue 14""-20"" 61962 Metal",And Collars,076484619823,Leashes And Collars,,,,2.00,$13.39
"Costal Hunter 18"" 901",,076484059186,Leashes And Collars,,,,0.00,$9.49
"Costal Hunter 16"" 601",,076484043376,Leashes And Collars,,,,4.00,$5.89
"Costal Hunter 18"" 601",,076484043574,Leashes And Collars,,,,2.00,$5.19
"Costal Hunter 14""-20"" 61601 Metal",And Collars,076484616037,Leashes And Collars,,,,2.00,$15.29
"Costal Hunter 14""-20"" 61962 Metal",And Collars,076484619830,Leashes And Collars,,,,2.00,$18.19
"Costal Hunter 14""-20"" 6962 Plastic",And Collars,076484697036,Leashes And Collars,,,,1.00,$10.59
"Coastal Pink 14""-20"" 61601",And Collars,076484616501,Leashes And Collars,,,,1.00,$16.09
"Coastal Pink 14""-20"" 61962 Metal",And Collars,076484619854,Leashes And Collars,,,,1.00,$18.19
"Coastal Pink 14""-20"" 6962 Plastic",And Collars,076484697050,Leashes And Collars,,,,1.00,$11.99
"Coastal Light Pink 14""-20"" 6601 Plastic",And Collars,076484066030,Leashes And Collars,,,,3.00,$7.79
CanineSpectra 6,,745801150867,Healthcare,,,,23.00,$18.89
Andis ultraEDGE 30,,040102640759,Accessories,,,,0.00,$41.99
"Coastal Light Pink 18""-26"" 61901 Metal",And Collars,076484190100,Leashes And Collars,,,,2.00,$18.89
"Coastal Light Pink 18""-26"" 6901 Plastic",And Collars,076484069130,Leashes And Collars,,,,2.00,$12.99
"Coastal Light Pink 14""-20"" 61601 Metal",And Collars,076484616433,Leashes And Collars,,,,2.00,$16.09
"Coastal Purple 14""-20 6601 Plastic",And Collars,076484047206,Leashes And Collars,,,,4.00,$12.99
"Coasatal Purple 14""-20"" 61601 Metal",And Collars,076484616044,Leashes And Collars,,,,1.00,$16.99
"Coastal Purple 18"" 601",,076484043543,Leashes And Collars,,,,0.00,$6.19
VariKennel,,029695219481,Accessories,,,,1.00,$188.99
"Coastal Purple 20"" 901",,076484059353,Leashes And Collars,,,,3.00,$9.49
"Coastal Black 20"" 901",,076484059209,Leashes And Collars,,,,3.00,$8.99
"Coastal Black 18"" 901",,076484059001,Leashes And Collars,,,,1.00,$9.49
"Coastal Black 18"" 601",,076484043406,Leashes And Collars,,,,3.00,$5.89
Strawberry Picnic Party Hut,Wild Animal,026851992790,Small,,,,1.00,$24.14
"Coastal Black 14""-20"" 6601 Plastic",And Collars,076484047008,Leashes And Collars,,,,1.00,$9.99
"Coastal Black 14""-20"" 61962 Metal",And Collars,076484619809,Leashes And Collars,,,,2.00,$18.19
Kong Ballistic,,035585503004,Toys,,,,2.00,$12.59
Kaytee Lava Block Animal,Kaytee,045125611519,Small,,,,2.00,$5.45
Comfort Carrier Small/Petite 10lb,,879213009137,Accessories,,,,-1.00,$56.69
Kradle CBD CALMING BLIS BAR,,850015561337,Treats,,,,7.00,$9.44
Fur Realz,,818628024335,Toys,,,,0.00,$7.63
Adams Foaming Shampoo Flea & Tick,,039079002578,Healthcare,,,,2.00,$14.69
"Costal Light Pink 18"" 601",,076484601040,Leashes And Collars,,,,0.00,$6.19
"Coastal Purple 18""-26"" 6901 Plastic",And Collars,076484048203,Leashes And Collars,,,,2.00,$10.59
"Coastal Black 18""-26"" 6901 Plastic",And Collars,076484048005,Leashes And Collars,,,,1.00,$11.19
"Coastal Pink 18""-26"" 6901 Plastic",And Collars,076484048135,Leashes And Collars,,,,1.00,$11.99
"Coastal Hunter 18""-26"" 61901 Metal",And Collars,076484619038,Leashes And Collars,,,,2.00,$17.99
"Coastal Hunter 18""-26"" 6901 Plastic",And Collars,076484048234,Leashes And Collars,,,,1.00,$10.59
"Coastal Blue 18""-26"" 6901 Plastic",And Collars,076484048029,Leashes And Collars,,,,2.00,$11.99
"Coastal Red 18""-26"" 6901 Plastic",And Collars,076484048012,Leashes And Collars,,,,2.00,$11.99
"Coastal Red 18""-26"" 61901 Metal",And Collars,076484619052,Leashes And Collars,,,,2.00,$18.89
Bergan Comfort Carrier Large Heather Bermuda,,879213009205,Accessories,,,,1.00,$68.24
Bergan Comfort Carrier Black Lrg,,879213009182,Accessories,,,,0.00,$68.24
Bergan Comfort Carrier Black Small,,879213009007,Accessories,,,,-1.00,$56.69
Bergan Comfort Carrier Lrg Heather Gray,,879213009199,Accessories,,,,0.00,$68.24
Bergan Comfort Carrier Large Heather Berry,,879213009212,Accessories,,,,0.00,$77.69
Coastal Cat Harness & Leash Combo Bubble,And Collars,076484746017,Leashes And Collars,,,,0.00,$26.99
Adams Flea & Tick Shpoo,,039079090049,Healthcare,,,,-1.00,$16.79
Coastal Comfort Soft Harnss XXS,And Collars,076484638046,Leashes And Collars,,,,1.00,$13.09
Healthy Edibles Bacon1.5oz,,018214813149,Treats,,,,4.00,$6.54
Growl Ball Starz,,810164520715,Toys,,,,1.00,$10.49
Coastal Safe Cat Glow In The Dark 8''-12'',,076484067587,Accessories,,,,3.00,$11.54
Nutri-Vet Asprin 120 Mg 100 Chewables,,669125024416,Healthcare,,,,0.00,$24.14
Small Animal Bowl Animal,,030172013829,Small,,,,14.00,$3.27
Jurassi Mite,,000116854603,Reptiles,,,,3.00,$11.54
Suzies CBD Hearts,,728028443127,Healthcare,,,,2.00,$22.04
Duets 3oz Chicken And Turkey,Animal,046706563319,Small,,,,0.00,$7.63
Lil Pals PigDog,,076484832048,Toys,,,,-1.00,$5.45
Perfect Chews Animal,,045125611489,Small,,,,1.00,$5.45
Loco Ball Animal,,744845963297,Small,,,,1.00,$6.54
Kong Knots,,035585499567,Toys,,,,0.00,$16.79
Kong Comfort,,035585523330,Toys,,,,-1.00,$13.64
Coastal Collar PDT12,,076484774379,Leashes And Collars,,,,2.00,$8.99
Coastal Collar PCG12,,076484670244,Leashes And Collars,,,,1.00,$8.29
Coastal Collar ZEB12,,076484067839,Leashes And Collars,,,,2.00,$8.29
Coastal Collar LEB12,,076484067525,Leashes And Collars,,,,2.00,$8.29
Coastal Collar WRP12,,076484670268,Leashes And Collars,,,,0.00,$8.99
Coastal Collar STA08,,076484077524,Leashes And Collars,,,,2.00,$7.27
Coastal Collar TRI08,,076484077531,Leashes And Collars,,,,1.00,$7.27
Coastal Collar LTS12,,076484670220,Leashes And Collars,,,,1.00,$8.99
Coastal Collar FF112,,076484432408,Leashes And Collars,,,,2.00,$12.99
Coastal Collar FF212,,076484432415,Leashes And Collars,,,,2.00,$13.99
Coastal Collar FF912,,076484432484,Leashes And Collars,,,,1.00,$13.99
Coastal Collar FF712,,076484432460,Leashes And Collars,,,,2.00,$13.99
Coastal Collar MCH12'',,076484670237,Leashes And Collars,,,,1.00,$8.29
Coastal Collar FF612,,076484432453,Leashes And Collars,,,,2.00,$13.99
Coastal Collar FF012,,076484432491,Leashes And Collars,,,,2.00,$13.99
Coastal Collar FF412,,076484432439,Leashes And Collars,,,,2.00,$13.99
Coastal Collar,,076484432422,Leashes And Collars,,,,2.00,$14.99
Coastal Cat Collar FF512,,076484432446,Leashes And Collars,,,,2.00,$13.99
Coastal Cat Collar Kitten RMC08,And Collars,076484672262,Leashes And Collars,,,,0.00,$7.27
Nylabone,,018214778158,Treats,,,,-1.00,$6.54
Coastal Cat Collar BLL12,,076484067204,Leashes And Collars,,,,1.00,$8.69
Coastal Cat Collar PNK12,,076484672323,Leashes And Collars,,,,2.00,$8.69
Coastal Cat Collar GRN12,And Collars,076484672378,Leashes And Collars,,,,1.00,$8.49
Coastal Cat Collar PUR12,,076484067211,Leashes And Collars,,,,3.00,$8.69
Coastal Cat Collar SLV12,,076484672354,Leashes And Collars,,,,2.00,$9.99
Reptology Climber Vine,,030172056239,Reptiles,,,,0.00,$36.74
Mossy Dome Hide,,759834053668,Reptiles,,,,0.00,$26.24
Reptology Internal Filter 45,,030172060755,Reptiles,,,,-1.00,$18.89
Kaytee Critter Trail Food Dispenser,Animal,045125605426,Small,,,,0.00,$8.73
Prevue Small Animal Cage 2055,Animal,048081020555,Small,,,,4.00,$52.49
Kaytee Granola Bites 4.5oz,Animal,071859006697,Small,,,,0.00,$6.54
Care Fresh Confetti 50L Animal,,066380004250,Small,,,,2.00,$44.09
Prevue Pet Cage Kit 527 Animal,,048081035276,Small,,,,1.00,$73.49
Mineral Block Animal,,644472004236,Small,,,,0.00,$3.27
Prevue Cage Guinea Pig Cage,Animal,048081920251,Small,,,,2.00,$41.99
Coastal Cat Collar PRL12,,076484673122,Leashes And Collars,,,,1.00,$8.99
Coastal Cat Collar STE12,,076484673146,Leashes And Collars,,,,1.00,$7.49
Coastal Cat Collar CMO12,And Collars,076484673115,Leashes And Collars,,,,2.00,$8.99
Coastal Cat Collar RFL12,,076484673139,Leashes And Collars,,,,3.00,$7.29
Coastal Cat Collar BSR12,,076484673108,Leashes And Collars,,,,3.00,$7.29
Coastal Cat Collar GBG12,And Collars,076484677502,Leashes And Collars,,,,2.00,$11.99
Coastal Cat Collar GPQ12,And Collars,076484067594,Leashes And Collars,,,,1.00,$11.99
Coastal Cat Collar GOF12,,076484067570,Leashes And Collars,,,,5.00,$10.99
Coastal Cat Collar GBF12,,076484067556,Leashes And Collars,,,,2.00,$11.99
Coastal Cat Collar GBT12,,076484677526,Leashes And Collars,,,,2.00,$11.99
Coastal Cat Collar GOC12,And Collars,076484677533,Leashes And Collars,,,,2.00,$10.99
Coastal Cat Collar SCH12,,076484717178,Leashes And Collars,,,,2.00,$12.99
Coastal Cat Collar FSD12,,076484171741,Leashes And Collars,,,,2.00,$11.99
Coastal Cat Collar TZS12,,076484717246,Leashes And Collars,,,,7.00,$10.59
Coastal Cat Collar TPE12,,076484717185,Leashes And Collars,,,,2.00,$10.99
Coastal Cat Collar GKS12,,076484717130,Leashes And Collars,,,,1.00,$10.99
Coastal Cat Collar MGD12,And Collars,076484717215,Leashes And Collars,,,,2.00,$10.99
Coastal Cat Collar SCR12,,076484171734,Leashes And Collars,,,,2.00,$11.99
Coastal Cat Collar SKZ12,,076484067099,Leashes And Collars,,,,2.00,$8.99
Coastal Cat Collar GSW12,And Collars,076484717154,Leashes And Collars,,,,3.00,$10.99
Coastal Cat Collar MTM12,And Collars,076484717239,Leashes And Collars,,,,3.00,$10.99
Coastal Cat Collar GSA12,,076484717208,Healthcare,,,,3.00,$11.12
Catit creamy,,022517444450,Cat Treats,,,,0.00,$7.63
S Tall Pro Terrarium 18x18x24,,15561244053,Reptiles,,,,2.00,$199.49
Kaytee My First Home Animal,,045125602296,Small,,,,0.00,$94.49
Banixx linment,,897227002227,Healthcare,,,,-2.00,$30.44
Romp & Roll Red 4.5 inch Jolly Pets,,788169064513,Toys,,,,0.00,$18.89
Romp & roll Purple 4.5b Inch,Jolly Pets,788169064551,Toys,,,,1.00,$18.89
Romp & Roll Purple 8 Inch,Jolly Pets,788169060850,Toys,,,,1.00,$35.69
Flukers 6Ft Repta Leash XL,,091197310058,Reptiles,,,,1.00,$16.79
Romp & Roll 8 Inch Red,Jolly Pets,788169060812,Toys,,,,1.00,$35.69
Romp & Roll Blue 8 Inch,Jolly Pets,788169060829,Toys,,,,0.00,$35.69
Romp & Roll Purple 6 Inch,Jolly Pets,788169060652,Toys,,,,1.00,$25.19
Romp & Roll Blue 4.5 Inch,Jolly Pets,788169064520,Toys,,,,0.00,$18.89
collagen boost,,810723034097,Dog Treats,,,,4.00,$3.27
Feline Tapeworm 3 Tablets,Durvet,745801182004,Healthcare,,,,1.00,$16.79
Tar & Aloe Shampoo 17oz,Durvet,745801511033,Healthcare,,,,2.00,$15.74
Antibacterial & Antifungle Wipes 50ct,Durvet,745801515079,Healthcare,,,,0.00,$13.64
Anti Diarrhea 8oz,Durvet,745801145108,Healthcare,,,,4.00,$17.84
Pet House Wildflowers,,736902409497,Accessories,,,,1.00,$24.14
Victor Lamb & Rice 40lb,VICTOR,894308002411,Dog Food,Bag,,40lb,1.00,$67.19
Victor Sensitive GF Lamb VICTOR 30lb,,899944446353,Dog Food,Bag,,30lb,1.00,$59.84
Hikari Brine Shrimp 32oz Hikari,,042055324649,Aquatics,,,,0.00,$23.09
Zilla 10,,096316660212,Reptiles,,,,-1.00,$73.49
Zupreem Fruit Blend Flavor 2lb,Supplies,762177820200,Bird,,,,2.00,$22.04
Round Lake Farm Adult Guinea Pig Food 4lb,Animal,850032686303,Small,,,,0.00,$16.79
Coastal Collar Small,,76484614026,Leashes And Collars,,,,0.00,$13.99
Vital Chicken Beef Salmon & Egg,Freshpet,851893001755,Dog Food Bag,lb,,,3.00,$14.69
Vital Bef & Bison 2 lb.,Freshpet,851893001748,Dog Food,Bag,,2lb,1.00,$17.84
Vital Small Breed Chicken Freshpet 1 lb,,627975012090,Dog Food,Bag,,1lb,1.00,$10.49
Vital Chicken 1.75 lb,Freshpet,627975012908,Dog Food,Bag,,1.75lb,3.00,$12.59
Vital Chicken Turkey 1 lb,Freshpet,627975012915,Dog Food,Bag,,1lb,1.00,$11.54
Dog Nation Turkey Bacon,,627975010287,Dog Treats,,,,0.00,$7.63
Primal Frozen Nuggets,Primal,850334004010,Dog Food,Bag,lb,,2.00,$24.14
Primal Broth Pork,Primal,854496006349,Dog Food,Bag,oz,,0.00,$12.59
Primal Broth Chicken,Primal,854496006332,Dog Food,Bag,oz,,1.00,$12.59
Primal Blueberry Goat Milk,Primal,850016300461,Dog Food,Bag,oz,,2.00,$16.79
Omega One Bloodworm Pods,,698220700192,Aquatics,,,,0.00,$9.44
Freshwater Frenzy,,000945880286,Aquatics,,,,0.00,$8.73
Hikari Ocean Plankton,,042055305204,Aquatics,,,,3.00,$9.44
Answers Raw Goats Milk Answers,,856554002713,Dog Food,Bag,oz,,0.00,$31.49
Sally's Frozen Silversides,,000945880842,Aquatics,,,,1.00,$27.29
Fluval CO2 Indicaror Set,,015561175616,Aquatics,,,,0.00,$16.79
Fluval Bio-CO2 Refil Pack,,015561184571,Aquatics,,,,7.00,$12.59
Fluval Bio-CO2 Pro 33 gal,,015561184601,Aquatics,,,,1.00,$136.49
Fluval Bio-CO2 Pro 66 gal,,015561184632,Aquatics,,,,2.00,$167.99
Catit Senior Chicken 3 oz,,022517450178,Cat Food,Can,,3oz,40.00,$1.73
Hikari Cichlid Gold Large 2.1 oz,,042055044110,Aquatics,,,,3.00,$5.45
Hikari Cichlid Gold Medium 2.1 oz,,042055043113,Aquatics,,,,2.00,$5.45
Omega One Cichlid Pellets Small 4.2 oz,,698220833319,Aquatics,,,,1.00,$9.44
4 Lattice balls with bell Supplies,,030172902529,Bird,,,,-1.00,$3.27
Aqueon 7 in 1 Test Strip,,015905002721,Aquatics,,,,2.00,$19.94
aqueon Mini Heater 10w,,015905061933,Aquatics,,,,1.00,$23.09
API Quick Start 16oz,API,317163050897,Aquatics,,,,2.00,$30.44
Tetra Bio Bag Medium 12 Pack,,046798261605,Aquatics,,,,2.00,$19.94
Vetericyn Wound Care Cat 3oz,Vetericyn,818582011914,Healthcare,,,,2.00,$24.14
Petmate High Back Litter Pet Mate Pan Jumbo,,029695420948,Accessories,,,,1.00,$19.94
Multipet Lamb Chop Mat Multipet,,784369487015,Toys,,,,1.00,$13.64
tropiclean Flea & Tick Soothing,,645095202542,Healthcare,,,,1.00,$15.74
Spot Stainless Steel 5QT,,077234060650,Accessories,,,,3.00,$13.64
Nylabone WishBone Bacon Large,,018214859727,Toys,,,,1.00,$17.84
Nylabone Healthy Edibles Bacon Wolf,,018214808008,Dog Treats,,,,2.00,$6.54
Tetra Pond Sticks 1lb,,046798164821,Aquatics,,,,3.00,$23.09
No Spill Replacement Part 13-C Switch,,094036001339,Aquatics,,,,1.00,$13.64
No Spill Replacement Part 13-B Pump,,094036001322,Aquatics,,,,3.00,$13.64
"Aqueon Siphon Vacuum Large 16""",,015905062312,Aquatics,,,,3.00,$24.14
"Fluval EasyVac 15""",,015561110624,Aquatics,,,,2.00,$26.24
"Fluval EasyVac 10""",,015561110600,Aquatics,,,,2.00,$11.54
Fluval Replacement Part Hose Bracket w Suction Cup,,015561112161,Aquatics,,,,3.00,$8.73
Marina 100w Heater,,015561112338,Aquatics,,,,3.00,$30.44
Seachem Acid Regulator Seachem,,000116007603,Aquatics,,,,1.00,$10.49
API Funus Cure 4 fl oz,,017163020134,Aquatics,,,,0.00,$9.44
API Primafix 8 fl oz,,317163080108,Aquatics,,,,2.00,$13.64
Flukers Cricket Quencher 16oz,,091197712012,Reptiles,,,,0.00,$8.73
Galapagos Moss Mushroom,,759834552727,Reptiles,,,,1.00,$38.84
Tettra Repto Habitat 20 Gallon,,047497269213,Reptiles,,,,3.00,$104.99
Fritz MetroClense,,080531900086,Accessories,,,,1.00,$17.84
Zilla Lizard Litter 24QT,,096316113107,Reptiles,,,,1.00,$20.99
SulfaPlex,,000116084208,Aquatics,,,,2.00,$10.49
Nitrite NO2 Test Kit,,317163001264,Accessories,,,,0.00,$17.84
"Aqua-Glo 36"" T8 Bulb",,015561115858,Aquatics,,,,8.00,$15.74
Zoo Med Cricket Boost,Zoo Med,097612008623,Reptiles,,,,30.00,$1.41
"Aqueon Colormax 36"" T8",,015905004527,Aquatics,,,,1.00,$11.54
"Aqueon Flormax 24"" T8 Bulb",,015905004565,Beds,,,,1.00,$16.79
Zoo Med Bearded Dragon Habitat Kit 20 Gallon,,097612091311,Reptiles,,,,0.00,$272.99
Zoo Med Reptisun T5 HO 24Inch,,097612320718,Reptiles,,,,0.00,$104.99
Aqueon Max Blue LED 20,,015905156707,Aquatics,,,,1.00,$16.79
Zoo Med Retisun T5 Ho 30 Inch,,097612320725,Reptiles,,,,1.00,$125.99
"Aquari-Lux Bulb 24""",,030172214202,Aquatics,,,,2.00,$17.84
"Aquari-Lux Bulb 36""",,030172214301,Aquatics,,,,1.00,$16.79
Aqueon Colormax 24,,015905004510,Aquatics,,,,1.00,$24.14
Aqueon Colormax 20,,015905156202,Aquatics,,,,2.00,$16.79
Victoria Nail Clip,,484227663505,Grooming,Nail,Clip,,-19.00,$10.00
Victoria Nail Grind,,461888689921,Grooming,Nail,Grind,,-6.00,$13.00
Fancy Feast Ocean,,050000429646,Cat Food,Can,oz,,9.00,$1.30
GloFisg 10 gal LED,,046798290292,Aquatics,,,,0.00,$53.54
Marinland LED Pod Cool White,,047431781221,Aquatics,,,,2.00,$12.59
Marineland LED Pod 50/50 White & Blue,,047431781207,Aquatics,,,,2.00,$10.49
Cascade Plant Growth Lght,,030172098642,Aquatics,,,,0.00,$31.49
Marineland LED Pod Lunar Blue Channel One,,047431781238,Aquatics,,,,3.00,$12.59
Marineland LED Pod Lunar Blue Channel Two,,047431781177,Aquatics,,,,3.00,$10.49
Marineland LED Pod Hi- Def White,,047431781214,Aquatics,,,,2.00,$9.44
Marineland LED Pod Color Enhancing,,047431781153,Aquatics,,,,2.00,$9.44
ATP Bulb UV SQ 2 Pin,,810146750376,Aquatics,,,,2.00,$33.59
Fluval Intake Strainer Sponge,,015561196840,Aquatics,,,,3.00,$3.27
Fluval Amonia Remover AC70 C110 3 Pack,,015561196352,Aquatics,,,,4.00,$15.74
Fluval Carbon AC50,,015561196437,Aquatics,,,,5.00,$5.45
Fluval Clear Carb AC20 AC30,,015561196260,Aquatics,,,,3.00,$6.54
Fluval Carbon AC70 AC110 3 Pack,,015561196468,Aquatics,,,,0.00,$18.89
Fluval Biomax AC20 AC30,,015561196604,Aquatics,,,,0.00,$5.45
Cascade 325 Internnal Filter,,030172071928,Beds,,,,0.00,$31.49
Aquatop UV Filter,,819603016147,Aquatics,,,,1.00,$64.04
kaytee Super c Greens 2.75oz,Kaytee Animal,071859007960,Small,,,,4.00,$6.54
Kaytee Healthy Bits Forti Kaytee Diet 4.5oz,Animal,071859056234,Small,,,,2.00,$6.54
Kaytee Healthy Bits 4.5oz Kaytee Animal,,071859942575,Small,,,,1.00,$7.63
Vital Herbal Smakers Grandpas Orchard,A&E Animal,644472006322,Small,,,,1.00,$7.63
aquaTOP maxFLOW powerhead 25w,,810281018119,Aquatics,,,,1.00,$24.14
Aquatop MaxFlow Powerhead 35w,,810281019345,Aquatics,,,,1.00,$30.44
Nibbles Calcium Chew Animal,,644472991727,Small,,,,2.00,$6.54
Crittertrail One Animal,Kaytee,045125605150,Small,,,,2.00,$73.49
Fussie Cat Tuna With Salmon 2.47oz,,888641133895,Cat Food,Can,,2.47oz,-6.00,$1.30
Kaytee Hammock With Stand,Animal,045125621358,Small,,,,2.00,$26.24
Iceland Lamb Horn Large,,861616000231,Dog Treats,,,,6.00,$15.74
Redbarn Grain Free Ocean 4lb,Redbarn,785184120064,Dog Food,Bag,,4lb,2.00,$23.09
GloFish Gravel,,046798784845,Aquatics,,,,3.00,$9.44
Nickelodeon Aquarium Ornament,,030172103261,Aquatics,,,,5.00,$10.49
Penn-Plax Aquarium Ornament,,030172078415,Aquatics,,,,9.00,$6.54
GloFish Multi-Pack 3 Plants,,046798784050,Aquatics,,,,2.00,$10.49
Mammoth Flossy Chews 12'' Twister Pull,,746772530108,Toys,,,,1.00,$9.44
Marina iGlo Ship,,015561119856,Aquatics,,,,1.00,$19.94
Marina Decor Coral,,015561147446,Aquatics,,,,0.00,$11.54
GloFish Decor Coral Air,,046798780229,Aquatics,,,,1.00,$28.34
Marina iGlo Skulll Castle,,015561119825,Aquatics,,,,3.00,$15.74
Marina iGlo Skull Castle,,015561119832,Aquatics,,,,2.00,$26.24
Mariina iGlo Castle,,015561119818,Aquatics,,,,1.00,$36.74
GloFish Decor,,046798780298,Aquatics,,,,1.00,$11.54
Marina iGlo Plant,,080605110151,Aquatics,,,,1.00,$9.44
GloFish Decor,,046798780335,Aquatics,,,,1.00,$9.44
GloFish Decor,,046798780380,Aquatics,,,,1.00,$14.69
GloFish Decor,,046798780908,Aquatics,,,,2.00,$14.69
Marina Aquarium Gravel Burgund,,015561123808,Aquatics,,,,1.00,$4.36
Seachem Betta Basics,,000116042406,Aquatics,,,,2.00,$4.36
GlloFish Beta Flakes,,046798783015,Aquatics,,,,0.00,$4.36
Marina Betta Aqua Decor,,015561122337,Aquatics,,,,2.00,$6.54
Marina Betta Aqua Decor,,015561122351,Aquatics,,,,2.00,$6.54
Marina Betta Aqua Decor,,015561122320,Aquatics,,,,1.00,$6.54
Marina Betta Gravel Pink,,015561123730,Aquatics,,,,2.00,$3.27
Aqua Life Fish Tank Sticker Clings,,030172105074,Aquatics,,,,4.00,$8.73
Zoo Med Betta Kit,,097612241402,Aquatics,,,,1.00,$7.63
Spongebeb Betta Tank,,030172065804,Aquatics,,,,1.00,$34.64
Frozen Betta Tank,,030172091742,Aquatics,,,,0.00,$20.99
Marina Pirates Betta Tank,,015561133104,Aquatics,,,,1.00,$37.79
"Aquatop Aquarium Scraper 22""",,810281012216,Aquatics,,,,2.00,$23.09
Wood chews,,026851841272,Accessories,,,,2.00,$4.36
Aqua Life Wizard Algae Scrubber Pad,,030172034374,Aquatics,,,,0.00,$5.45
Aqueon Foam Cleaning Pad w Twist & Click Head,,015905002363,Aquatics,,,,1.00,$7.63
Mag-Float Mag-Scraper,,790950004011,Aquatics,,,,1.00,$20.99
Aqua Life Bubble Wall 23'',,030172335235,Aquatics,,,,2.00,$13.64
Marina Air Curtain 8'',,015561109932,Aquatics,,,,3.00,$10.49
Aqua Life Bubble Wsll 23.5'',,030172002885,Aquatics,,,,1.00,$14.69
Aqua Life Bubble Wall 12'',,030172002861,Aquatics,,,,3.00,$9.44
Aragonite Aquarium Gravel,,008479001207,Aquatics,,,,3.00,$22.04
Penn-Plex Bonsai,,030172098741,Aquatics,,,,0.00,$10.49
Penn-Plex Bonsai,,030172098710,Aquatics,,,,3.00,$8.73
Spectrastone Aquarium Gravel Purple,,034652205124,Aquatics,,,,5.00,$8.73
Speectrastone Aquarium Gravel Green,,034652205032,Aquatics,,,,3.00,$8.73
Pure Water Pebbles Rainbow Gems,,029904300856,Aquatics,,,,0.00,$6.54
Penn-Plax Aqua-Plants 6 Pack 3.5'',,030172082207,Aquatics,,,,2.00,$6.54
Aqua-Plant Sinkers Pink,,030172055430,Aquatics,,,,0.00,$5.45
Aqua-Plant Sinkers Purple,,030172055348,Aquatics,,,,3.00,$6.54
Aqua-Plant Sinkers Ludwigia,,030172055607,Aquatics,,,,1.00,$11.54
Aqua-Plant Style 1 XL,,030172059308,Aquatics,,,,1.00,$18.89
Aquatop Vibrant pink 16'',,810074880367,Aquatics,,,,3.00,$26.24
Aqualife PP1738,,080605117389,Aquatics,,,,1.00,$17.84
Aqualife PP1728,,080605117280,Aquatics,,,,1.00,$19.94
Aqualife PP1736,,080605117365,Aquatics,,,,2.00,$19.94
Aqualife PP1722,,080605117228,Aquatics,,,,1.00,$11.54
Aqualife PP1735,,080605117358,Aquatics,,,,1.00,$15.74
Aqualife PP1725,,080605117259,Aquatics,,,,2.00,$11.54
Aqualife PP1739,,080605117396,Aquatics,,,,1.00,$14.69
Aqualife PP1723,,080605117235,Aquatics,,,,2.00,$11.54
Aqualife PP1721,,080605117211,Aquatics,,,,2.00,$11.54
Aqualife PP1644,,080605116443,Aquatics,,,,2.00,$13.64
Aqualife PP1705,,080605117051,Aquatics,,,,1.00,$13.64
Glow in the Dark Plant,,030172071041,Aquatics,,,,1.00,$15.74
Penn-Plex Plant,,030172069093,Aquatics,,,,5.00,$3.27
Spongebob Ornaments 6 Pack,,030172080944,Aquatics,,,,1.00,$31.49
Little Mermaid Ornament,,030172089138,Aquatics,,,,1.00,$6.54
Sesame Street Oscar The Grouch,,030172096785,Aquatics,,,,1.00,$5.45
Illumination Ornament,,030172103827,Aquatics,,,,1.00,$5.45
Aquaplant Hairgrass,,030172098796,Aquatics,,,,5.00,$4.36
Aquaplant Med Green/Purple Bunch,,030172098802,Aquatics,,,,4.00,$4.36
Aquaplant Med Green/Pink Bunch,,030172098789,Aquatics,,,,4.00,$4.36
6'' Rock Plant Color,,030172095030,Aquatics,,,,2.00,$5.45
3.5'' Rock Plant,,030172086236,Aquatics,,,,4.00,$6.54
Fluval Natural Mopani,,015561118187,Aquatics,,,,0.00,$15.74
Cichlid Hut,,030172065927,Aquatics,,,,3.00,$8.73
Breeding Cone,,030172065910,Aquatics,,,,1.00,$18.89
Breed 'n' Show,,030172244001,Aquatics,,,,1.00,$19.94
Nemo Ornament,,030172086182,Aquatics,,,,1.00,$8.73
Dory Ornament,,030172094101,Aquatics,,,,0.00,$7.63
Jammin Jam Ornament,,042055961028,Aquatics,,,,2.00,$7.63
Paw Patroll Ornament,,030172080036,Aquatics,,,,1.00,$15.74
Spongebob Ornament,,030172059254,Aquatics,,,,1.00,$14.69
Dragon Skull Small,,030172082177,Aquatics,,,,1.00,$10.49
Dragon Skull Large,,030172082184,Aquatics,,,,1.00,$23.09
Striped irate Ship Lage Split,,030172062353,Aquatics,,,,1.00,$188.99
Assorted Deco,,030172076329,Aquatics,,,,32.00,$5.45
Exotic Enviroments,,030157016722,Aquatics,,,,1.00,$26.24
Spongebob Ornament,,030172084676,Aquatics,,,,2.00,$13.64
Little Mermaid Ornament,,030172082726,Aquatics,,,,1.00,$14.69
Marina Decor,,015561147569,Aquatics,,,,3.00,$26.24
Snuken Plane,,030172083501,Aquatics,,,,1.00,$48.29
Grotto Corner Med,,030172051418,Aquatics,,,,1.00,$33.59
Grotto Medium,,030172051395,Aquatics,,,,1.00,$25.19
Pipe Hide Away Large,,030172078224,Aquatics,,,,4.00,$10.49
Fluval Decor,,080605116177,Aquatics,,,,1.00,$15.74
Marina Naturals,,015561122573,Aquatics,,,,0.00,$33.59
Fluval Decor,,015561121507,Aquatics,,,,1.00,$31.49
Marina Naturals,,015561122696,Accessories,,,,0.00,$41.99
Cryatal Cave Blue,,030172099083,Aquatics,,,,2.00,$19.94
Crystal Cave Purple,,030172099090,Aquatics,,,,1.00,$16.79
Rock Cave Mountain,,030157019181,Aquatics,,,,1.00,$30.44
Marina Decor,,015561147545,Aquatics,,,,2.00,$26.24
Rock Stack Style 1,,030172062292,Aquatics,,,,2.00,$8.73
Tiki Hut Ornamments,,030172063541,Aquatics,,,,1.00,$7.63
Tiki Gazers,,030172080920,Aquatics,,,,1.00,$10.49
Cambodian Rock Faces,,030172062391,Aquatics,,,,0.00,$24.14
Age of Magic Magical Castle,,030172027291,Aquatics,,,,1.00,$55.64
Oxbow Garden Select Adult Guinea Pig Food 4lb,Animal,744845810010,Small,,,,2.00,$17.84
Magical Castle Med,,030172027284,Aquatics,,,,2.00,$17.84
Decoraticve Creations,,030157004095,Aquatics,,,,1.00,$9.44
Mini Undersea Ornament,,030172056789,Aquatics,,,,1.00,$4.36
Marina Decor,,015561147514,Aquatics,,,,4.00,$10.49
Shipwreck Small,,030172072239,Aquatics,,,,1.00,$30.44
Filt-a-Carb FC4,,030172399138,Aquatics,,,,3.00,$4.36
Filt-a-Carb FC2,,030172399114,Aquatics,,,,3.00,$6.54
Filt-a-Carb FC3,,030172399121,Aquatics,,,,2.00,$7.63
Amonia-X AX4,,030172399534,Aquatics,,,,2.00,$5.45
Amonia-X AX2,,030172399510,Aquatics,,,,3.00,$5.45
Cascade BioSponge 300,,030172018473,Aquatics,,,,1.00,$7.63
Magnum 200 Floss Sleeve,,047431784000,Aquatics,,,,2.00,$7.63
Magnum JH Floss Sleeve,,047431907690,Aquatics,,,,1.00,$13.64
AquaClear Media Bag 70,,015561113663,Aquatics,,,,0.00,$4.36
AquaClear Media Bag 50,,015561113649,Aquatics,,,,1.00,$5.44
Aqueon AT10 Replacement Cartridges,,015905069748,Aquatics,,,,2.00,$2.17
Aqueon AT30 Replacement Carrtridges,,015905069755,Aquatics,,,,3.00,$13.64
Cascade Cartridges for WW8003,,030172065767,Aquatics,,,,1.00,$3.27
Cascade 20 Cartridges,,030172071423,Aquatics,,,,3.00,$8.73
Aqueon Carbon,,015905062824,Aquatics,,,,2.00,$13.64
Prism Replacement Cartridge,,030172074622,Aquatics,,,,4.00,$10.49
Cascade 100 Filter 3 Pack,,030172016691,Aquatics,,,,1.00,$12.59
Cascade 100 Filter,,030172014932,Aquatics,,,,1.00,$3.27
Cascade 80 Filter,,030172016066,Aquatics,,,,2.00,$5.45
FZ9-RCI,,819603016970,Aquatics,,,,0.00,$13.64
FZ7-RCI,,819603016963,Accessories,,,,1.00,$13.64
Phosphate Pad,,028023025107,Aquatics,,,,2.00,$11.54
Amonia Reducing Pad,,842982025158,Aquatics,,,,1.00,$10.49
Marineland Bio-Wheel PFE3,,047431200203,Aquatics,,,,3.00,$17.84
Marineland Bio-Wheel ML90780-00,,047431907805,Aquatics,,,,1.00,$18.89
Marineland Bio-Wheel PRBW2350B,,047431504363,Aquatics,,,,3.00,$23.09
Marineland Bio-Wheel PF170B,,047431194007,Aquatics,,,,1.00,$18.89
Marineland Bio-Wheel PRBW150B,,047431504356,Aquatics,,,,1.00,$23.09
Marineland Bio-Wheel PRBW100B,,047431504349,Aquatics,,,,1.00,$23.09
Nitrate Remover Pad 10''x18'',,030172082269,Aquatics,,,,2.00,$11.54
Forza Filter Pad FZ7UV,,819603016840,Aquatics,,,,1.00,$12.59
Forza Filter Pad FZ9UV,,819603016857,Aquatics,,,,1.00,$12.59
Forza Filter Pad FZ13UV,,819603016864,Accessories,,,,1.00,$14.69
Phosguard 100 ml,,000116018500,Aquatics,,,,1.00,$9.44
API Filstar XP Micro Filtration,,017163017332,Aquatics,,,,1.00,$8.73
API Super Activated Carbon,,017163017295,Aquatics,,,,1.00,$9.44
Phos-X 4g,,015561113465,Aquatics,,,,2.00,$6.54
Seachem Zip Bag Med,,000116015219,Aquatics,,,,0.00,$5.45
API Water Softner Pillow,,317163001493,Aquatics,,,,2.00,$10.49
Barkworthies Smoked Bully+Collagen Chews,,840139132247,Dog Treats,,,,1.00,$18.89
Kangaroo Ro Tail,,626245060021,Dog Treats,,,,0.00,$11.54
Bully Hide Stick Small,,768303705571,Dog Treats,,,,1.00,$5.45
Bully Hide Stick Large,,768303705625,Dog Treats,,,,1.00,$7.63
Etta Says Rabbit Chew,,853994001344,Dog Treats,,,,7.00,$3.27
Etta Says Buffalo Chew,,856595005650,Dog Treats,,,,2.00,$3.27
Greenies Petite 36 oz,,642863101021,Dog Treats,,,,1.00,$57.74
Lizard Lounger REP702,,030172086823,Reptiles,,,,1.00,$34.64
FashionSweater,,660204030250,Accessories,,,,-1.00,$20.99
Pet Houe Candle Autumn Harvest,,612520695231,Accessories,,,,0.00,$4.36
Furever Loved Pet House Candle,,612520695385,Accessories,,,,3.00,$24.14
Bamboo Watermint Pet House Candle,,736902408902,Accessories,,,,3.00,$20.99
Deck the Paws,,734366063088,Accessories,,,,2.00,$11.54
Barkery Spray,,734366054659,Accessories,,,,1.00,$9.44
2.3 Gallon Habitat,,030172091254,Reptiles,,,,0.00,$26.24
Tuesdays 10'' Beef Cheek Roll,,810723035513,Dog Treats,,,,0.00,$13.64
Tuesdays 10'' Beef Cheek Roll Bully Dusted,,810723035506,Dog Treats,,,,3.00,$13.64
Tuesdays 10-12'' Beef Baisted Cheek Roll,,810723034011,Dog Treats,,,,0.00,$13.64
Tuesdays 5'' Beef Cheek Rolls Bully Dusted,,810723035483,Dog Treats,,,,6.00,$9.44
Tuesdays 12'' Braided Gullets,,855591005985,Dog Treats,,,,0.00,$7.63
Tuesdays 12'' Collagen Stick w Peanut Butter,,810723034103,Dog Treats,,,,3.00,$7.63
Tuesdays 10-12'' Stuffed Pork Gullets,,810723035193,Dog Treats,,,,2.00,$7.63
Tuesdays 6'' Jumbo Bully,,810723030037,Dog Treats,,,,4.00,$8.73
Tuesdays 6'' Spiral Collagen Stick,,810723034578,Dog Treats,,,,27.00,$4.36
Tuesdays 4-6'' Trachea Wrapped w Gullet,,810723033502,Dog Treats,,,,32.00,$5.45
Tuesdays 12'' Standard Bully,,851265004216,Dog Treats,,,,2.00,$10.49
Tuesdays 12'' Collagen Stick w Cheese,,810723034165,Dog Treats,,,,1.00,$7.63
Nothing To Hide Collagen & Bully Chew 10 pk Small,,810002635229,Dog Treats,,,,0.00,$9.44
Nothing to Hide Collagen Based Chews 12 pk,,810002631573,Dog Treats,,,,1.00,$9.44
Nothing to Hide 3'' Bagel Beef,,810002630552,Dog Treats,,,,1.00,$5.45
Nothing to Hide Collagen Based Chews 8 pk,,810002631481,Dog Treats,,,,0.00,$17.84
Nothing to Hide Collagen Based Chews 12 pk,,810002631498,Dog Treats,,,,2.00,$9.44
Nothing to Hide Collagen Based Chews 5'' Small Rol,,810002631436,Dog Treats,,,,2.00,$9.44
Nothing to Hide Collagen Based Chews Small Stick,,810002631467,Dog Treats,,,,2.00,$8.73
Bionic Toss-n-Tug,,022517978108,Toys,,,,1.00,$15.74
Bionic Urban Stick,,022517978023,Toys,,,,1.00,$18.89
Bionic Bone,,022517978078,Toys,,,,1.00,$12.59
Bionic Bone M,,022517978085,Toys,,,,11.00,$16.79
Bionic Ball S,,022517978047,Toys,,,,1.00,$6.54
Bionic Ball M,,022517978054,Toys,,,,2.00,$8.73
Bionic Ball L,,022517978061,Toys,,,,0.00,$11.54
Bionic Stuffer,,022517978115,Toys,,,,2.00,$14.69
Home Range Water Buffalo Collagen Stick 12'',,626245030208,Dog Treats,,,,13.00,$6.54
Home Range Beef Cheeky Roll,,626245052156,Dog Treats,,,,15.00,$9.44
Home Range Cow Ear Large,,626245050145,Dog Treats,,,,17.00,$3.27
ZooMed Multiport Fogger Attachment,,097612950175,Reptiles,,,,2.00,$12.59
Beefhide Chew Peanut Butter,,742174140624,Dog Treats,,,,2.00,$8.73
Beefhide Chew Hickory,,742174004063,Dog Treats,,,,1.00,$9.44
XS Tall Pro Terrarium 12x12x18,,015561244015,Reptiles,,,,1.00,$97.64
Rawhide Peanut Butter,,742174140044,Dog Treats,,,,1.00,$5.45
Rawhide 4-5'',,810359001050,Dog Treats,,,,2.00,$3.27
ExoTerra Medium Low 24x18x12,,015561226042,Reptiles,,,,-1.00,$125.99
Porky Chomps Pork Knotz,,015958965233,Dog Treats,,,,1.00,$8.73
Beefhide Chew Natural,,742174000621,Dog Treats,,,,1.00,$6.54
Rawhide 8.5'',,810359000299,Dog Treats,,,,2.00,$7.63
Rawhide 4.5'',,810359000312,Dog Treats,,,,1.00,$3.27
Cadet Beef Hide Knotted Bones 1lb,,768303100109,Dog Treats,,,,0.00,$15.74
Chompy Chompers Beef,,073893301028,Dog Treats,,,,3.00,$8.73
Finley's Peanut Butter & Pumkin,,860001231267,Dog Treats,,,,2.00,$10.49
Big Bites Chicken,,073893800088,Dog Treats,,,,2.00,$12.59
Nutty Butter Bites Banana,,073893800538,Dog Treats,,,,3.00,$8.73
Fromm Family Naturals Mobility,,072705128105,Dog Treats,,,,7.00,$8.73
Dogswell Skin & Coat Meatballs,,693804293039,Dog Treats,,,,2.00,$20.99
Blue Buffalo Stix Beef,,840243142729,Dog Treats,,,,1.00,$9.44
Blue Buffalo Sizzlers Origional 15 oz,,840243116614,Dog Treats,,,,2.00,$17.84
Natural Balance Crunchy Biscuits Duck,,723633612005,Dog Treats,,,,2.00,$13.64
Fromm Trout & Whitefish Fromm 12lb,,072705108039,Dog Food,Bag,,12lb,1.00,$35.69
Nutrichomps 4 ct,,015958988157,Dog Treats,,,,1.00,$8.73
Merrick Fresh Kisses Small,,022808660453,Dog Treats,,,,1.00,$16.79
Merrick Fresh Kisses Med,,022808660422,Dog Treats,,,,1.00,$11.54
Merrick Fresh Kisses XS 78,,022808660323,Dog Treats,,,,1.00,$35.69
Merrick Fresh Kisses XS,,022808660248,Dog Treats,,,,1.00,$16.79
Merrick Fresh Kisses Sm,,022808660255,Dog Treats,,,,1.00,$16.79
Merrick Fresh Kisses Med,,022808660224,Dog Treats,,,,1.00,$13.64
Round Lake Farm Adult Rabbit Food 8lb,Animal,850032686310,Small,,,,0.00,$31.49
Kong Bendeez,,035585533292,Toys,,,,1.00,$17.84
Canine Spectra 9,,745801151260,Healthcare,,,,9.00,$16.79
NutriSource PureVita SB Nutrisource GF Salmon&Peas,,073893177111,Dog Food,Bag,,4lb,4.00,$22.04
Vital Essentials Beef & Chicken Mini Patties Cat Essentials 8,Vital,840199691012,Cat Food,Bag,lb,,0.00,$20.99
Vital Essentials Pork Mini Vital Patties Cat 8oz,Essentials,840199691074,Cat Food Bag,8,oz,,0.00,$20.99
Vital Essentials Chicken Vital Nibs 14oz,Essentials,840199680016,Dog Food Bag,14,oz,,1.00,$31.49
Vital Essentials Duck Soft Vital Nibs 14oz,Essentials,840199680221,Cat Food Bag,14,oz,,2.00,$34.64
Zoo Med River Pebbles 10lb,Zoo Med,097612742107,Reptiles,,,,1.00,$17.84
Exo Terra Desert Stone Ocher 11lb,Exo Terra,015561231381,Reptiles,,,,1.00,$16.79
Zoo Med Reptisand Natural 4.5lb,Zoo Med,097612760101,Reptiles,,,,3.00,$22.04
Hill's Small & Mini 7+ Diet,Science,052742909905,Dog Food,Bag,,15.5lb,2.00,$55.64
A&E Nibbles Garden Kabob,Animal,644472004212,Small,,,,2.00,$6.54
A&E Nibbles NB157 Animal,,644472991741,Small,,,,1.00,$6.54
Komodo Tank Liners,,784369932706,Reptiles,,,,1.00,$16.79
Zoo Med Adult Igianna Food 20oz,,097612400861,Reptiles,,,,1.00,$11.54
Zoo Med Crested Gecko food 4oz,,097612403091,Reptiles,,,,1.00,$16.79
Vetericyn Reptile Care,Zoo Med,818582011921,Reptiles,,,,0.00,$23.09
Zoo Med Creatures Isopod Food 1.4oz,,097612008630,Reptiles,,,,0.00,$6.54
Nature Zone Mite Guard 8oz,,783178593412,Reptiles,,,,2.00,$14.69
Nature Zone Coccidia Guard,,783178593511,Reptiles,,,,1.00,$11.54
Nature Zone Rot Guard,,783178593313,Reptiles,,,,1.00,$9.44
Zoo Med Cricket Block,Zoo Med,097612110609,Reptiles,,,,1.00,$3.27
Pangea Eco Dish,,850005832874,Reptiles,,,,5.00,$11.54
pangea Humidity Sponge,,850005832294,Reptiles,,,,9.00,$6.54
pangea Microdish,,850039672859,Reptiles,,,,3.00,$10.49
pangea Microdish,,850039672897,Reptiles,,,,1.00,$17.84
Exo Terra Cricket Pen Foam,,015561222884,Reptiles,,,,0.00,$4.36
flukers Repta Leash XX Small,Fluker's,091197310003,Reptiles,,,,0.00,$11.54
Flukers Repta Leash X Small,Fluker's,091197310010,Reptiles,,,,1.00,$11.54
Flukers Repta Leash Medium,Flukers,091197310034,Reptiles,,,,2.00,$11.54
flukers Repta Leash Large,Fluker's,091197310041,Reptiles,,,,1.00,$13.64
Exo Terra Ceramic Heater Exo Terra 60W,,015561220453,Reptiles,,,,2.00,$47.24
Exo Terra Ceramic Heater Exo Terra 100W,,015561220460,Reptiles,,,,2.00,$44.09
Exo Terra Halogen 100W,,015561221832,Reptiles,,,,4.00,$24.14
Exoterra Night Heat 150 w,Exo Terra,015561220590,Reptiles,,,,4.00,$9.44
Exo Terra Night Heat 15W,,015561221207,Reptiles,,,,8.00,$1.08
Exo Terra Daytime 15W,,015561221009,Reptiles,,,,3.00,$9.44
Zilla Mini LED Plant Bulb,Zilla,096316000476,Reptiles,,,,1.00,$24.14
Crock,,084369030595,Accessories,,,,5.00,$5.45
Zilla Slimline Tropical Fixture,,096316007260,Reptiles,,,,0.00,$73.49
Nylabone Moderate Flex Chicken Lrg,,018214778189,Dog Treats,,,,1.00,$16.79
Nylabone Moderate Flex Chicken Med,,018214778172,Dog Treats,,,,0.00,$12.59
ylabone Moderate Flex Chicken Sm,,018214778165,Dog Treats,,,,1.00,$8.73
"Exo Terra T5 Terrarium Top 47""",Exo Terra,015561242585,Reptiles,,,,1.00,$104.99
Nylabone Power Chew Bacon Med,,018214816232,Dog Treats,,,,0.00,$10.49
Nylabone Power Chew Bacon Sm,,018214816225,Dog Treats,,,,0.00,$7.63
Nylabone Power Chew Chicken Large,,018214001041,Dog Treats,,,,2.00,$15.74
Nylabone Power Chew Chicken Sm,,018214778110,Dog Treats,,,,0.00,$11.54
Nylabone Power Chew Chicken Med,,018214778127,Dog Treats,,,,1.00,$11.54
Nylabone Power Chew Chicken XL,,018214849704,Dog Treats,,,,1.00,$19.94
Nylabone Power Chew Origional Wishbone Med,,018214999065,Dog Treats,,,,2.00,$13.64
Exo Terra UVB 150 13W,Exo Terra,015561221887,Reptiles,,,,2.00,$32.54
Nylabone Power Chew Origional Wishbone Sm,,018214999058,Dog Treats,,,,1.00,$9.44
Exo Terra UVB 200 26W,Exo Terra,015561223416,Reptiles,,,,2.00,$40.94
Exo Terra UVB 200 13W,Exo Terra,015561223409,Reptiles,,,,2.00,$37.79
Nylabone Puppy Starter Kit 3 pk,,018214837572,Toys,,,,-1.00,$13.64
Exo Terra T5 Terrarium Top Cord,Exo Terra,015561242615,Reptiles,,,,2.00,$15.74
Exo Terra T5 Terrarium Top Interconnection,Exo Terra,015561242608,Reptiles,,,,2.00,$10.49
Exo Terra Mini Fan Adapter,,015561236331,Reptiles,,,,2.00,$13.64
Nylabone Puppy Wishbone Pink XS,,018214832409,Toys,,,,2.00,$7.63
Nylabone Power Chew Chicken Knuckle Bone Med,,018214848929,Toys,,,,1.00,$15.74
Nylabone Puppy Natural Nubz,,018214851363,Dog Treats,,,,0.00,$13.64
Nylabone Healthy Edibles Chicken Med,,018214821076,Toys,,,,0.00,$10.49
Benebone Chicken Giant Zaggler,,810054210030,Toys,,,,1.00,$26.24
Elk Antler Dog Chhew Special Whole,,610563285464,Dog Treats,,,,1.00,$34.64
Zoo Med Combo Deep Dome,Zoo Med,097612322255,Reptiles,,,,1.00,$104.99
Red Barn Bully Ring,,785184250013,Dog Treats,,,,28.00,$18.89
Small/Med Beef Cheek Roll,,785184255414,Dog Treats,,,,12.00,$6.54
Tuesdays Peanut Butter Filled Hoof,,810723033441,Dog Treats,,,,1.00,$5.45
Red Barn Large Filled Bone Chicken,,785184406069,Dog Treats,,,,4.00,$11.54
Bermuda Beach Pet Odor Candle,,734366022023,Accessories,,,,2.00,$11.54
Picking Daisies Pet Odor Candle,,734366062562,Accessories,,,,4.00,$11.54
Gardenia Delight Pet Odor Candle,,734366013502,Accessories,,,,5.00,$11.54
Cherry Blossom Pet Odor Candle,,734366015674,Accessories,,,,2.00,$11.54
Patchouli Amber Pet Odor Candle,,734366062715,Accessories,,,,0.00,$11.54
Sugar Skull Pet Odor Candle,,734366062654,Accessories,,,,0.00,$11.54
Pawtopia Pet Odor Candle,,734366063026,Accessories,,,,1.00,$11.54
Yin yang Pet Odor Candle,,734366062852,Accessories,,,,0.00,$11.54
Barkery Pet Odor Candle,,734366062920,Accessories,,,,0.00,$11.54
Happy Days Pet Odor Candle,,734366062555,Accessories,,,,0.00,$11.54
Sandalwood Pet Odor Candle,,734366062463,Accessories,,,,0.00,$11.54
Zzz's Hammock Animal,,048081999028,Small,,,,3.00,$11.54
Zzz's Sleep Sack Animal,,048081999011,Small,,,,3.00,$12.59
Zzz's Soft Suede Tunnel Animal,,048081999202,Small,,,,3.00,$10.49
Ferret Bell Collar Black Animal,,766501000900,Small,,,,1.00,$7.63
Ferret Bell Collar Red Animal,,766501000146,Small,,,,2.00,$9.44
Ferret Harness & Lead Red,Animal,766501000047,Small,,,,1.00,$20.99
Sugar Glider Harness & Leash,Animal,765986958430,Small,,,,1.00,$10.49
Nation Accessories Ramp Covers,Animal,027773014386,Small,,,,1.00,$20.99
Nation Accessories Ramp Covers,Animal,027773025900,Small,,,,3.00,$16.79
Nation Accessories Ramp Covers,Animal,027773025917,Small,,,,1.00,$22.04
Nation Accessories Ramp Covers,Animal,027773014379,Small,,,,3.00,$15.74
Nation Accessories Hide & Seek Tunnel,Animal,027773015338,Small,,,,3.00,$22.04
Nation Accessories Hide & Seek Tunnel,Animal,027773025894,Small,,,,1.00,$19.94
Nation Accessories Cozy Cube,Animal,027773015277,Small,,,,3.00,$28.34
Nation Accessories Cozy Cube,Animal,027773025832,Small,,,,3.00,$30.44
Nation Accessories Hammock Hideaway,Animal,027773015291,Small,,,,2.00,$19.94
Nation Accessories Hammock Hideaway,Animal,027773025849,Small,,,,3.00,$24.14
Nation Accessories Hideaway Hammock,Animal,027773015284,Small,,,,3.00,$22.04
Nation Accessories Hideaway Hammock,Animal,027773025856,Small,,,,2.00,$24.14
Nation Accessories Shelf Covers & Hammock Hideaway,Animal,027773016403,Small,,,,1.00,$41.99
Oxbow Bamboo Ball Pit Animal,,744845968667,Small,,,,0.00,$29.39
Oxbow Garden Dig Box Animal,,744845967875,Small,,,,1.00,$20.99
Natures Hideaway Animal,,048081011003,Small,,,,1.00,$31.49
Mystery Mineral Block Animal,,030172105296,Small,,,,1.00,$3.27
Oxbow Critical Care Herbivore,Animal,744845701158,Small,,,,2.00,$5.45
Nibbles Small Animal Accessories,Animal,644472014389,Small,,,,3.00,$11.54
Oxbow Timothy Club Animal,,744845965505,Small,,,,1.00,$6.54
Oxbow Twisty Rings Animal,,744845963259,Small,,,,1.00,$5.45
Oxbow Wooden Puzzler Animal,,744845967882,Small,,,,1.00,$17.84
Oxbow Bamboo Play Pouch,Animal,744845968780,Small,,,,2.00,$10.49
Oxbow Ox Blox Animal,,744845967851,Small,,,,1.00,$8.73
Oxbow Celebration Cake Animal,,744845966663,Small,,,,3.00,$6.54
Oxbow Hide Box Hanger Animal,,744845966649,Small,,,,2.00,$11.54
Oxbow Pyramid Treat Hanger,Animal,744845968735,Small,,,,1.00,$8.73
Hamsteroids Animal,,048081217153,Small,,,,2.00,$5.45
Timothy Apple Sticks Animal,,744845963136,Small,,,,0.00,$6.54
Oxbow Timothy Orange Slices,Animal,744845966830,Small,,,,3.00,$6.54
Oxbow Timothy Star Dish Animal,,744845966762,Small,,,,4.00,$6.54
Kaytee Chin Chiller Animal,,045125604207,Small,,,,2.00,$11.54
Oxbow Critical Care Herbivore 4.97 oz,Animal,744845701011,Small,,,,0.00,$13.64
Mineral Block Animal,,644472004984,Small,,,,2.00,$5.45
Mineral Block Animal,,644472004991,Small,,,,1.00,$3.27
Salt Savors 4 pk Animal,,045125611564,Small,,,,2.00,$5.45
Oasis Vita-Drops Pure C Animal,,048054802546,Small,,,,1.00,$20.99
Oasis Vita-Drops Animal,,048054800610,Small,,,,1.00,$17.84
Hanging Loofah Bunch Animal,,791611103029,Small,,,,2.00,$8.71
Nibbles Small Animal Toy Animal,,644472991635,Small,,,,2.00,$5.44
Nibbles Small Animal Toy Animal,,644472991765,Small,,,,1.00,$8.73
Nibbles Small Animal Toy Animal,,644472004106,Small,,,,1.00,$7.63
Nibbles Small Animal Toy Animal,,644472004229,Small,,,,3.00,$6.54
Nibbles Small Animal Toy Animal,,644472014273,Small,,,,2.00,$10.49
Nibbles Small Animal Toy Animal,,644472991581,Small,,,,0.00,$10.49
Nibbles Small Animal Toy Animal,,644472991710,Small,,,,2.00,$6.54
Nibbles Small Animal Toy Animal,,644472991758,Small,,,,1.00,$5.45
Kaytee Bunny Flip 'N' Toss,Animal,045125620528,Small,,,,2.00,$6.54
Kaytee Combo Toy Animal,,045125620412,Small,,,,0.00,$6.54
Kaytee Combo Chews Animal,,045125611113,Small,,,,2.00,$5.45
Kaytee Bunny Bites Animal,,045125611700,Small,,,,1.00,$6.53
Kaytee Lava Bites Animal,,045125611533,Small,,,,2.00,$6.54
Kaytee Perfect Chew Animal,,045125611472,Small,,,,2.00,$4.36
Tiny Friends Farm Scrummies,Animal,730582205530,Small,,,,2.00,$4.36
Tiny Friends Farm Crunchers,Animal,730582205455,Small,,,,0.00,$4.36
A&E Drops Vegi Animal,,644472991543,Small,,,,1.00,$7.63
A&E Red Vegi Smackers Animal,,644472010923,Small,,,,0.00,$7.63
A&E Grandmas Patch Smakers,Animal,644472006247,Small,,,,1.00,$7.63
A&E Smakers Cheese Animal,,644472002409,Small,,,,1.00,$6.54
A&E Smackers Nut Animal,,644472002430,Small,,,,0.00,$6.54
A&E Smackers Popcorn Animal,,644472991505,Small,,,,2.00,$6.54
A&E Smackers Strawberry,Animal,644472002416,Small,,,,2.00,$7.63
Compete Crunch w Carrots,Animal,046706810857,Small,,,,0.00,$7.63
Complete Crunch w Cheese,Animal,046706810871,Small,,,,1.00,$7.63
Rice Ring w Vegis Animal,,644472013900,Small,,,,2.00,$5.45
Kaytee Timothy Biscuits Animal,,071859944838,Small,,,,2.00,$6.54
Higgins Sunburst Veggie Garden,Animal,046706323036,Small,,,,2.00,$5.45
Wild Harvest Trail Treats Animal,,026851992981,Small,,,,2.00,$7.63
Wild Harvest Fruit Kabobs Animal,,026851992264,Small,,,,1.00,$5.45
Wild Harvest Bake Shop Waffles,Animal,026851993049,Small,,,,2.00,$5.45
Wild Harvest Bake Shop Paistry Swirls,Animal,026851993056,Small,,,,1.00,$6.54
Kaytee Clear View Water Bottle,Animal,045125619720,Small,,,,5.00,$9.44
Quick Lock Crock Animal,,076711007584,Small,,,,0.00,$11.54
Qick Lock Crock 10oz Animal,,076711007683,Small,,,,2.00,$11.54
Bandits Meaty Bacon Flavor,Animal,766501003826,Small,,,,0.00,$8.71
Ferret Chew Sticks Salmon,Animal,657546800993,Small,,,,2.00,$7.63
The Hydrator Water Bottle Animal,,030172045943,Small,,,,3.00,$12.59
Kaytee Critter Trail Tubes Accessory,Animal,045125605723,Small,,,,1.00,$19.94
Kaytee Critter Trail Twist & Turn Tubes,Animal,045125605730,Small,,,,1.00,$19.94
Kaytee Critter Trail Assorted Tubes,Animal,045125605754,Small,,,,1.00,$27.29
Fresh World Bedding Animal,,087535182203,Small,,,,2.00,$9.44
Oxbow Pure Comfort Natural 56 L,Animal,744845108025,Small,,,,2.00,$25.19
Carefresh Tutti Fruity Animal,,066380006377,Small,,,,3.00,$26.24
Fluval Sea CP2,,015561143462,Aquatics,,,,2.00,$41.99
Fluval Sea CP3,,015561143479,Aquatics,,,,1.00,$57.74
Fluval Ammonia,,015561114806,Aquatics,,,,4.00,$9.44
Fluva Pre-Filter,,015561114707,Aquatics,,,,2.00,$16.79
Pondmaster 1700 System,,025033022171,Aquatics,,,,1.00,$209.99
Pondmaster 1250 System,,025033022126,Aquatics,,,,1.00,$199.49
Pondmaster 1000 Filter,,025033022119,Aquatics,,,,1.00,$62.99
Pondmaster 190 Filter System,,025033020191,Aquatics,,,,1.00,$104.99
Luguna Pressure-Flo 2000,,015561217262,Aquatics,,,,1.00,$409.49
Pondmaster Pond-Mag 500,,025033025257,Aquatics,,,,3.00,$136.49
Laguna Powerjet,,015561282000,Aquatics,,,,1.00,$125.99
Ginger Premium Floating Pond Pellets,,036274008626,Aquatics,,,,0.00,$28.34
Ginger Floating Pond Pellets,,036274008510,Aquatics,,,,7.00,$12.59
Ginger Floating Pond Pellets,,036274008527,Aquatics,,,,0.00,$19.94
Ginger Floating Pond Pellets,,036274008534,Aquatics,,,,2.00,$31.49
Pondmaster Net,,025033021358,Aquatics,,,,1.00,$52.49
Aqueon Pure Pond Bomb,,015905002905,Aquatics,,,,2.00,$16.79
API Marime Algaefix,,317163043875,Aquatics,,,,1.00,$32.54
Fritz Pond Barley Extract,,080531290163,Aquatics,,,,1.00,$15.74
Impelor Assembaly,,025033127463,Aquatics,,,,1.00,$46.19
Harness,,076484634598,Leashes And Collars,,,,0.00,$12.09
Inaba Churu Meal Topper Inaba Chicken & Salmon,,810100851217,Cat Food,Can,oz,,6.00,$8.71
Exo Terra Amapallo Medium,Exo Terra,015561230117,Reptiles,,,,0.00,$9.44
Fountam Pump 75,,046798197102,Aquatics,,,,2.00,$31.49
Fluval Bio-Foam 106/107,,015561102209,Aquatics,,,,2.00,$7.63
Fluval Bio-Foam+ FX Series,,015561102391,Accessories,,,,2.00,$15.74
Fluval Bio-Foam 406/407,,015561102261,Aquatics,,,,2.00,$10.49
Fluval Bio-Foam FX2,,015561102278,Aquatics,,,,0.00,$16.79
Fluval Bio-Foam 206/207 306/607,,015561102223,Aquatics,,,,3.00,$8.73
Fluval Spray Bar Kit,,015561102346,Aquatics,,,,1.00,$26.24
Fluval Suction Cups,Fluval,015561355209,Aquatics,,,,2.00,$9.44
Fluval 106 Impellor Cover,,015561301145,Aquatics,,,,2.00,$13.64
Fluval 105/205 Intake Stem,,015561300032,Aquatics,,,,0.00,$10.49
Laguna Floating Therometer,,015561209458,Aquatics,,,,2.00,$8.73
Supreme Ovation-1000,Danner,025033117280,Aquatics,,,,1.00,$8.73
Model 9.5-18 Prefilte w Insert,,025033127302,Aquatics,,,,1.00,$23.09
Suppreme Ovation-380,Danner,025033117266,Aquatics,,,,1.00,$7.63
Prefilter Utility 2-7 Pump Assm,,025033125056,Aquatics,,,,1.00,$12.59
Kaytee Alfalfa Hat Animal,,071859008097,Small,,,,0.00,$11.54
Vet RX Rabbit Animal,,046938040015,Small,,,,1.00,$19.94
Oasis Vita E-Z-Mist for Ferrets,Animal,048054810596,Small,,,,2.00,$19.94
Furo-Tone Animal,,766501003901,Small,,,,1.00,$18.89
Exo Terra Stone Desert Red 22lb,Exo Terra,015561231367,Reptiles,,,,1.00,$25.19
Zupreem Ferret Diet Animal,,762177696003,Small,,,,0.00,$34.64
Exo Terra Terrarium Wide Exo Terra Large,,015561244121,Reptiles,,,,1.00,$272.99
Exo Terra Terrarium Mini Exo Terra Fan,,015561237130,Reptiles,,,,2.00,$16.79
Round Lake Farm Young Gunea Pig,Animal,850032686297,Small,,,,3.00,$16.79
Higgins Vita Garden Adult Rabbit,Animal,046706556656,Small,,,,5.00,$16.79
Round Lake Farms Adult Rabbit,Animal,850032686280,Small,,,,2.00,$18.89
Higgins Sunburst Guinea Pig,Animal,046706563050,Small,,,,7.00,$16.79
Higgins Vita Garden Guinea Pig,Animal,046706556700,Small,,,,3.00,$16.79
Oxbow Garden Select Young Guinea Pig,Animal,744845963624,Small,,,,2.00,$14.69
Oxbow Young Guinea Pig 25 lb,Animal,744845402697,Small,,,,1.00,$50.39
Oxbow Hamster 15 lb,,744845302065,Reptiles,,,,1.00,$61.94
Nibbles Chew Hide Animal,,644472014464,Small,,,,0.00,$9.44
Marshall Hide Away Tube Animal,,766501005325,Small,,,,1.00,$16.79
Cage Platform Animal,,048081032046,Small,,,,1.00,$9.44
Oxbow Hideaway Hive Animal,,744845969060,Small,,,,2.00,$31.49
Kaytee Chin Hut Animal,,045125604191,Small,,,,1.00,$20.99
Natural Hideaway Animal,,048081110232,Small,,,,2.00,$13.64
Kaytee Hamtrac Exercise Loop,Animal,045125613698,Small,,,,0.00,$20.99
Critterville Animal,,027773005032,Small,,,,1.00,$62.99
Kaytee Giant Straight Tube,Animal,045125622126,Small,,,,1.00,$14.69
Oxbow Round Ball Animal,,744845966908,Small,,,,1.00,$15.74
Kaytee Silent Spinner Giant,Animal,045125614169,Small,,,,1.00,$52.49
A&E Travel Carrier Lrg Animal,,644472017229,Small,,,,0.00,$41.99
A&E Travel Carrier Sm Animal,,644472017212,Small,,,,1.00,$34.64
Small Bird/Animal Carry Cage,Animal,048081013045,Small,,,,1.00,$20.99
Aqua Life Curly,Fluval,080605117013,Aquatics,,,,0.00,$17.84
Aqua Life Princess Pine,Fluval,080605117037,Aquatics,,,,1.00,$17.84
Lixit Chinchilla Dust 27oz Lixit Animal,,076711006198,Small,,,,2.00,$10.49
"Kaytee Round-About Ball 13""",Animal,045125613803,Small,,,,3.00,$48.29
Greenies Salmon Skin & Fur 2.1oz,,642863101427,Cat Treats,,,,3.00,$5.45
Greenies Pill Pockets Cat,,642863021411,Cat Treats,,,,1.00,$8.73
Churu Pop N Serve 10 Cup,,810100852702,Cat Treats,,,,1.00,$14.69
Dogswell 10oz Hip & Joint Beef Jerky,,693804292506,Dog Treats,,,,0.00,$22.04
HomeoPet UTI+,,704959147655,Healthcare,,,,0.00,$25.19
Spot Silver Vine Self Groomer,,077234521564,Accessories,,,,2.00,$7.63
Dashi Delights Chicken 2.5oz,Inaba,810100850876,Cat Food,Can,,2.5oz,6.00,$1.73
Magic Coat Glove,,045663018443,Accessories,,,,1.00,$15.74
Tropiclean Oxymed Hairball Relief,,645095004054,Healthcare,,,,1.00,$15.74
Espree Hypoallergenic Cat,,748406003798,Healthcare,,,,0.00,$13.64
Scouts Honor Probiotic Deoderizer,,810053870914,Healthcare,,,,1.00,$15.74
Coastal Cat Collar,,076484067532,Leashes And Collars,,,,1.00,$8.29
Come With Me Kitty Harness ans Bungee Leash,And Collars,759023085371,Leashes And Collars,,,,1.00,$18.99
Catit Creamy Silicone Ice Tray,,022517438602,Cat Treats,,,,2.00,$5.45
Churu Pop'n Serve Tuna & Bonito Flakes,,810100852429,Cat Treats,,,,4.00,$3.27
Spot Mylar Balls,,077234021316,Toys,,,,0.00,$4.36
Love the Eart Cat Toy,,077234521731,Toys,,,,2.00,$6.54
Spot Shaggy Mouse,,077234023945,Toys,,,,1.00,$4.36
Zippy Paws Plush Cat Toy,,810032685201,Toys,,,,0.00,$7.63
Spot Shimmer Glimmer,,077234520758,Toys,,,,1.00,$4.36
Spot Fanatic Fish,,077234521168,Toys,,,,3.00,$6.54
Turbo Cat Nip 3.5 oz,,076484810718,Toys,,,,1.00,$15.74
Kong Naturals Cat Scratcher LRG,,035585450254,Toys,,,,2.00,$13.64
Kong Scratcher Small,,035585450247,Toys,,,,3.00,$10.49
Kong Connects,,035585524092,Toys,,,,1.00,$7.63
Kong Kitty Kong,,035585013268,Toys,,,,1.00,$6.54
Kong Naturals,,035585524139,Toys,,,,0.00,$10.49
Kong Egg Infused,,035585506395,Toys,,,,1.00,$9.44
Kong Bat About,,035585440064,Toys,,,,2.00,$6.54
Kong Scrattles,,035585459547,Toys,,,,2.00,$6.54
Kong Crackles,,035585459271,Toys,,,,2.00,$7.63
Kong Pull-A-Partz,,035585459318,Toys,,,,2.00,$7.63
Kong Teaser,,035585530031,Toys,,,,1.00,$10.49
Kong Crackles,,035585534060,Toys,,,,3.00,$7.63
Kong Teaser,,035585530024,Toys,,,,1.00,$7.63
Kong Active,,035585503967,Toys,,,,2.00,$6.54
Kong Sport,,035585503769,Toys,,,,2.00,$7.63
Kong Purrsuit,,035585459172,Toys,,,,1.00,$24.14
Petlinks Claw Kicker,,786306492359,Toys,,,,1.00,$24.14
Kittys Strong Paws Scratching Post,,048081071526,Toys,,,,1.00,$26.24
Cat Life Activity Center & Scratching Post,,030172106026,Toys,,,,2.00,$31.49
Spot Rockin' Cat Scratcher & Toy,,077234520208,Toys,,,,1.00,$17.84
Mouse,,022517513224,Toys,,,,1.00,$2.40
Mouse,,030172034992,Toys,,,,17.00,$2.17
Fuzzy Ball,,030172035036,Toys,,,,87.00,$2.17
Litter Genie Black,,666594207951,Accessories,,,,1.00,$31.49
Scoop & Stand,,029695265013,Accessories,,,,1.00,$15.74
Scoop Giant,,029695291135,Accessories,,,,0.00,$4.36
Catit Fountain Filter,,022517437452,Accessories,,,,2.00,$9.44
Breeze Litter Pellets 7 lb,,070230158345,Accessories,,,,1.00,$31.49
Cat Starter Kit,,079441004052,Accessories,,,,2.00,$31.49
Arm & Hammer Ultra Last,,033200022039,Accessories,,,,3.00,$22.04
API Ammo Lock 4oz,API,317163030455,Aquatics,,,,1.00,$9.44
Hikari Frozen Bloodworms 16oz,,042055302401,Aquatics,,,,1.00,$16.79
Estes Blue Jean Mix 5lb,Estes,015851151054,Aquatics,,,,4.00,$7.63
Estes White Gravel 5lb,Estes,034652405074,Aquatics,,,,5.00,$7.63
Bacto Surge Small Solutions,Aquarium,042055960403,Aquatics,,,,2.00,$10.49
Submersible Aquarium Heater 250WT,Aquatop,810281019420,Aquatics,,,,1.00,$37.79
JW Discoe Ball Supplies,,618940310594,Bird,,,,4.00,$6.54
Auto Water 3L,Van Ness,079441007039,Accessories,,,,1.00,$13.64
NaturVet Immunity Mushroom Max 8.4oz,Natur Vet,797801037310,Healthcare,,,,1.00,$39.89
Kong Puppy Ziggies Large,,035585008837,Dog Treats,,,,2.00,$12.59
Kong Corkz,Kong,035585361956,Dog Treats,,,,2.00,$9.44
Kong Knots Monkey Large,Kong,035585507187,Toys,,,,0.00,$22.04
Kong Wubba Soccer Ball Kong,,035585508238,Toys,,,,0.00,$16.79
Kong Wubba Small Softball,Kong,035585508245,Toys,,,,1.00,$11.54
Kong Knots Spot USA,Kong,035585539188,Toys,,,,1.00,$16.79
Kong Floppy Knots XS Fox,Kong,035585541020,Toys,,,,1.00,$9.44
Kong Sport Ball Large,Kong,035585775524,Toys,,,,1.00,$10.49
Mammoth Twist With Balls,Mammoth,746772530023,Toys,,,,0.00,$12.59
Natures Miracle Laundry Boost 32oz,Nature's Miracle,018065984555,Accessories,,,,1.00,$14.69
OxyMed Ear Cleaner,,645095420038,Healthcare,,,,1.00,$10.49
Spa Lavish Tear Stain Remover,,645095700260,Healthcare,,,,1.00,$11.54
Kong Noyz beaver,Kong,763034000087,Toys,,,,4.00,$7.63
Tropiclean Warm Vanilla Tear Stain Remover,,645095869097,Healthcare,,,,0.00,$11.54
Vetricyn Antimicrobial Dressing Gell,,818582010405,Healthcare,,,,2.00,$30.44
Iams Weight & Hairball 7lb,Iams,019014712458,Cat Food,Bag,,7lb,1.00,$27.29
Banixx Ear Paw Wund Wipes,,897227002333,Healthcare,,,,1.00,$23.09
Natural Balance Ultra Protein Salmon 6lb,Natural Balance,723633006897,Cat Food,Bag,,6lb,2.00,$31.49
NaturVet Hemp Allergy Aid,,797801059022,Healthcare,,,,1.00,$29.39
Earthborne Unrefined Salmon 25lb,Earthborn,034846540901,Dog Food,Bag,,25lb,1.00,$61.94
Next Level Hi Pro 30 LS 50lb,Next Level,850018160285,Dog Food,Bag,,50lb,0.00,$65.09
Flukers Pothos 6ft,Flukers,091197510151,Reptiles,,,,1.00,$29.39
Earthbath 3 in 1 Deoderizing Spritz Lavender,,602644022051,Healthcare,,,,2.00,$17.84
Flukers Bend A Branch,,091197510199,Reptiles,,,,0.00,$15.74
Galapagos Sheet Moss 8qt,,759834052487,Reptiles,,,,2.00,$22.04
Furminator Sensitive Skin Shampoo,,811794933197,Healthcare,,,,2.00,$12.59
Naturvet Urinary Care,Natur Vet,797801035613,Healthcare,,,,1.00,$25.19
Esbilac Puppy Milk Replacer 11 fl oz,,020279995029,Healthcare,,,,2.00,$8.73
"Zoo Med Reptisun 36"" T5 Zoo Med 10.0",,097612320787,Reptiles,,,,1.00,$136.49
"Zoo Med Reptisun T5 48"" Zoo Med 10.0",,097612320794,Reptiles,,,,1.00,$157.49
"Zoo Med Reptisun 10.0 18"" Bulb",Zoo Med,097612343182,Reptiles,,,,1.00,$54.59
Tropiclean Pineapple Deoderizng Spray,Tropiclean,645095006874,Healthcare,,,,3.00,$13.64
Tropiclean Kiwi Blossom Tropiclean Deoderizing Pet Spray,,645095869066,Healthcare,,,,2.00,$13.64
Tropiclean Lime & Coconut Deoderizing Spray,Tropiclean,645095869103,Healthcare,,,,5.00,$11.54
Oxbow Garden Adult Rat Oxbow 2.5lb,Animal,744845810034,Small,,,,2.00,$15.74
Happy Jack Skin Balm,Happy,023851010523,Healthcare,,,,2.00,$10.49
Marshall Ferret Odor Remover,Marshall Animal,766501000856,Small,,,,1.00,$14.69
Smakers Broccoli 2pk Animal,A&E,644472117769,Small,,,,1.00,$7.63
ASI Wrap-It-Up Hot Pink,,879476000094,Healthcare,,,,1.00,$3.27
ASI Wrap-It-Up Yellow,,879476001138,Healthcare,,,,2.00,$3.27
Crittertrail Quick Clean Animal,Kaytee,045125605280,Small,,,,0.00,$73.49
ASI Wrap-It-Up Teal,,879476001145,Healthcare,,,,0.00,$3.27
ASI Wrap-It-Up Green,,879476000032,Healthcare,,,,1.00,$3.27
ASI Wrap-It-Up Purple,,879476000131,Healthcare,,,,2.00,$3.27
ASI Wrap-It-Up Camo Pink,,879476001169,Healthcare,,,,0.00,$3.27
ASI Wrap-It-Up Red,,879476000018,Healthcare,,,,0.00,$3.27
Kong Dental,Kong,035585013985,Healthcare,,,,1.00,$8.73
Tropiclean Fresh Breath Brushing Gel,Tropiclean,645095001329,Healthcare,,,,1.00,$9.44
Tropiclean Fresh Breath Dental Trial Kit,Tropiclean,645095002944,Dog Treats,,,,1.00,$7.63
Zoo Med Nano Combo Fixture,,097612322361,Reptiles,,,,1.00,$50.39
Zoo Med Nano Dome,,097612322354,Reptiles,,,,1.00,$24.14
Zoo Med Tropical UVB & Heat Combo,,097612322309,Reptiles,,,,2.00,$82.94
Zoo Med Repti Rock Feeding Dish XL,Zoo Med,097612921502,Reptiles,,,,1.00,$14.69
Exo Terra Turtle,Exo Terra,015561230681,Reptiles,,,,1.00,$19.94
Zilla Turtle Miracle Ball,Zilla,096316003286,Reptiles,,,,1.00,$15.74
Reptology Carbon Cartridge,,030172060861,Reptiles,,,,1.00,$9.44
Zoo Med Tortoise Flower Zoo Med Topper 1.4oz,,097612401417,Reptiles,,,,0.00,$7.63
Zoo Med Tortoise Flower Zoo Med Topper .21oz,,097612401400,Reptiles,,,,2.00,$3.27
Sure Clot,,021653530058,Healthcare,,,,2.00,$14.69
Magic Coat Flea Catcher Ultra Light Comb,,045663001773,Healthcare,,,,4.00,$9.44
Komodo Dandelion Seed Komodo Kit,,784369931808,Reptiles,,,,1.00,$9.44
Magic Coat Comb,,045663976088,Healthcare,,,,2.00,$9.44
Komodo Tortoise Hay 24oz,Komodo,784369931709,Reptiles,,,,1.00,$13.64
Fluker's repti Rinse 2oz,Fluker's,091197730405,Reptiles,,,,1.00,$7.63
Tetra Repto Filter Medfium,Tetra,046798258452,Reptiles,,,,0.00,$13.64
Skid Stop Slow Feed Bowl,,618940632412,Accessories,,,,1.00,$11.54
Maslow Elevated Feeder,,879213000066,Accessories,,,,1.00,$46.19
Bella Spill Proof Pet Mat,,842982073500,Accessories,,,,1.00,$11.54
Food Scoop,,079441006315,Accessories,,,,2.00,$5.45
Zoo Med Tortoise Food 7.5oz,,097612401011,Reptiles,,,,2.00,$12.59
Food Scoop,,029695240874,Accessories,,,,1.00,$5.45
Fishy Fun Feed Mat,,700603695855,Accessories,,,,0.00,$14.69
Zoo Med Tuirtle Dock Medium,Zoo Med,097612660203,Reptiles,,,,1.00,$34.64
Stonewear Dish,,077234061190,Accessories,,,,2.00,$7.63
Ruff-N-Tuff Pet Feeding Bowl,,842982072589,Accessories,,,,3.00,$24.14
Food Dish,,077234586280,Accessories,,,,2.00,$8.73
Cat Dish,,077234586273,Accessories,,,,0.00,$9.44
Exo Terra Screen Cover 30 Gallon,,015561227148,Reptiles,,,,1.00,$27.29
Pet Bowl,,029695230783,Accessories,,,,0.00,$3.27
Pet Bowl,,079441001143,Accessories,,,,1.00,$5.45
Vanness Pet Bowl,,079441002010,Accessories,,,,1.00,$3.27
Pet Lodge Crock Bowl,,084369030625,Accessories,,,,4.00,$7.63
Pet Lodge Crock Bowl Jumbo,,084369030656,Accessories,,,,3.00,$9.44
Bella Bowl Large,,842982074101,Accessories,,,,1.00,$13.64
Zoo Med Repti Vine 40 inch,,097612180534,Reptiles,,,,1.00,$13.64
Zoo Med Flora Vine,,097612180527,Reptiles,,,,1.00,$16.79
Bella Bowl Large,,842982074682,Accessories,,,,3.00,$15.74
Snappy Fit Bowl,,027773007142,Accessories,,,,3.00,$28.34
Snappy Fit Bowl,,027773008583,Accessories,,,,3.00,$14.69
Side Mount Bowl 4,,697206028949,Accessories,,,,2.00,$10.49
Bergan Travel Bowl,,879213008420,Accessories,,,,1.00,$13.64
Petmate 1.5 Gallon Waterer,,029695244155,Accessories,,,,0.00,$20.99
Pet Mate 12 lb,Food Dispencer,029695246050,Accessories,,,,1.00,$31.49
Advantage Household Spray,Elanco,724089793461,Healthcare,,,,3.00,$22.04
Prevue Hendrix Hamster Haven Small,Animal,048081020036,Small,,,,3.00,$62.99
Advantage Flea & Tick Shampoo,Elanco,724089792143,Healthcare,,,,2.00,$13.64
Skout's Honor Flea & Tick Skout's Dog & Home Spray,Honor,810053870426,Healthcare,,,,3.00,$20.99
Diatomaceous Earth 2 lb,,072725004076,Healthcare,,,,1.00,$14.69
Zoo Med Large Cannabis,,097612180367,Reptiles,,,,2.00,$9.44
Zoo Med Large Mexican Phyllo,,097612180305,Reptiles,,,,2.00,$12.59
Exo Terra Heat Mat 10-20 Gallon,,015561220323,Reptiles,,,,1.00,$32.54
Walk About Medium Weight 30'' Cable,#,045663856304,Accessories,,,,1.00,$23.09
Coastal Petite Dog Tie Out 15',,076484082313,Accessories,,,,1.00,$10.49
Coastal Petite Dog Tie Out 10',,076484082214,Accessories,,,,0.00,$9.44
Coastal Training Leash 30' Red,Coastal And Collars,076484044090,Leashes And Collars,,,,2.00,$34.49
Galapagos UTH Heater 30-40 Gallon,,759834057024,Reptiles,,,,0.00,$41.99
Zoo Med Precision Thermometer,,097612300321,Reptiles,,,,2.00,$17.84
Coastal Training Leash 30' Green,Coastal And Collars,076484042102,Leashes And Collars,,,,1.00,$34.49
Zoo Med Thetrmometer,,097612300109,Reptiles,,,,3.00,$6.54
Coastal Training Leash 30' Black,Coastal And Collars,076484044083,Leashes And Collars,,,,1.00,$37.59
Zoo Med Paludarium Heater 25wt,,097612500257,Reptiles,,,,1.00,$31.49
Coastal Training Leash 20' Green,Coastal And Collars,076484042089,Leashes And Collars,,,,1.00,$24.39
Zoo Med Paludarium Filter 10 Gallon,,097612510102,Reptiles,,,,1.00,$29.39
Penn Plax Cave Hideout,,030172041686,Reptiles,,,,2.00,$24.14
Penn Plax Ledge Cave Hideout,,030172050213,Reptiles,,,,1.00,$22.04
Zippy Paws XL Life Jacket,Zippy Paws,818786015015,Accessories,,,,1.00,$51.44
Zippy Paws XXS Life Jacket,Zippy Paws,818786014964,Accessories,,,,0.00,$20.99
Komodo Forest Log,,784369932317,Reptiles,,,,0.00,$19.94
Exo Terra Chollactus,,015561229890,Reptiles,,,,1.00,$24.14
Pangea Humidity Hide Leoterra XL Hide,Pangea $41.99,850005832300,Reptiles,,,,1.00,$9.44
Exo Terra Wet Log Medium,,015561231770,Reptiles,,,,0.00,$14.69
Exo Terra Wet Log Small Exo Terra,,015561231763,Reptiles,,,,0.00,$10.49
Exo Terra Corner Cave,Exo Terra,015561231954,Reptiles,,,,3.00,$12.59
Pet Safe Rear Support Harness,Petsafe,852185001897,Healthcare,,,,1.00,$26.24
Exo Terra frog Pond,,015561231756,Reptiles,,,,0.00,$11.54
Penn Plax Rockscapes,,030172068188,Reptiles,,,,1.00,$73.49
Petmate Spade & Pan,Pet Mate,029695711091,Accessories,,,,0.00,$29.39
Exo Terra Crocodile Skull Exo Terra,,015561228565,Reptiles,,,,2.00,$19.94
Exo Tewrra Large Gecko Cave,Exo Terra,015561228664,Reptiles,,,,0.00,$47.24
Exo terra Gecko Cave Medium,Exo Terra,015561228657,Reptiles,,,,2.00,$29.39
Coastal Mesh Muzzle Size 6,Coastal,076484076091,Accessories,,,,1.00,$17.84
Exo Terra Snake Cave Small,,015561228459,Reptiles,,,,2.00,$25.19
Coastal Mesh Muzzle Size 3,Coastal,076484076060,Accessories,,,,2.00,$19.94
Exo Terra Snake Cave Medium,Exo Terra,015561228466,Reptiles,,,,1.00,$33.59
Natures Miracle Dog Pet Block Spray,,018065983947,Accessories,,,,1.00,$15.74
Zilla Rock Lair Small,Zilla,096316113503,Reptiles,,,,2.00,$30.44
Penn Plax Lava Rock Plant,,030172098192,Reptiles,,,,1.00,$14.69
Simplesolution Med Washable Diaper,,010279105931,Accessories,,,,2.00,$49.34
Komodo Sprouts,Komodo,784369933109,Reptiles,,,,1.00,$9.44
Wee Wee Pads 28 pk,Wee-Wee,045663016289,Accessories,,,,0.00,$20.99
Exo Terra Ceramic Cave,,015561231947,Reptiles,,,,0.00,$65.09
Zoo Med Crab Sponge,,097612930108,Reptiles,,,,1.00,$4.36
No Worries Training Pads 100 ct,,045663973216,Accessories,,,,1.00,$37.79
Zoo Med Hermit Shell large,,097612009378,Reptiles,,,,1.00,$4.36
Zoo Med Hermit Shell Medium,Zoo Med,097612009361,Reptiles,,,,2.00,$5.45
Zoo Med Hermit Shell Small,,097612009354,Reptiles,,,,1.00,$6.54
Zoo Med Salt Water Conditioner,,097612009910,Reptiles,,,,2.00,$7.63
Zoo Med Crab Conditioner,,097612009903,Reptiles,,,,3.00,$7.63
Zoo Med Glow Hermit Thermometer,,097612009125,Reptiles,,,,3.00,$17.84
zoo Med Hermit Thermometer,,097612009118,Reptiles,,,,2.00,$10.49
Zoo Med Hermit Habitat,Zoo Med,097612091397,Reptiles,,,,1.00,$104.99
Quiet Time Reversable Bed XS,Quiet Time,027773028000,Beds,,,,1.00,$30.44
Quiet Time Reversable Bed Toy,Quiet Time,027773027997,Beds,,,,1.00,$26.24
Quiet Time Bolstered Bed Quiet Time 36'',,027773004899,Beds,,,,1.00,$45.14
Quiet Time Bolstered Bed Quiet Time 36''x25'',,026716007409,Beds,,,,1.00,$45.14
Quiet Time Bolstered Bed Quiet Time 30''x21'',,027773007272,Beds,,,,1.00,$38.84
Quiet Time Reversable Bed 30'',Quiet Time,027773009481,Beds,,,,1.00,$48.29
Quiet Time Fashon Pet Bed 22'',Quiet Time,027773007173,Beds,,,,0.00,$28.34
Quiet Time Fashon Bed Quiet Time Blue 24'',,027773007265,Beds,,,,1.00,$29.39
Ferplast Swing 3 Pet Door Ferplast 7,,801069005677,Accessories,,,,1.00,$36.74
Ferplast Swing 1 Pet Door Ferplast,,798549057219,Accessories,,,,1.00,$30.44
Pet Safe Plastic Pet Door Petsafe,,729849109599,Accessories,,,,1.00,$73.49
Squishmellow Bed Avery 30'',,191726511953,Beds,,,,1.00,$61.94
Squishmellow Pineapple Jazwares 30'',,191726502104,Beds,,,,1.00,$40.94
Squishmallow Shark 20'' Jazwares,,191726502142,Beds,,,,0.00,$41.99
Sleepy Pet,,086268030485,Beds,,,,2.00,$41.99
Quiet Time Bolstered Bed Jazwares,,027773005353,Beds,,,,1.00,$49.34
AspenPet Pet Bedding Large,,029695290640,Beds,,,,7.00,$18.89
Naturals Coco Bed Fibers Prevue Supplies,,048081001059,Bird,,,,5.00,$4.36
EZFill Suet Basket,,018222007301,Accessories,,,,7.00,$4.36
Natures Hideaway Animal,Prevue,048081010709,Small,,,,1.00,$7.62
Natural Hideaway Animal,Prevue,048081010716,Small,,,,2.00,$13.64
Natural Hideaway Animal,Prevue,048081010723,Small,,,,0.00,$15.74
Bird Nesting Box Supplies,Prevue,048081111031,Bird,,,,2.00,$30.44
Bird Bath w Universal Hanging Clips,Penn Plax Supplies,030172902659,Bird,,,,0.00,$11.54
Birdie Basics Nesting Pad Prevue Supplies,,048081301043,Bird,,,,4.00,$4.36
Bird Cage 2 Door Supplies,Prevue,048081417201,Bird,,,,4.00,$60.89
Bird Cage Tall 4 Door Supplies,Prevue,048081000038,Bird,,,,2.00,$125.99
Bird Cage Eall Square Supplies,Prevue,048081128183,Bird,,,,2.00,$125.99
Bird Cage Tall Green Metal w Wheels,Prevue Supplies,048081315156,Bird,,,,0.00,$314.99
Bird Cage Tall Black Metal w Wheels,Prevue Supplies,048081315118,Bird,,,,1.00,$293.99
Bird Cage Tall Gray Metal Prevue w Wheels,Supplies,048081315217,Bird,,,,1.00,$472.49
Bird Cage Stand Supplies,Prevue,048081017814,Bird,,,,1.00,$52.49
Breeding Nest Supplies,Prevue,048081011508,Bird,,,,2.00,$5.45
Bird Nest Supplies,Prevue,048081011522,Bird,,,,1.00,$5.45
Kaytee Hand Feeding Formula,Kaytee Supplies,071859475103,Bird,,,,1.00,$11.54
ZuPreem Vegie Blend Flavor,ZuPreem Supplies,762177860305,Bird,,,,0.00,$28.34
ZuPreem Smart Selects Supplies,ZuPreem,762177320205,Bird,,,,1.00,$22.04
ZuPreem Fruit Blend Flavor 10 lb,ZuPreem Supplies,762177000121,Bird,,,,1.00,$62.99
Happy Beaks Bird Toy Supplies,A&E,644472010312,Bird,,,,1.00,$24.14
Happy Beaks Bird Toy Supplies,A&E,644472008531,Bird,,,,1.00,$56.69
Foldable Wood Bird Playpen,Penn-Plax Supplies,030172102936,Bird,,,,1.00,$36.74
Fruit Kabob Supplies,Penn-Plax,030172000447,Bird,,,,0.00,$19.94
Smart Play Bird Toys Supplies,Hagen,080605810280,Bird,,,,1.00,$26.24
Playfuls Bird Toys Supplies,Hagen,048081875056,Bird,,,,2.00,$10.49
Wild Harvest Chew & Jingle,Wild Supplies,026851841395,Bird,,,,4.00,$9.44
Happy Beaks Bird Toy Supplies,A&E,644472012286,Bird,,,,1.00,$19.94
Calypso Creations Bird Toy,Prevue Supplies,048081626658,Bird,,,,2.00,$36.74
Naturals Physical & Mental,Prevue Supplies,048081602614,Bird,,,,2.00,$9.44
Happt Beaks Bird Toy Supplies,A&E,644472007237,Bird,,,,0.00,$13.64
Happy Beaks Bird Toy Supplies,A&E,644472014983,Bird,,,,1.00,$11.54
Happy Beaks Bird Toy Supplies,A&E,644472011272,Bird,,,,0.00,$16.79
Playfuls Forage & Engage Prevue Supplies,,048081625118,Bird,,,,2.00,$10.49
Happt Beaks Silver Bird A & E Bell,Supplies,644472008692,Bird,,,,1.00,$6.54
Naturals Physical & Mental,Prevue Supplies,048081625538,Bird,,,,3.00,$6.54
Happ Beaks Cozy Corner A & E Small,Supplies,644472002034,Bird,,,,0.00,$5.45
Snuggle Huts Supplies,Prevue,048081211649,Bird,,,,1.00,$13.64
Snuggle Hut Supplies,Prevue,048081211632,Bird,,,,0.00,$10.49
Snuggle Sack Supplies,Prevue,048081311684,Bird,,,,0.00,$10.49
Snuggle Sack Supplies,Prevue,048081111680,Bird,,,,1.00,$10.49
Snuggle Sack Supplies,Prevue,048081211670,Bird,,,,0.00,$8.73
Snuggle Sack Supplies,A&E,644472001839,Bird,,,,0.00,$27.29
Snuggle Sack Supplies,Prevue,048081211694,Bird,,,,1.00,$11.54
Snuggle Sack Supplies,Prevue,048081111697,Bird,,,,0.00,$11.54
Snuggle Sack Supplies,Prevue,048081311691,Bird,,,,0.00,$11.54
Pacific Perch Supplies,Prevue,048081010044,Bird,,,,0.00,$9.44
Trimmer Perch Supplies,Penn-Plax,030172005367,Bird,,,,4.00,$19.94
Pacific Perch Large Supplies,Prevue,048081010129,Bird,,,,2.00,$16.79
Birdie Basics Ladder Supplies,Prevue,048081003831,Bird,,,,0.00,$4.36
Bird Perch 19'' Supplies,Prevue,048081003787,Bird,,,,3.00,$7.63
Bird Perch 17'' Supplies,Prevue,048081003770,Bird,,,,2.00,$6.54
Bird Perch 19'' Supplies,Prevue,048081003749,Bird,,,,2.00,$5.45
Bird Perch 14'' Supplies,Prevue,048081003725,Bird,,,,3.00,$3.27
Bird Perch 12'' Supplies,Prevue,048081003718,Bird,,,,3.00,$3.27
Higgins Sunburst Banana Higgins & Coconut,Supplies,046706324156,Bird,,,,3.00,$8.73
Smackers Snacks Supplies,A&E,644472002386,Bird,,,,2.00,$19.94
Smackers Snacks Supplies,A&E,644472002393,Bird,,,,1.00,$17.84
Parrot Food Supplies,,041054860301,Bird,,,,1.00,$14.69
Higgins Sunburst Conure & Cockatiel,Supplies,046706324118,Bird,,,,3.00,$8.73
Hill's Senior Vitality Diet,Science,052742012070,Dog Food,Bag,,12.5lb,1.00,$54.59
Kaytee Treat Sticks Supplies,Kaytee,071859942384,Bird,,,,1.00,$10.49
Smackers Parakeet Supplies,A&E,644472002126,Bird,,,,0.00,$7.63
ZuPreem Healthy Bites Bird Treat,ZuPreem Supplies,762177000312,Bird,,,,1.00,$9.44
Higgins InTune Duets Supplies,,046706303519,Bird,,,,0.00,$7.63
Kaytee Yo Dips Supplies,Kaytee,071859998503,Bird,,,,0.00,$7.63
Wild Harvest Fruit Kabobs Wild Harvest,Supplies,026851992271,Bird,,,,3.00,$7.63
Pellet Berries Supplies,,041054717506,Bird,,,,0.00,$18.89
10 oz Coop Cup Bolt Clamp,Supplies,048081612286,Bird,,,,2.00,$9.44
30oz Coop Cup Wire Hanger,Supplies,048081612279,Bird,,,,2.00,$12.59
20oz Coop Cup Wire Hanger,Supplies,048081612248,Bird,,,,2.00,$10.49
Birdie Basics Bullet Feeder,Supplies,048081012024,Bird,,,,2.00,$3.27
30 oz Bolt-On Coop Cup Supplies,,644472015089,Bird,,,,1.00,$11.54
20 oz Bolt-On Coop Cup Supplies,,644472015058,Bird,,,,2.00,$9.44
10 oz Bolt-On Coop Cup Supplies,,644472015027,Bird,,,,1.00,$7.63
Birdie Basics Feeder Supplies,,048081011874,Bird,,,,0.00,$10.49
Cuttlebone 2 pk Supplies,,030172080272,Bird,,,,7.00,$5.45
Universal Clips Supplies,,030172906206,Bird,,,,3.00,$4.36
Playfuls Mineral Block Supplies,,048081622506,Bird,,,,6.00,$5.45
Mineral Block Supplies,,644472017632,Bird,,,,1.00,$6.54
Tapeworm Dewormer,Elanco,724089113443,Healthcare,,,,1.00,$35.69
Praziguard for Dogs,,857425006045,Healthcare,,,,2.00,$19.94
Fin Pen,Fin Fix,071162038309,Healthcare,,,,6.00,$38.84
Fish Pen,Fin Fix,658860439388,Aquatics,,,,1.00,$40.94
Fin Zole,Fin Fix,071162037302,Aquatics,,,,3.00,$40.94
Fin Sulfa,Fin Fix,071262266305,Aquatics,,,,2.00,$44.09
Omega-3,Elanco,724089645234,Healthcare,,,,1.00,$20.99
Happy Birthday Treat Bowl,Claudia's Bakery,692614130596,Dog Treats,,,,0.00,$14.69
Suzie's CBD Soft Chews CBD,Suzie's,728028492408,Healthcare,,,,0.00,$27.29
Mobility CBD Drops Farms,Prospect,850014532581,Healthcare,,,,1.00,$41.99
Suzie's CBD Hearts Apple Suzie's 5 Hearts,CBD,728028461589,Healthcare,,,,0.00,$6.54
Suzie's CBD Hearts Origional 5 Hearts,Suzie's CBD,728028486209,Healthcare,,,,3.00,$6.54
Filly Cream,,602573090886,Healthcare,,,,6.00,$9.44
Veggie Snackers Animal,Vitakraft,051233579351,Small,,,,0.00,$5.45
Zymox Enzymatic Shampoo,Zymox,667334900255,Healthcare,,,,49.00,$2.17
Zymox Enzymatic Leave- Zymox On Conditioner,,667334900262,Healthcare,,,,49.00,$2.17
Territory Cow Print Bed Territory,,022266176534,Beds,,,,1.00,$62.99
Bergan Voyager Large,Bergan,879213006679,Accessories,,,,1.00,$85.04
Fur Haven Pet Beds,FurHaven,842229126679,Beds,,,,1.00,$41.99
Little Pals Potty Bells,Li'l Pals,076484121616,Accessories,,,,1.00,$37.79
Potty Training Bells,Coastal,076484842016,Accessories,,,,1.00,$13.64
Kong Tipsy Rewards Small,Kong,035585529332,Toys,,,,2.00,$18.89
Kong Flex Squeezz,Kong,035585506463,Toys,,,,1.00,$9.44
Kong Fill or Freeze Tray,Kong,035585523170,Toys,,,,1.00,$12.59
Kong Licks Small,Kong,035585523088,Toys,,,,2.00,$7.63
Kong Goodie Bone Small Kong,,035585131283,Toys,,,,1.00,$9.44
Kong Donut Small,Kong,035585356815,Toys,,,,1.00,$13.64
Kong Jaxx Brights,Kong,035585502465,Toys,,,,0.00,$7.63
Kong Grinz,Kong,035585492049,Toys,,,,1.00,$7.63
Kong Tires Small Pink,Kong,035585356051,Toys,,,,0.00,$10.49
Kong Flyangle,Kong,035585495323,Toys,,,,0.00,$18.89
Kong Ringaroos Elephant Kong Medium,,035585506401,Toys,,,,0.00,$17.84
Kong Snacks Large,Kong,035585009254,Dog Treats,,,,0.00,$11.54
Kong Easy Treat Pepperoni Flavor,Kong,035585137001,Dog Treats,,,,1.00,$10.49
Kong High-Viz Bunji,Kong,035585529226,Toys,,,,1.00,$12.59
Kong Squeezz Med,Kong,035585032023,Toys,,,,1.00,$8.73
Kong Ball Small,Kong,035585181226,Toys,,,,1.00,$11.54
Kong Duets Duos Bone Med,Kong,035585504759,Toys,,,,0.00,$7.63
Kong Jumbler Tug Md/Lg Kong,,035585509440,Toys,,,,0.00,$22.04
Kong Jumbler Flinger Sm/Md,Kong,035585509457,Toys,,,,1.00,$16.79
Kong Ball Med,Kong,035585181127,Toys,,,,2.00,$15.74
Kong Squeezz Crackle Stick Lrg,Kong,035585323060,Toys,,,,1.00,$18.89
Kong SqueakAir Ball,Kong,035585775173,Toys,,,,1.00,$5.45
Kong Armor Bone Med,Kong,035585533117,Toys,,,,2.00,$15.74
Kong Sport Softies Ball 3 Kong pk Med,,035585529103,Toys,,,,2.00,$11.54
Kong Signature Stix Med Kong,,035585494029,Toys,,,,2.00,$11.54
Kong Rope Rallly Stick Med,Kong,035585505589,Toys,,,,0.00,$11.54
Kong AirDog Fetch Stick w Rope,Kong,035585747125,Toys,,,,0.00,$17.84
Kong Wild Shieldz Training Dummy Swirl Md/Lg,Kong,035585523293,Toys,,,,2.00,$23.09
Kong Knots Frog Lg/XL,Kong,035585499963,Toys,,,,2.00,$20.99
Kong Wild Knots Tiger Sm/Md,Kong,035585509396,Toys,,,,1.00,$12.59
Kong Wild Knots Bear Sm/Md,Kong,035585454252,Toys,,,,1.00,$13.64
Kong Ballistic Alligator Md/Lg,Kong,035585503059,Toys,,,,1.00,$12.59
Kong Patchea Adorables Giraffe XL,Kong,035585421209,Toys,,,,1.00,$20.99
Kong Scrunch Knots Squirrel Md/Lg,Kong,035585454436,Toys,,,,1.00,$17.84
Kong Maxx Armadillo Sm,Kong,035585523453,Toys,,,,0.00,$16.79
Kong Maxx Turtle Md,Kong,035585523460,Toys,,,,2.00,$22.04
Kong Maxx Shark Md,Kong,035585523477,Toys,,,,1.00,$22.04
Kong Wubba Zebra Large,,035585502885,Toys,,,,-1.00,$15.74
Kong Wubba Lg,Kong,035585800011,Reptiles,,,,1.00,$16.79
Kong Cozie Ultra Maxx Moose Md,Kong,035585485317,Toys,,,,0.00,$17.84
Kong Bendeez Bird Lg,Kong,035585533285,Toys,,,,1.00,$17.84
Kong Knots Chicken XL,Kong,035585533094,Toys,,,,0.00,$24.14
Kong Floppy Knots Hippo Kong Jumbo XL,,035585533018,Toys,,,,0.00,$27.29
Kong Cruncheez Stretch Kong Birds XL,,035585523439,Toys,,,,0.00,$22.04
Kong Scampers Lion Md Kong,,035585499901,Toys,,,,1.00,$13.64
Kong Wubba Friends Ballistic XL,Kong,035585799995,Toys,,,,1.00,$17.84
Kong Wubba Friends Lg,Kong,035585800226,Toys,,,,1.00,$14.69
Kong Wubba Puppy,Kong,035585800035,Toys,,,,0.00,$11.54
Victor Purpose Ultra Pro VICTOR 30lb,,894308002480,Dog Food,Bag,,30lb,0.00,$70.34
Chuckit Zipflight Glow Md Chuckit,,029695323041,Toys,,,,1.00,$25.19
Growl Bruizers Zebra,Growl,810164520296,Toys,,,,2.00,$16.79
Growl Haystackerz Horse Growl,,810164520371,Toys,,,,1.00,$19.94
Growl Haystackers Duck,Growl,810164520364,Toys,,,,0.00,$19.94
Growl Pulldozers Chicken Growl,,810164520210,Toys,,,,1.00,$17.84
Growl Sidekicks Owl,Growl,810164520449,Toys,,,,2.00,$18.89
Growl Belly Burdz,Growl,810164520340,Toys,,,,2.00,$14.69
Growl Flip Flopz Owl,Growl,810164520135,Toys,,,,-3.00,$8.73
Chuckit Sport 26 L,Chuckit,660048067009,Toys,,,,0.00,$25.19
Chuckit Tennis Balls,Chuckit,660048071013,Toys,,,,0.00,$5.45
Chuckit Ultra Fetch Stick,Chuckit!,029695520884,Toys,,,,2.00,$11.54
Mammoth Flossy Chews Small,Mammoth,746772200025,Toys,,,,2.00,$5.45
Mammoth Flossy Chews Cloth Med,Mammoth,746772230121,Toys,,,,1.00,$8.73
Mammoth Flossy Chews Handle Tug Med,Mammoth,746772200759,Toys,,,,1.00,$17.84
Mini Pet Plush Monsters,Multipet,784369442113,Toys,,,,2.00,$9.44
Mr. Bill,Multipet,784369167153,Toys,,,,1.00,$14.69
Spot Skinneeez,Spot,077234540930,Toys,,,,0.00,$13.64
Spot Skinneeez Mini,Spot,077234542200,Toys,,,,1.00,$11.54
Spot Skinneeez Tugs,Spot,077234541845,Toys,,,,0.00,$17.84
Spot Skinneeez Rabbit,Spot,077234053669,Toys,,,,1.00,$13.64
Spot Skinneeez Fox,Spot,077234053676,Toys,,,,1.00,$14.69
Spot Skinneeez Extreme,Spot,077234540923,Toys,,,,0.00,$13.64
Rascals Latex Zebra,Rascals,076484351761,Toys,,,,1.00,$9.44
Rascals Latex Bird,Rascals,076484351778,Toys,,,,1.00,$9.44
Lil' Pals Fleece Man,Coastal,076484842030,Toys,,,,2.00,$5.45
Lil' Pals Fleece Bone,Coastal Pet,076484842047,Toys,,,,1.00,$5.45
Spot Chirpies,Spot,077234056172,Toys,,,,3.00,$15.74
Lil Pals Hotdog,Coastal Pet,076484401329,Toys,,,,1.00,$5.45
Lil Pals Latex Man,Coiastal,076484832819,Toys,,,,0.00,$7.63
Lil Pals Plush Pig,Coastal,076484799112,Toys,,,,1.00,$9.44
Cricket Cup,,029788000668,Accessories,,,,2.00,$3.27
Pet Sport Chicken,Pet Sport,713080180509,Toys,,,,1.00,$7.63
Pet Sport Brontosaurus,Pet Sport,713080180271,Toys,,,,2.00,$8.73
Rascals Hedgehog,Rascals,076484351716,Toys,,,,0.00,$7.63
Rascals Bird,Rascals,076484351785,Toys,,,,0.00,$11.54
Rascals Shark,Rascals,076484351730,Toys,,,,1.00,$9.44
JW Good Cuz,JW Pet,618940431671,Toys,,,,1.00,$10.49
JW Bad Cuz,JW Pet,618940431701,Toys,,,,1.00,$15.74
MultiPets MiniPet Panda,Multipet,784369442045,Toys,,,,1.00,$6.54
Lil Pals Strawberry Flip Flop,Li'l Pals,076484832185,Toys,,,,0.00,$6.54
Lil Pals Flower Flip Flop,Li'l Pals,076484832192,Toys,,,,0.00,$7.63
Pet Sport Triceratops,Pet Sport,713080180936,Toys,,,,2.00,$6.54
MultiPet MiniPet Giraffe,Multipet,784369442120,Toys,,,,1.00,$9.44
Rascals Dumbbel,Rascals,076484830334,Toys,,,,1.00,$6.54
Pet Sport T-Rex,Pet Sport,713080180240,Toys,,,,4.00,$8.73
Royal Canin Boxer 30lb Canin,Royal,030111520449,Dog Food,Bag,,30lb,1.00,$106.04
Skudo Up To 40lb,Mid West,027773018285,Accessories,,,,1.00,$97.64
TOTW Southwest Canyon Taste Of The Wild,,074198611386,Dog Food,Bag,lb,,1.00,$36.74
Redbarn Puppy Whole Grain 4lb,Redbarn,785184125069,Dog Food,Bag,,4lb,3.00,$23.09
Orijen Amazing Grains 4lb Orijen,,064992720384,Dog Food,Bag,,4lb,2.00,$29.39
Orijen Six Fish 4.5lb,Orijen,064992106454,Dog Food,Bag,,4.5lb,2.00,$34.64
Orijen Origional 4.5lb,Orijen,064992103453,Dog Food,Bag,,4.5lb,1.00,$33.59
"Exercise Pen 30""",,029695550126,Dog Cages,,,,1.00,$94.49
Nutrisource Lamb 4lb,Nutrisource,073893266075,Dog Food,Bag,,4lb,10.00,$22.04
Nutrisource Turkey & Rice Nutrisource 4lb,,073893271086,Dog Food,Bag,,4lb,0.00,$22.04
Nutrisource Seafood Select 4lb,Nutrisource,073893430087,Dog Food,Bag,,4lb,5.00,$22.04
Nutrisource Seafood Select 15lb,Nutrisource,073893430018,Dog Food,Bag,,15lb,5.00,$45.14
Nutrisource Grain free Senior 26lb,Nutrisource,073893299554,Dog Food,Bag,,26lb,2.00,$65.09
Nutrisource Large Breed Nutrisource Puppy 4lb,,073893299684,Dog Food,Bag,,4lb,1.00,$20.99
Pure Vita Turkey & Sweet Nutrisource Potatoe 4lb,,073893175049,Dog Food,Bag,,4lb,7.00,$19.94
Nutrisource Small Breed Nutrisource puppy Grain free,,073893299714,Dog Food,Bag,,15lb,1.00,$44.09
Eukanuba Larger Breed Eukanuba Puppy 4lb,,030111404503,Dog Food,Bag,,4lb,3.00,$25.19
Eukanuba Lamb 30lb,Eukanuba,030111300089,Dog Food,Bag,,30lb,1.00,$98.69
Eukanuba Medium 30lb,Eukanuba,030111310040,Dog Food,Bag,,30lb,1.00,$90.29
Pro Plan Puppy 18lb,Pro Plan,038100132710,Dog Food,Bag,,18lb,0.00,$50.39
Victor Hero 30lb,VICTOR,894308002381,Dog Food,Bag,,30lb,2.00,$61.94
Victor Senior 40lb,VICTOR,894308002572,Dog Food,Bag,,40lb,2.00,$59.84
Victor Hi Energy 40lb,VICTOR,894308002367,Dog Food,Bag,,40lb,2.00,$53.54
Victor Hi Pro Plus 5lb,VICTOR,894308002145,Dog Food,Bag,,5lb,2.00,$13.64
Victor Sensative Salmon 15lb,VICTOR,899944446407,Dog Food,Bag,,15lb,4.00,$35.69
Canidae All Life Styage Multi Protien 40lb,Canidae,640461003051,Dog Food,Bag,,40lb,1.00,$60.89
Fromm Cat Healthy Weight 10lb,Fromm,072705115938,Cat Food,Bag,,10lb,3.00,$40.94
Fromm Kitten 10lb,Fromm,072705115839,Cat Food,Bag,,10lb,2.00,$40.94
Purr Snickitty Gane Bird Fromm Cat 6oz,,072705137251,Cat Food,Can,,6oz,1.00,$4.35
Science Diet Indoor Kitten Science 3.5lb,Diet,052742713106,Cat Food,Bag,,3.5lb,2.00,$24.14
Victor Hi Pro Plus 15lb,,854524005825,Cat Food,Bag,,15lb,1.00,$38.84
Natural Balance Ultra Protein Chicken 5lb,Natural Balance,723633006927,Cat Food,Bag,,5lb,2.00,$31.49
Natural Balance Ultra Protein 5lb,Natural Balance,723633006941,Cat Food,Bag,,5lb,1.00,$31.49
Natural Balance Ultra protein Chicken 5lb,Natural Balance,723633006842,Cat Food,Bag,,5lb,2.00,$31.49
Natural balance Ultra Protein Kitten,Natural Balance,723633006873,Cat Food,Bag,lb,,2.00,$31.49
Natural Balance Ultra Protein Chicken Topper 2.4oz,Natural Balance,723633006958,Cat Food,Can,,2.4oz,8.00,$2.39
Natural Balance Ultra Protein Cuts In Gravy Chicke,Natural Balance,723633007023,Cat Food,Can,oz,,4.00,$2.71
Natural Balance Cuts In Gravy salmon 2.7oz,Natural Balance,072363300704,Cat Food,Can,,2.7oz,4.00,$2.71
Natural Balance Cuts In Gravy Duck 2.7oz,Natural Balance,023633007030,Cat Food,Can,,2.7oz,5.00,$2.71
Tiki Cat Aloha 3oz,,693804430007,Cat Food,Can,,3oz,6.00,$1.84
Science Diet Sensitive Salmon Kitten 2.8oz,Science Diet,052742076553,Cat Food,Can,,2.8oz,12.00,$1.79
Natural balance Ultra Protein Pate Duck,Natural Balance,723633006989,Cat Food,Can,oz,,6.00,$2.06
Natural Balance Ultra Protein Chicken Pate,Natural Balance,723633006972,Cat Food,Can,oz,,6.00,$1.52
Natural Balace Ultra Protein Pate Salmon,Natural Balance,723633006996,Cat Food,Can,oz,,8.00,$2.06
Fancy Feast Ocean fish & Tuna,,050000100842,Cat Food,Can,oz,,14.00,$1.41
Royal canin Mothert Baby Royal 5.1oz,Canin,030111410658,Cat Food,Can,,5.2oz,15.00,$4.13
Royal Canin Kitten 3oz Canin,Royal,030111604408,Cat Food,Can,,3oz,25.00,$2.28
Tastefuls Flaked Fish & Shrimp 5oz,Blue Buffalo,840243140671,Cat Food,Can,,5oz,3.00,$2.28
Tastefuls Chicken Pate 5oz,Blue Buffalo,840243140527,Cat Food,Can,,5oz,2.00,$2.39
Tastefuls Tuna In Gravy Blue Buffalo 3oz,,840243140640,Cat Food,Can,,3oz,10.00,$2.06
"Nutrisource Chicken,Lamb & Fish 13oz",Nutrisource,073893020103,Dog Food,Can,,13oz,1.00,$2.82
Nutrisource Hunters Bounty 13oz,Nutrisource,073893020387,Dog Food,Can,,13oz,7.00,$2.82
Royal Canin Mature 13.5oz,Royal Canin,030111420855,Dog Food,Can,,13.5oz,12.00,$5.00
Hills Chicken Stew Pouch Science Diet,,052742075570,Dog Food,Can,,2.8oz,23.00,$2.17
Hills 7+ Chicken Stew Pouch,Science Diet,052742075914,Dog Food,Can,,2.8oz,7.00,$2.17
Blue Delights Porterhouse Blue Buffalo,,840243120451,Dog Food,Can,,3.5oz,9.00,$2.38
Blue Homestyle Turkey,Blue Buffalo,840243104963,Dog Food,Can,,12.5oz,17.00,$4.79
Iams Kitten 3.5lb,Iams,019014712496,Cat Food,Bag,,3.5lb,1.00,$14.69
Iams Cat Sensitive,Iams,019014805112,Cat Food,Bag,lb,,1.00,$27.29
Pro Plan Salmon & Shrimp 3oz,Pro Plan,038100170330,Cat Food,Can,,3oz,11.00,$2.06
"Exo Terra Terrarium Cabinet Large 36""",,015561227087,Reptiles,,,,0.00,$230.99
Tropical Bioactive substrate kit,,097612752304,Reptiles,,,,0.00,$31.49
Pup Cup Chicken 13oz,,860008024121,Treats,,,,6.00,$11.54
Vital Essentials Tu Mini Patties Cat 8oz,,840199691111,Cat Food Bag,8,oz,,1.00,$22.04
Vital Essentials Duck Mini Nibs Cat 8oz,,840199690046,Cat Food Bag,8,oz,,2.00,$26.24
Fruitables Skinny Minnis Apple Bacn5oz,,895352002303,Dog Treats,,,,2.00,$8.73
Pup Cup Origional 13oz,,860008024107,Dog Treats,,,,4.00,$11.54
Dog-O's Ice Cream Peanut Butter 3oz,,850529003910,Dog Treats,,,,10.00,$4.36
Peanut Butter & Banana Dog Ice Cream,,810115450719,Dog Treats,,,,12.00,$11.54
Nutri Cal Puppy,,030521367856,Healthcare,,,,2.00,$24.14
Goat Milk Powder,,020279994596,Healthcare,,,,2.00,$19.94
Alcott Visibility Leash Lg PAW Orange,And Collars,849910111457,Leashes And Collars,,,,2.00,$20.99
Alcott Adventure Leash Lg Red,PAW And Collars,849910111495,Leashes And Collars,,,,2.00,$20.99
Alcott Adventure Leash Lg Pink,PAW And Collars,849910111488,Leashes And Collars,,,,2.00,$20.99
Alcott Adventure Leash Lg Black,PAW And Collars,849910111402,Leashes And Collars,,,,2.00,$20.99
Alcott Adventure Leash Lg Blue,PAW And Collars,849910114465,Leashes And Collars,,,,0.00,$20.99
Alcott Adventure Collar Md Pink,PAW And Collars,849910105388,Leashes And Collars,,,,1.00,$12.99
Alcott Adventure Collar Lg PAW Pink,And Collars,849910105487,Leashes And Collars,,,,0.00,$14.99
Alcott Adventure Collar Lg PAW Purple,And Collars,849910107429,Leashes And Collars,,,,1.00,$14.99
Alcott Norwegian Harness PAW Lg Pink,And Collars,849910176494,Leashes And Collars,,,,3.00,$26.99
Alcott Adventure Collar Sm Red,PAW And Collars,849910100284,Leashes And Collars,,,,2.00,$12.99
Alcott Adventure Collar Md Red,PAW And Collars,849910100383,Leashes And Collars,,,,1.00,$12.99
Alcott Adventure Collar Lg PAW Red,And Collars,849910100482,Leashes And Collars,,,,2.00,$14.99
Alcott Visibility Collar Sm PAW Orange,And Collars,849910101250,Leashes And Collars,,,,1.00,$12.99
Alcott Visibility Collar Md PAW Orange,And Collars,894410101359,Leashes And Collars,,,,2.00,$12.99
Alcott Visibility Collar Lg PAW Orange,And Collars,849910101458,Leashes And Collars,,,,1.00,$14.99
Alcott Tactical Collar Lg Orange Camo,PAW And Collars,849910130472,Leashes And Collars,,,,0.00,$23.99
Alcott Adventure Collar Sm Blue,PAW And Collars,849910104268,Leashes And Collars,,,,1.00,$12.99
Alcott Adventure Collar Md Blue,PAW And Collars,849910104367,Leashes And Collars,,,,1.00,$13.99
Alcott Adventure Collar Lg PAW Blue,And Collars,849910104466,Leashes And Collars,,,,1.00,$14.99
Alcott Adventure Collar Sm Black,PAW And Collars,849910101205,Leashes And Collars,,,,2.00,$12.99
Alcott Adventure Collar Md Black,PAW And Collars,849910101304,Leashes And Collars,,,,2.00,$13.99
Alcott Adventure Collar Lg PAW Black,And Collars,849910101403,Leashes And Collars,,,,2.00,$14.99
Alcott Rope Leash Red,PAW,849910168086,Leashes And Collars,,,,0.00,$22.99
Alcott Rope Leash Orange,PAW And Collars,849910168079,Leashes And Collars,,,,0.00,$22.99
Alcott Rope Leash Blue,PAW,849910168062,Leashes And Collars,,,,0.00,$22.99
Alcott Rope Leash Pink,PAW,849910168093,Leashes And Collars,,,,0.00,$22.99
Alcott Rope Leash Black,PAW,849910168000,Leashes And Collars,,,,0.00,$22.99
Alcott Norwegian Harness PAW Sm Red,And Collars,849910176289,Leashes And Collars,,,,2.00,$20.99
Alcott Norwegian Harness PAW Md Red,And Collars,849910176388,Leashes And Collars,,,,2.00,$22.99
Alcott Norwegian Harness PAW Lg Red,And Collars,849910176487,Leashes And Collars,,,,2.00,$26.99
Alcott Norwegian Harness PAW XL Red,And Collars,849910176586,Leashes And Collars,,,,2.00,$28.99
Alcott Norwegian Harness PAW XXL Red,And Collars,849910176685,Leashes And Collars,,,,2.00,$30.99
Alcott Norwegian Harness PAW Sm Orange,And Collars,849910176272,Leashes And Collars,,,,2.00,$20.99
Alcott Norwegian Harness PAW Md Orange,And Collars,849910176371,Leashes And Collars,,,,2.00,$22.99
Alcott Norwegian Harness PAW Lg Orange,And Collars,849910176470,Leashes And Collars,,,,2.00,$26.99
Alcott Norwegian Harness PAW XL Orange,And Collars,849910176579,Leashes And Collars,,,,2.00,$28.99
Alcott Norwegian Harness PAW XXL Orange,And Collars,849910176678,Leashes And Collars,,,,2.00,$30.99
Alcott Norwegian Harness PAW Sm Blue,And Collars,849910176265,Leashes And Collars,,,,2.00,$20.99
Alcott Norwegian Harness PAW Md Blue,And Collars,849910176364,Leashes And Collars,,,,2.00,$22.99
Alcott Norwegian Harness PAW Lg Blue,And Collars,849910176463,Leashes And Collars,,,,2.00,$26.99
Alcott Norwegian Harness PAW XL Blue,And Collars,849910176562,Leashes And Collars,,,,1.00,$28.99
Alcott Norwegian Harness PAW XXL Blue,And Collars,849910176661,Leashes And Collars,,,,2.00,$30.99
Alcott Norwegian Harness PAW Sm Pink,And Collars,849910176296,Leashes And Collars,,,,2.00,$20.99
Alcott Norwegian Harness PAW Md Pink,And Collars,849910176395,Leashes And Collars,,,,1.00,$22.99
Alcott Norwegian Harness PAW XL Pink,And Collars,849910176593,Leashes And Collars,,,,1.00,$28.99
Fluval Madagascar Plant Fluval,,015561148504,Aquatics,,,,2.00,$8.73
Alcott Norwegian Harness PAW XXL Pink,And Collars,849910176692,Leashes And Collars,,,,2.00,$30.99
Alcott Norwegian Harness PAW Sm Black,And Collars,849910176203,Leashes And Collars,,,,1.00,$20.99
Exo Terra Canopy LED 8wt,,015561224116,Aquatics,,,,1.00,$52.49
Alcott Norwegian Harness PAW Md Black,And Collars,849910176302,Leashes And Collars,,,,0.00,$22.99
Alcott Norwegian Harness PAW Lg Black,And Collars,849910176401,Leashes And Collars,,,,0.00,$26.99
Exo Terra Dripper Plant Small,Exo Terra,015561224901,Reptiles,,,,1.00,$69.29
Alcott Norwegian Harness PAW XL Black,And Collars,849910176500,Leashes And Collars,,,,1.00,$28.99
Alcott Norwegian Harness PAW XXL Black,And Collars,849910176609,Leashes And Collars,,,,2.00,$30.99
Alcott Tactical Collar Sm PAW Black,And Collars,849910140204,Leashes And Collars,,,,2.00,$18.99
Exo Terra Food Cup Holder,Exo Terra,05561232593,Reptiles,,,,4.00,$1.08
Alcott Tactical Collar Md PAW Black,And Collars,849910140303,Leashes And Collars,,,,2.00,$20.99
Alcott Tactical Collar Lg PAW Black,And Collars,849910140402,Leashes And Collars,,,,0.00,$22.99
Alcott Tactical Collar XL Black,PAW And Collars,849910140501,Leashes And Collars,,,,2.00,$24.99
Catit Groovy Fish,,022517430255,Toys,,,,1.00,$19.94
Alcott Tactical Collar Sm Red,PAW And Collars,849910140280,Leashes And Collars,,,,2.00,$18.99
Alcott Tactical Collar Md Red,PAW And Collars,849910140389,Leashes And Collars,,,,2.00,$20.99
Alcott Tactical Collar Lg Red,PAW And Collars,849910140488,Leashes And Collars,,,,0.00,$22.99
Alcott Tactical Collar XL Red,PAW And Collars,849910140587,Leashes And Collars,,,,1.00,$24.99
Alcott Tactical Collar Sm Black Camo,PAW And Collars,849910130205,Leashes And Collars,,,,2.00,$19.99
Alcott Tactical Collar Md Black Camo,PAW And Collars,849910130304,Leashes And Collars,,,,1.00,$21.99
Alcott Tactical Collar Lg Black Camo,PAW And Collars,849910130403,Leashes And Collars,,,,1.00,$23.99
Alcott Tactical Collar XL Black Camo,PAW And Collars,849910130502,Leashes And Collars,,,,2.00,$25.99
Alcott Tactical Collar Sm Blue Camo,PAW And Collars,849910130267,Leashes And Collars,,,,1.00,$19.99
Alcott Tactical Collar Md Blue Camo,PAW And Collars,849910130366,Leashes And Collars,,,,1.00,$21.99
Alcott Tactical Collar Lg Blue Camo,PAW And Collars,849910130465,Leashes And Collars,,,,2.00,$23.99
Alcott Tactical Collar XL Blue Camo,PAW And Collars,849910130564,Leashes And Collars,,,,2.00,$25.99
Alcott Tactical Collar Sm Orange Camo,PAW And Collars,849910130274,Leashes And Collars,,,,2.00,$19.99
Alcott Tactical Collar Md Orange Camo,PAW And Collars,849910130373,Leashes And Collars,,,,2.00,$21.99
Alcott Tactical Collar XL Orange Camo,PAW And Collars,849910130571,Leashes And Collars,,,,2.00,$25.99
Alcott Tactical Collar Sm Pink Camo,PAW And Collars,849910130298,Leashes And Collars,,,,2.00,$19.99
Alcott Tactical Collar Md Pink Camo,PAW And Collars,849910130397,Leashes And Collars,,,,2.00,$21.99
Alcott Tactical Collar Lg Pibk Camo,PAW And Collars,849910130496,Leashes And Collars,,,,1.00,$23.99
Alcott Tactical Collar XL Pink Camo,PAW And Collars,849910130595,Leashes And Collars,,,,2.00,$25.99
Alcott Tactical Harness Sm Black,PAW And Collars,849910120206,Leashes And Collars,,,,2.00,$40.99
Alcott Tactical Harness Md Black,PAW And Collars,849910120305,Leashes And Collars,,,,2.00,$42.99
Alcott Tactical Harness Lg PAW Black,And Collars,849910120404,Leashes And Collars,,,,2.00,$44.99
Alcott Tactical Harness XL Black,PAW And Collars,849910120503,Leashes And Collars,,,,1.00,$46.99
Alcott Tactical Rope Leash Black 20',PAW And Collars,849910140808,Leashes And Collars,,,,0.00,$22.99
Alcott Tactical Rope Leash Black 30',PAW And Collars,849910140907,Leashes And Collars,,,,0.00,$30.99
Kong Cozie Bailey,Kong,035585159003,Toys,,,,1.00,$12.59
Pro Plan Lamb 47lb,Pro Plan,038100177674,Dog Food,Bag,,47lb,1.00,$100.79
Four Paws Pooper Set Large,Four Paws,045663182458,Accessories,,,,1.00,$45.14
Nutrisource ALS Performance 40lb,Nutrisource,073893230359,Dog Food,Bag,,40lb,0.00,$62.99
Hari Mineral Block Apple Supplies,,080605821965,Bird,,,,3.00,$3.27
MeowiGarden Pawty 26g Meowee,,714929807434,Cat Treats,,,,1.00,$15.74
Inaba Churu Tuna 1.4oz,Inaba,810100850180,Cat Food,Can,,1.4oz,15.00,$1.41
Inaba Kitten Chicken 2oz,,810100850333,Cat Treats,,,,2.00,$5.45
Round Lake farm Young Rabbit 4lb,Animal,850003268627,Small,,,,4.00,$15.74
Round Lake Farm Guinea Pig 8lb,Animal,850003268632,Small,,,,1.00,$31.49
OWH Carrier PupPak,,700603705639,Accessories,,,,2.00,$46.19
Kong Jumbler Ball Large,,035585034089,Toys,,,,1.00,$26.24
Kong High-Vis Ball Large,,035585529271,Toys,,,,0.00,$11.54
Greenies Teenie 3oz,Greenies,642863106989,Dog Treats,,,,2.00,$7.63
Tropiclean Wipes Berry 100ct,,64095010109,Healthcare,,,,2.00,$13.64
TropicleanShed Control 20oz,,64095202443,Healthcare,,,,2.00,$15.74
Spot Silent Whistle,Spot,077234056998,Accessories,,,,0.00,$5.45
Sopt Fun food 8in,Spot,077234303795,Toys,,,,2.00,$8.73
Spot Bam Bone Bacon 7.25,,077234543191,Treats,,,,1.00,$7.63
Bambone Beef 6in,,077234544914,Dog Treats,,,,1.00,$8.73
Victoria Tip,,463290328344,Tips,,,,-8.00,$0.00
Flukers Screen Cover 75 Gallon,,0911970099,Reptiles,,,,1.00,$68.24
Zoo Med Snake Kit,,097612091328,Reptiles,,,,1.00,$199.49
Zoo Med Repti Calcium W/D3 3oz,Zoo Med,097612134032,Reptiles,,,,2.00,$10.49
Marshal Bandits Chicken Marshall Animal,,766501003840,Small,,,,0.00,$7.63
A & E Color Hay Stack Animal,,644472014310,Small,,,,3.00,$9.44
A & E Nibbles Popsicle Stick,Animal,644472014402,Small,,,,2.00,$6.54
A & E Hamster 3 Story Animal,A&E,644472014853,Small,,,,4.00,$39.89
A & E Nibble Corney Calcium Ring,Animal,644472991734,Small,,,,2.00,$6.54
Victor Puppy 5lb,VICTOR,894308002295,Dog Food,Bag,,5lb,4.00,$15.74
Victor Professional 30lb,VICTOR,899944446438,Dog Food,Bag,,30lb,2.00,$47.24
Living world Animal,,080605618596,Small,,,,4.00,$188.99
Nutrasource Chicken 12.3 Nutrisource oz can,,073893021230,Dog Food Can,12.3oz,,,19.00,$3.70
Dinne Time Stainless Steel Bowl,,077234060612,Accessories,,,,2.00,$4.36
Doggie Design XL,,811618014842,Accessories,,,,-1.00,$11.54
Ethical KFC Fries Wand Products,Ethical,077234332184,Toys,,,,1.00,$8.73
Ethical Treat Spin About Products,Ethical,077234520604,Toys,,,,3.00,$24.14
Ethical Flex Double Knot Products,Ethical,077124549056,Toys,,,,1.00,$15.74
Tuesday's Duck Neck Natural Dog Company,Tuesday's,810723037111,Dog Treats,,,,19.00,$7.63
Tuesday's Beef Tail,,810723030808,Dog Treats,,,,25.00,$3.27
Tuesday's Tremenda Sticks Company,Tuesday's Natural Dog,810723033564,Dog Treats,,,,0.00,$4.36
"Tuesday's 12"" Beeg Gullet 6oz Company",Tuesday's Natural Dog,851265004162,Dog Treats,,,,2.00,$13.64
"Tuesday's 12"" tremenda Chewy Bull Stick Company",Tuesday's Natural Dog,855591005657,Dog Treats,,,,0.00,$9.44
"Tuesday's 6"" Tremenda Chewy Bulls",,855591005664,Dog Treats,,,,14.00,$5.45
Tuesday's Tremenda Disc Tuesday's Natural Dog Company,,810723032499,Dog Treats,,,,0.00,$8.73
Tuesday's Ostrrich Tendons Company,Tuesday's Natural Dog,810723036862,Dog Treats,,,,2.00,$19.94
Hills Kitten Salmon 3oz,,052742012636,Cat Food Can,3oz,,,8.00,$1.95
Zoo Med Reptihabitat 25 G,,097612090529,Reptiles,,,,-1.00,$188.99
Marina Decore Wood Medium,Marina,015561120616,Aquatics,,,,3.00,$7.63
Marina Decore Wood Large,Marina,015561120623,Aquatics,,,,1.00,$11.54
Exo Terra Terrarium 8x8x12,,015561226011,Reptiles,,,,1.00,$51.44
Bionic urbin Stick Large,,022517978030,Toys,,,,3.00,$23.09
Nutrisource Pure Vita Beef/Lintle 12lb,Nutrisource,007893181125,Dog Food,Bag,,12lb,1.00,$51.44
Inaba Dashi Ccicken/Scallop,Inaba,810100850890,Cat Food,Can,oz,,4.00,$1.62
Churu Bites Joint 3 Pack,,810100855116,Dog Treats,,,,6.00,$4.36
Churu Sprinkles 3 Pack,,810100854904,Cat Treats,,,,6.00,$5.45
Prevue Quiet Me Supplies,Prevue,048081629031,Bird,,,,0.00,$41.99
Prevue Bunch Of Fun Supplies,Prevue,048081110898,Bird,,,,1.00,$6.54
Prevue Stuff N Hide Supplies,Prevue,048081602461,Bird,,,,0.00,$9.44
Prevue Pink Cupcake Supplies,Prevue,048081111109,Bird,,,,0.00,$6.54
Earthbath Hot Spopt Relief Shampoo,,602644020415,Healthcare,,,,1.00,$25.19
Zoo Med Cork Backgroumd 18x18,Zoo Med,097612041033,Reptiles,,,,1.00,$34.64
Zoo Med Cork Rounds Extra Large,Zoo Med,097612210231,Reptiles,,,,0.00,$1.08
Orijen Regional Red 13lb Orijen,,064992725990,Dog Food,Bag,,13lb,0.00,$70.34
Zoo Med Eco Carpet 20l/29 Gallon,,097612701272,Reptiles,,,,1.00,$9.44
Flukers Bend A Branch Small,Fluker's,091197510182,Reptiles,,,,1.00,$6.54
Zoo Med Mopani Wood Small,Zoo Med,097612200911,Reptiles,,,,3.00,$9.44
Galapagos Crash Pad,Galapagos,759834050940,Reptiles,,,,1.00,$23.09
Galapagos Substrate Barrier 18x36,Galapagos,759834050957,Reptiles,,,,2.00,$11.54
Zoo Med Flora Phyllo Small,Zoo Med,097612180107,Reptiles,,,,1.00,$10.49
Zoo Med Flora Bamboo Small,Zoo Med,097612180190,Reptiles,,,,1.00,$9.44
Zoo Med Flora Bamboo Medium,Zoo Med,097612180299,Reptiles,,,,1.00,$13.64
Zoo Med Flora Phyllo Medium,Zoo Med,097612180206,Reptiles,,,,1.00,$13.64
Zoo Med Eco Carpet 55Gal Brown,Zoo Med,097612701586,Reptiles,,,,2.00,$15.74
Zoo Med Eco Carpet 55 Gal Green,Zoo Med,097612701555,Reptiles,,,,0.00,$15.74
Kaytee Sweet Potatoe & Cranberry 3oz,Kaytee Animal,071859006338,Small,,,,0.00,$6.54
Fruitables Sweet Potatoe Pecan,Fruitables,895352002211,Dog Treats,,,,1.00,$8.73
Fruitables Apple & Bacon,Fruitables,895352002389,Dog Treats,,,,2.00,$7.63
Chuckit Amphibious Bumper,,660048001331,Toys,,,,1.00,$14.69
JW Jumbo Skid Stop,JW Pet,618940648505,Accessories,,,,1.00,$9.44
Greenies Regular 12oz Fresh,Greenies,642863104732,Dog Treats,,,,2.00,$24.14
Nothin To Hide Flip Chips Fieldcrest Bacon,Farms,810002633386,Dog Treats,,,,1.00,$17.84
Nothin To Hide Flip Chips Fieldcrest Beef Bully,Farms,810002635236,Dog Treats,,,,0.00,$17.84
Tetra Jumbo Sticks 7.4oz Tetra,,046798165071,Aquatics,,,,2.00,$26.24
Aquon 1 Gal Tank,Aqueon,015905001960,Aquatics,,,,0.00,$41.99
Kong Laser,Kong,035585534145,Toys,,,,0.00,$6.54
Kong Toughz Dodo,Kong,035585507903,Toys,,,,1.00,$18.89
Nibbles Cage Animal,,644472014860,Small,,,,0.00,$34.64
"Spot Love Dogs Dish 7""",Spot,077234546987,Accessories,,,,1.00,$15.74
"Spot Bam Bone Tripod 7""",,077234549193,Toys,,,,1.00,$12.59
Canidae Balanced Bowl Chicken & Pumpkin,Canidae,640461010189,Cat Food,Can,oz,,0.00,$2.50
Hissing Cockroaches Reptiles/Fe eders,,495437520564,Live,Bugs,,,-165.00,$0.25
Sunburst For Small Dogs,,076484850226,Accessories,,,,-1.00,$6.18
Andis 7 Blade,,040102726002,Accessories,,,,4.00,$49.34
Coastal Adjustable Harness Lg,And Collars,076484089107,Leashes And Collars,,,,-1.00,$27.39
Barbie 2 Pack,,030172115493,Aquatics,,,,4.00,$7.63
Cascade Air Mist Air Stone 5.5 inch,Penn Plax,030172331015,Aquatics,,,,2.00,$5.45
Aqua Floras Tree Base,Penn Plax,030172050244,Aquatics,,,,3.00,$23.09
Sinkers Ambulia,Penn Plax,030172055591,Aquatics,,,,2.00,$9.44
Frozen Olaf Standing,Penn Plax,030172090080,Aquatics,,,,1.00,$7.63
Aqua Floras Pineapple Home,Penn Plax,030172102738,Aquatics,,,,0.00,$20.99
SpongeBob Mini Sandy,Penn Plax,030172040528,Aquatics,,,,3.00,$6.54
SpongeBob Mini Squidward,Penn Plax,030172040542,Aquatics,,,,2.00,$6.54
SpongeBob Mini Pinapple Penn Plax,,030172076466,Aquatics,,,,3.00,$6.54
Cascade filter Cartridge,Penn Plax,030172065774,Aquatics,,,,3.00,$3.27
Bird Life 9 Step Ladder Supplies,,030172902123,Bird,,,,2.00,$11.54
Reptology Green Climing Vine,,030172057588,Reptiles,,,,0.00,$36.74
Reptology Stone Hideway XL,,030172079894,Reptiles,,,,1.00,$26.24
Reptology Ledge & Cave Hideway,,030172101786,Reptiles,,,,1.00,$83.99
Vital Essentials Chicken Breast Cat 1oz,,840199694013,Cat Treats,,,,0.00,$8.73
Premier Pet Training Collar 1000ft,,729849179943,Accessories,,,,1.00,$73.49
Zymox Shampoo 12oz,,667334000207,Healthcare,,,,2.00,$22.04
Animed Blue Lotion 16oz,,694244907784,Healthcare,,,,3.00,$15.74
Omniet Pinch Collar 3.25mm,,024764999783,Accessories,,,,0.00,$30.44
Fin Flex 250mg,,071162035308,Healthcare,,,,1.00,$17.84
Fin Dox,,071262033303,Healthcare,,,,2.00,$40.94
fin Flox,,071362037300,Healthcare,,,,1.00,$38.84
Fin Mox,,071162034301,Healthcare,,,,1.00,$28.34
Cudler Bed 24x21x10,,086268035381,Accessories,,,,1.00,$47.24
Bolster Bed 21x25,,029695812576,Accessories,,,,1.00,$41.99
Hexagon Bed 19x19,,086268030522,Accessories,,,,3.00,$31.49
Sleep Happy Bed 22x18,,029695812637,Accessories,,,,0.00,$31.49
hexagon Bed 23x23x9,,086268030478,Accessories,,,,1.00,$41.99
Vanness Large Enclosed Litter Pan,,079441004069,Accessories,,,,0.00,$26.24
Blue Chews Chicken Grillers,,840243149278,Dog Treats,,,,0.00,$20.99
Kong Soccer Ball Medium 3pk,,035585539218,Toys,,,,1.00,$8.73
Kong Comfort Jumbo Bird XL,,035585509112,Toys,,,,1.00,$15.74
Dashi Seafood Variety Pack,Inaba,810100850982,Cat Food,Can,oz,,2.00,$19.61
Dashi Tuna Variety Pack Inaba,,810100850975,Cat Food,Can,oz,,3.00,$19.61
Churu Broth Chicken 1.4oz,Inaba,810100850104,Cat Food,Can,,1.4oz,5.00,$1.41
Churu Broth Chicken & Tuna 1.4oz,Inaba,810100850128,Cat Food,Can,,1.4oz,9.00,$1.41
Churu Bisque Chicken & Beef 1.4oz,Inaba,810100850241,Cat Food,Can,,1.4oz,3.00,$1.41
Churu Bisque Chicken 1.4oz,Inaba,810100850227,Cat Food,Can,,1.4oz,4.00,$1.41
Dashi Chiken & Bonito 2.5oz,Inaba,810100850937,Cat Food,Can,,2.5oz,6.00,$1.62
Eco Beding Supplies,,767044025030,Bird,,,,2.00,$20.99
Frozen Beef Heartys 3.5oz Bay Brand,San Francisco,000945880859,Aquatics,,,,0.00,$8.73
Straight Forceps,Seachem,000116768900,Aquatics,,,,2.00,$15.74
Bird Bath Supplies,Lixit,076711007874,Bird,,,,1.00,$16.79
Benebone Puppy Medium Bacon,,854111004897,Dog Treats,,,,1.00,$15.74
Tropiclean Oxymed H/S 20oz,,645095008656,Healthcare,,,,3.00,$19.94
Oval Plush Bed Small,,815181022419,Accessories,,,,1.00,$52.49
Skinneeez Fox 20in,,077234054987,Toys,,,,0.00,$11.54
Skinneeez Racoon,,077234055014,Toys,,,,1.00,$11.54
Skinneeez Squirrel 15in,,077234057353,Toys,,,,1.00,$14.69
Tetra Variety Blend 1.32lb,,046798164562,Aquatics,,,,1.00,$31.49
Zoo Med Infrared 150wt,,097612331509,Reptiles,,,,2.00,$23.09
Zoo Med Shelter Small,,097612910308,Reptiles,,,,1.00,$23.09
Zoo Med Shelter Medium,,097612910315,Reptiles,,,,1.00,$38.84
Oxbow Timothy 9lb Animal,,744845402772,Small,,,,2.00,$36.74
Ferret Harness Black Animal,,766501000955,Small,,,,1.00,$19.94
Nibbles Log Cabin Medium,Animal,644472014440,Small,,,,2.00,$11.54
Nibbles Pretty Pebbles Animal,,644472991642,Small,,,,1.00,$6.54
Iceland Rolled Collagen Stick,,850003829845,Dog Treats,,,,12.00,$8.73
Merrick Salmon & Sweet Merrick Potato 22 lb,,022808385738,Dog Food,Bag,,22lb,0.00,$72.44
NutriSource Trout & Rice Nutrisource 12lb,,073893269076,Dog Food,Bag,,12lb,1.00,$43.04
Eukanuba Small Breed Adult,Eukanuba,030111150059,Dog Food,Bag,,15lb,2.00,$56.69
"Health Extension Grain Free Buffalo, Whitefish & Extension S",Health,858755000130,Dog Food,Bag,lb,,2.00,$51.44
Freshpet Chicken 2lb,Freshpet,851893001014,Dog Food,Bag,,2lb,0.00,$9.44
Living World Delux 61857 Animal,,080605618572,Small,,,,2.00,$125.99
Premium Pond Floating food,Ginger,036274008619,Aquatics,,,,4.00,$17.84
Kong Coosie Moose,,035585159058,Toys,,,,1.00,$12.59
Kong Shakers Elephant,Kong,035585360577,Toys,,,,0.00,$11.54
Kong Scrumplez Elephant Kong,,035585498768,Toys,,,,1.00,$16.79
Kong Connect Angler,,035585530123,Toys,,,,1.00,$13.64
Milkbone Peanut Butter 4.5oz,,079100254828,Dog Treats,,,,3.00,$7.63
Milkbone Beef & Cheese,,079100308408,Dog Treats,,,,3.00,$11.54
Milkbone Chicken Roll,,079100654673,Dog Treats,,,,0.00,$3.27
Tiki Cat Tuna & Pumkin 3oz,8,693080440004,Cat Food,Can,,3oz,12.00,$1.84
Tiki Cat Tuna/Calamari 3oz,,693804430038,Cat Food,Can,,3oz,-1.00,$1.84
Omega One Cichlid Small 8oz,,698220834316,Aquatics,,,,1.00,$12.59
Kong Enchanted Dragon Kong,,035585459448,Toys,,,,1.00,$8.73
Arm & Hammer Super Litter 20lb,,033200022015,Accessories,,,,0.00,$22.04
Replendish Water Small,,029695244964,Accessories,,,,1.00,$36.74
Chuckit Sniff Ball Peanut Butter,,029695332081,Toys,,,,1.00,$10.49
Benebone Wishbone Chicken Medium,,854111004040,Treats,,,,1.00,$13.64
Benebone Fishbone Salmon Medium,,810054210078,Dog Treats,,,,0.00,$13.64
Smoked Duck Feet 10ct,,840139131714,Dog Treats,,,,0.00,$12.59
Mammoth Twister Tug With Ball,,746772530085,Toys,,,,0.00,$7.63
Tropiclean Hot Spot Spray,,645095008670,Healthcare,,,,3.00,$14.69
Milkbone Yogart 12oz,,079100221608,Dog Treats,,,,1.00,$7.63
Fildcrest Twist Bacon 10pk,,810002633362,Dog Treats,,,,2.00,$8.73
Tetra Pond Vibrance 2.42lb,,046798164852,Aquatics,,,,3.00,$38.84
Flukerts 75 Gallon Screen Cover,,091197380099,Reptiles,,,,1.00,$68.24
Flukers Repta Vine Coleus,,0911975168,Reptiles,,,,1.00,$29.39
Lee Lagoon Kidney 14 inch,,010838201401,Reptiles,,,,24.99,$26.24
Komodo Longan Leaves,,784369934304,Reptiles,,,,2.00,$10.49
Zoo Med Moonlight 100 Watt,Zoo Med,097612391107,Reptiles,,,,2.00,$20.99
Zoo Med Mealworm Feeder,Zoo Med,097612622201,Reptiles,,,,2.00,$6.54
Zoo mewd Outback Orange Vita Sand,Zoo Med,097612762556,Reptiles,,,,1.00,$16.79
Carefresh Confetti 23L Animal,,066380004243,Small,,,,2.00,$26.24
Nibble Log Cabin large Animal,A&E,644472014488,Small,,,,0.00,$25.19
Victor Lamb & Rice 5lb,VICTOR,894308002114,Dog Food,Bag,,5lb,2.00,$2.10
kong Bendeez Elephant,Kong,035585533100,Toys,,,,1.00,$16.79
Penn Plax XS Glow-Pod,Penn-Plax,003017207959,Aquatics,,,,1.00,$10.49
Aquatop Skyaqua Mini,Aquatop,810281011868,Aquatics,,,,2.00,$41.99
Round Lake Farms Adult Round Lake Guinea Pig 8 lb.,Animal,850032686327,Small,,,,0.00,$29.39
Value Pak Yellow 21/8,Valu-Pak,071898431856,Dog Food,Bag,,50lb,13.00,$31.49
Reptomin Select a Food,Tetra,046798786269,Reptiles,,,,2.00,$14.69
Exo Terra Moss Ball,Exo Terra,015561224789,Reptiles,,,,3.00,$9.44
Eco Bedding 10 liter Animal,,767044024019,Small,,,,2.00,$13.64
Smakers Parakeet Egg Supplies,,644472003345,Bird,,,,2.00,$6.54
Kong Soccer Ball XS 3pk,,035585539232,Toys,,,,1.00,$7.63
Nylabone Foofball,Nylabone,018214848660,Toys,,,,1.00,$13.64
Nylabone Chew Ring XL,Nylabone,018214859765,Toys,,,,0.00,$15.74
Hikari Pak Attack Food 1.41oz,Hikari,042055193375,Reptiles,,,,2.00,$9.44
Sphagnum Moss,Galapagos,759834052036,Reptiles,,,,1.00,$18.89
Zoo Med Show Jumbo Flat,Zoo Med,097612210149,Reptiles,,,,0.00,$73.49
Zoo Medf Electrolyte Soak,Zoo Med,097612800210,Reptiles,,,,1.00,$10.49
Russel Munchers Friends Farm,Tiny Animal,730582205479,Small,,,,1.00,$5.45
A & E Nibble Garden Pops,A&E Animal,644472993790,Small,,,,0.00,$3.27
Flightless Fruit Fly 50 ct Culture eders,Reptiles/Fe,470111902225,Live,Bugs,,,0.00,$7.27
Pacaifi Perch Supplies,,048081010068,Bird,,,,-1.00,$12.59
12'' Thick Bully,,851265004407,Dog Treats,,,,-1.00,$12.59
Prevue Small Animal Cage,Animal,048081015278,Small,,,,1.00,$52.49
Prevue Animal Tubby Animal,,048081005224,Small,,,,0.00,$52.49
Prevue Small Animal Tubby,Animal,048081005217,Small,,,,0.00,$36.74
Hamster Haven 3 Story Animal,,048081020128,Small,,,,0.00,$62.99
Victor Elite 40lb,VICTOR,894308002831,Dog Food,Bag,,40lb,2.00,$60.89
Sure Grow 100ct,PetAg,756042314499,Healthcare,,,,1.00,$22.04
The Bear Frozen Bacon & Peanutbutter,,852874005021,Dog Treats,,,,7.00,$3.27
The Bear Frozen Bannana & Peanut,,852874005113,Dog Treats,,,,7.00,$3.27
Playpen Mat Cover Animal,Prevue,048081400982,Small,,,,3.00,$24.14
Prevue Mr Bean Supplies,Prevue,048081621899,Bird,,,,4.00,$8.73
cage Animal,,048081055236,Small,,,,1.00,$83.99
cage Animal,,048081005248,Small,,,,3.00,$83.99
bird cage Supplies,,048081018149,Bird,,,,3.00,$73.49
Tiki Cat Aloah Friends,Tiki Cat,693804400048,Cat Food,Can,oz,,-9.00,$1.84
Pet Kore Groom Bug Large,,810058780294,Healthcare,,,,0.00,$20.99
Magick Coat Puppy Slicker Brush,,045663113452,Healthcare,,,,0.00,$16.79
Naturals Gorilla Supplies,Prevue,048081628041,Bird,,,,1.00,$52.49
Prevue Akimbo Supplies,Prevue,048081609538,Bird,,,,1.00,$11.54
Prevue Large Rope Ladder,Prevue Supplies,048081628072,Bird,,,,0.00,$22.04
Prevue Finch Box Supplies,Prevue,048081111017,Bird,,,,1.00,$12.59
Prevue Natural Perch 12in,Supplies,048081010419,Bird,,,,2.00,$15.74
Y Branch Perch 12in Supplies,Prevue,048081010518,Bird,,,,2.00,$18.89
Snuggle Sack Small Supplies,Prevue,048081311677,Bird,,,,1.00,$8.73
Mineral Dice Block Supplies,,048081623909,Bird,,,,4.00,$7.63
Finch Bamboo Nest Supplies,Prevue,048081011546,Bird,,,,2.00,$6.54
Playtop Bird Home Supplies,Prevue,048081315224,Bird,,,,1.00,$514.49
Prevue Rustic Rolls Supplies,Prevue,048081625422,Bird,,,,2.00,$5.45
Kong Knots Fox MD/LG,Kong,035585402055,Toys,,,,0.00,$17.84
Kong Scrunch Racoon,Kong,035585454399,Toys,,,,1.00,$17.84
Just For Puppy Treat,Wellness,076344896142,Dog Treats,,,,4.00,$6.54
Health Bar Mini Bacon,Blue Buffalo,840243154296,Dog Treats,,,,4.00,$9.44
Rainbow Rollers Cork Supplies,A&E,644472993561,Bird,,,,0.00,$8.73
Naturvet Glucose Level 3 120ct,,797801035781,Healthcare,,,,0.00,$44.09
Redbarn Lamb 12oz,Redbarn,785184105191,Dog Food,Can,,12oz,12.00,$4.02
Chuckit Crunch Medium,Chuckit,029695507878,Toys,,,,1.00,$10.49
Puppy Starter Pack,Nylabone,018214841531,Dog Treats,,,,1.00,$15.74
Van Bowl Eco Non Skid 15oz,Vaness,079441002836,Accessories,,,,2.00,$7.63
Lizard Ladder,Zoo Med,097612610109,Reptiles,,,,1.00,$9.44
A & E Orchard Spindle Animal,A&E,644472993714,Small,,,,1.00,$5.45
Churu Meal Topper Tuna Inaba w Salmon,,810100850586,Cat Treats,,,,6.00,$5.45
Kong Cracles Sardine,Kong,035585534077,Toys,,,,1.00,$8.73
Grain Free Chicken 1.75lb Freshpet,,627975010546,Dog Food,Bag,,1.75lb,0.00,$14.69
Freshpet Naturals 1lb,Freshpet,627975013431,Dog Food,Bag,,1lb,2.00,$7.34
Pangea Ultimate Silicone Pangea Eco Dish,,850005832836,Reptiles,,,,2.00,$11.54
"Reptile Systems 48"" T5 39 W 12 % Zone 3",Reptile 4,344398117008,Reptiles,,,,1.00,$41.99
Reptology Bio Sponge 70 Reptology,,030172060830,Reptiles,,,,2.00,$9.44
Zoo Med Natural Flora,Zoo Med,097612180619,Reptiles,,,,1.00,$13.64
Succulent Garden # 1,,850005832515,Reptiles,,,,0.00,$16.79
Succulent Garden # 4,,850005832546,Reptiles,,,,0.00,$16.79
Succulent Garden # 3,,850005832539,Reptiles,,,,0.00,$16.79
Reptile Hiding Cave,,000123456789,Reptiles,,,,0.00,$11.54
Exo Terra Hygrometer,Exo Terra,015561224772,Reptiles,,,,2.00,$35.69
Zoo Med Paludarium Platform,Zoo Med,097612520019,Reptiles,,,,1.00,$31.49
Flukers Purple Coleus,Flukers,091197510168,Reptiles,,,,1.00,$29.39
Exo Terra Background,Exo Terra,015561229500,Reptiles,,,,1.00,$14.69
Siamese Dumbo Rat Animals,,473831678494,Live Small,,,,-11.00,$24.99
Rptology Internal Filter 175,Reptology,030172060724,Reptiles,,,,2.00,$49.34
Reptology Turtle Topper,Reptology,030172061936,Reptiles,,,,1.00,$78.74
Zilla Rock Den,Zilla,096316117723,Reptiles,,,,0.00,$26.24
"Fresh Pet Chicken, Beef, Freshpet Salmon & Egg",,627975010416,Dog Food,Bag,lb,,1.00,$39.89
Hikari Frozen Blood Worms Cube,Hikari,042055301701,Aquatics,,,,0.00,$7.63
A&E Seed Catcher Small A & E Supplies,,644472017342,Bird,,,,1.00,$9.44
Hermit Crab Kit,,759834053552,Reptiles,,,,1.00,$19.94
Wild Harvest Healthy Crunch Bars,Wild Supplies,026851993162,Bird,,,,3.00,$7.63
Hills Feline Sensitve Variety,,052742085883,Cat Food,Can,oz,,0.00,$26.15
Hills Dog Variety 5.8oz Diet,Science,052742085869,Dog Food,Can,,5.8oz,1.00,$32.69
Hills Sensitive Salmon 24lb,Science Diet,052742086453,Dog Food,Bag,,24lb,1.00,$73.49
Hill's Adult Sensitive Salmon,Science Diet,052742086422,Dog Food,Bag,,12lb,12.00,$48.29
Hills Sensitive Salmon 3.5lb,Science Diet,052742086385,Dog Food,Bag,,3.5lb,5.00,$22.04
Faunarium Flat Large,Exo Terra,015561223102,Reptiles,,,,1.00,$28.34
Spree Blue 24in,,027773026471,Accessories,,,,1.00,$49.34
Cuddler Bed Lavender Scent,,029695812835,Accessories,,,,1.00,$31.49
Kong Squeezz Stick Large,,035585032108,Toys,,,,1.00,$17.84
Penguin 170/330 6pk,Aqueon,047431502840,Aquatics,,,,0.00,$26.24
Driftwood Medium,Galapagos,759834052852,Aquatics,,,,1.00,$16.79
Drift6wood Large,Galapagos,759834052869,Aquatics,,,,0.00,$25.19
Litter Genie Refill Jumbo 1pk,,666594208019,Accessories,,,,1.00,$20.99
Kong Incline Pop,,035585530147,Toys,,,,0.00,$13.64
Kong Fluff Ball 2pk,Kong,035585534091,Toys,,,,1.00,$6.54
Light Weight Clay Litter 10lb,,898142002910,Accessories,,,,2.00,$19.94
Water Silver Large,,029695244063,Accessories,,,,1.00,$30.44
Kong Ziggies Large,Kong,035585009834,Dog Treats,,,,0.00,$12.59
Kong Stix Small,Kong,035585035222,Toys,,,,0.00,$8.73
Kong Crunch Ball Small 3pk,Kong,035585483023,Toys,,,,2.00,$8.73
Kong Rattlz Snail,Kong,035585533391,Toys,,,,0.00,$15.74
Kong Floppy Hippo XS,Kong,035585541037,Toys,,,,0.00,$9.44
Mammoth 3 Knot Mini,Kong,746772200681,Toys,,,,1.00,$4.36
Papaya + Coconut Wipes Tropiclean,,645095003798,Healthcare,,,,3.00,$11.54
Lamb Chop Crincle 6in,Multipet,784369483062,Toys,,,,1.00,$8.73
Badlands Boulder Small,,028023886005,Reptiles,,,,0.00,$12.59
Hallow Root Driftwood 12- Galapagos 16in,,759834055556,Reptiles,,,,1.00,$31.49
Smakers Coconut Animal,A&E,644472002768,Small,,,,0.00,$7.63
Nibble Maki Munchers Animal,A&E,644472993776,Small,,,,1.00,$15.74
adventure colar,,849910105289,Accessories,,,,-1.00,$13.64
Fiesta Ball Supplies,Prevue,048081626375,Bird,,,,1.00,$15.74
Coconut Hut w Ladder Supplies,Prevue,030172080104,Bird,,,,1.00,$20.99
Combo Kabob Supplies,Birdlife,030172013515,Bird,,,,3.00,$20.99
Preview Cage Animal,Prevue,048081005255,Small,,,,0.00,$136.49
Fruitables Skinny Minis,Fruitables,895352002280,Dog Treats,,,,1.00,$8.73
Nylabone Chicken,Nylabone,018214778134,Dog Treats,,,,1.00,$15.74
Wildbanks Premium Cocochip,,850044593101,Reptiles,,,,3.00,$36.74
Homestyle Lamb & Rice Pet,Portland,855143008426,Dog Food,Can,,9oz,4.00,$6.20
Homestyle Salmon & Rice Portland Pet,,862298000267,Dog Food,Can,,9oz,5.00,$6.20
Homestyle Pork & Potatoe,Portland Pet,862298000281,Dog Food,Can,,9oz,7.00,$6.20
Homestyle Beef & Rice Pet,Portland,862298000298,Dog Food,Can,,9oz,6.00,$6.20
Homestyle Chicken & Yams,Portland Pet,869655000274,Dog Food,Can,,9oz,7.00,$6.20
Homestyle Turkey & Yams,Portland Pet,869655000281,Dog Food,Can,,9oz,8.00,$6.20
Snif Snax Salmon Bites,Snif Snax,850003301006,Dog Treats,,,,12.00,$7.63
Snif Snax Salmon Skin,Snif Snax,850003301051,Dog Treats,,,,12.00,$7.63
Snif Snax Smoked Chicken,Snif Snax,850003301143,Dog Treats,,,,11.00,$7.63
Snif Snax Salmon Fillet,Snif Snax,850003301211,Dog Treats,,,,12.00,$7.63
Walk About Cable & Stake,,045663955007,Accessories,,,,4.00,$26.24
Tie Out Stake Cable,Four Paws,045663903008,Accessories,,,,4.00,$26.24
LSU Jersey M,,849790034655,Accessories,,,,2.00,$32.54
LSU Jersey Large,Pets First,849790034648,Accessories,,,,3.00,$32.54
New Orleans Saints Mesh Pets First Jersey XS,,849790114135,Accessories,,,,1.00,$33.59
New Orleans Saints Mesh Pets First Jersey S,,849790114111,Accessories,,,,1.00,$33.59
New Orleans Saints Tee Pets First Shirt L,,849790032071,Accessories,,,,1.00,$23.09
New Orleans Saints Tee Pets First Shirt M,,849790032088,Accessories,,,,1.00,$23.09
New Orleans Saints Hoodie Tee Shirt L,Pets First,849790025462,Accessories,,,,1.00,$26.24
New Orleans Saints Hoodie Tee Shirt M,,849790025479,Accessories,,,,1.00,$26.24
Zoo Med Reptihabitat 36x24x12,Zoo Med,097612090550,Reptiles,,,,1.00,$251.99
Zilla Delux Aquatic Turtle Zilla Kit,,096316660045,Reptiles,,,,1.00,$272.99
Exo Terra Low Large,Exo Terra,015561226110,Reptiles,,,,1.00,$209.99
Tetrafauna Deluxe Repto Tetra Habitat,,047497269268,Reptiles,,,,1.00,$419.99
Exo Terra Small Low,Exo Terra,015561226035,Reptiles,,,,1.00,$125.99
Exo Terra Faunarium,Exo Terra,015561222655,Reptiles,,,,2.00,$22.04
Zoo Med Paludarium 12x12x24,Zoo Med,097612090604,Reptiles,,,,1.00,$104.99
Exo Terra S Tall,Exo Terra,015561244053,Reptiles,,,,1.00,$199.49
Puppy Ring Pumkin 3ct,N-Bone,657546113024,Dog Treats,,,,3.00,$8.73
Puppy Ring Peanut Butter 3 ct,,657546912573,Dog Treats,,,,2.00,$9.44
Paludarium UVB/Plant Kit Light,,097612322385,Reptiles,,,,2.00,$70.34
Skinneeez Skunk Mini,,07723405500,Toys,,,,1.00,$11.54
Skinneeez Squirrel Mini,Sopt,077234055748,Toys,,,,1.00,$11.54
Skinneeez Octopus Extreme,Spot 7,077723454119,Toys,,,,1.00,$13.64
Skinneeez Rabbit Squeakers,Spot,077234057278,Toys,,,,1.00,$25.19
Tuffy Phrog,Tuffy,18018190794,Toys,,,,1.00,$22.04
JW Comfy Perch Supplies,JW Pet,72350356114,Bird,,,,1.00,$17.84
Tuffy Duck,Tuffy,180181908187,Toys,,,,1.00,$26.24
Magnetic Feeding Ledge,Komodo,784369933369,Reptiles,,,,1.00,$31.49
Nesting Box Parakeet Supplies,,644472014563,Bird,,,,1.00,$34.64
Chuckit Fetch Stick,Chuckit,029695322150,Toys,,,,1.00,$24.14
Kong Double Tug,,035585498188,Toys,,,,0.00,$24.14
New Orleans Saints Mesh Pets First Jersey 3XL,,849790115354,Accessories,,,,2.00,$39.89
New Orleans Saints Mesh Pets First Jersey XXL,,849790114142,Accessories,,,,2.00,$37.79
New Orleans Saints Mesh Pets First Jersey XL,,849790114128,Accessories,,,,2.00,$36.74
New Orleans Saints Mesh Pets First Jersey L,,716298638237,Accessories,,,,2.00,$33.59
New Orleans Saints Mesh Pets First Jersey M,,849790114104,Accessories,,,,3.00,$33.59
New Orleans Saints Tee Pets First Shirt XL,,849790061613,Accessories,,,,2.00,$25.19
New Orleans Saints Tee Pets First Shirt S,,849790032095,Accessories,,,,1.00,$23.09
New Orleans Saints Tee Pets First Shirt XS,,849790032101,Accessories,,,,1.00,$23.09
New Orleans Saints Stripe Tee Shirt L,Pets First,849790125315,Accessories,,,,3.00,$19.94
New Orleans Saints Hoodie Tee Shirt S,Pets First,849790025486,Accessories,,,,0.00,$26.24
LSU Tee Shirt XL,Pets First,849790060654,Accessories,,,,3.00,$25.19
LSU Tee Shirt L,Pets First,849790031678,Accessories,,,,1.00,$23.09
LSU Tee Shirt M,Pets First,849790031685,Accessories,,,,1.00,$23.09
LSU Tee Shirt S,Pets First,849790031692,Accessories,,,,2.00,$23.09
LSU Tee Shirt XS,Pets First,849790031708,Accessories,,,,1.00,$23.09
LSU Stripe Tee L,Pets First,849790124356,Accessories,,,,2.00,$19.94
LSU Stripe Tee M,Pets First,849790124349,Accessories,,,,1.00,$19.94
LSU Stripe Tee S,Pets First,849790124332,Accessories,,,,3.00,$19.94
LSU Jersey XXL,Pets First,849790062641,Accessories,,,,1.00,$36.74
LSU Jersey XL,Pets First,849790022416,Accessories,,,,1.00,$35.69
LSU Jersey S,Pets First,849790034662,Accessories,,,,3.00,$32.54
LSU Jersey XS,Pets First,849790034679,Accessories,,,,3.00,$32.54
Tuesdays 6'' Thick Bully Tuesday's Natural Dog Company,,851265004391,Dog Treats,,,,-1.00,$7.63
Victor GF Lamb Sensitive VICTOR 5lb,,899944446490,Dog Food Bag,5lb,,,2.00,$16.79
Glass Canopy 48x18,,047497344859,Aquatics,,,,0.00,$64.04
Ferret Animals,,467726586643,Live Small,,,,-2.00,$399.99
Paludarium XS,Exo Terra,015561244022,Reptiles,,,,1.00,$104.99
Jake Hexagon Bed 19x19x8,,086268030508,Accessories,,,,2.00,$31.49
Quick Clean 1g Betta,Aqueon,015905001908,Aquatics,,,,1.00,$34.64
Hex Bubble LED 1G,Tetra,046798290407,Aquatics,,,,1.00,$46.19
KMR Kitten 16oz,,020279985013,Healthcare,,,,4.00,$16.79
Translucent Litter Pan Jumbo,Vaness,079441004571,Accessories,,,,1.00,$41.99
Chuckit Small 2ct,Chuckit,660048170204,Toys,,,,0.00,$13.64
Top Fill 16oz Animal,Lixit,076711006976,Small,,,,2.00,$13.64
Top Fill 32oz Animal,Lixit,076711006983,Small,,,,3.00,$15.74
Tirebitter W/Rope 6in,,746772350164,Toys,,,,1.00,$24.14
Super Bone Mini 10ct,,810359009018,Dog Treats,,,,1.00,$10.49
Yogartr Oatmeal Blueberry 4.5oz,,723633007542,Dog Treats,,,,2.00,$8.73
Yogart Pumpkin/Cranberry,,723633007580,Dog Treats,,,,1.00,$8.73
Yogart Peanut/Bannana 4.5oz,,723633007627,Dog Treats,,,,1.00,$8.73
"Chicken,Veg & Rice Stew Fromm",,72705132003,Dog Food,Can,,12.5oz,18.00,$4.13
Frommbalaya Turkey,Fromm,072705132027,Dog Food,Can,,12.2oz,8.00,$4.13
Frommbalaya Chicken 12.5oz,Fromm,072705132003,Dog Food,Can,,12.5oz,24.00,$4.13
Shorefins Betta Multicolor Penn Plax 6pc,,03017208221,Aquatics,,,,2.00,$6.54
SpongeBob Mini,,03017204053,Aquatics,,,,3.00,$6.54
Penn Plax Double Feeder,,03017210669,Aquatics,,,,4.00,$26.24
Vital Pollock & Salmon 2lb Freshpet,,851893001717,Dog Food,Bag,,2lb,1.00,$14.69
"Vital Chick,Salm Y& Beef Freshpet 1.75lb",,627975013424,Dog Food,Bag,,1.75lb,0.00,$13.64
Monkey Hammock Animal,Marshall,766501003604,Small,,,,1.00,$34.64
A & E Mat Forage Supplies,A&E,644472010930,Bird,,,,3.00,$31.49
Zymox Ear Solution,,667334211252,Healthcare,,,,0.00,$30.44
No Drip Water Bottle Animal,,076711003791,Small,,,,0.00,$20.99
KFC Vinyl Chicken Wrap,,077234332221,Toys,,,,2.00,$7.63
Birthday Treat Kong,Kong,035585014937,Dog Treats,,,,1.00,$10.49
Living World Large Habitat,Animal,080605618589,Small,,,,2.00,$146.99
Ammonia Test Strip Aqueon,Aqueon,015905002738,Aquatics,,,,2.00,$22.04
Algae Scraper 10 inch,Aquatop,810281012179,Aquatics,,,,1.00,$13.64
A & E Cage 26x14 B/W Supplies,A&E,644472009156,Bird,,,,2.00,$94.49
A & E Cage 26x14 B/GN Supplies,A&E,644472009200,Bird,,,,2.00,$94.49
A & E Spiral Blocks Supplies,A&E,644472012682,Bird,,,,1.00,$13.64
Spill Proof Mat Small Black,Loving Pets,842982073555,Accessories,,,,1.00,$11.54
Unrefined Lamb 25lb,Earthborn,034846541007,Dog Food,Bag,,25lb,1.00,$59.84
Power Walker Small Blue,,076484087967,Leashes And Collars,,,,1.00,$40.99
Power Walker XS Blue,,076484087851,Leashes And Collars,,,,0.00,$36.99
Tie Out 10' Heavy,,076484517594,Leashes And Collars,,,,0.00,$18.99
Tie Out 10' Medium,,076484890505,Leashes And Collars,,,,1.00,$15.99
Li'l Pals Mesh Toy,,076484846731,Toys,,,,1.00,$9.44
Rascals Latex Hippo,,076484830877,Toys,,,,1.00,$13.64
Li'l Pals Latex Dumbell,,076484832079,Toys,,,,1.00,$7.63
Li'l Pals Crinkle Toy,,076484842108,Toys,,,,0.00,$10.49
Li'l Pals Raccoon Ball,,076484842276,Toys,,,,1.00,$10.49
Li'l Pals Fox Ball,,076484842283,Toys,,,,1.00,$10.49
A & E Pastry Bird Toy Supplies,A&E,644472993592,Bird,,,,2.00,$10.49
A & E Patty Pile Animal,A&E,644472993813,Small,,,,1.00,$7.63
Squeakie Can Zippy Paw Zippy Paws,,810032680039,Toys,,,,0.00,$8.73
Waste Refill Bag 60ct,,632039102044,Accessories,,,,0.00,$11.54
Kong Easy Treat Liver,,035585011110,Dog Treats,,,,2.00,$10.49
Collagen With Pork 6 in Pet,Tuesday,810723034813,Dog Treats,,,,21.00,$4.36
Beef Cheek Roll 5-6 in,Tuesdays,810723032451,Dog Treats,,,,17.00,$7.63
Chicken Wrapped Tendion,Tuesdays,810723036695,Dog Treats,,,,14.00,$5.45
Collagen Sticks 6 in,Tuesdays,810723034059,Dog Treats,,,,27.00,$2.17
Gullet Sticks 6 in 6 oz,Tuesdays,851265004377,Dog Treats,,,,5.00,$13.64
Blue 14,,076484046025,Leashes And Collars,,,,0.00,$8.99
Probiotic Ear Cleaner 4oz Skout's Honor,,850004314418,Healthcare,,,,2.00,$12.59
Exoterra Daytime Heat 100 w,Exo Terra,015561221115,Reptiles,,,,1.00,$11.54
Exo Terra Daylight 100 w Exo Terra,,015561221344,Reptiles,,,,0.00,$16.79
Exo Terra Halogen 150 w Exo Terra,,015561221849,Reptiles,,,,0.00,$27.29
Exo Terra Ceramic 250 w Exo Terra,,015561220484,Reptiles,,,,0.00,$64.04
Mega Beefy Chew Sticks 10'',,853651008884,Dog Treats,,,,-2.00,$3.27
Rain Coat,,721343049456,Accessories,,,,-1.00,$13.64
Coastal Pink 12'' 301,,076484008504,Leashes And Collars,,,,-1.00,$5.19
Pet Odor Spray Sandalwood,,734366054185,Accessories,,,,-1.00,$9.44
Pet Odor Ying Yang,,734366054581,Accessories,,,,-1.00,$9.44
Coastal Red 10'' 301,,076484008214,Leashes And Collars,,,,2.00,$5.19
Hairless Rat Animals,,431276562402,Live Small,,,,-1.00,$29.99
Catit Creamy Mix 50pk,,022517444405,Cat Treats,,,,1.00,$27.29
Gravel River Smokey 5lb Estes,,034652115171,Aquatics,,,,6.00,$9.44
Algae Scraper 14in,Aqua Clear,810281012186,Aquatics,,,,1.00,$16.79
Glass Canopy 36x12,Aqueon,047497333600,Aquatics,,,,1.00,$41.99
Ladder Bendable Large Supplies,A&E,644472008678,Bird,,,,1.00,$22.04
Coastal NPK14'',,076484046131,Leashes And Collars,,,,0.00,$8.31
Coastal NPK12'',,076484046957,Leashes And Collars,,,,0.00,$8.31
Mat Fish Shaped Tan,Loving Pets,842982073593,Accessories,,,,1.00,$10.49
Mat Fish Shaped Green,Loving Pets,842982073609,Accessories,,,,1.00,$10.49
Dolce Small Pink Bowl,Loving Pets,842982075801,Accessories,,,,3.00,$4.36
Dolce Large Pink Bowl,Loving Pets,842982075825,Accessories,,,,2.00,$6.54
Dolce Small Blue Bowl,Loving Pets,842982075832,Accessories,,,,3.00,$4.36
Dolce Medium Blue Bowl Loving Pets,,842982075849,Accessories,,,,3.00,$5.45
Dolce Large Blue Bowl,Loving Pets,842982075856,Accessories,,,,3.00,$6.54
Dolce Diner Choco,Loving Pets,842982075603,Accessories,,,,4.00,$8.73
Ruff N Tuff Diner 1pt,Loving Pets,842982072176,Accessories,,,,3.00,$8.73
Loofa Squeaker Mat 6in,Multipet,784369442038,Toys,,,,2.00,$8.73
Minipet Dragon,Multipet,784369442007,Toys,,,,3.00,$8.73
Latex Candy,Multipet,784369614602,Toys,,,,3.00,$5.45
Medicine & Feeding Dropper,Lixit,076711004866,Healthcare,,,,0.00,$4.36
Coastal Comfort Soft Harness GYUXXS,And Collars,076484638053,Leashes And Collars,,,,2.00,$18.99
Plush Cupcake Blue,Zippy Paws,818786019112,Toys,,,,1.00,$10.49
Birthday Fetch Ball,Chuckit,029695601187,Toys,,,,1.00,$11.54
XS Fish Bone Puppy,Benebone,810054210337,Dog Treats,,,,1.00,$17.84
Rawhide Bone 6.5in,,810359000305,Dog Treats,,,,3.00,$5.45
Bambone Chicken 4in,,077234544884,Dog Treats,,,,1.00,$5.45
Edible Broth Ham Small Nylabone 16ct,,018214846963,Dog Treats,,,,1.00,$23.09
Jungle Canopy Plant 10in Komodo,,784369932058,Reptiles,,,,1.00,$20.99
Variegated Monstera Plant,Komodo,784369933802,Reptiles,,,,1.00,$13.64
Caladium Plant 5in,Komodo,784369933819,Reptiles,,,,0.00,$13.64
Bionic Bone,,022517978092,Toys,,,,1.00,$23.09
Aquatic Plant Fish/Plant,,440845222470,Aquatic,,,,-103.00,$0.00
Mobility Liniment 16oz,Vetericyn,818582012768,Healthcare,,,,1.00,$24.14
Vital Beef & Lamb 1.75lb,Freshpet,627975013554,Dog Food,Bag,,1.75lb,0.00,$11.54
Coastal Harness BLUXSM,And Collars,076484068416,Leashes And Collars,,,,1.00,$19.99
Coastal Harness BLLXSM,,076484648618,Leashes And Collars,,,,1.00,$26.99
Coastal Harness NPK32,,076484069666,Leashes And Collars,,,,1.00,$20.99
Coastal Harness 28GYB,,076484668005,Leashes And Collars,,,,1.00,$34.99
Coastal Harness GYBlrg,,076484698002,Leashes And Collars,,,,1.00,$39.99
Coastal Collar HTS08,,076484077500,Leashes And Collars,,,,0.00,$7.27
Coastal Collar CSF12,,076484717116,Leashes And Collars,,,,2.00,$11.99
Sunburst Leash Blue XS,,076484850622,Leashes And Collars,,,,1.00,$10.99
Sublime Leash TSK06,,076484005435,Leashes And Collars,,,,1.00,$24.99
Sumblime Collar TSV26,,076484004964,Leashes And Collars,,,,0.00,$16.99
Sublime Collar FLJ12,,076484005190,Leashes And Collars,,,,1.00,$10.99
Sublime Collar TSK12,,076484005336,Leashes And Collars,,,,1.00,$10.99
Sublime Collar TSV12,,076484005343,Leashes And Collars,,,,1.00,$10.99
Sublime Collar FLJ18,,076484004971,Leashes And Collars,,,,1.00,$12.99
Sublime Collar TSK18,,076484005138,Leashes And Collars,,,,1.00,$12.99
Sublime Collar TSV18,,076484005183,Leashes And Collars,,,,1.00,$12.99
27.99,,076484369841,Leashes And Collars,,,,1.00,$27.99
Coastal No Slip PKF22,,076484666780,Leashes And Collars,,,,1.00,$13.99
Sublime Leash TSV06,,076484005442,Leashes And Collars,,,,1.00,$24.99
Sublime Collar FLJ26,,076484004841,Leashes And Collars,,,,1.00,$15.99
Sublime Collar PRM26,,076484004919,Leashes And Collars,,,,1.00,$15.99
Sublime Collar TSK26,,076484004933,Leashes And Collars,,,,1.00,$15.99
Li'l Pals 3PK PNK Bells,,076484431876,Accessories,,,,1.00,$6.54
Li'l Pals 3PK Bells SLV,,076484431883,Accessories,,,,1.00,$6.54
Coastal NoSlip Collar PKF18,And Collars,076484407215,Leashes And Collars,,,,2.00,$12.99
pet odor candles,,734366063316,None,,,,7.00,$10.99
PET ODER CANDLES,,734366015544,Reptiles,,,,12.00,$11.54
WHITE TIMBER AIR FRESHENER,,734366054956,None,,,,3.00,$8.99
TROPICAL FIESTAAIR FRESHENER,,734366054888,None,,,,3.00,$8.99
GARDENIA DELIGHT AIR FRESHENER,,734366013519,None,,,,-2.00,$8.99
PASSIONFRUIT CANDLE,,734366063309,Reptiles,,,,10.00,$11.54
CRACKLIN FIRESIDE CANDLE,,734366016107,None,,,,11.00,$10.99
Flightless Fruit Flies Reptiles/Fe eders,,785325110015,Live,Bugs,,,0.00,$7.27
Squeakz Stick Large,Kong,035585014852,Toys,,,,3.00,$14.69
Squeakz Wheel Large,Kong,035585014890,Toys,,,,1.00,$14.69
Goodie Ribbon Large,Kong,035585356242,Toys,,,,2.00,$16.79
Twistz Hi-Viz Ring Large,,035585529257,Toys,,,,1.00,$19.94
Cleanstep Litter Pan,,723503500210,Accessories,,,,1.00,$52.49
Chuckit Flyer Medium,Chuckit,029695401541,Toys,,,,1.00,$17.84
Zilla Spot Night Red 100W,,096316131224,Reptiles,,,,3.00,$13.64
Whole Earth Farms Grain Whole Free,Earth,022808855408,Dog Food,Bag,lb,,0.00,$64.04
Gourmet Rabbit 5lb Animal,Kaytee,071859000206,Small,,,,3.00,$13.64
Juvenile Rabbit 3lb Animal,Kaytee,071859007632,Small,,,,3.00,$12.59
Crittertrail Two Animal,Kaytee,045125605259,Small,,,,1.00,$104.99
Andis Clippers,,040102247804,Accessories,,,,-1.00,$86.09
Dinovite Oral Chew medium,,838700000279,Healthcare,,,,12.00,$11.54
Dinovite Oral Chew Small,,838700000262,Healthcare,,,,12.00,$11.54
Dinovite Oral Chew Large,,838700000286,Healthcare,,,,12.00,$11.54
Dinovite Oral Chew Tiny,,838700000224,Healthcare,,,,-2.00,$11.54
Mini Nemo on Coral,,03017208052,Aquatics,,,,4.00,$6.54
Choice Puppy 12.3oz,Nutrisource,07389302510,Dog Food,Can,,12.3oz,12.00,$2.93
Choice Chicken & Barley Nutrisource 12.3oz,,073893025115,Dog Food,Can,,12.3oz,12.00,$2.93
fussy cat,,888641130542,Cat Treats,,,,0.00,$1.95
Voyager XS,,022517766095,Accessories,,,,0.00,$46.19
Cage Stand For Hanging Cages,Supplies,048081017807,Bird,,,,1.00,$52.49
Prakeet Cage Supplies,Prevue,048081000069,Bird,,,,5.00,$31.49
4oz Perch Cup Supplies,Prevue,048081012642,Bird,,,,11.00,$2.17
6oz Perch Cup 2pk Supplies,,048081011867,Bird,,,,6.00,$7.63
Cozy Coener Small Yellow,Prevue Supplies,048081411605,Bird,,,,0.00,$5.45
Cozy Corner Small Green Prevue Supplies,,048081211601,Bird,,,,0.00,$5.45
Cozy Corner Purple Medium,Prevue Supplies,048081311615,Bird,,,,1.00,$6.54
Pacific Perch Branch Small,Prevue Supplies,048081875094,Bird,,,,1.00,$9.44
Pool Table Playground,Kong,035585534084,Toys,,,,2.00,$20.99
Chuckit Launcher 25m,Chuckit,660048065005,Toys,,,,1.00,$18.89
Chuckit Launcher 18m,Chuckit,660048068006,Toys,,,,1.00,$15.74
Indigo Dog House,Petmate,029695259425,Accessories,,,,1.00,$146.99
Medicated Hot Spot Cream,Tropiclean,645095009097,Healthcare,,,,2.00,$14.69
Crimpy Pals 20in,Multipet,784369224252,Toys,,,,3.00,$14.69
Redbarn Barky Bark 10in Redbarn,,785184306017,Dog Treats,,,,47.00,$3.27
Pink 24in Crate,Mid West,027773016168,Accessories,,,,1.00,$78.74
Blue 24in Crate,Mid West,027773016175,Accessories,,,,1.00,$78.74
Mossy Stick 24in 6pk,,759834053217,Reptiles,,,,1.00,$17.84
Rewards Salmon 3lb s,Wholesome,034846550122,Dog Treats,,,,2.00,$7.63
Rewards Lamb 3lb s,Wholesome,034846550139,Dog Treats,,,,5.00,$7.63
Rewards Beefr Stick 25oz Wholesome s,,034846727043,Dog Treats,,,,3.00,$14.69
Rewards Chicken Strip 25oz,Wholesome s,034846727050,Dog Treats,,,,2.00,$14.69
Rewards Lamb Stick 25oz Wholesome s,,034846727067,Dog Treats,,,,5.00,$14.69
Rewards White Fish Stick Wholesome 25oz,s,034846727074,Dog Treats,,,,3.00,$14.69
Kitty Harness & Leash Blue Medium,Petmate And Collars,759023076140,Leashes And Collars,,,,2.00,$19.99
Kitty Harness & Leash Purple Small,Petmate,759023076164,Accessories,,,,2.00,$20.99
Kitty Harness & Leash Burgandy LG,Petmate,759023085340,Accessories,,,,2.00,$20.99
Martingale w Buckle XL Black,Coastal And Collars,076484669705,Leashes And Collars,,,,1.00,$18.99
Martingale w Buckle L Black,Coastal And Collars,076484666704,Leashes And Collars,,,,1.00,$13.99
Martingale w Buckle M Black,Coastal Pet And Collars,076484407130,Leashes And Collars,,,,1.00,$12.99
Martngale w Buckle L Blue,Coastal Pet And Collars,076484666728,Leashes And Collars,,,,1.00,$13.99
Martingale w Buckle XL Red,Coastal Pet,076484669804,Healthcare,,,,1.00,$19.94
Martingale w Buckle L Red,Coastal Pet,076484666803,Healthcare,,,,1.00,$14.69
Mesh Cat Harness & Leash Pink,Coastal Pet And Collars,076484638664,Leashes And Collars,,,,1.00,$19.99
Mesh Cat Harness & Leash Black,Coastal Pet And Collars,076484163708,Leashes And Collars,,,,1.00,$19.99
Li'l Pals Kitten,Coastal Pet,076484077784,Leashes And Collars,,,,1.00,$8.99
Safe Cat Glitter Black,Coastal Pet,076484672309,Leashes And Collars,,,,1.00,$10.99
Safe Cat Glitter Gold,Coastal Pet,076484672361,Leashes And Collars,,,,1.00,$9.99
Li'l Pals Kitten Flame,Coastal Pet,076484009839,Leashes And Collars,,,,1.00,$8.99
Reflective Harness M Green,Coastal Pet And Collars,076484668623,Leashes And Collars,,,,2.00,$38.49
Reflective Harness S Green,Coastal Pet And Collars,076484648250,Leashes And Collars,,,,1.00,$39.99
Sport Harness XXS Red,Coastal Pet,076484638060,Leashes And Collars,,,,1.00,$13.09
Advantage Carpet Spray,Bayer,724089793621,Healthcare,,,,2.00,$23.09
Choice Puppy 12.3oz,Nutrisource,073893025108,Dog Food,Can,,12.3oz,12.00,$2.82
Baydog Cooling Collar Pink,And Collars,850053133831,Leashes And Collars,,,,0.00,$15.99
Baydog Cooling Collar Blue,And Collars,850053133732,Leashes And Collars,,,,0.00,$15.99
Fluval 407 Filter,,015561104494,Aquatics,,,,1.00,$251.99
Cozie Aligator XL,Kong,035585338088,Toys,,,,1.00,$22.04
Wild Knot Bear XL,Kong,035585365008,Toys,,,,1.00,$22.04
Shieldz Tough,Kong,035585523217,Toys,,,,2.00,$16.79
Scraper Blade 3ct,Aquatop,000116032124,Aquatics,,,,2.00,$11.54
Claudias Dog Candy,,692614020026,Gift Cards,,,,1.00,$4.15
Mopani Wood 6-8in,Zoo Med,097612201918,Reptiles,,,,1.00,$9.44
Silly Links Large Supplies,A&E,644472013689,Bird,,,,3.00,$9.44
Blocks On Rope Supplies,A&E,644472990300,Bird,,,,2.00,$19.94
Tremendous Chew Bird Toy,A&E Supplies,64442991376,Bird,,,,1.00,$41.99
Spot Red 150,Zilla,096316131231,Reptiles,,,,3.00,$15.74
Cage Cleaner Small Animal,Animal,018065984708,Small,,,,3.00,$10.49
Blue Bay Pet Shampoo & Conditioner,,489893361311,Healthcare,,,,11.00,$31.49
Blue Bay Pet Mist,,421402697139,Healthcare,,,,56.00,$20.99
Mediterranean Sea Candle,Pet House,636601437824,Accessories,,,,2.00,$20.99
Mango Peach Candle,Pet House,636601437817,Accessories,,,,2.00,$20.99
Pear Orchard Candle,Pet House,794969447388,Accessories,,,,3.00,$20.99
Anna Tooth Brush Brush,,456369241200,Grooming,Tooth,,,-1.00,$7.00
Amanda Tooth Brush Brush,,431909889081,Grooming,Tooth,,,0.00,$7.00
Ashleigh Tooth Brush Brush,,476307337239,Grooming,Tooth,,,0.00,$7.00
Rachael Tooth Brush Brush,,412583311853,Grooming,Tooth,,,0.00,$7.00
Janet Tooth Brush Brush Tongs Vrasang Tongs Tongs,$11.54 $11.54 $13.64,452541497588,Grooming,Tooth,,,0.00,$7.00
Ivermectin .21oz,,745801110335,Healthcare,,,,6.00,$23.09
Chinchilla Bath Animal,Lixit,076711001896,Small,,,,2.00,$19.94
Dolce Pink Bowl Medium Loving Pets,,842982075818,Accessories,,,,3.00,$9.44
Bella Bowl XL Espresso,Loving Pets,842982074071,Accessories,,,,3.00,$14.69
Buffalo Bully Stick 6in 6pk Loving Pets,,842982056572,Dog Treats,,,,2.00,$15.74
Chicken Wrapped Bannana,Loving Pets,842982055612,Dog Treats,,,,3.00,$11.54
Chicken Wrapped Sweet Potato,Loving Pets,842982055636,Dog Treats,,,,2.00,$11.54
Latex Elephant,Multipet,784369612745,Toys,,,,2.00,$9.44
Deep Sea Teather,Multipet,784369511062,Toys,,,,3.00,$9.44
Look Whos Talking Cat,Multipet,784369364804,Toys,,,,4.00,$6.54
Cat Massage Brush,Coastal,076484043048,Healthcare,,,,1.00,$11.54
Churu Sprinkles Tuna,,810100854881,Cat Treats,,,,0.00,$5.45
Red Wisteria 8in,Fluval,080605117099,Aquatics,,,,2.00,$13.64
Launcher 12m,Chuckit,660048063001,Toys,,,,1.00,$11.54
Ceramic Crock 4in,Ethical Pet,077234061145,Accessories,,,,2.00,$7.63
Chlorhexiderm Wipes,Tropiclean,645095009516,Healthcare,,,,2.00,$12.59
Nemo on Coral Small,Penn Plax,03017208017,Aquatics,,,,2.00,$11.54
Cascade 600 Filter 2pk,Penn Plax,03017201894,Aquatics,,,,2.00,$14.69
Strong Flex Knot 14in,Ethical Pet,077234549056,Toys,,,,3.00,$15.74
Victor Beef & Veg 13.2oz VICTOR,,854524005511,Dog Food,Can,,13.2oz,12.00,$3.26
Victor Chicken & Rice 13.2oz,VICTOR,854524005542,Dog Food,Can,,13.2oz,12.00,$3.26
Vita Beef & Lentles 12lb,Nutrisource,073893181125,Dog Food,Bag,,12lb,1.00,$51.44
Lamb Grain Free,Nutrisource,073893030010,Dog Food,Can,,13oz,-2.00,$3.70
Small & Med Puppy Grain Nutrisource Free,,073893299776,Dog Food,Bag,,12lb,1.00,$44.09
Mini Pet Koalas,Multipet,784369442069,Toys,,,,3.00,$7.63
Heartland Chicken & Bison GF,Nutrisource,073893021254,Dog Food,Can,,12.3oz,12.00,$1.00
Duck Cuts In Gravy Balance,Natural,723633007030,Cat Food,Can,,2.7oz,0.00,$2.71
Automatic Fish Feeder,Shorefins,030172106699,Aquatics,,,,2.00,$13.64
Sheba Whitefish 2.65oz,Sheba,023100110240,Cat Food,Bag,,,22.00,$1.49
Lumbler Jack Ball Lg,Kong,035585507217,Toys,,,,1.00,$19.94
Eco Renew Lg 3pk,Aqueon,015905002790,Aquatics,,,,2.00,$16.79
XL Litter Scoop,Vaness,079441004335,Accessories,,,,2.00,$5.45
Esbilac 16oz,Pet Ag,020279985006,Healthcare,,,,3.00,$14.69
Oxy Antiseptic/Fungle 20oz,Tropiclean,645095008663,Healthcare,,,,2.00,$22.04
Oxy Anti Fungle 7.4oz,Tropiclean,645095009509,Healthcare,,,,2.00,$18.89
Fountain Algae Block 6pk,,046798167372,Aquatics,,,,3.00,$11.54
Pothos Plant 5in,Komodo,78469933796,Reptiles,,,,3.00,$13.64
Glofish 5 Gllon,Tetra,047497331781,Aquatics,,,,2.00,$83.99
Kradel CBD 30mg 10ct,Krandle,850015561245,Healthcare,,,,2.00,$38.84
KFC Soda W/Straw,Ethical Pet,077234332238,Toys,,,,1.00,$7.63
Fish Lick Mat,Ethical Pet,077234586235,Accessories,,,,2.00,$7.63
GloFish 3 Pack Plants,GloFish,046798292869,Aquatics,,,,1.00,$10.49
GloFish 5 Gallon 88,GloFish,100474973317,Aquatics,,,,1.00,$83.99
GloFish 10 Gallon 92,GloFish,200474973317,Aquatics,,,,1.00,$125.99
CBD Drops Toy Breed 1oz,Suzie's,728028455014,Healthcare,,,,1.00,$20.99
Pothos,Komodo,784369933796,Reptiles,,,,3.00,$13.64
Aqua-Plants 6-pc Multi- colored,Penn Plax,030172082214,Aquatics,,,,2.00,$5.45
Nemo Deco,Penn Plax,030172080524,Aquatics,,,,4.00,$6.54
Nemo Deco,Penn Plax,030172080173,Aquatics,,,,2.00,$6.54
Squidward Small,Penn Plax,030172080968,Aquatics,,,,1.00,$6.54
Spongebob Small,Penn Plax,030172040535,Aquatics,,,,5.00,$6.54
Ammonia-X,Penn Plax,030172399527,Aquatics,,,,3.00,$6.54
Cascade 600 Carbon Filter,Penn Plax,030172018947,Aquatics,,,,1.00,$14.69
Max Flow 15w,Penn Plax,810281018102,Aquatics,,,,1.00,$24.14
Kaytee Timothy Mini Hay Kaytee Bale,Animal,071859005942,Small,,,,1.00,$11.54
Skin & Coat 6oz Pure Vita Nutrisource,,073893170105,Dog Treats,,,,12.00,$8.73
Algae Pad Hand Held,API,017163001249,Aquatics,,,,2.00,$5.45
A & E Harry Monster Lg Supplies,,6444720010,Bird,,,,1.00,$47.24
Scratcher Ramp,Ethical Pet,077234521434,Accessories,,,,1.00,$33.59
Tuffy Frog,,180181907944,Toys,,,,1.00,$22.04
Reptomin 1.59oz,Tetra,046798786283,Reptiles,,,,2.00,$5.45
Hamster Cage Animal,,048081920602,Small,,,,-1.00,$73.49
Simple Rewards Blackberry,Oxbow Animal,744845973425,Small,,,,2.00,$6.54
Magic Coat Hypo- allergenic,Four Paws,045663976385,Healthcare,,,,2.00,$13.64
Betta resting Cave,Penn Plax,030172106354,Aquatics,,,,4.00,$11.53
Air Ston e Twin Pak,Penn Plax,030172332081,Aquatics,,,,3.00,$2.17
Internal Filter 400,Penn Plax,030172024320,Aquatics,,,,2.00,$36.73
Double Diner 2 Quart ferret Tunnel,Loving Pets $15.74,842982072114,Accessories,,,,3.00,$19.94
Dolce Small Chocolate,,842982075634,Accessories,,,,0.00,$8.73
Mini Skinneeeez,,077234055007,Toys,,,,-1.00,$11.54
