id,name,brand,upc
5227,Aqualife Decoscapes Large,"",618940313137
5225,"Aqualife Plant Scapes 10""","",618940313083
5219,"Aqualife Plant Scapes 14""","",618940313090
5220,"Aqualife Plant Scapes 14""","",644472014693
5223,"Aqualife Plant Scapes 8""","",030172902826
5222,"Aqualife Plant Scapes 8""","",030172102356
5217,"Aqualife Plant Scapes 8""","",048081001097
5215,"Aqualife Plant Scapes 8""","",030172902833
5214,"Aqualife Plant Scapes 8""","",030172005497
5200,"Aquatop Vibrant Pass Rose Plant 6""","",076484536090
5362,Assrt Fish Small,"",030172082764
5374,Baby Shark & fam,"",048081626344
5319,Bailey In Water Small,"",048081623992
4811,Beefhide Chew,"",097612923209
4539,Benebone Small Maplestick,"",003017210538
5898,Bone Accent Sweet Orange Extra Small,"",076484513190
5894,Camo Sweatshirt Extra Large,"",077234500071
5539,Cascade Biosponge 2pk,"",048081416143
5540,Cascade Biosponge 2pk,"",048081500415
5541,Cascade Filtapack 2pk,"",030172016271
5456,Castle Mini Blue,"",048081626078
2564,"Circle Black04"" Leash","",076484114403
2567,Circle Tan04' Leash,"",076484114441
5905,Class Cab Sweater Pink Extra Small,"",076484510694
5907,Class Cab Sweater Pink Medium,"",811794929329
5902,Class Cable Sweater Red Extra Extra Small,"",022517912461
5903,Class Cable Sweater Red Extra Large,"",035585511139
3865,"Coastal Black20"" Martingale Collar","",076484697104
2071,Coastal Cc Btr12,"",076484269349
2042,Coastal Cc Grn12,"",076484321627
2037,Coastal Cc Pnk12,"",076484266508
3284,"Coastal Collar Nbp26""","",076484774119
3282,"Coastal Collar Wdf12""","",076484954047
3719,"Coastal Lim26"" Buck Collar","",076484614200
3445,Coastal Mdw06' Leash,"",076484886626
3443,Coastal Mtn06' Leash,"",076484305663
3895,"Coastal Neon Pink20"" Mbuc Collar","",076484302466
3643,Coastal Raf06' Leash,"",015561237802
3977,"Coastal Red20"" Mbuc Collar","",076484693349
3402,Coastal Ww226 Collar,"",076484262180
5897,Cool Stripe Sweater Gray Large,"",076484510663
5835,Cosmic Hoodie Navy Extra Small,"",018214827986
207,Crested Gecko Variety Pack Zoomed,"",009761240205
5886,Dog Polo Pruple Extra Large,"",076484005640
5884,Dog Polo Purple Large,"",076484612107
5885,Dog Polo Purple Medium,"",076484005657
5883,Dog Polo Purple Small,"",076484961267
5882,Dog Polo Red Large,"",076484961281
5881,Dog Polo Red Small,"",076484632266
5893,Dog Tank Top Coral Extra Large,"",076484577178
5891,Dog Tank Top Coral Extra Small,"",076484617027
5892,Dog Tank Top Coral Small,"",076484577833
5890,Dog Tank Top Drk Green Small,"",076484004216
5889,Dog Tanktop Drk Green Large,"",076484943201
5887,Dog Tanktop Green Large,"",076484005565
5888,Dog Tanktop Pink Medium,"",076484005589
1242,Doggy Bahama Orange,"",653373805002
1241,Doggy Bahama Pink,"",653373806009
5896,Dotswt Green Large,"",076484510656
5895,Dotswt Green Medium,"",849670008189
5348,Dragon Skull Gazer Large,"",048081604229
5347,Dragon Skull Gazer Small,"",644472015232
2831,"Dura-fused Dinosaur 11"" Assorted","",077234549230
5664,Fluval Ac20 Ac30 Carbon,"",645095410022
5683,Fluval Ac20 Filter,"",018065984821
5660,Fluval Ac50 Clear Carb,"",645095006881
5673,Fluval Ac70 Ac110 Biomax,"",645095700239
1047,Happy Beaks Wood Bridge,"",644472008685
4521,Happydog Jumbo Elk Antler,"",001556121852
2508,Lilpals Extra Small Collar Black08,"",076484410048
2506,Lilpals Extra Small Collar Blu08,"",076484410062
2505,Lilpals Extra Small Collar Red08,"",076484410031
2529,Lilpals Extra Small Harness Blackpxs,"",076484638350
2497,Lilpals Small Collar Red10,"",076484322273
2530,Lilpals Small Harness Blackpsm,"",045125622904
2867,"Mammoth Medium Squeak Shark 15""","",746772750124
5814,Marina Betta Kit,"",850005524076
5587,Marineland Biofoam-prefilter,"",745858525335
5875,Moon & Stars Pj Blue Extra Extra Small,"",076484512988
5876,Moon & Stars Pj Blue Extra Large,"",076484512995
4407,Nation Cozy Cube,"",097612790214
4413,Nation Hammock Hideaway,"",096316700468
4415,Nation Hammock Hideaway,"",096316700451
4414,Nation Hammock Hideaway,"",097612008708
4403,Nation Hide & seek Tunnel,"",097612740103
2316,Naturesmiracle Stain & odor Remover,"",018065969743
4321,Nibbles Pet Chew Calcium,"",048081132043
4320,Nibbles Small Pet Chew,"",723503562027
4339,Nibbles Small Pet Chew,"",854111004033
4333,Nibbles Small Pet Chew,"",854111004460
4334,Nibbles Small Pet Chew,"",045125619812
4327,Nibbles Small Pet Chew,"",018214829270
4335,Nibbles Small Pet Chew,"",810054210061
4341,Nibbles Small Pet Chew,"",048081132067
4338,Nibbles Small Pet Chew,"",018214816218
4332,Nibbles Small Pet Chew,"",854111004026
7180,Penn Plax Feeder 3 Day,"",077234549582
7187,Penn Plax Feeder 7 Day,"",784369479140
4887,PetOdor Creamy Vanilla,"",015561224789
4893,PetOdor Lollipets,"",030172060267
5899,Plaid Sweater Red Medium,"",030172101397
5306,Plant Decor Kit 2md 4xs,"",030172012969
1101,Playfuls Club,"",04808162606
1197,Prevue Large Cage,"",048081500415
4398,Ramp Covers 3pk,"",759834053514
2676,"Rascals 3"" Hamburger","",076484093890
5773,Replacement Parts,"",797801059350
5778,Replacement Parts,"",645095002197
5900,Ribbed Chenille Sweater Red Extra Large,"",811794929138
5426,Rock Stack,"",048081620915
1938,Safari Cat Nail Trimmer,"",076484006074
1560,Safari Nail Trimmer Small Dogs,"",076484510656
5901,Shawl Collar Sweater Large Gray,"",811794929268
4647,SmartBones 24 Mini Chicken,"",096316280823
4645,SmartBones 4med Sweet Pot,"",015561220040
5880,Teddybear Hood Robe Extra Small,"",076484632273
5479,Tetra Biobag Large,"",759834050742
5480,Tetra Carbon Filter Ex20 2pk Medium,"",015561824606
7205,Tetra Glo Gravel Black Lagoon,"",180181002014
7239,Tetra Glo Orange/Yellow Plant,"",046798784074
5796,Tetra Koi Vibrance,"",797801030205
5766,Tetra Pond Pump1000 Large,"",797801036924
5765,Tetra Pond Pump550 Medium,"",797801036931
5549,Tetra Whis Bio Large 3pk,"",644472008043
5478,Tetra Whisper Filter Cartridge Medium,"",071859942704
5870,Tex Cable Sweater Sage Extra Small,"",076484467097
5874,Texcable Sweater Sage Extra Large,"",076484860003
5873,Texcable Sweater Sage Large,"",076484860010
5872,Texcable Sweater Sage Medium,"",076484741043
5871,Texcable Sweater Sage Small,"",076484468148
5904,Untucked Cab Sweet Navy Medium,"",076484510649
5908,Untucked Plaid Sweet Gray Extra Small,"",035585511115
5911,Untucked Plaid Sweet Gray Extra Small,"",811794040413
5910,Untucked Plaid Sweet Gray Large,"",811794929145
5909,Untucked Plaid Sweet Gray Medium,"",811794929251
4906,Wick Trimmer,"",097612180367
7186,Zoo Med Banquet Feeder Pleco ,"",097612119084
7313,Zoo Med Betta Log Ceramic,"",097612240504
7185,Zoo Med Mini Banquet Feeder Pleco,"",097612113006
217,Zoomed Crested Gecko Blueberry,"",9761240319
133,Zoomed Crested Gecko Can,"",9761240301
219,Zoomed Crested Gecko Plum,"",9761240315
218,Zoomed Crested Gecko Tropical.,"",009761240308
208,Zoomed Leo Gecko Value Pack,"",097612402025
888,20oz Coop Cup,A&E Cage Co,048081612262
889,30oz Coop Cup,A&E Cage Co,048081612255
4181,A & E Large Corner Shelf,A&E Cage Co,644472009064
4183,A & E Large Wooden Platform,A&E Cage Co,644472009040
874,A & E Seed Catcher Large,A&E Cage Co,644472017144
4184,A & E Small Wooden Platform,A&E Cage Co,644472009033
864,Captain Cuttlebone,A&E Cage Co,644472014693
1198,Happybeaks Bird Nest,A&E Cage Co,644472008043
7144,Api 5 in 1 Test Strip 25 Test,API,317163080337
7128,Api Accu Clear 4oz,API,317163040560
7129,Api Accu Clear 8oz,API,317163050859
7159,Api Algaefix 1.25oz,API,317163021699
7124,Api Algaefix 16oz,API,084369167153
7122,Api Algaefix 4oz,API,317163041116
7123,Api Algaefix 8oz,API,017163001218
7127,Api Ammo Lock 16oz,API,317163022696
7126,Api Ammo Lock 8oz,API,317163035795
7145,Api Ammonia Test Strip,API,317163070338
7143,Api Aqua Essential 16oz,API,317163011065
7141,Api Aqua Essential 4oz,API,317163034231
7142,Api Aqua Essential 8oz,API,317163044230
7263,Api Betta Conditioner,API,018214841043
7262,Api Bettafix,API,317163020937
7146,Api Calcium Test Kit,API,317163120699
7158,Api Em Erthromycin,API,317163160558
7157,Api General Cure,API,017163020134
5001,Api Glass Algea Scraper,API,317163001207
7195,Api Master Test Kit,API,317163120651
7117,Api Melafix 4oz,API,077234541197
7118,Api Melafix 8oz,API,317163031117
7150,Api Phosphate Test Kit,API,317163120637
7119,Api Pimafix 4oz,API,317163021781
5786,Api Pond Algaefix,API,317163050873
5782,Api Pond Pimafix,API,317163080108
5783,Api Pond Pondzyme,API,317163051429
5788,Api Pond Stress Coat,API,317163051405
7134,Api Quick Start 1oz,API,317163010891
7135,Api Quick Start 4oz,API,317163030899
7136,Api Quick Start 8oz,API,317163040898
7151,Api Root Tabs,API,317163035771
7152,Api Start Up Pack,API,317163050842
7133,Api Stress Coat 16oz,API,317163022481
7130,Api Stress Coat 1oz,API,317163010853
7131,Api Stress Coat 4oz,API,317163030851
7132,Api Stress Coat 8oz,API,317163080856
7120,Api Stress Zyme 4oz,API,317163070109
7121,Api Stress Zyme 8oz,API,317163080566
7154,Api Super Ick Cure 1.7oz,API,317163020920
7140,Api Tap Water Conditioner 16oz,API,017163003526
7137,Api Tap Water Conditioner 1oz,API,017163002529
7138,Api Tap Water Conditioner 4oz,API,017163005520
7139,Api Tap Water Conditioner 8oz,API,317163010525
504,Api Turtle Water Conditioner,API,077234548530
7156,Api pH Down,API,017163125310
7147,Api pH Test Kit,API,317163001264
7155,Api pH Up 1.25oz,API,077234549667
6420,Acana Freeze Dried Duck 14oz,Acana,076484163708
6421,Acana Freeze Dried Turkey 14oz,Acana,076484638664
7170,Acurel,Acurel,842982000056
821,Adams Flea Spray,Adams,39079058971
822,Adams Flea Spray 16floz,Adams,039079058964
820,Adams Indoor Fogger,Adams,9079059817
5045,"Aqualife 23.5"" Bend Bubble Wall",Aqualife,015561229944
5039,"Aqualife 28"" Bubble Wall",Aqualife,097612621501
5226,Aqualife Decoscapes Large,Aqualife,018940313014
5048,Aqualife Delux Airline Tube 20ft,Aqualife,015561231947
5224,"Aqualife Plant Scapes 10""",Aqualife,618940313113
5055,Aqualife Stand Airline Tube 8ft,Aqualife,059834053088
5064,Aqualife Superflex Airtube Pink 8ft,Aqualife,097612200812
5020,Aqualife Thermal-temp,Aqualife,015561228558
5492,Aquatop Cfu400 3pk Filter Pad,Aquatop,087535360694
5553,Aquatop Eliminator 7w,Aquatop,048081011515
5555,Aquatop Pf15-uv,Aquatop,018222007301
5197,"Aquatop Vibrant Gar Blue Plant 6""",Aquatop,076484228582
5165,"Aquatop Vibrant Gar Pink Plant 16""",Aquatop,021653101128
5169,"Aquatop Vibrant Gar Viol Plant 16""",Aquatop,024089792730
5198,"Aquatop Vibrant Gar Viol Plant 6""",Aquatop,076484851216
5166,"Aquatop Vibrant Pass Rose Plant 16""",Aquatop,050024364318
5177,"Aquatop Vibrant Pass Turq Plant 10""",Aquatop,039079058971
5176,"Aquatop Vibrant Pass Yellow Plant 10""",Aquatop,009079059817
5164,"Aquatop Vibrant Wild Purple Plant 16""",Aquatop,010053870426
4997,"Aqueon 21"" Led Bbl Wand",Aqueon,030172079887
7076,Aqueon 5w Heater,Aqueon,015905000697
7077,Aqueon 7.5w Heater,Aqueon,015905012300
5002,Aqueon Algea Cleaning Magnet Small,Aqueon,015561231770
7270,Aqueon Betta Beads Blue,Aqueon,018214850014
7271,Aqueon Betta Beads Pack,Aqueon,018214853046
7288,Aqueon Betta Bowl Plus,Aqueon,035585523330
7276,Aqueon Betta Light,Aqueon,035585800011
6971,Aqueon Chiclid Pellet Medium 7.5oz,Aqueon,076484428401
6972,Aqueon Cichlid Pellet Mini 4.5oz,Aqueon,076484996443
5569,Aqueon Circulation Pump 950,Aqueon,015905000833
5630,Aqueon Clip on Led,Aqueon,015905000734
5509,Aqueon Ecorenew Extra Small 3pk,Aqueon,015905002516
5507,Aqueon Ecorenew Medium 3pk,Aqueon,015905002530
5508,Aqueon Ecorenew Small 3pk,Aqueon,015905002509
7308,Aqueon Essentials Kit 29 Gallon,Aqueon,035585498485
4998,Aqueon Fomcln Pad 1pk,Aqueon,030172079894
5611,Aqueon Led Colormax Size 30,Aqueon,015905060820
5624,Aqueon Led Daywhite Size 20,Aqueon,015905060813
5627,Aqueon Led Daywhite Size24,Aqueon,015905211017
5007,Aqueon Medium Algae Magnet,Aqueon,015905061704
5511,Aqueon Phosphate Remove 10 4pk,Aqueon,015905062848
5510,Aqueon Phosphate Remove 20-75,Aqueon,071859426419
5629,Aqueon Plant Clip on Led,Aqueon,015905000727
4993,Aqueon Proscraper 3.0 Short,Aqueon,015561231725
5790,Aqueon Pure Pond Bomb 2500,Aqueon,015905002912
5791,Aqueon Pure Sludge Bomb,Aqueon,797801036993
5560,Aqueon Quietflow 5g,Aqueon,048081010723
5580,Aqueon Quietflow30,Aqueon,762177786001
5089,Aqueon Quitetflw Air Pump10,Aqueon,015905069953
5088,Aqueon Quitflow Air Pump40,Aqueon,097612009101
5527,Aqueon Replace Filter 3pk Medium,Aqueon,015905060844
5530,Aqueon Replace Filter Large 3pk,Aqueon,015905060875
5528,Aqueon Replace Filter Medium 6pk,Aqueon,015905060851
5524,Aqueon Replace Filter Small 3pk,Aqueon,015905060769
5525,Aqueon Replace Filter Small 6pk,Aqueon,015905064170
7006,Aqueon Shrimp Pellets 6.5oz,Aqueon,015905061803
7059,"Aqueon Siphon Vac /Bulb 10""",Aqueon,015905062329
5614,Aqueon T8 Colormax Size24,Aqueon,015905004503
5615,"Aqueon T8 Floramax 24""l",Aqueon,015905653541
7008,Aqueon Tropical Granules 6.5oz,Aqueon,015905060523
5005,Aqueon Twist & Click Steel Blade 3pk,Aqueon,015561231954
7054,Aqueon Water Changer 25ft,Aqueon,015905060899
7055,Aqueon Water Changer 50ft,Aqueon,015905060905
2312,Arm & Hammer Litter Fragrence Booster,Arm & Hammer,033200973027
2323,Arm & Hammer Litter Mat,Arm & Hammer,029695221507
2366,Arm & Hammer Rimmed Pan,Arm & Hammer,029695221958
1386,Banixx Paw Wipes,Banixx,97227002333
4439,"10"" Collagen Sticks Chicken",Barkworthies,097612325126
4440,"10"" Collagen Stiks Bacon",Barkworthies,097612092080
4437,"10""collagen Sticks Original",Barkworthies,759834054221
1660,Bellabowl Black Large,Bellabowl,842982074064
1663,Bellabowl Blue Large,Bellabowl,842982074118
1662,Bellabowl Blue Medium,Bellabowl,842982074095
1661,Bellabowl Blue Small,Bellabowl,842982074088
1665,Bellabowl Red Medium,Bellabowl,842982074132
1664,Bellabowl Red Small,Bellabowl,842982074125
4613,Benebone Fish Tiny 2pk,Benebone,810054210344
4615,Benebone Giant Wishbone Chicken,Benebone,854111004965
4605,Benebone Giant Zaggler Bacon,Benebone,854111004590
4602,Benebone Giant Zaggler Chicken,Benebone,854111004705
4611,Benebone Giant Zaggler Peanut Butter,Benebone,854111004620
4536,Benebone Large Bacon Stick,Benebone,854111004484
4533,Benebone Large Beef Tripe Bone,Benebone,854111004095
4541,Benebone Large Maplestick,Benebone,810054210085
4620,Benebone Large Wishbone Peanut Butter,Benebone,854111004729
4606,Benebone Large Zaggler Bacon,Benebone,854111004088
4537,Benebone Medium Bacon Stick,Benebone,854111004408
4530,Benebone Medium Beef Tripe Bone,Benebone,854111004019
4540,Benebone Medium Maplestick,Benebone,854111004477
4543,Benebone Medium Ring Bacon,Benebone,854111004002
4610,Benebone Medium Wishbone Bacon,Benebone,854111004897
4538,Benebone Small Bacon Stick,Benebone,854111004712
4614,Benebone Small Fishbone,Benebone,810054210061
4531,Benebone Small Pawplexer Bacon,Benebone,854111004460
4544,Benebone Small Puppy Wishbone Bacon,Benebone,810054210337
4618,Benebone Small Wishbone Chicken,Benebone,854111004033
4621,Benebone Small Wishbone Peanut Butter,Benebone,854111004026
6027,Voyager Pink 26.6,Best Pet Supplies,018940632405
813,Biothane Groom Flea Shampoo,Bio Groom,21653101128
4823,Bionic Ball Medium,Bionic,096316117624
4818,Bionic Bone Medium,Bionic,097612923612
4819,Bionic Bone Small,Bionic,097612923629
4815,Bionic Urban Stick Medium,Bionic,096316116603
855,Birdlife 2week Seed Feeder,Birdlife,030172902239
946,Birdlife Calcium Perch Parakeet,Birdlife,30172012938
877,Birdlife Casino Kabob,Birdlife,030172105319
1073,Birdlife Coconut with Ladder,Birdlife,30172080104
860,Birdlife Cuttle Bones 2pk,Birdlife,030172902833
859,Birdlife Small Seed/Water Fountain,Birdlife,030172005497
1011,Birdlife Swingwmirrorand Spinner,Birdlife,030172082764
6861,"Blue Buffalo 3oz Fish,Shrimp 3oz",Blue Buffalo,859610000951
6598,Blue Buffalo Bac Yard Bbq 12.5oz,Blue Buffalo,035585530086
6203,Blue Buffalo Basic Salmon 4lb,Blue Buffalo,840243105427
6204,Blue Buffalo Basic Turkey 4lb,Blue Buffalo,859610007509
6597,Blue Buffalo Beef Stew,Blue Buffalo,840243105212
4724,Blue Buffalo Beef Stix,Blue Buffalo,859610007479
4731,Blue Buffalo Biscuits Salmon,Blue Buffalo,859610007660
6869,Blue Buffalo Cat Chicken Gravy 5.5oz,Blue Buffalo,076484163845
6863,Blue Buffalo Cat Chicken Morsels,Blue Buffalo,840243140701
6826,Blue Buffalo Cat Indoor 7lb,Blue Buffalo,859610000869
6824,Blue Buffalo Cat Mature 7lb,Blue Buffalo,859610000210
6864,"Blue Buffalo Cat Ocean, Tuna 5.5oz",Blue Buffalo,840243140657
6825,Blue Buffalo Cat Senior 7lb,Blue Buffalo,840243144143
6822,Blue Buffalo Cat Wilderness Chicken 6lb,Blue Buffalo,840243104901
6870,Blue Buffalo Cat Wilderness Duck 3oz,Blue Buffalo,840243105625
6873,Blue Buffalo Cat Wilderness Salmon 5.5oz,Blue Buffalo,076484638350
6224,Blue Buffalo Chicken 5lb,Blue Buffalo,840243144075
6860,Blue Buffalo Chicken Gravy 3oz,Blue Buffalo,840243140626
6595,Blue Buffalo Chicken Stew 12.5oz,Blue Buffalo,840243105199
4725,Blue Buffalo Chicken Stix,Blue Buffalo,840243104932
6867,"Blue Buffalo Fish,Shrimp 5.5oz",Blue Buffalo,840243140664
6610,Blue Buffalo Heal Weigh 12.5oz,Blue Buffalo,035585534008
4743,Blue Buffalo Health Bars Apple,Blue Buffalo,015561224338
4736,Blue Buffalo Health Bars Beef,Blue Buffalo,840243104956
4742,Blue Buffalo Health Bars Pumpkin,Blue Buffalo,3443981210230
6596,Blue Buffalo Hunters Stew 12.5oz,Blue Buffalo,035585459332
6823,Blue Buffalo Kitten 7lb,Blue Buffalo,859610000647
6614,Blue Buffalo Lamb 12.5oz,Blue Buffalo,840243104949
4723,Blue Buffalo Lamb Stix,Blue Buffalo,840243144099
4735,Blue Buffalo Sizzler Original 6oz,Blue Buffalo,840243104963
4734,Blue Buffalo Sizzlers Cheese 15oz,Blue Buffalo,015561227148
4740,Blue Buffalo True Chews Chicken,Blue Buffalo,859610000098
6616,Blue Buffalo Turkey 12.5,Blue Buffalo,859610005901
6604,Blue Buffalo Wilderness Duck 12.5oz,Blue Buffalo,840243104864
6605,Blue Buffalo Wilderness Healthy Weight 12.5oz,Blue Buffalo,035585457048
6600,Blue Buffalo Wilderness Puppy 12.5oz,Blue Buffalo,840243101238
6602,Blue Buffalo Wilderness Senior 12.5oz,Blue Buffalo,035585524054
2193,Blue Wilderness Chick & Turkey Treat,Blue Buffalo,840243140565
2183,Blue Wilderness Chicken & Duck Cat Treats,Blue Buffalo,840243104987
2175,Blue Wilderness Chunk & Salmon Treats,Blue Buffalo,840243105359
2367,Breederselect Cat Litter 20l,Breeder Celect,9315087390205
4442,Cadet Stuff Shin Bn Large Peanut Butter,Cadet,015561225656
1561,Fast Acting Super Clot,Cardinal,736990002013
4052,Carefresh Natural 14l,Carefresh,066380004144
4056,Carefresh Natural 30l,Carefresh,066380004151
4059,Carefresh Natural 60l,Carefresh,066380004168
4053,Carefresh White 23l,Carefresh,066380004199
5097,Caribsea Cichlid 20lb Sand,CaribSea,097612930108
5099,Ecoplanted Red 20lb,CaribSea,097612091557
5537,Cascade Filter-a-pack 2pk,Cascade,048081316146
6031,Catit Black S,Catit,029904700953
2160,Catit Chicken & Liver 50pk,Catit,022517444368
2342,Catit Clean Carbon Filter,Catit,022517507056
2145,Catit Creamy Chicken & Liver 12 Pack,Catit,022517444412
2144,Catit Creamy Chicken & Shrimp 12 Pack,Catit,022517444412
1953,Catit Creamy Dish,Catit,022517438619
2147,Catit Creamy Salmon 12pk,Catit,022517444429
2143,Catit Creamy Salmon 5pk,Catit,022517444726
1955,Catit Creamy Spoon,Catit,022517438572
2146,Catit Creamy Tuna 12pk,Catit,022517444443
2330,Catit Flower Fountain Original,Catit,022517437421
2276,Catit Vesper Tunnel,Catit,022517419953
2903,Chuckit Air Fetch Ball Small 2pk,Chuckit!,029695319310
2905,Chuckit Air Fetchball Medium 2pk,Chuckit!,029695321412
2897,Chuckit Fetch & Fold 25m Launch,Chuckit!,029695507397
2895,Chuckit Launcher Junior 18m,Chuckit!,660048061007
2901,Chuckit Max Glow Large,Chuckit!,029695323140
2896,Chuckit Sport 14s,Chuckit!,660048069003
2909,Chuckit Tennis Ball Large,Chuckit!,660048000426
2902,Chuckit Ultra Tumbler,Chuckit!,029695331176
2898,Chuckt Fetchball 2pk,Chuckit!,660048194002
2548,"Circle 14"" Red 1105 Collar",Circle T,076484115547
2541,"Circle 14"" Tan 1105 Collar",Circle T,076484115561
2549,"Circle 18"" Red 1106 Collar",Circle T,076484104312
2537,"Circle 18""tan 1106 Collar",Circle T,076484104343
2577,"Circle 20"" Red 1206 Collar",Circle T,076484104510
2551,"Circle 22"" Red 1108 Collar",Circle T,076484104718
2545,"Circle 22"" Tan 1108 Collar",Circle T,076484104718
2558,"Circle Black14"" Collar",Circle T,076484115509
2560,"Circle Black18"" Collar",Circle T,076484104305
2559,"Circle Black22"" Collar",Circle T,076484104701
2561,"Circle Black24"" Collar",Circle T,076484104909
2553,"Circle Lat16"" Collar",Circle T,076484210204
2554,"Circle Lat18"" Collar",Circle T,076484118401
2555,"Circle Lat22"" Collar",Circle T,076484118524
2556,"Circle Lat24"" Collar",Circle T,076484118548
2552,"Circle Red24"" Collar",Circle T,076484104916
3781,Coasta; Pkb6' 406 Leash,Coastal,076484406034
2617,Coastal 6' Frosted Donuts 469 Leash,Coastal,076484965644
2621,Coastal 6' Llamas 469 Leash,Coastal,076484693939
2622,Coastal 6' Llamas 969 Leash,Coastal,076484009754
1791,Coastal Auto Tether,Coastal,076484986000
3352,Coastal Autumn06' 12626 Leash,Coastal,076484262296
3358,"Coastal Autumn12"" Collar",Coastal,076484262432
3359,"Coastal Autumn14"" Collar",Coastal,076484614224
3364,"Coastal Autumn26"" Collar",Coastal,076484129100
3351,Coastal Autumn6' 12926 Leash,Coastal,076483009555
1770,Coastal Black 30' Cotton Train Leash,Coastal,076484948293
3576,Coastal Black Extra Small Harness,Coastal,076484087844
3672,Coastal Black Large Pwrwalker,Coastal,076484088049
3612,Coastal Black Medium Harness,Coastal,076484890536
3670,Coastal Black Small Pwrwalker,Coastal,076484648274
3528,"Coastal Black White Stripe 12"" Collar",Coastal,076484129117
3529,"Coastal Black White Stripe 18"" Collar",Coastal,076484166686
3544,Coastal Black White Stripe Extra Extra Small Harness,Coastal,076484136030
3547,Coastal Black White Stripe Medium Harness,Coastal,076484088018
3848,Coastal Black04' 2904 Leash,Coastal,076484780400
3849,Coastal Black06' 2906 Leash,Coastal,076484807644
3851,Coastal Black06' 606 Leash,Coastal,076484044205
3876,"Coastal Black10"" 301 Collar",Coastal,076484008368
4007,"Coastal Black12"" 2912 Leash",Coastal,076484670381
3873,"Coastal Black12"" 401 Collar",Coastal,076484670251
3874,"Coastal Black12"" Buck Collar",Coastal,076484269387
3872,"Coastal Black14"" 401 Collar",Coastal,076484401367
3877,"Coastal Black14"" 4201 Collar",Coastal,076484302459
3994,"Coastal Black14"" Security Collar",Coastal,076484981258
3871,"Coastal Black16"" 401 Collar",Coastal,076484322242
3868,"Coastal Black16"" 601 Collar",Coastal,076484043345
3737,Coastal Black18 Harness,Coastal,076484266126
3867,"Coastal Black18"" 601 Collar",Coastal,076484301421
4021,"Coastal Black20"" Leash",Coastal,076484622601
3859,"Coastal Black22"" 2901 Collar",Coastal,076484166648
3748,Coastal Black24 Harness,Coastal,076484069352
3858,"Coastal Black26"" 2901 Collar",Coastal,076484369834
3857,"Coastal Black26"" Buck Collar",Coastal,076484697005
3766,Coastal Black38 Harness,Coastal,076484906953
3810,"Coastal Blue 10"" 301 Collar",Coastal,076484301025
3809,"Coastal Blue 12"" 301 Collar",Coastal,076484619021
3808,"Coastal Blue 12"" 401 Collar",Coastal,076484633119
3811,"Coastal Blue 12"" Buck Collar",Coastal,076484467394
3796,"Coastal Blue 14"" Martingale Collar",Coastal,076484668302
3738,Coastal Blue 18 Harness,Coastal,076484564529
3788,"Coastal Blue 18"" 2901 Collar",Coastal,076484633119
3795,"Coastal Blue 20"" Martingale Collar",Coastal,076484698309
3750,Coastal Blue 24 Harness,Coastal,076484633607
3784,"Coastal Blue 26"" 2901 Collar",Coastal,076484648014
3794,"Coastal Blue 26"" Martingale Collar",Coastal,076484088063
3755,Coastal Blue 30 Harness,Coastal,076484044045
3764,Coastal Blue 38 Harness,Coastal,076484630873
3777,Coastal Blue 4' 404 Leash,Coastal,076484404115
3774,Coastal Blue 6' 2906 Leash,Coastal,076484471087
3373,"Coastal Blue Bone18"" Harness",Coastal,076484401336
3575,Coastal Blue Extra Small Harness,Coastal,076484087851
3673,Coastal Blue Extra Small Pwrwalker,Coastal,076484630842
3563,Coastal Blue Large Harness,Coastal,076484946608
3676,Coastal Blue Large Pwrwalker,Coastal,076484088063
3601,Coastal Blue Medium Harness,Coastal,076484088032
3675,Coastal Blue Medium Pwrwalker,Coastal,076484564529
3582,Coastal Blue Small Harness,Coastal,076484062049
3674,Coastal Blue Small Pwrwalker,Coastal,076484668302
3941,Coastal Blue04' 604 Leash,Coastal,076484044366
3936,Coastal Blue06' 2906 Leash,Coastal,076484807761
3956,"Coastal Blue10"" 301 Collar",Coastal,076484850202
4009,"Coastal Blue12"" 2912 Leash",Coastal,076484067860
3954,"Coastal Blue12"" 401 Collar",Coastal,076484677519
3953,"Coastal Blue14"" 401 Collar",Coastal,076484034558
3952,"Coastal Blue16"" 401 Collar",Coastal,076484662225
3949,"Coastal Blue16"" 601 Collar",Coastal,076484043543
3993,"Coastal Blue16"" Training Collar",Coastal,076484043345
3735,Coastal Blue18 Harness,Coastal,076484688331
3948,"Coastal Blue18"" 601 Collar",Coastal,076484043543
3946,"Coastal Blue18"" 901 Collar",Coastal,076484059155
3992,"Coastal Blue22"" Training Collar",Coastal,076484560040
3747,Coastal Blue24 Harness,Coastal,076484668036
3945,"Coastal Blue26"" Buc Collar",Coastal,076484954177
3944,"Coastal Blue26"" Mbuc Collar",Coastal,076484706569
3760,Coastal Blue30 Harness,Coastal,076484634598
4010,"Coastal Blue36"" Coupler",Coastal,076484609345
3604,Coastal Blue3xs Harness,Coastal,076484163869
3636,Coastal Bzs06' Leash,Coastal,076481948454
3647,"Coastal Bzs12"" Collar",Coastal,076484850219
3646,"Coastal Bzs14"" Collar",Coastal,076484954078
3657,"Coastal Bzs20"" Collar",Coastal,076484954108
3656,"Coastal Bzs26"" Collar",Coastal,076484761058
3381,Coastal Cam06 Leash,Coastal,076484954207
2088,Coastal Cat Soft Mesh Harness Black,Coastal,076484706670
2087,Coastal Cat Soft Mesh Harness Blue,Coastal,076484029752
2084,Coastal Charm Black18,Coastal,076484166686
2079,Coastal Charm Combo Blue Extra Small,Coastal,076484087943
2085,Coastal Charm Combo Red Extra Small,Coastal,076484087875
2074,Coastal Charm Sob18,Coastal,076484763403
3290,"Coastal Collar Biothane Red24""",Coastal,076484147128
3291,"Coastal Collar Biothane Ylw14""",Coastal,076484769764
3288,"Coastal Collar Biothane Ylw21""",Coastal,076484640100
3209,"Coastal Collar Black Bones 12""""",Coastal,076484551048
3206,"Coastal Collar Black Skulls 12""""",Coastal,076484397103
2035,Coastal Collar Black12,Coastal,076484670398
2043,Coastal Collar Blue 12,Coastal,076484688300
2036,Coastal Collar Blue12,Coastal,076484269370
3311,"Coastal Collar Bmb12""",Coastal,009631609951
3302,"Coastal Collar Bmb18""",Coastal,076484162558
3301,"Coastal Collar Bmb26""",Coastal,076484954191
2020,Coastal Collar Bsr12,Coastal,009631609951
3215,"Coastal Collar Btd14""",Coastal,076484126120
3198,"Coastal Collar Btd26""",Coastal,076484239533
2045,Coastal Collar Btr12,Coastal,076484701610
2021,Coastal Collar Cmo12,Coastal,076484262463
2029,Coastal Collar Csf12,Coastal,009631609951
3217,"Coastal Collar Csr12""",Coastal,076484621628
3216,"Coastal Collar Csr14""",Coastal,076484954122
3201,"Coastal Collar Csr20""",Coastal,076484693300
3200,"Coastal Collar Csr26""",Coastal,076484093463
2066,Coastal Collar Dab12,Coastal,009631609951
2017,Coastal Collar Dmb12,Coastal,009631609951
2061,Coastal Collar Dpm12,Coastal,076484954030
2065,Coastal Collar Fhb12,Coastal,009631609951
2056,Coastal Collar Fsd12,Coastal,009631609951
2011,Coastal Collar Gbf12,Coastal,009631609951
2013,Coastal Collar Gbg12,Coastal,009631609951
2015,Coastal Collar Gbt12,Coastal,076484269394
2007,Coastal Collar Ggs12,Coastal,076484301049
2009,Coastal Collar Gls12,Coastal,009631609951
2014,Coastal Collar Goc12,Coastal,009631609951
2010,Coastal Collar Gof12,Coastal,009631609951
2012,Coastal Collar Gpl12,Coastal,009631609951
2008,Coastal Collar Gpq12,Coastal,009631609951
2040,Coastal Collar Green12,Coastal,076484761072
2033,Coastal Collar Gsa12,Coastal,009631609951
2025,Coastal Collar Gsw12,Coastal,009631609951
2059,Coastal Collar Gxn12,Coastal,076484647147
3307,"Coastal Collar Gxy12""",Coastal,076484364631
3298,"Coastal Collar Gxy18""",Coastal,001556122197
3297,"Coastal Collar Gxy26""",Coastal,076484560019
2070,Coastal Collar Hph12,Coastal,009631609951
3309,"Coastal Collar Hrw12""",Coastal,076484266553
3299,"Coastal Collar Hrw18""",Coastal,001556122197
3300,"Coastal Collar Hrw26""",Coastal,076484994142
2067,Coastal Collar Ldb12,Coastal,009631609951
2053,Coastal Collar Leb12,Coastal,076484954023
3303,"Coastal Collar Lks12""",Coastal,076484706590
3296,"Coastal Collar Lsk18""",Coastal,001556122197
3295,"Coastal Collar Lsk26""",Coastal,076484162541
3247,"Coastal Collar Lss18""",Coastal,001556122197
3220,"Coastal Collar Lss26""",Coastal,076484761027
2046,Coastal Collar Lts12,Coastal,009631609951
2049,Coastal Collar Mch12,Coastal,009631609951
2034,Coastal Collar Mgd12,Coastal,009631609951
2068,Coastal Collar Mgn12,Coastal,009631609951
2032,Coastal Collar Mpy12,Coastal,009631609951
2028,Coastal Collar Mtm12,Coastal,009631609951
3283,"Coastal Collar Nbp18""",Coastal,076484730085
3197,"Coastal Collar Nbp26""",Coastal,076484149016
3204,"Coastal Collar Pbo12""",Coastal,009631609951
3203,"Coastal Collar Pbo14""",Coastal,076484364785
3185,"Coastal Collar Pbo26""",Coastal,076484672262
2055,Coastal Collar Pby08,Coastal,076484672255
2048,Coastal Collar Pcg12,Coastal,076484467448
2064,Coastal Collar Pcr12,Coastal,076484401435
2047,Coastal Collar Pdt12,Coastal,076484471001
2016,Coastal Collar Pink 12,Coastal,076484647147
3306,"Coastal Collar Pmf12""",Coastal,009631609951
3305,"Coastal Collar Pmf18""",Coastal,001556122197
3222,"Coastal Collar Ppa12""",Coastal,009631609951
3248,"Coastal Collar Ppa18""",Coastal,001556122197
2023,Coastal Collar Prl12,Coastal,076484067273
2062,Coastal Collar Ptr12,Coastal,009631609951
2041,Coastal Collar Pur12,Coastal,009631609951
2058,Coastal Collar Raf12,Coastal,009631609951
3208,"Coastal Collar Red Bones 14""""",Coastal,076484551048
3190,"Coastal Collar Red Bones 26""""",Coastal,076484774041
2038,Coastal Collar Red12,Coastal,076484761010
2024,Coastal Collar Rfl12,Coastal,076484364655
3250,"Coastal Collar Rwp12""",Coastal,009631609951
3249,"Coastal Collar Rwp18""",Coastal,076484239519
3223,"Coastal Collar Rwp26""",Coastal,076484197307
2018,Coastal Collar Sbe12,Coastal,009631609951
2063,Coastal Collar Scb12,Coastal,076484262456
2031,Coastal Collar Shc12,Coastal,076484067501
2060,Coastal Collar Shn12,Coastal,009631609951
2039,Coastal Collar Slv12,Coastal,009631609951
2057,Coastal Collar Smw12,Coastal,009631609951
2019,Coastal Collar Sog12,Coastal,076484301063
2069,Coastal Collar Sou12,Coastal,076484148082
3207,"Coastal Collar Special Paws 12""""",Coastal,076484184802
3189,"Coastal Collar Special Paws 20""""",Coastal,076484826274
3188,"Coastal Collar Special Paws 26""""",Coastal,076484184680
2022,Coastal Collar Ste12,Coastal,076484693298
3211,"Coastal Collar Tdp12""",Coastal,076484266515
2073,Coastal Collar Tig12,Coastal,009631609951
3195,"Coastal Collar Tpd20""",Coastal,076484560033
3194,"Coastal Collar Tpd26""",Coastal,076484239540
2030,Coastal Collar Tpe12,Coastal,009631609951
3246,"Coastal Collar Tsa12""",Coastal,009631609951
3219,"Coastal Collar Tsa26""",Coastal,076484619014
2027,Coastal Collar Tzx12,Coastal,009631609951
2072,Coastal Collar Uns12,Coastal,009631609951
2050,Coastal Collar Wdf12,Coastal,009631609951
3212,"Coastal Collar Wdf12""",Coastal,009631609951
3213,"Coastal Collar Wdf14""",Coastal,076484262173
3214,"Coastal Collar Wdf20""",Coastal,076484619830
3196,"Coastal Collar Wdf26""",Coastal,076484769795
2044,Coastal Collar Wrp12,Coastal,076484623530
3244,"Coastal Collar Ybc12""",Coastal,009631609951
3245,"Coastal Collar Ybc18""",Coastal,001556122197
3218,"Coastal Collar Ybc26""",Coastal,076484954184
2051,Coastal Collar Zeb12,Coastal,009631609951
2052,Coastal Collar Zpk12,Coastal,009631609951
3420,"Coastal Crn08"" Soy Collar",Coastal,076484149054
3430,"Coastal Crn18"" Harness",Coastal,076484630309
3418,"Coastal Crn18"" Soy Collar",Coastal,076484144097
3429,"Coastal Crn24"" Harness",Coastal,076484698330
3407,"Coastal Crn26"" Soy Collar",Coastal,076484992261
3437,"Coastal Crn38"" Soy Harness",Coastal,076484149450
3376,Coastal Ctn06 Leash,Coastal,076484209819
3385,Coastal Ctn26 Collar,Coastal,076484066290
3377,Coastal Cto06 Leash,Coastal,076484046568
3393,Coastal Cto20 Collar,Coastal,076484672279
3386,Coastal Cto26 Collar,Coastal,076484146336
3450,Coastal Cyn06' Leash,Coastal,076484209840
3461,"Coastal Cyn12"" Collar",Coastal,009631609951
3460,"Coastal Cyn14"" Collar",Coastal,076484954146
3471,"Coastal Cyn18"" Collar",Coastal,076484369735
3580,"Coastal Cyn18"" Harness",Coastal,076484648076
3595,Coastal Cyn24: Harness,Coastal,076484266133
3470,"Coastal Cyn26"" Collar",Coastal,076484994265
3617,Coastal Cyn30 Harness,Coastal,076484265112
3633,"Coastal Cyn38"" Harness",Coastal,076484664540
3655,"Coastal Dbm20"" Collar",Coastal,076484761041
3446,Coastal Des06' Leash,Coastal,076484079203
3457,"Coastal Des12"" Collar",Coastal,076484266546
3467,"Coastal Des18"" Collar",Coastal,001556122197
3579,"Coastal Des18"" Harness",Coastal,076484064401
3466,"Coastal Des26"" Collar",Coastal,076484066238
3634,Coastal Dgm06' Leash,Coastal,076484209857
3645,"Coastal Dgm12"" Collar",Coastal,009631609951
3987,Coastal Extra Link,Coastal,076484630859
2627,Coastal Extra Small Aliens12 Collar,Coastal,076484351024
2626,Coastal Extra Small Dinosaurs12 Collar,Coastal,076484670282
2629,Coastal Extra Small Frosted Donuts12 Collar,Coastal,076484148082
2633,Coastal Extra Small Llamas12 Collar,Coastal,076484632655
2635,Coastal Extra Small Pineapples12 Collar,Coastal,076484632648
2631,Coastal Extra Small Unicorns12 Collar,Coastal,076484670213
3415,Coastal Fsa06' Soy Leash,Coastal,076484078465
3425,"Coastal Fsa12"" Soy Collar",Coastal,076484146015
3745,Coastal Fsa18 Harness,Coastal,076484269158
3411,"Coastal Fsa26"" Soy Collar",Coastal,076484146336
3357,Coastal Fwt06' 12926 Leash,Coastal,076484129452
3363,"Coastal Fwt14"" Collar",Coastal,076484262166
2026,Coastal Gks12,Coastal,076484067082
3572,Coastal Gray Blue Extra Small Harness,Coastal,076484638053
3606,Coastal Gray Pink Medium Hrnss,Coastal,076484864843
3588,Coastal Gray Purple Small Harness,Coastal,076484668319
3621,Coastal Gray Red Extra Extra Small Harness,Coastal,076484068423
3570,Coastal Gray Red Extra Small Harness,Coastal,076484638657
4019,"Coastal Green30"" Leash",Coastal,076484954245
2098,Coastal Harness/Leash Gray Small,Coastal,076484807688
3935,"Coastal Hunter10"" 301 Collar",Coastal,076484701634
3740,Coastal Hunter18 Harness,Coastal,076484269134
3926,"Coastal Hunter18"" 601 Collar",Coastal,001556122197
3923,"Coastal Hunter18"" 901 Collar",Coastal,076484454172
3753,Coastal Hunter24 Harness,Coastal,076484648021
3758,Coastal Hunter30 Harness,Coastal,076484445613
3765,Coastal Hunter38 Harness,Coastal,076484064579
3449,Coastal Lak06' Leash,Coastal,076484264290
3596,"Coastal Lak24"" Harness",Coastal,076484698033
3632,"Coastal Lak38"" Harness",Coastal,076484364815
3234,"Coastal Leash Black Bones 06""' 466",Coastal,076484166730
3262,"Coastal Leash Black Bones 6""' 666",Coastal,076484166723
3261,"Coastal Leash Black Bones 6""' 966",Coastal,076484166808
3255,"Coastal Leash Black Skulls 06""' 966",Coastal,076484166808
3322,"Coastal Leash Bmb06"" 46436",Coastal,0976120088007
3312,Coastal Leash Bmb06' 46336,Coastal,097612610208
3321,Coastal Leash Bmb06' 46936,Coastal,097612752045
3241,Coastal Leash Btd06' 366,Coastal,076484886602
3308,Coastal Leash Gxy06' 46336,Coastal,076484336140
3319,Coastal Leash Hrw06' 46936,Coastal,015561231381
3313,Coastal Leash Lsk06' 46936,Coastal,076484264283
3276,Coastal Leash Nbp6' 61476,Coastal,097612008708
3275,Coastal Leash Nbp6' 61976,Coastal,076484619793
3226,Coastal Leash Pbo06' 466,Coastal,076484801770
3254,Coastal Leash Pbo06' 666,Coastal,076484305649
3224,Coastal Leash Pdt06' 466,Coastal,076484774263
3316,Coastal Leash Pmf06' 46336,Coastal,015561231831
3278,Coastal Leash Ppa6' 61476,Coastal,076484147616
3277,Coastal Leash Ppa6' 61976,Coastal,076484620096
3260,"Coastal Leash Red Bones 06""' 666",Coastal,076484166778
3259,"Coastal Leash Red Bones 06""' 966",Coastal,076484774133
3280,Coastal Leash Rwp6' 61476,Coastal,097612008708
3279,Coastal Leash Rwp6' 61976,Coastal,076484197352
3236,Coastal Leash Tdp06' 466,Coastal,076484850684
3274,Coastal Leash Tsa6' 61476,Coastal,097612008708
3239,Coastal Leash Wdf06 366,Coastal,076484036699
3238,Coastal Leash Wdf06' 466,Coastal,076484466229
3266,Coastal Leash Wdf6' 666,Coastal,076484666124
3265,Coastal Leash Wdf6' 966,Coastal,076484966224
3272,Coastal Leash Ybc6' 61476,Coastal,076484009754
3271,Coastal Leash Ybc6' 61976,Coastal,076484615078
3732,"Coastal Lime 10"" 301 Collar",Coastal,076484992148
3731,"Coastal Lime 12"" 301 Collar",Coastal,076484345320
3733,"Coastal Lime 12"" 3201 Collar",Coastal,009631609951
3718,"Coastal Lime 14"" Buck Collar",Coastal,076484954054
3708,"Coastal Lime 18"" 601 Collar",Coastal,001556122197
3709,"Coastal Lime 22"" 2901 Collar",Coastal,076484262449
3710,"Coastal Lime 24"" 2901 Collar",Coastal,076484964560
3768,Coastal Lime 38 Harness,Coastal,076484638039
3568,Coastal Lime 3xs Harness,Coastal,076484638398
3698,Coastal Lime 6' 2906 Leash,Coastal,076484209802
3701,Coastal Lime 6' 306 Leash,Coastal,097612008708
3700,Coastal Lime 6' 404 Leash,Coastal,076484040481
3699,Coastal Lime 6' 906 Leash,Coastal,076484060182
3574,Coastal Lime Extra Small Harness,Coastal,076484630842
3583,Coastal Lime Small Harness,Coastal,076484668326
3382,Coastal Lsk06 Leash,Coastal,076484309649
3353,Coastal Lwo06' 12926 Leash,Coastal,076484944562
3360,"Coastal Lwo12"" Collar",Coastal,009631609951
3366,"Coastal Lwo26"" Collar",Coastal,076484672200
4002,"Coastal Mbn26"" Security Collar",Coastal,076484921629
3444,Coastal Mdw06' Leash,Coastal,076484305656
3455,"Coastal Mdw12"" Collar",Coastal,076484471025
3465,"Coastal Mdw18"" Collar",Coastal,001556122197
3597,"Coastal Mdw24"" Harness",Coastal,076484062858
3616,Coastal Mdw30 Harness,Coastal,076484266140
2583,Coastal Medium Dinosaurs20 Collar,Coastal,076484826274
2591,Coastal Medium Llamas20 Collar,Coastal,076484890512
2589,Coastal Medium Unicorns20 Collar,Coastal,076484946400
1827,Coastal Mesh Muzzle Size 2,Coastal,076484076121
1830,Coastal Mesh Muzzle Size 5,Coastal,076484076107
1831,Coastal Mesh Muzzle Size 6,Coastal,076484706770
3638,Coastal Mlm06' Leash,Coastal,076484709227
3649,"Coastal Mlm12"" Collar",Coastal,009631609951
3658,"Coastal Mlm26"" Collar",Coastal,076484619045
3442,Coastal Mtn06' Leash,Coastal,076484892608
3453,"Coastal Mtn12"" Collar",Coastal,076484351024
3463,"Coastal Mtn18"" Collar",Coastal,001556122197
3462,"Coastal Mtn26"" Collar",Coastal,076484623400
3610,Coastal Neon Pink Medium Harness,Coastal,076484892615
3883,"Coastal Neon Pink04"" 604 Collar",Coastal,076484059117
3879,Coastal Neon Pink04' 2904 Collar,Coastal,076484774089
3885,Coastal Neon Pink04' 404 Collar,Coastal,076484647154
3881,Coastal Neon Pink04' 904 Collar,Coastal,076484322266
3882,Coastal Neon Pink06' 606 Collar,Coastal,076484043505
3880,Coastal Neon Pink06' 906 Collar,Coastal,076484301438
3905,"Coastal Neon Pink10"" 301 Collar",Coastal,076484069369
3904,"Coastal Neon Pink12"" 301 Collar",Coastal,076484706714
3903,"Coastal Neon Pink12"" 401 Collar",Coastal,076484774072
3898,"Coastal Neon Pink16"" 601 Collar",Coastal,076484774058
3754,Coastal Neon Pink18 Harness,Coastal,076484035500
3897,"Coastal Neon Pink18"" 601 Collar",Coastal,076484043505
3894,"Coastal Neon Pink18"" 901 Collar",Coastal,076484746017
3889,"Coastal Neon Pink20"" 2901 Collar",Coastal,076484769917
3896,"Coastal Neon Pink20"" Buc Collar",Coastal,076484044113
3890,"Coastal Neon Pink22"" 2901 Collar",Coastal,076484043307
3741,Coastal Neon Pink24 Harness,Coastal,076484044069
3888,"Coastal Neon Pink26"" Buck Collar",Coastal,076484410024
3523,"Coastal Nsn12"" Collar",Coastal,009631609951
3448,Coastal Oce06' Leash,Coastal,076484633638
3459,"Coastal Oce12"" Collar",Coastal,009631609951
3458,"Coastal Oce14"" Collar",Coastal,076484614026
3469,"Coastal Oce18"" Collar",Coastal,076484369773
3428,"Coastal Ony18"" Harness",Coastal,076484564505
3427,"Coastal Ony24"" Harness",Coastal,076484265143
3404,"Coastal Ony26"" Collar",Coastal,076484761003
3436,"Coastal Ony30"" Soy Harness",Coastal,076484689309
3726,"Coastal Orange 12"" 301 Collar",Coastal,076484301063
3725,"Coastal Orange 12"" 401 Collar",Coastal,076484345353
3722,"Coastal Orange 12"" Buck Collar",Coastal,076484701603
3724,"Coastal Orange 14"" 401 Collar",Coastal,076484401435
3723,"Coastal Orange 16"" 401 Collar",Coastal,076484964584
3702,"Coastal Orange 18"" 601 Collar",Coastal,076484623431
3736,"Coastal Orange 18"" Harness",Coastal,076484564512
3703,"Coastal Orange 22"" 2901 Collar",Coastal,076484701627
3742,Coastal Orange 24 Harness,Coastal,076484624506
3771,Coastal Orange 38 Harness,Coastal,076484638077
3694,Coastal Orange 6' 2906 Leash,Coastal,076484029684
3697,Coastal Orange 6' 404 Leash,Coastal,076484040498
3696,Coastal Orange 6' 406 Leash,Coastal,076484731372
3695,Coastal Orange 6' 906 Leash,Coastal,076484906084
3371,"Coastal Org14"" Waterproof Collar",Coastal,076484992748
3372,"Coastal Org26"" Waterproof Collar",Coastal,076484976988
3815,"Coastal Pink Bright10"" 301 Collar",Coastal,076484774050
3812,"Coastal Pink Bright14"" 401cllr",Coastal,076484769955
3802,"Coastal Pink Bright14"" Martingale Collar",Coastal,076484774050
3813,"Coastal Pink Bright16"" 401 Collar",Coastal,076484410024
3790,"Coastal Pink Bright18"" 2901 Collar",Coastal,076484647154
3801,"Coastal Pink Bright20"" Martingale Collar",Coastal,076484769733
3792,"Coastal Pink Bright24"" 2901 Collar",Coastal,076484129162
3793,"Coastal Pink Bright26"" 2901 Collar",Coastal,076484064654
3800,"Coastal Pink Bright26"" Martingale Collar",Coastal,076484774119
3783,Coastal Pink Bright4' 306 Leash,Coastal,076484801770
3669,Coastal Pink Large Pwrwalker,Coastal,076484830907
3559,Coastal Pink Medium Harness,Coastal,076484004049
3667,Coastal Pink Small Pwrwalker,Coastal,076484648267
3553,Coastal Pink Teal Small Harness,Coastal,076484648267
3744,Coastal Pink18 Harness,Coastal,076484564536
4018,"Coastal Pink20"" No Slip",Coastal,97612009606
3749,Coastal Pink24 Harness,Coastal,076484624513
3756,Coastal Pink30 Harness,Coastal,076484069338
3518,Coastal Pkt06' Leash,Coastal,076484369889
3530,"Coastal Pkt18"" Collar",Coastal,001556122197
3536,"Coastal Pkt26"" Collar",Coastal,076484626609
3629,Coastal Purple Large Hrnss,Coastal,076484698637
3818,Coastal Purple06' 2906 Leash,Coastal,015561224789
3825,Coastal Purple06' 306 Leash,Coastal,015561224789
3823,Coastal Purple06' 604 Leash,Coastal,015561224789
3822,Coastal Purple06' 606 Leash,Coastal,015561224789
3820,Coastal Purple06' 906 Leash,Coastal,015561224789
3843,"Coastal Purple12"" 301 Collar",Coastal,076484693489
3845,"Coastal Purple12"" 401 Collar",Coastal,076484041125
3842,"Coastal Purple12"" Buck Collar",Coastal,097612180367
3841,"Coastal Purple14"" Buck Collar",Coastal,076484614194
3846,"Coastal Purple16"" 401 Collar",Coastal,076484400032
3838,"Coastal Purple16"" 601 Collar",Coastal,076484043307
3837,"Coastal Purple20"" 61601 Buc Collar",Coastal,097612180367
3836,"Coastal Purple20"" 61601 Mbuc Collar",Coastal,076484616013
3833,"Coastal Purple20"" Buck Collar",Coastal,097612180367
3751,Coastal Purple24 Harness,Coastal,076484062865
3827,"Coastal Purple26"" Buck Collar",Coastal,097612180367
3757,Coastal Purple30 Harness,Coastal,076484688324
3770,Coastal Purple38 Harness,Coastal,076484648038
3356,Coastal Pwy06' 12626 Leash,Coastal,076484262272
3355,Coastal Pwy06' 12926 Leash,Coastal,076484129445
3362,"Coastal Pwy12"" Collar",Coastal,076484401350
3368,"Coastal Pwy20"" Collar",Coastal,076484619908
3642,Coastal Raf06' Leash,Coastal,015561237802
3653,"Coastal Raf12"" Collar",Coastal,009631609951
3652,"Coastal Raf14"" Collar",Coastal,076484954085
3663,"Coastal Raf20"" Collar",Coastal,076484769962
3662,"Coastal Raf26"" Collar",Coastal,076484239557
3555,Coastal Rainbow Extra Extra Small Harness,Coastal,076484630859
3556,Coastal Rainbow Extra Small Harness,Coastal,076484632655
3557,Coastal Rainbow Small Harness,Coastal,076484068447
3514,Coastal Rbg06' Leash,Coastal,076484954221
3520,"Coastal Rbg12"" Collar",Coastal,009631609951
3525,"Coastal Rbg18"" Collar",Coastal,009631609951
3532,"Coastal Rbg26"" Collar",Coastal,076484129186
1771,Coastal Red 30' Cotton Train Leash,Coastal,076484094971
3562,Coastal Red Large Harness,Coastal,076484961274
3666,Coastal Red Large Pwrwalker,Coastal,015561224253
3561,Coastal Red Medium Harness,Coastal,076484088032
3665,Coastal Red Medium Pwrwalker,Coastal,076484668630
3560,Coastal Red Small Harness,Coastal,076484087875
3664,Coastal Red Small Pwrwalker,Coastal,076484087943
3960,Coastal Red04' 2904 Leash,Coastal,076484094959
3964,Coastal Red04' 604 Leash,Coastal,076484044014
3961,Coastal Red04' 904 Leash,Coastal,076484059964
3966,Coastal Red06' 306 Leash,Coastal,076484306051
3962,Coastal Red06' 606 Leash,Coastal,076484044212
3985,"Coastal Red10"" 301 Collar",Coastal,076484301018
4008,"Coastal Red12"" 2912 Leash",Coastal,076484067822
3984,"Coastal Red12"" Buc Collar",Coastal,076484467554
3998,"Coastal Red12"" Security Collar",Coastal,076484761065
3980,"Coastal Red14"" Mbuc Collar",Coastal,076484364730
3981,"Coastal Red16"" 401 Collar",Coastal,076484662300
3734,Coastal Red18 Harness,Coastal,076484041207
3979,"Coastal Red18"" 601 Collar",Coastal,076484043413
3974,"Coastal Red20"" Buc Collar",Coastal,076484769924
3973,"Coastal Red20"" Mbuc Collar",Coastal,076484774010
3997,"Coastal Red20"" Security Collar",Coastal,076484619915
3975,Coastal Red20' 901 Collar,Coastal,076484147135
3971,"Coastal Red22"" 2901 Collar",Coastal,076484720086
3746,Coastal Red24 Harness,Coastal,076484265136
4013,"Coastal Red24"" Coupler",Coastal,076484906946
3969,"Coastal Red26"" 2901 Collar",Coastal,076484021240
3968,"Coastal Red26"" Buc Collar",Coastal,076484301445
3967,"Coastal Red26"" Mbuc Collar",Coastal,076484609316
3996,"Coastal Red26"" Security Collar",Coastal,076484184710
4020,"Coastal Red30"" Leash",Coastal,076484092817
4011,"Coastal Red36"" Coupler",Coastal,076484689002
3640,Coastal Shb06' Leash,Coastal,076484769986
3651,"Coastal Shb12"" Collar",Coastal,009631609951
3650,"Coastal Shb14"" Collar",Coastal,076484954092
3423,"Coastal Sla08"" Soy Collar",Coastal,076484774027
3421,"Coastal Sla18"" Soy Collar",Coastal,076484954153
3410,"Coastal Sla26"" Soy Collar",Coastal,076484149016
3438,"Coastal Sla30"" Soy Harness",Coastal,076484264504
3439,"Coastal Sla38"" Soy Harness",Coastal,076484149542
3515,Coastal Sls06' Leash,Coastal,076484769979
3521,"Coastal Sls12"" Collar",Coastal,076484471032
3526,"Coastal Sls18"" Collar",Coastal,076484616464
2634,Coastal Small Llamas14 Collar,Coastal,076484089800
2632,Coastal Small Unicorns14 Collar,Coastal,076484632648
3542,Coastal Snake Print Small Harness,Coastal,076484668333
3513,Coastal Snp06' Leash,Coastal,076484204661
3519,"Coastal Snp12"" Collar",Coastal,076484364624
3524,"Coastal Snp18"" Collar",Coastal,076484643149
3531,"Coastal Snp26"" Collar",Coastal,076484560026
1820,Coastal Soft Basket Muzzle Size 1,Coastal,076484136085
1821,Coastal Soft Basket Muzzle Size 2,Coastal,076484136078
1823,Coastal Soft Basket Muzzle Size 4,Coastal,076484136061
1824,Coastal Soft Basket Muzzle Size 5,Coastal,076484136108
1825,Coastal Soft Basket Muzzle Size 6,Coastal,076484136054
3537,Coastal Solid Extra Extra Small Harness,Coastal,076484087868
3538,Coastal Solid Small Harness,Coastal,076484638367
3516,Coastal Suf06' Leash,Coastal,076484129476
3522,"Coastal Suf12"" Collar",Coastal,009631609951
3527,"Coastal Suf18"" Collar",Coastal,001556122197
3761,Coastal Tel30 Harness,Coastal,076484143410
3772,Coastal Tel38 Harness,Coastal,076484648069
3380,Coastal Ww206 Leash,Coastal,097612008708
3400,Coastal Ww214 Collar,Coastal,076484670374
3396,Coastal Ww220 Collar,Coastal,076484670725
3401,Coastal Ww222 Collar,Coastal,076484773105
3397,Coastal Ww224 Collar,Coastal,076484730122
3389,Coastal Ww226 Collar,Coastal,076484633157
3390,"Coastal Ww226"" Leash",Coastal,097612008708
3379,Coastal Ww406 Leash,Coastal,076484039508
3399,Coastal Ww414 Collar,Coastal,076484623424
3388,Coastal Ww426 Collar,Coastal,076484066283
3378,Coastal Ww506 Leash,Coastal,076483009555
3398,Coastal Ww514 Collar,Coastal,076484421624
3394,Coastal Ww520 Collar,Coastal,076484643354
3387,Coastal Ww526 Collar,Coastal,076484063077
3374,Coastal Wwl06 Leash,Coastal,076484300400
3375,Coastal Wwo06 Leash,Coastal,076484886603
5300,Cichlid Hut,Cobalt Aquatics,048081010051
1943,Comfortzone Cat Calming Kit,Comfort Zone,039079003377
5236,Crazycat Kitten Wrmer 4oz,Crazy Cat,044472017632
4713,Crazy Dog Mini Bacon,Crazy Dog,096316671546
4715,Crazy Dog Mini Beef,Crazy Dog,096316671447
6083,Diamond Grain Free Frozen 28lb,Diamond,026716800000
4650,Dingo Munchy Stix 10pk,Dingo,097612343182
1550,Dirty Dog Door Mat,Dog Gone Smart,849670008189
2837,Dogslife Fleece Slipper,Dog Life,030172024726
5232,Durvet Triple Wormer 12pk Chw Puppy,Durvet,048081008218
5233,Durvet Worm Ease Liquid 8oz,Durvet,096316700116
6331,Earthborn Coastal Catch 25lb,Earthborn,034846540208
815,Advantage Shampoo Cat,Elanco,24089792730
5103,Stoney River Carribean Sand 5lb,Estes,015561226042
5104,Stoney River Java Sand 5lb,Estes,097612090512
5126,Stoneyriver Beach 5lb,Estes,097612091069
5124,Stoneyriver Cherokee,Estes,097612091014
5123,Stoneyriver Jumbo Neautral 5lb,Estes,097612091267
2302,1qt Mirror Finish Ss Dish,Ethical Pet,077234060629
2303,2qt Mirror Finish Ss Dish,Ethical Pet,077234060629
4547,"Bam-bones + 5"" Tripod Bison",Ethical Pet,009761262154
4546,"Bam-bones + Stick 5.25"" Chick",Ethical Pet,009631667110
4548,"Bam-bones 5.75""",Ethical Pet,009761262153
4552,"Bam-bones Wishbone 7"" Chicken",Ethical Pet,005000583283
2835,Spot Ball Ina Bottle,Ethical Pet,077234549582
2836,Spot Double Knot Tug String Flex,Ethical Pet,77234549056
2832,"Spot Fluff Ball 8.5""",Ethical Pet,077234549278
1716,"7.50"" Stoneware Crock Dog Dish",Ethical Products,077234061176
4550,Bam-Bone Dental 5.75 Peanut Butter Flavor,Ethical Products,077234546260
4551,Bam-Bone Dental 7.5 X-Bone Apple,Ethical Products,005000583287
4553,"Bam-Bone Wishbone 7"" Bacon",Ethical Products,005003967285
4555,Bambne Wishbone 5.25 Bacon,Ethical Products,077234543184
4554,Bambne Wishbone 5.25 Chicken,Ethical Products,005003967289
2789,KFC Chicken Box,Ethical Products,077234332313
2787,KFC Famous Bowl,Ethical Products,077234332245
2790,KFC Fries & Drummette 2pk,Ethical Products,077234332290
2202,KFC Sauce & Drumstick,Ethical Products,077234332214
649,Exo Terra Corner Cave Small,Exo Terra,015561220811
156,Exoterra Aquatize,Exo Terra,1556121979
160,Exoterra Calcium + D3,Exo Terra,1556121852
148,Exoterra Calcium Liquid,Exo Terra,1556121851
72,Exoterra Canopy Worm Dish,Exo Terra,15561228039
232,Exoterra Ceramic 100w,Exo Terra,001556122144
231,Exoterra Ceramic 150w,Exo Terra,001556122140
234,Exoterra Ceramic 40w,Exo Terra,1556122044
233,Exoterra Ceramic 60w,Exo Terra,001556122045
419,Exoterra Compact Top Medium,Exo Terra,015561222273
418,Exoterra Compact Top Small,Exo Terra,015561222266
422,Exoterra Day & Night Led 3w,Exo Terra,001556122126
239,Exoterra Daylight Basking 100w,Exo Terra,1556122132
242,Exoterra Daylight Basking 25w,Exo Terra,001556122195
241,Exoterra Daylight Basking 50w,Exo Terra,001556122131
240,Exoterra Daylight Basking 75w,Exo Terra,001556122132
259,Exoterra Daytime Heat 100w,Exo Terra,1556122112
258,Exoterra Daytime Heat 150w,Exo Terra,001556122114
263,Exoterra Daytime Heat 15w,Exo Terra,001556122100
262,Exoterra Daytime Heat 25w,Exo Terra,001556122102
261,Exoterra Daytime Heat 40w,Exo Terra,001556122104
260,Exoterra Daytime Heat 60w,Exo Terra,001556122110
405,Exoterra Deep Dome Small,Exo Terra,001556122729
777,Exoterra Faunarium Jumbo,Exo Terra,15561222655
588,Exoterra Forest Branch Large,Exo Terra,15561229890
235,Exoterra Halogen 100w,Exo Terra,001556122058
238,Exoterra Halogen 25w,Exo Terra,1556122197
237,Exoterra Halogen 50w,Exo Terra,1556122181
236,Exoterra Halogen 75w,Exo Terra,001556122182
289,Exoterra Heatwave Rock Large,Exo Terra,015561220040
288,Exoterra Heatwave Rock Medium,Exo Terra,015561220026
287,Exoterra Heatwave Rock Small,Exo Terra,15561220040
325,Exoterra Humidifier,Exo Terra,015561220811
322,Exoterra Humidifier Extension Kit,Exo Terra,015561242356
617,Exoterra Hygrometer,Exo Terra,15561224666
244,Exoterra Infrared Basking 100w,Exo Terra,1556122144
243,Exoterra Infrared Basking 150w,Exo Terra,001556122146
245,Exoterra Infrared Basking 75w,Exo Terra,001556122142
249,Exoterra Instense Basking 50w,Exo Terra,001665122135
247,Exoterra Intense Basking 100w,Exo Terra,1556122138
246,Exoterra Intense Basking 150w,Exo Terra,1556122140
250,Exoterra Intense Basking 25w,Exo Terra,001556122196
248,Exoterra Intense Basking 75w,Exo Terra,001556122136
783,Exoterra Large Low,Exo Terra,15561230216
778,Exoterra Large Wide,Exo Terra,15561226134
646,Exoterra Medium Wet Log,Exo Terra,015561222273
779,Exoterra Medium Wide,Exo Terra,15561230766
766,Exoterra Mini Tall,Exo Terra,015561222259
616,Exoterra Mini/Max Thermo,Exo Terra,15561224772
318,Exoterra Mister,Exo Terra,15561224918
323,Exoterra Monsoon Multi,Exo Terra,015561242011
324,Exoterra Monsoon Solo,Exo Terra,015561242011
561,Exoterra Moss Vine Small,Exo Terra,015561230704
764,Exoterra Nano Tall,Exo Terra,015561223614
253,Exoterra Nigh Heat 75w,Exo Terra,001556122059
252,Exoterra Night Heat 100w,Exo Terra,1556122126
251,Exoterra Night Heat 150w,Exo Terra,1556122059
257,Exoterra Night Heat 15w,Exo Terra,1556122120
256,Exoterra Night Heat 25w,Exo Terra,001556122120
255,Exoterra Night Heat 40w,Exo Terra,1556122058
254,Exoterra Night Heat 50w,Exo Terra,1556122114
421,Exoterra Reptile Dome Nano,Exo Terra,097612200843
397,Exoterra Repuvb100 T5 24w 3%,Exo Terra,001556122112
389,"Exoterra Repuvb100 T5 54w 3% 46""",Exo Terra,001556122133
400,Exoterra Repuvb100 T5 8w 3%,Exo Terra,001556122138
391,Exoterra Repuvb200 T5 39w 7%,Exo Terra,15561223409
572,Exoterra Rock Backround,Exo Terra,015561220026
420,Exoterra Scorpion Light 15 Led,Exo Terra,015561223652
189,Exoterra Screen Clips Large,Exo Terra,1556122730
188,Exoterra Screen Clips Small,Exo Terra,1556122729
374,Exoterra Screen Cover 10 Gal,Exo Terra,015561227117
375,Exoterra Screen Cover 15/20 Gal,Exo Terra,015561227124
376,Exoterra Screen Cover 20 Gallon Long,Exo Terra,015561227131
378,Exoterra Screen Cover 30gal,Exo Terra,15561227155
379,Exoterra Screen Cover 55 Gal,Exo Terra,015561227155
576,Exoterra Small Jungle Tree,Exo Terra,015561230704
772,Exoterra Small Low,Exo Terra,015561220002
332,Exoterra Small Waterfall,Exo Terra,15561230025
647,Exoterra Small Wet Log,Exo Terra,1556122729
426,Exoterra Solar Glo 160w,Exo Terra,15561221931
350,Exoterra Swamp 50w,Exo Terra,15561237802
383,"Exoterra T5 Top 54w 47""",Exo Terra,15561242585
347,Exoterra Thermostat 600w,Exo Terra,015561224635
661,Exoterra Trex Skull,Exo Terra,15561228565
524,Exoterra Turtle Island,Exo Terra,15561230681
344,Exoterra Uvb100 13w Tropical,Exo Terra,1556122133
342,Exoterra Uvb150 13w Desert,Exo Terra,1556122146
1562,Furminator Bathing Brush,FURminator,811794929329
1556,Furminator Large Dog Long Hair Tool,FURminator,811794929268
1555,Furminator Large Dog Short Hair Tool,FURminator,811794929138
1565,"Furminator Medium Dog, Long Hair Tool",FURminator,811794929145
1564,"Furminator Medium Dog, Short Hair Tool",FURminator,811794929251
1563,Furminator Replacement Grinding Tips,FURminator,811794040413
5879,Gardebn Gnomes Pj Pink Extra Large,Fashion Pet,660204032087
5877,Garden Gnomes Pjs Pink Extra Extra Small,Fashion Pet,660204032063
5837,Harness Coat Navy Large,Fashion Pet,660204010566
5839,Harness Hoodie Large Blue,Fashion Pet,660204032025
5836,Harness Hoodie Large Red,Fashion Pet,077234302064
5838,Polar Harness Coat Extra Small Blue,Fashion Pet,018214827962
4838,"Nothin' to Hide 10"" Large Roll Beef 2pk",Fieldcrest Farms,097612660203
4841,"Nothin' to Hide 10"" Large Roll Peanut Butter",Fieldcrest Farms,097612660050
4837,"Nothin' to Hide 5"" Small Roll Beef 2pk",Fieldcrest Farms,097612660104
4830,"Nothin' to Hide 5"" Small Rolls Chicken",Fieldcrest Farms,015561228015
4844,Nothin' to Hide Small Twist Stix Beef,Fieldcrest Farms,015561225069
4836,Nothin' to Hide Small Twist Stix Salmon,Fieldcrest Farms,030172060885
230,Flukers Calcium Mealworms,Fluker's,009119772036
211,Flukers Dragon Diet Juvenile,Fluker's,9119770060
142,Flukers High -calcium Dubia Diet,Fluker's,9119771000
179,Flukers Large Repta Leash,Fluker's,009119731004
177,Flukers Medium Repta Leash,Fluker's,009119731003
427,Flukers Mini Sun Dome,Fluker's,091197270048
139,Flukers Orange Cube,Fluker's,9119771201
149,Flukers Reptiboost,Fluker's,9119773030
167,Flukers Reptile Viatmin,Fluker's,009119731000
178,Flukers Small Repta Leash,Fluker's,009119731001
290,Flukers Sunglow Coil Bulb,Fluker's,091197230059
180,Flukers X Large Repta Leash,Fluker's,9119731004
175,Flukers Xsmall Repta Leash,Fluker's,9119731001
176,Flukers Xxsmall Repta Leash,Fluker's,9119731000
5755,Fluval 106 Impellar Cover,Fluval,091197380099
5668,Fluval Ac50 Amremove,Fluval,645095010116
5657,Fluval Ac70 Ac110 Clear Carb 2pk,Fluval,645095006843
7286,Fluval Aquarium Cleaner,Fluval,035585523361
7323,Fluval Betta Moss Ball,Fluval,035585498744
5686,Fluval Biofoam 106/107 2pk,Fluval,071860224721
5101,Fluval Biothane-stratum 4.4lb,Fluval,097612091045
6969,Fluval Bug Bite Color Enh 4.4oz,Fluval,076484996450
5734,Fluval C3 Zeo-carb 3pk,Fluval,097227002333
5654,Fluval Carbon Ac70 Ac110,Fluval,645095869066
6970,Fluval Chiclid Medium to Large 3.5 oz,Fluval,076484428418
7019,Fluval Cichlid Small to Medium 1.6oz,Fluval,076484093890
7022,Fluval Color Enhancing 1.6oz,Fluval,091197710100
5396,Fluval Decor Medium,Fluval,091197510144
5514,Fluval Flt Insert Bag Ac20,Fluval,071859426440
7188,Fluval Forceps,Fluval,091197713019
7325,Fluval Madagascar Lace,Fluval,035585499628
6976,Fluval Moss Ball,Fluval,076484996498
5640,Fluval Prism 2.0,Fluval,091197510168
7326,Fluval Red Lizard Tail Plant,Fluval,035585498553
7302,Fluval Shrimp Kit,Fluval,035585799995
7021,Fluval Tropical Small 1.6oz,Fluval,091197310027
7327,Fluval Water Trumpet Plant,Fluval,035585498959
1507,Healthy Promise Pill Disenser,Four Paws,045663019150
1842,Keep Off Repeltant,Four Paws,045663170004
1578,Magic Coat Total Knot Destroyer,Four Paws,045663975586
1264,Magiccoat Bright White,Four Paws,045663976439
1265,Magiccoat Reduces Odor,Four Paws,045663976408
1846,Wee-Wee Dispo Liner Pads 10pk,Four Paws,045663974381
1813,Weeweespringactgrss Scoop Extra Large,Four Paws,045663019150
4309,Wettail Drops,Four Paws,644472991543
6876,"Freshpet Beef,Bison 2lb",Freshpet,076484062032
6881,Freshpet Grain Free Frozen Chicken 1lb,Freshpet,627975012106
6880,"Freshpet Small Breed Chicken,Turkey,Lamb 1lb",Freshpet,076484178672
6877,Freshpet Small Breed Multi Protein 1lb,Freshpet,076484178627
6874,Freshpet Turky 2lb,Freshpet,076484638343
6889,"Freshpet Vital Grain Free Chicken,Beef,Salmon 1.75lb",Freshpet,076484104749
5841,Basic Hoodie Violet Extra Small,Frisco,035585013978
6711,From PurrSnickety Duck Liv 3oz,Fromm,072705113408
6710,From PurrSnickety Duck Stew 3oz,Fromm,072705113446
6712,From PurrSnickety Shred Chicken,Fromm,072705113484
6471,Fromm Beef & Sweet Potato 12.2oz,Fromm,072705119141
6169,Fromm Beef Frittata Veg 12lb,Fromm,076484075995
6170,Fromm Beef Frittata Veg 26lb,Fromm,076484076053
6735,Fromm Cat Adult 4lb,Fromm,000338007771
6740,Fromm Cat Hasen Duckenpfeffer 10lb,Fromm,072705115938
6174,Fromm Chicken Frommage 4lb,Fromm,076484076091
6141,Fromm Chicken À La Veg 12lb,Fromm,035585081373
6140,Fromm Chicken À La Veg 4lb,Fromm,035585081359
6466,Fromm Clasic Chicken 12.5oz,Fromm,035585516004
6467,Fromm Clasic Rurk 12.5oz,Fromm,072705124107
4749,Fromm Crunchy O's Bacon,Fromm,3443981170060
4750,Fromm Crunchy O's Banana,Fromm,3443981170039
4746,Fromm Crunchy O's Blueberry,Fromm,3443981170077
4747,Fromm Crunchy O's Cheese,Fromm,015561224284
4752,Fromm Crunchy O's Pot Roast,Fromm,443983200086
6173,Fromm Game Bird Recipe Bird 26lb,Fromm,076484076084
6171,Fromm Game Bird Recipe Bird 4lb,Fromm,076484076060
6127,Fromm Gold 15lb,Fromm,035585081311
6128,Fromm Gold 30lb,Fromm,035585081212
6139,Fromm Gold Ancient 30lb,Fromm,035585081342
6129,Fromm Gold Large Breed 15lb,Fromm,035585081113
6130,Fromm Gold Large Breed 30lb,Fromm,035585081014
6131,Fromm Gold Large Breed 5lb,Fromm,035585081007
6137,Fromm Gold Senior 15lb,Fromm,035585081328
6138,Fromm Gold Senior 30lb,Fromm,035585081335
6135,Fromm Gold Weight 30lb,Fromm,854880001479
6734,Fromm Kitten 10lb,Fromm,000338007207
6476,Fromm Lamb 12.2oz,Fromm,888641136162
4755,Fromm Nutri Digestive,Fromm,015561224260
4756,Fromm Nutri Immunity,Fromm,015561223805
6751,Fromm PurrSnickety Chicken 4lb,Fromm,072705114740
6754,Fromm PurrSnickety Game Bird Recipe 10lb,Fromm,072705114429
6753,Fromm PurrSnickety Game Bird Recipe 4lb,Fromm,072705114443
6750,Fromm PurrSnickety Game Bird Recipe 6oz,Fromm,072705114405
6756,Fromm PurrSnickety Salmon 10lb,Fromm,072705116461
6749,Fromm PurrSnickitty chicken 6oz,Fromm,072705119028
6468,Fromm Shred Chicken 12oz,Fromm,072705124008
6163,Fromm Surf & Turf 4lb,Fromm,072705116546
4753,Fromm Tenderollies Bacon,Fromm,015561223812
6156,Fromm Trout 12lb,Fromm,045663182427
6477,Fromm Venison & Beef 12.2oz,Fromm,072705118724
6473,Fromm White Fish & Lentil 12.2oz,Fromm,850006715756
2125,Purr Snackitty Chicken,Fromm,072705124008
2124,Purr Snackitty Salmon,Fromm,072705124107
6833,Fussie Cat Tuna Ocean 2.82oz,Fussie Cat,076484410000
6839,"Fussie Cat Tuna, Anchovy 2.82oz",Fussie Cat,888641133116
6829,"Fussie Cat Tuna, Ocean 2.47oz",Fussie Cat,076484421839
6841,"Fussie Cat Tuna, Ocean Goat Gravy 2.47oz",Fussie Cat,076484302473
6840,"Fussie Cat Tuna, Salmon Goat Gravy 2.47oz",Fussie Cat,076484322273
6830,"Fussie Cat Tuna, Shrimp 2.47oz",Fussie Cat,076484624537
6834,"Fussie Cat Tuna, Smoked Tuna 2.82oz",Fussie Cat,076484410017
1128,Galapagos Walnut Bedding,Galapagos,759834050742
4692,Good 'n' Fun 3 Flavor Wing,Good'n'Fun,097612910261
4066,Vetrx Rabbit Aid 2oz,Goodwinol,048054800627
2153,Feline Greenies Catnip Cleans Breath,Greenies,642863111365
2155,Feline Greenies Pill Pockets Chicken,Greenies,642863104107
2154,Feline Greenies Pill Pockets Salmon,Greenies,642863021428
2151,Feline Greenies Salmon Clean Breath,Greenies,642863111396
2150,Feline Greenies Tuna Clean Breath,Greenies,642863111334
2148,Feline Greenies Tuna Healthy Indoor,Greenies,642863101403
4940,Greenies Anytime Bites Orange,Greenies,642863114434
4956,Greenies Blueberry Large 12oz,Greenies,097612300062
4953,Greenies Blueberry Petite 12oz,Greenies,642863104800
4954,Greenies Blueberry Regular 12oz,Greenies,642863041174
4952,Greenies Blueberry Teenie 12oz,Greenies,097612300086
6541,"Greenies Chicken,Duck 8/2oz",Greenies,642863117695
4951,Greenies Frsh Large 12oz,Greenies,097612500257
4950,Greenies Frsh Petite 12oz,Greenies,642863104732
4949,Greenies Frsh Teenie 12oz,Greenies,642863104725
4943,Greenies Large Orange 27oz,Greenies,642863041129
4972,Greenies Large Orange 36oz,Greenies,642863101069
4934,Greenies Orange Large 6oz,Greenies,642863102943
4938,Greenies Orange Petite 12oz,Greenies,642863104794
4935,Greenies Orange Petite 6oz,Greenies,006316680357
4937,Greenies Orange Regular 12oz,Greenies,097612520019
4939,Greenies Orange Teenie 12oz,Greenies,642863041310
4936,Greenies Orange Teenie 6oz,Greenies,642863117923
4947,Greenies Petite Orange 36oz,Greenies,642863114373
4955,Greenies Petite Puppy 12oz,Greenies,097612376005
4964,Greenies Plllpcktche Cap 15.8oz,Greenies,097612300246
4963,Greenies Pllpckt Cheese Cap 7.9oz,Greenies,097612300109
4967,Greenies Pllpckt Chicken Cap 15.8oz,Greenies,097612300314
4966,Greenies Pllpckt Chicken Cap 7.9oz,Greenies,097612327113
4965,Greenies Pllpckt Chicken Tab 3.2oz,Greenies,642863101250
4962,Greenies Pllpckt Peanut Butter Cap 15.8oz,Greenies,097612120110
4961,Greenies Pllpckt Peanut Butter Cap 7.9oz,Greenies,097612327120
4960,Greenies Pllpckt Peanut Butter Tab 3.2oz,Greenies,097612008302
4970,Greenies Pllpckt Smk Cap 15.8oz,Greenies,642863109317
4969,Greenies Pllpckt Smk Cap 7.9oz,Greenies,097612322811
4968,Greenies Pllpckt Smk Tab 3.2oz,Greenies,097612322804
4942,Greenies Regular Orange 27oz,Greenies,642863102936
4971,Greenies Regular Orange 36oz,Greenies,642863101045
6537,Greenies Small Top Beef 2oz,Greenies,859610007905
6539,Greenies Small Top Chicken & Beef 2oz,Greenies,642863117718
6540,Greenies Small Top Chicken & Green Bean 2oz,Greenies,077234521311
6538,Greenies Small Top Chicken 2oz,Greenies,642863117732
6536,Greenies Small Top Duck 2oz,Greenies,642863117824
4959,Greenies Sweet Potato Regular 12oz,Greenies,642863104817
4957,Greenies Swtpot Teenie 12oz,Greenies,642863104824
4941,Greenies Teenie Orange 27oz,Greenies,642863041266
4948,Greenies Teenie Orange 36oz,Greenies,096316680364
1452,Grizzly Omega Salmon 16oz,Grizzly Pet Products,835953003118
1129,Hari Oyster Shells,Hagen,015561824606
996,Happy Beaks Two Sided Mirror,Happy,644472015232
1476,Happy Jack Xylecide,Happy,023851013241
4902,PetOdor Happy Days Wax,Happy,097612180190
4518,Happydog Jumbo Sliced Elk Ant,Happy Dog of Cape Cod,009761213303
4513,Happydog Medium Sliced Elk Antler,Happy Dog of Cape Cod,009761284004
4512,Happydog Small Sliced Elk Antler,Happy Dog of Cape Cod,009761284008
6548,Health Extension Vitality 3.5 oz,Health Extension,077234521915
7265,Aquarium Solution Betta Revive,Hikari,042055711005
7266,Aquarium Solution Betta Ultimate,Hikari,042055711005
7264,Aquarium Solution Herbal Betta Revive,Hikari,042055711029
7110,Aquarium Solutions Prazipro 4oz,Hikari,042055732543
6951,Hikari Algae Waf1.41oz,Hikari,042055213288
6950,Hikari Algae Waffer 2.89oz,Hikari,042055214032
6949,Hikari Algae Waffer 8.8oz,Hikari,042055213073
6952,Hikari Algae Waffer Mini .77oz,Hikari,849790120303
6998,Hikari Blood Worm .42oz,Hikari,042055332019
6999,Hikari Brine Shrimp .42oz,Hikari,042055323208
6955,Hikari Crab Cuisine 1.76oz,Hikari,042055273091
6956,Hikari Fancy Guppy .77oz,Hikari,042055221023
6960,Hikari First Bites .35oz,Hikari,076484969003
6931,Hikari Frozen Baby Brine Shrimp 1.75oz,Hikari,076484065606
6921,Hikari Frozen Blood Worm 16oz,Hikari,076484108518
6929,Hikari Frozen Blood Worm 3.5 oz,Hikari,076484693519
6920,Hikari Frozen Brine Shrimp 16oz,Hikari,042055324403
6932,Hikari Frozen Brine Shrimp 3.5 oz,Hikari,076484065620
6930,Hikari Frozen Daphnia 3.5 oz,Hikari,076484693809
6928,Hikari Frozen Jumbo Blood Worm 3.5 oz,Hikari,076484693816
6919,Hikari Frozen Krill 16oz,Hikari,042055302401
6927,Hikari Frozen Mysis 3.5 oz,Hikari,076484693526
6935,Hikari Frozen Ocean Plankton 3.5 oz,Hikari,076484693540
6934,Hikari Frozen Omega Brine Shrimp 3.5 oz,Hikari,076484693854
6933,"Hikari Frozen Spirulina,Brine Shrimp 3.5 oz",Hikari,076484693564
6926,"Hikari Frozen Spirulina,Mysis 3.5 oz",Hikari,042055325509
6945,Hikari Gold Large 8.8oz,Hikari,042055044288
6944,Hikari Gold Medium 8.8oz,Hikari,042055033282
6964,Hikari Gold Mini 2.01oz,Hikari,042055046206
6943,Hikari Gold Mini 8.8oz,Hikari,042055042116
6959,Hikari Minivore 1.41oz,Hikari,042055218078
512,Hikari Mulberific Delite,Hikari,042055206310
6961,Hikari Shrimp Cuisine .35oz,Hikari,042055325219
6942,Hikari Sinking Gold Medium 12oz,Hikari,042055047333
6941,Hikari Sinking Gold Mini 12oz,Hikari,849790152274
6965,Hikari Sinking Medium 3.5 oz,Hikari,042055033114
6966,Hikari Sinking Mini 3.5 oz,Hikari,076484969041
6958,Hikari Sinking Wafers 1.76oz,Hikari,076484969027
6957,Hikari Sinking Wafers 3.88oz,Hikari,076484994654
6948,Hikari Staple Large 8.8oz,Hikari,042055034289
6963,Hikari Staple Medium 2.01oz,Hikari,076484994692
6962,Hikari Staple Mini 2.01oz,Hikari,076484065248
6946,Hikari Staple Mini 8.8oz,Hikari,042055032117
7000,Hikari Tubifex Worms .78oz,Hikari,042055331036
6954,Hikari Vibra 1.23oz,Hikari,042055222068
6953,Hikari Vibra 2.57oz,Hikari,042055222150
6811,IAMS Cat Chicken 7lb,Iams,019014712571
6812,IAMS Kitten 3.5lb,Iams,076484662645
6337,IAMS Mini Chunks 15lb,Iams,019014610907
6338,IAMS Mini Chunks 30lb,Iams,019014700714
6336,IAMS Mini Chunks 7lb,Iams,030172093210
6559,IAMS Puppy 13oz,Iams,019014610945
1214,JW Pet Pet Pet Pet Bird Bath,JW Pet,618940313175
863,JW Pet Pet Pet Pet Clean Cup Medium,JW Pet,618940313090
869,JW Pet Pet Pet Pet Clean Cup Small,JW Pet,618940313083
870,JW Pet Pet Pet Pet Cuttlebone Holder,JW Pet,618940313137
1006,JW Pet Pet Pet Pet Hall of Mirrors,JW Pet,618940310372
2708,JW Pet Pet Pet Pet Hol-ee Roller Large,JW Pet,618940431121
962,JW Pet Pet Pet Pet Insight Sand Perch Small,JW Pet,618940312154
942,JW Pet Pet Pet Pet Millet Holder,JW Pet,618940313144
872,JW Pet Pet Pet Pet Silo Bird Feeder,JW Pet,618940313052
871,JW Pet Pet Pet Pet Tall Silo Waterer,JW Pet,18940313014
4142,JW Pet Pet Pet Pet Walk Up Hide Large,JW Pet,322512001445
4143,JW Pet Pet Pet Pet Walk Up Hide Medium,JW Pet,618940821014
1687,Skidstop Heavyweight Large,JW Pet,618940642688
1686,Skidstop Heavyweight Medium,JW Pet,618940632405
1684,Skidstop Large,JW Pet,618940313014
1683,Skidstop Medium,JW Pet,18940632405
2714,"Jolly Pet 6"" Tugntoss Purple",Jolly Pets,788169040654
4503,Jones Chicken Feet,Jones Natural Chews,001556121973
4504,Jones Rib Bone Small,Jones Natural Chews,009119773030
4029,Kaytee Alfalfa Hay 24oz,Kaytee,045125619058
4216,Kaytee Aspen 19.7l,Kaytee,097612751246
927,Kaytee Bird Greens,Kaytee,071859002576
4351,Kaytee Carrot Patch,Kaytee,045125611038
4244,Kaytee Chew Proof 12oz,Kaytee,071859000800
4243,Kaytee Chew Proof 6oz,Kaytee,045125619836
4235,Kaytee Chew a Bowl,Kaytee,045125611052
4162,Kaytee Chewbular Large,Kaytee,071859006239
4161,Kaytee Chewbular Medium,Kaytee,097612762150
4204,Kaytee Chinchilla Bath House,Kaytee,045125604115
4307,Kaytee Chinchiller,Kaytee,045125600582
4233,Kaytee Clear View Bottle 16oz,Kaytee,045125619485
4232,Kaytee Clear View Bottle 8oz,Kaytee,045125619713
1160,Kaytee Cockatiel,Kaytee,071859948706
4350,Kaytee Combo Toy,Kaytee,045125611052
4150,Kaytee Come Along Carrier Large,Kaytee,045125623055
4151,Kaytee Come Along Carrier Medium,Kaytee,045125623031
4410,Kaytee Comfort Harness Pig Medium,Kaytee,045125622928
4411,Kaytee Comfort Harness Rat Small,Kaytee,097612790207
4229,Kaytee Cool Crock Large,Kaytee,045125604320
4230,Kaytee Cool Crock Small,Kaytee,071859006253
4292,Kaytee Country Harvest Blend Treat,Kaytee,071859002965
4399,Kaytee Cozy Hammock,Kaytee,759834053507
4405,Kaytee Crinkle Tunnel,Kaytee,097612790115
4344,Kaytee Crispy Garden Chew,Kaytee,071859998527
4176,Kaytee Critter Activity Kit,Kaytee,045125600513
4217,Kaytee Critter Litter 4lb,Kaytee,071859135175
4180,Kaytee Critter Play Pen,Kaytee,071859135175
1162,Kaytee Fiesta Big Bird,Kaytee,071859949161
1159,Kaytee Fiesta Cockatiel,Kaytee,071859426457
1164,Kaytee Fiesta Conure Food,Kaytee,071859999029
4107,Kaytee Fiesta Gpig 4.5lb,Kaytee,071859426549
1163,Kaytee Fiesta Parrot Food,Kaytee,071859999838
4102,Kaytee Fiesta Rabbit 6.5 lb,Kaytee,071859998770
928,Kaytee Food for the Wild Bird,Kaytee,071859948713
4100,Kaytee Foritdiet Gpig 5lb,Kaytee,045125600544
4080,"Kaytee Fortidiet Mus,Rt,Ham 3lb",Kaytee,071859002316
4091,Kaytee Fortified Ham & Gerbil 3lb,Kaytee,071859322308
893,Kaytee Garden Veggie Treat,Kaytee,071859000800
4191,Kaytee Giant Comfort Wheel,Kaytee,071859942360
4154,Kaytee Giant Igloo,Kaytee,045125604078
4092,Kaytee Gourmet Ham & Gerbil 3lb,Kaytee,071859000541
4130,Kaytee Gravity Bin Feeder,Kaytee,045125619058
4222,Kaytee Green Ferret Bowl,Kaytee,071859000800
4129,Kaytee Hay & Food Bin Feeder,Kaytee,071859135175
4293,Kaytee Health Top Mix Fruit,Kaytee,071859942728
4285,Kaytee Healthy Bits Treat,Kaytee,071859006314
925,Kaytee Healthy Bits Treats,Kaytee,071859942445
4291,Kaytee Healthy Toppings Pap,Kaytee,071859942551
923,Kaytee Healthy Toppings Papaya,Kaytee,071859942667
1127,Kaytee High Calcium Grit,Kaytee,044472002393
4189,Kaytee High Crnr Litter Pan,Kaytee,071859942704
4121,Kaytee Juvenile Rabbit 5lb,Kaytee,071859999838
4345,Kaytee Ka-bob,Kaytee,045125611328
1126,Kaytee Kay-kob Litter,Kaytee,044472002393
4220,Kaytee Kaybob Bedding,Kaytee,071859949314
4284,Kaytee Krunch-a-rounds,Kaytee,071859942223
4155,Kaytee Large Igloo,Kaytee,071859000824
4156,Kaytee Mini Igloo,Kaytee,071859008110
4168,Kaytee Mini Silet Spinner,Kaytee,071859008097
892,Kaytee Mixed Nuts & Cherries,Kaytee,071859942834
4342,Kaytee Perfect Chews Rabbit,Kaytee,071859002965
4213,Kaytee Pine 19.7l,Kaytee,071859949314
4210,Kaytee Pine 52.4l,Kaytee,071859006147
4214,Kaytee Pine 9.8l,Kaytee,644472991758
4148,Kaytee Prem Hideout Tim Large,Kaytee,071859000824
4166,Kaytee Silent Spinner Giant,Kaytee,045125614145
4167,Kaytee Silent Spinner Large,Kaytee,097612751086
4193,Kaytee Small Comfort Wheel,Kaytee,045125613827
939,Kaytee Spray Millet Small,Kaytee,071859003016
4079,Kaytee Supreme Mouse & Rat 4lb,Kaytee,071859015545
4278,Kaytee Timothy Biscuits,Kaytee,071859998718
4024,Kaytee Timothy Hay 24oz,Kaytee,071859008110
4023,Kaytee Timothy Hay 48oz,Kaytee,97612009361
4025,Kaytee Timwcarrot Hay 24oz,Kaytee,071859998732
4027,Kaytee Timwcran Hay 24oz,Kaytee,071859943558
4026,Kaytee Timwmari Hay 24oz,Kaytee,071859998732
4028,Kaytee Timwmint Hay 24oz,Kaytee,045125619058
921,Kaytee Treat Stick Almd Walnut,Kaytee,071859002972
903,Kaytee Treat Stick Hny Multi Parrot,Kaytee,071859000824
902,Kaytee Treatstick Hny Multi Cocktiel,Kaytee,071859942407
4132,Kaytee Tree Trunk Hide Large,Kaytee,097612751086
4131,Kaytee Tree Trunk Hide Small,Kaytee,071859000817
4226,Kaytee Vege-t-bowl Medium,Kaytee,045125618426
4239,Kaytee Water Bottle Holder Large,Kaytee,097612790207
4240,Kaytee Water Bottle Holder Small,Kaytee,071859006253
4133,Kaytee Woodland Getaway Extra Large,Kaytee,071859994040
4135,Kaytee Woodland Getaway Medium,Kaytee,045125603743
4136,Kaytee Woodland Getaway Small,Kaytee,071859006253
924,Kaytee Yo Dips,Kaytee,071859998473
926,Kaytee Yo Dips Sunflower Seeds,Kaytee,071859998466
146,Big Jelly Pots,Komodo,8436993140
653,Komodo Forest Log,Komodo,84369932317
186,Komodo Smart Dish,Komodo,8436993235
515,Komodo Tortoise Hay,Komodo,84369931709
2235,Kong Active Scrunchie,Kong,035585459165
3048,Kong Airdog Bone Large,Kong,035585356723
3049,Kong Airdog Bone Medium,Kong,035585775296
3042,Kong Airdog Dumbbell Large,Kong,035585775272
3041,Kong Airdog Dumbbell Medium,Kong,035585502182
3040,Kong Airdog Dumbbell Small,Kong,035585775258
3076,Kong Airdog Football Large,Kong,035585775272
3075,Kong Airdog Football Medium,Kong,035585775234
3052,Kong Airdog Football Small,Kong,035585111605
3062,Kong Airdog Squeak Knob Ball Medium/Large,Kong,035585032016
3053,Kong Airdog Squeak Paw Medium,Kong,035585502175
3054,Kong Airdog Squeak Paw Medium/Large,Kong,035585495378
2222,Kong Angler Fish Wrangler,Kong,035585256160
3157,Kong Aqua Large,Kong,035585111155
3098,Kong Ball With Hole Medium/Large,Kong,035585181127
3022,Kong Ballistic Alligator Medium/Large,Kong,035585503059
3009,Kong Ballistic Giraffe Medium/Large,Kong,035585498973
3174,Kong Bamboo Feeder Medium,Kong,035585475240
3162,Kong Binkie Puppy Small,Kong,035585131207
3156,Kong Biscuit Ball Small,Kong,035585111377
3130,Kong Bites Chicken 5 oz,Kong,035585361536
2244,Kong Blissy Mesh Ball/Catnip,Kong,035585181141
3136,Kong Brush,Kong,035585495828
3087,Kong Bunji High Viz Bumper Medium,Kong,035585529240
3109,Kong Bunji Highviz Ball Large,Kong,035585141114
2232,Kong Butterfly Teaser,Kong,035585460055
2242,Kong Cat Luvs Lizard,Kong,035585360584
2246,Kong Cat Sport Balls,Kong,035585775197
2225,Kong Cat Wubba Butterfly,Kong,035585800035
3158,Kong Classic Extra Large,Kong,035585111018
3159,Kong Classic Large,Kong,035585505268
3160,Kong Classic Medium,Kong,035585111216
3161,Kong Classic Small,Kong,035585111315
1794,Kong Cloud Extra Small,Kong,035585020303
1797,Kong Cloud Large,Kong,035585129082
1796,Kong Cloud Medium,Kong,035585012131
1795,Kong Cloud Small,Kong,035585775227
2968,Kong Cmft Hedgehug Puppy Extra Small,Kong,035585131283
2969,Kong Cmft Hedgehug Puppy Medium,Kong,035585131214
3012,Kong Comfort Jumbo Bird Extra Large,Kong,035585509112
3020,Kong Comfort Kid Elephant Extra Small,Kong,035585131450
2941,Kong Comfort Pups Goldie Medium,Kong,035585523316
2943,Kong Comfrt Pups Boss Small,Kong,035585009261
2944,Kong Comfrt Pups Frtiz Medium,Kong,035585506203
2942,Kong Comfrt Pups Peanut Small,Kong,035585010113
3017,Kong Comfrt Tykes Fox Small,Kong,035585499802
2227,Kong Connect Peacock,Kong,035585524115
2258,Kong Connects Glow Firefly,Kong,035585506753
2265,Kong Connects Kitty Comber,Kong,035585404028
2239,Kong Connects Punching Bag,Kong,035585524122
3082,Kong Cozie Ali Alligatpor Medium,Kong,035585361260
3074,Kong Cozie Buster Koala Medium,Kong,035585159027
3083,Kong Cozie Elmer Elephant Medium,Kong,035585159010
3073,Kong Cozie King Lion Medium,Kong,035585159034
3034,Kong Cozie Tuggz Cheet Medium/Large,Kong,035585509068
3011,Kong Crunch Strtch Bird Extra Large,Kong,035585523439
3055,Kong Crunchair Ball Medium,Kong,035585483016
3063,Kong Crunchair Ball Medium 3pk,Kong,035585483009
2980,Kong Cuteseas Ruff Shark Large,Kong,035585013794
2970,Kong Cuteseas Rufflez Crab Small,Kong,035585131313
3068,Kong Daily Paper Extra Large,Kong,035585533056
1496,Kong Dental Ball Large,Kong,035585034089
1497,Kong Dental Ball Medium,Kong,035585775210
3117,Kong Dental Bone Medium,Kong,035585506241
3154,Kong Dental Stick Large,Kong,035585121123
3155,Kong Dental Stick Medium,Kong,035585121222
3019,Kong Dr. Noyz Duck Small,Kong,035585020327
3023,Kong Dr. Noyz Frog Extra Small,Kong,035585013985
3028,Kong Dr. Noyz Teddy Bear Extra Small,Kong,035585020310
3106,Kong Duos Dental Ball Extra Small/Small,Kong,035585506227
3107,Kong Duos Dental Bone Medium/Large,Kong,035585505572
3036,Kong Dynos Roars Blue Medium/Large,Kong,035585499536
3037,Kong Dynos Roars Green Medium/Large,Kong,035585499543
3133,Kong Easy Treat Peanut Butter,Kong,035585011134
3134,Kong Easy Treat Pepperoni,Kong,035585137001
3135,Kong Easy Treat Puppy,Kong,035585010502
3113,Kong Ext Ball W Rope Large,Kong,035585356426
3150,Kong Ext Extra Large,Kong,035585111025
3146,Kong Ext Goodie Bone Large,Kong,035585356006
3151,Kong Ext Large,Kong,035585111124
3152,Kong Ext Medium,Kong,035585477084
3153,Kong Ext Small,Kong,035585020372
3097,Kong Extreme Ball Small,Kong,035585009858
3045,Kong Extreme Flyer,Kong,035585123189
3139,Kong Extreme Tires Medium/Large,Kong,035585503783
1786,Kong Ez Cone Collar Large,Kong,035585499963
1785,Kong Ez Cone Collar Medium,Kong,035585111148
1784,Kong Ez Cone Collar Small,Kong,035585013800
1787,Kong Ez Cone Collar X-Large,Kong,035585081366
1788,Kong Ez Cone Collar Xx-Large,Kong,035585111117
1798,Kong Ez Soft Collar Small,Kong,035585529066
3180,Kong Fillrfreeze Tray,Kong,035585523170
3101,Kong Flexball Sport Ball Extra Large,Kong,035585775524
3099,Kong Flexball Sport Football Medium,Kong,035585533049
2230,Kong Flingaroo Tutu,Kong,035585459516
3140,Kong Flipstick Medium,Kong,035585111216
3010,Kong Floof Shak Giraffe Medium,Kong,035585499857
3030,Kong Floppy Bunny Large,Kong,035585402062
3031,Kong Floppy Elephant Medium/Large,Kong,035585250007
3033,Kong Floppy Hippo Small/Medium,Kong,035585402031
3032,Kong Floppy Knots Hippo Medium/Large,Kong,035585402079
3044,Kong Flyer Large,Kong,035585775302
3043,Kong Flyer Small,Kong,035585111170
2946,Kong Frizzles Zazzle Medium,Kong,035585498980
3147,Kong Goodie Bone Medium,Kong,611932100111
3148,Kong Goodie Bone Small,Kong,035585780108
3145,Kong Goodie Ribbon Medium,Kong,035585356259
3144,Kong Goodie Ribbon Small,Kong,035585356266
3179,Kong Goodiez Ring Medium,Kong,035585402048
3085,Kong Jaxx Brights Tug W Ball Medium,Kong,035585495378
2243,Kong Jellyfish Teaser,Kong,035585524139
3123,Kong Jerky Chicken Medium/Large,Kong,035585509099
3118,Kong Jerky Chicken Small/Medium,Kong,035585361604
3095,Kong Jumbler Ball Medium/Large,Kong,035585034096
3092,Kong Jumbler Flinger Small/Medium,Kong,035585475257
3090,Kong Jumbler Football Large/Extra Large,Kong,035585507187
3093,Kong Jumbler Football Medium/Large,Kong,035585034126
3088,Kong Jumbler Tug Medium/Large,Kong,035585509440
3089,Kong Jumbler Tug Small/Medium,Kong,035585509433
3021,Kong Jungle Jmz Elephant Medium/Large,Kong,035585507132
2987,Kong Knots Belly Gorilla Medium/Large,Kong,035585507019
2988,Kong Knots Belly Hippo Medium/Large,Kong,035585505343
2977,Kong Knots Chicken Medium/Large,Kong,035585509457
2996,Kong Knots Chicken Small,Kong,035585533070
3014,Kong Knots Frog Large/Extra Large,Kong,035585511139
2978,Kong Knots Snake Ass Medium/Large,Kong,035585505350
2995,Kong Knots Teddy Medium Ass,Kong,035585499567
2981,Kong Knots Teddy Small,Kong,035585361895
2986,Kong Knots Twists Ass Medium/Large,Kong,035585503370
2985,Kong Knots Twists Assorted Small/Medium,Kong,035585498997
3047,Kong Larg Training Dummy,Kong,035585299006
3094,Kong Large/Extra Large Jumbler Ball,Kong,035585523163
3081,Kong Large/Extra Large Shaker Dragon,Kong,035585533063
2250,Kong Laser Chirp Bird,Kong,035585530017
3018,Kong Layerz Forage Hedgehog Medium,Kong,035585506203
3149,Kong Licks Extra Large,Kong,035585507187
2254,Kong Licks Kitty Small,Kong,035585129174
2945,Kong Lowstff Scruffs Dog Large,Kong,035585214184
2960,Kong Lwstff Fox Medium,Kong,035585509389
2961,Kong Lwstff Mallard Medium,Kong,035585032023
2950,Kong Lwstff Stripes Llama Medium,Kong,035585499604
3120,Kong Mara 2pk Peanut Butter Medium,Kong,035585361260
3125,Kong Mara 2pk Peanut Butter Small,Kong,035585361277
3007,Kong Maxx Rhino Large,Kong,035585523453
3013,Kong Maxx Shark Medium,Kong,035585356259
3015,Kong Maxx Star Small/Medium,Kong,035585509327
3077,Kong Maxx Tug Large,Kong,035585529318
3008,Kong Maxx Turtle Medium,Kong,035585523460
3129,Kong Meatblls Mini Chicken 4oz,Kong,035585503233
3164,Kong Medium Aqua,Kong,035585111254
2998,Kong Medium/Large Scrunch Knots Raccoon,Kong,035585454399
2997,Kong Medium/Large Scrunch Squirell,Kong,035585499871
1951,Kong Naturals Catnip Spray,Kong,035585459349
2123,Kong Nibbies Cat Chicken,Kong,035585361604
2122,Kong Nibbies Cat Fish,Kong,035585516011
3005,Kong Patches Ador Giraffe Extra Large,Kong,035585421209
3086,Kong Petstix Large,Kong,035585035246
2262,Kong Play Spaces Zen Den,Kong,035585524030
2267,Kong Playspaces Rave Cave,Kong,035585524160
2260,Kong Playspaces Tiki Twirl,Kong,035585524023
2157,Kong Premium Catnip 2oz,Kong,035585450162
2248,Kong Pullapartjamz,Kong,035585507149
3170,Kong Puppy Activity Ball Medium,Kong,035585483016
3169,Kong Puppy Binkie Medium,Kong,035585131191
3168,Kong Puppy Extra Small,Kong,035585507118
3165,Kong Puppy Large,Kong,035585131115
3166,Kong Puppy Medium,Kong,035585131191
3167,Kong Puppy Small,Kong,035585131283
3163,Kong Puppy Tires Small,Kong,035585356051
3137,Kong Rambler Rattlez Swril Ball Medium,Kong,035585503783
2237,Kong Rat,Kong,035585517001
3096,Kong Reflex Football Medium/Large,Kong,035585503004
3172,Kong Rewards Ball Small,Kong,035585775159
2256,Kong Rewards Picnic,Kong,035585034348
2247,Kong Rewards Rocker Cheese,Kong,035585529325
3178,Kong Rewards Tennis Large,Kong,035585012148
3175,Kong Rewards Tinker Medium/Large,Kong,035585509006
3176,Kong Rewards Tipsy Large,Kong,035585034355
3173,Kong Rewards Wally Medium/Large,Kong,035585498270
3143,Kong Ring Medium/Large,Kong,035585356099
2990,Kong Ringaroos Elephant Medium,Kong,035585506401
3060,Kong Rope Rally Bone Medium,Kong,035585505596
3038,Kong Rope Rally Tug Medium/Large,Kong,035585503257
3091,Kong Rope Ringerz Medium,Kong,035585502786
2951,Kong Scamp Lemur Medium,Kong,035585775265
2948,Kong Scamp Lion Medium,Kong,035585506777
2947,Kong Scamp Red Panda Medium,Kong,035585121222
2233,Kong Scrattles Acoustix 2pk,Kong,035585506395
2231,Kong Scrattles Panda 2pk,Kong,035585534015
3078,Kong Scrubz Large,Kong,035585507019
3084,Kong Scrubz Small,Kong,035585507101
3003,Kong Scruff Turtle Medium/Large,Kong,035585499888
2967,Kong Scrump Bunny Medium,Kong,035585121222
2979,Kong Scrump Koala Medium,Kong,035585523460
3004,Kong Scryff Chicken Medium/Large,Kong,035585009254
2971,Kong Shackers Shimmy Crab Medium,Kong,035585032115
3000,Kong Shak Crump Elephant Extra Large,Kong,035585498911
2999,Kong Shak Crump Sloth Extra Large,Kong,035585498935
3001,Kong Shak Honk Duck Large,Kong,035585360737
3002,Kong Shak Honk Turkey Large,Kong,035585360775
3016,Kong Shak Luvs Giraffe Small,Kong,035585360591
2972,Kong Shakers Bobz Pig Medium,Kong,035585499598
2982,Kong Shakers Giraffe Medium Bobz,Kong,035585503011
2989,Kong Shakers Luvs Elephant Large,Kong,035585360560
2984,Kong Shakers Wingz Medium/Large,Kong,035585361598
2983,Kong Shakers Wingz Small/Medium,Kong,035585498966
2976,Kong Sheild Tropical Frog Medium,Kong,035585523477
2966,Kong Sheilds Tropics Gecko Medium,Kong,035585498614
2974,Kong Sheilds Tropics Octo Medium,Kong,035585504865
3069,Kong Sig Crunch Rope Ddbl Medium,Kong,035585503257
3080,Kong Sign Sport Ball 2pk Large,Kong,035585775173
3067,Kong Sign Sport Balls 3pk Extra Small,Kong,035585503189
3039,Kong Sign Stick Extra Large,Kong,035585494050
3126,Kong Snacks Puppy Small,Kong,035585013800
3127,Kong Sncks Bacon & Cheese Large,Kong,035585213002
3128,Kong Sncks Peanut Butter Small,Kong,035585010113
3027,Kong Snuzz Dr. Noyz Duck Extra Small,Kong,035585499956
2964,Kong Snuzz Kid Elephant Small,Kong,035585360485
2965,Kong Snuzz Kid Sloth Small,Kong,035585360485
3026,Kong Snuzz Mini Duck Extra Small,Kong,035585499932
3024,Kong Snuzz Mini Frog Extra Small,Kong,035585511115
3029,Kong Snuzz Mini Otter Extra Small,Kong,035585507118
3025,Kong Snuzz Mini Pig Extra Small,Kong,035585499949
2952,Kong Snuzzle Hippo Extra Large,Kong,035585498942
2963,Kong Snuzzles Bear Medium,Kong,035585454269
2962,Kong Softseas Octo Small,Kong,649510042591
3072,Kong Sport Assorted Extra Small,Kong,035585775661
3079,Kong Sport Balls Assorted Medium 3pk,Kong,035585775630
3051,Kong Sport Soft Ball Small,Kong,035585483023
3066,Kong Sport Soft Balls 2pk Large,Kong,035585529110
3050,Kong Sport Soft Medium Black,Kong,035585529073
3059,Kong Sport Softies Ball 3pk,Kong,035585529097
3100,Kong Sqeeez Stick Medium,Kong,035585032115
3058,Kong Sqeez Tennis Medium,Kong,035585012131
3061,Kong Squeak Knob Ball Medium,Kong,035585502144
3104,Kong Squeak Stix Medium,Kong,035585502151
3056,Kong Squeakair Ball Large,Kong,035585775173
3057,Kong Squeakair Ball Medium,Kong,035585775203
3071,Kong Squeakair Balls Bday Medium,Kong,035585775630
3064,Kong Squeakair Balls Extra Small 3pk,Kong,035585775180
3112,Kong Squeakstix Large,Kong,035585008462
3111,Kong Squeakstix Wiggler Large,Kong,035585012339
3138,Kong Squeeez Ball Medium,Kong,035585131245
3065,Kong Squeeezz Tennis Large 2pk,Kong,035585503219
3114,Kong Squeez Dental Stick Extra Small,Kong,035585498713
3182,Kong Squeez Flex Bone Medium,Kong,035585506463
3070,Kong Squeez Goomz Football Large,Kong,035585495064
2241,Kong Squirell,Kong,035585454436
3141,Kong Stuff-a-ball Large,Kong,035585141114
3142,Kong Stuff-a-ball Medium,Kong,035585141213
3132,Kong Stuffn Peanut Butter 5oz,Kong,035585013206
3131,Kong Stuffn Sweetpot 5oz,Kong,035585191010
2255,Kong Teaser Pursuite Butterfly,Kong,035585530031
2949,Kong Toughz Bunny Medium,Kong,035585008479
3171,Kong Treat Spinner Large,Kong,035585227009
3183,Kong Treatster Large,Kong,035585775241
3181,Kong Treatster Small,Kong,035585131207
2251,Kong Tropics Pals 2pk,Kong,035585530000
2959,Kong Tuggz Sloth Extra Large,Kong,035585498911
3108,Kong Twistz Highviz Ring Small,Kong,035585529264
3103,Kong Twitz Ball Medium,Kong,035585494098
3102,Kong Twitz Highviz Ball Large,Kong,035585529226
3110,Kong Twitz Ring Large,Kong,035585494067
3115,Kong Whirlz Rope Medium/Large,Kong,035585533315
3116,Kong Whirlz Throw Medium/Large,Kong,035585533308
2991,Kong Wild Knots Fox Small/Medium,Kong,035585503363
2992,Kong Wild Knots Giraffe Small/Medium,Kong,035585509402
2993,Kong Wild Knts Bear Assorted Medium/Large,Kong,035585533001
2994,Kong Wild Knts Fox Medium/Large,Kong,035585533001
2975,Kong Wild Shield Perch Medium,Kong,035585509181
3046,Kong Wild Training Dummy Swirl Large,Kong,035585213002
3035,Kong Wishbone Medium,Kong,035585504865
2955,Kong Wub Ballis Highviz Large,Kong,035585529271
2953,Kong Wub Friend Ballistic Large,Kong,035585523293
2958,Kong Wub Friends Ballis Extra Large,Kong,035585485232
2957,Kong Wub Octo Large,Kong,035585523484
2956,Kong Wub Zoo Koala Large,Kong,035585121123
2954,Kong Wub Zoo Zebra Large,Kong,035585509358
2933,Kong Wubba Assort Extra Large,Kong,035585495064
2932,Kong Wubba Assorted Large,Kong,035585111155
2939,Kong Wubba Camo Small,Kong,035585800028
2934,Kong Wubba Finz Blue Large,Kong,035585524160
2935,Kong Wubba Friends Assorted Large,Kong,035585034119
2936,Kong Wubba Friends Assorted Small,Kong,035585800141
2938,Kong Wubba Friends Ballistic Small,Kong,035585111605
2931,Kong Wubba Nostff Cheetah Large,Kong,649510042614
2940,Kong Wubba Octopus Small,Kong,035585800646
2937,Kong Wubba Puppy Assorted Small,Kong,035585799971
3124,Kong Ziggies 7oz Small,Kong,035585009858
3119,Kong Ziggies Enhance Medium/Large 8oz,Kong,035585361864
3121,Kong Ziggies Enhance Puppy M/L 8oz,Kong,035585361888
3122,Kong Zignature Enhance Puppy Small 7oz,Kong,035585009261
3105,Kong Zoolooz Lion Medium,Kong,035585159096
1566,Kong Zoomgroom Blue,Kong,035585530000
1575,Kong Zoomgroom Bubbles,Kong,035585529011
1558,Kong Zoomgroom Pink,Kong,035585511139
932,Lafebers Featuing Popcorn,Lafeber,041054616403
5564,Undergravel Filter 40/55g,Lee's,030172902659
2736,"Lilpals 8.5"" Cow Rope",Li'l Pals,076484832154
2703,Lilpals Bone Fleece Toy,Li'l Pals,076484832161
2749,Lilpals Burger Combo,Li'l Pals,076484321184
1998,Lilpals Collar Dmc07,Li'l Pals,076484067259
2002,Lilpals Collar Fwb08,Li'l Pals,076484672217
2001,Lilpals Collar Gnd08,Li'l Pals,076484067266
2005,Lilpals Collar Gpg08,Li'l Pals,076484672224
2006,Lilpals Collar Htf08,Li'l Pals,076484672248
2003,Lilpals Collar Leb08,Li'l Pals,076484672231
1996,Lilpals Collar Ndt08,Li'l Pals,076484773112
2000,Lilpals Collar Psc08,Li'l Pals,076484067242
1995,Lilpals Collar Sqa08,Li'l Pals,076484773129
1997,Lilpals Collar Stw08,Li'l Pals,076484773136
1999,Lilpals Collar Wdf08,Li'l Pals,076484067297
2511,Lilpals Extra Small Collar 1ba08,Li'l Pals,076484029905
2510,Lilpals Extra Small Collar 1bl08,Li'l Pals,076484029929
2514,Lilpals Extra Small Collar 2bl08,Li'l Pals,076484029899
2509,Lilpals Extra Small Collar 2pn08,Li'l Pals,076484029899
2490,Lilpals Extra Small Collar Blu08,Li'l Pals,076484410130
2439,Lilpals Extra Small Collar Lbp08,Li'l Pals,076484410130
2455,Lilpals Extra Small Collar Npk08,Li'l Pals,076484029929
2446,Lilpals Extra Small Collar Ptv08,Li'l Pals,076484410147
2443,Lilpals Extra Small Collar Rwb08,Li'l Pals,076484410147
2525,Lilpals Extra Small Harness Bllpxs,Li'l Pals,076484624957
2732,Lilpals Fiesta Toys,Li'l Pals,076484324840
2696,Lilpals Fleece Toy,Li'l Pals,76484842030
2487,Lilpals Harness Blu14,Li'l Pals,076484029738
2476,Lilpals Harness Btd14,Li'l Pals,076484062070
2482,Lilpals Harness Fmb14,Li'l Pals,076484264115
2477,Lilpals Harness Gbn14,Li'l Pals,076484062131
2484,Lilpals Harness Gnd14,Li'l Pals,076484624544
2478,Lilpals Harness Leb14,Li'l Pals,076484029745
2483,Lilpals Harness Rwb14,Li'l Pals,076484624575
2485,Lilpals Harness Wdf14,Li'l Pals,076484264108
2719,Lilpals Honey Bee Toys,Li'l Pals,076484324833
2433,Lilpals Leash Bkz06,Li'l Pals,076484850608
2412,Lilpals Leash Btd06,Li'l Pals,076484062056
2417,Lilpals Leash Fmb06,Li'l Pals,076484622618
2413,Lilpals Leash Gbn06,Li'l Pals,076484062063
2431,Lilpals Leash Orz06,Li'l Pals,076484626623
2424,Lilpals Leash Ptv06,Li'l Pals,076484062230
2421,Lilpals Leash Rwb06,Li'l Pals,076484610516
2425,Lilpals Leash Ryp06,Li'l Pals,076484062247
2427,Lilpals Leash Tys06,Li'l Pals,076484062261
2705,Lilpals Pigdog Mesh Toy,Li'l Pals,076484799006
2695,Lilpals Plush Duck,Li'l Pals,076484799013
2722,Lilpals Plush Hotdog Toy,Li'l Pals,076484324802
2694,Lilpals Plush Rabbit,Li'l Pals,076484799020
2731,Lilpals Secret Garden Toys,Li'l Pals,076484324826
2513,Lilpals Small Collar 1bl12,Li'l Pals,076484662669
2512,Lilpals Small Collar 2ba12,Li'l Pals,076484001239
2475,Lilpals Small Collar Bkz12,Li'l Pals,076484623509
2474,Lilpals Small Collar Buz12,Li'l Pals,076484623516
2472,Lilpals Small Collar Dmc12,Li'l Pals,076484662652
2462,Lilpals Small Collar Dpm12,Li'l Pals,076484105036
2457,Lilpals Small Collar Gbn12,Li'l Pals,076484066634
2469,Lilpals Small Collar Tgd12,Li'l Pals,076484662652
2473,Lilpals Small Collar Top12,Li'l Pals,076484162565
2470,Lilpals Small Collar Tys12,Li'l Pals,076484662669
2466,Lilpals Small Collar Wdf12,Li'l Pals,076484105036
2459,Lilpals Small Collar Zpk12,Li'l Pals,076484001215
2520,Lilpals Small Harness Blackpsm,Li'l Pals,076484029776
2526,Lilpals Small Harness Bllpsm,Li'l Pals,076484029769
2524,Lilpals Small Harness Ordpsm,Li'l Pals,076484163852
2499,Lilpals Small Harness Ptvpsm,Li'l Pals,076484624902
2498,Lilpals Small Harness Tyspsm,Li'l Pals,076484624964
4144,Critter Space Pod,Lixit,076711001940
4809,"4"" Pressed Bone",Loving Pets,097612923407
4810,"4.5"" Pressed Bone Natural",Loving Pets,097612923308
1620,Bella Large Bone Place Mat,Loving Pets,842982073579
1718,Dolce Food & Water Bowl,Loving Pets,842982071575
1719,Dolce Had Me at Woof Bowl,Loving Pets,842982071605
1720,Dolce Puppy Forever Bowl,Loving Pets,842982071544
2115,Flavorfullz Salmon,Loving Pets,842982052352
4716,Flvrfullz Cheese,Loving Pets,096316671430
4717,Flvrfullz Chicken,Loving Pets,096316671423
4718,Flvrfullz Peanut,Loving Pets,842982052338
1618,Geobone Aqua Fashion Mat,Loving Pets,842982075672
1617,Polkadot Bones Fashion Mat,Loving Pets,842982075689
3324,"Lupine Dapp 10""-16"" 1/2 in Collar",Lupine,097612008210
3326,"Lupine Dapp 13""-22"" 3/4in Collar",Lupine,096316113046
3325,"Lupine Dapp 8""-12"" 1/2in Collar",Lupine,097612762358
3331,"Lupine Turt 12""-20"" 1in Collar",Lupine,097612752243
3330,"Lupine Turt 13""-22"" 3/4in Collar",Lupine,096316113053
3343,Lupine Turt 6ft 1in Leash,Lupine,096316700468
3323,Lupine Turtrf 10'-16' 1/2 Incollar,Lupine,097612008715
2884,Mamm Medium Color Bone,Mammoth,746772200124
2887,Mammoth Extra Fresh 2 Knot Bone Large,Mammoth,746772255063
2876,Mammoth Large 3 Knot With Ball,Mammoth,746772510148
2873,Mammoth Large Color 3 Knot Tug,Mammoth,746772200148
2888,Mammoth Large Extra Monkey Fist,Mammoth,746772201008
2877,Mammoth Medium Color Bone,Mammoth,746772510124
2868,Mammoth Medium Snakebiter,Mammoth,746772530627
2890,Mammoth Medium TireBiter End/Extra Loop,Mammoth,746772352083
2882,Mammoth Mini 3 Knot With Mini Ball,Mammoth,746772510407
2879,Mammoth Mini Color Bone,Mammoth,746772200001
2881,Mammoth Small Cloth Squeak Rope TPR,Mammoth,746772233009
2874,Mammoth Small Color 3 Knot Tug,Mammoth,746772200100
2878,Mammoth Small Color Bone,Mammoth,746772530603
2889,Mammoth Small Extra Monkey Fist,Mammoth,746772250204
2869,Mammoth Small Monkey Fist Ball,Mammoth,746772200865
2875,Mammoth Small Squeaky Snake,Mammoth,746772750001
5091,Marina Air Pump 50,Marineland,097612009309
5094,Marina Air Pump A200,Marineland,097612009538
5092,Marina Air Pump A75,Marineland,097612009378
5037,Marina Battery Air Pump,Marineland,096316113527
7305,Marina Betta Heater,Marineland,035585498874
7295,Marina Burgundy Gravel,Marineland,035585499925
7293,Marina Gravel Jelly Bean,Marineland,035585505879
7291,Marina Gravel Lime,Marineland,035585499918
7296,Marina Gravel Red,Marineland,035585506654
7292,Marina Gravel Tri Blend,Marineland,035585499901
7306,Marina Mini Stump,Marineland,035585360973
5397,Marina Naturals Large,Marineland,644472008685
5534,Marina Slim Biothane Carb 3pk,Marineland,048081210086
5515,Marineland Floss Sleeve Mag200,Marineland,071859426464
5639,Marineland Led Pod Color Enhnce,Marineland,645095861329
5594,Marineland Maxijet400,Marineland,653373805002
5593,Marineland Penguin350,Marineland,653373806009
4419,Marshall Ferret Bell Collar,Marshall,097612750041
4418,Marshall Ferret Harness & Lead,Marshall,097612751048
4065,Marshals Duck Soup 4.5oz,Marshall,766501003413
4072,Marshals Ferret Ear Cleaner 4oz,Marshall,039079038546
4070,Marshals Probiotic 1.7 oz,Marshall,669125660195
2137,Meowee Savory Spoonables 3 Flavor,Meowee,615650000036
4659,Fresh Kisses Large Double-Brush,Merrick,97612310252
4663,Fresh Kisses Large Double-Brush Box,Merrick,097612340020
4670,Fresh Kisses Large Mint Box,Merrick,097612326109
4665,Fresh Kisses Small Mint Brush,Merrick,097612310405
4769,Merrick Power Bites Chicken,Merrick,096316670594
6026,Skudo 40lb,MidWest Homes For Pets,029695244360
2780,Mr. Bill Toy,Multipet,84369167153
2834,Multipet Loofa Squeak Mat,Multipet,784369479140
2826,Multipet Loofadog Large,Multipet,784369477184
2692,Multipet Nosey Buddy Assorted,Multipet,784369610949
4289,N-bone Frrt Chew Chick,N-Bone,018214832416
4655,N-bone Teething Plus Rings 3pk,N-Bone,097612340112
4654,N-bone Teething Sticks,N-Bone,097612340068
4406,Nation Cozy Cube,Nation,097612790511
4404,Nation Ramp Covers 3pk,Nation,097612740202
1425,Naturvet Hemp Queit Moments Oil,NaturVet,797801059350
1844,Naturvet Off Limits Training Spray,NaturVet,013292820003
1418,Naturvet Omega-gold,NaturVet,797801036924
1841,Naturvet Potty Here,NaturVet,797801090117
1417,Naturvet Tear Stain Chew,NaturVet,797801036931
1448,Naturvet Vitapet Puppy Daily Vita,NaturVet,797801030205
4684,Rewards Crunch Bison Small Breed Duck 8oz,Natural Balance,097612950175
4689,Rewards Crunch Duck 14oz,Natural Balance,723633014731
4688,Rewards Jumpin Stix Duck 4oz,Natural Balance,015561229104
4683,Rewards Jumpin Stix Venison 10oz,Natural Balance,723633014083
4801,Rewards Mini Salmon,Natural Balance,723633852197
2395,Naturally Fresh Clumping 14lb,Naturally Fresh,750244220022
2396,Naturally Fresh Herbal Attraction 14lb,Naturally Fresh,050244220060
174,Nature Zone Rot Guard,Nature Zone,008317859331
1988,Nature's Miracle Advance No Spray,Nature's Miracle,018065284044
2313,Nature's Miracle Advanced Stain & Odor Elim,Nature's Miracle,018065969927
2317,Nature's Miracle Cat Scratch Spray,Nature's Miracle,018065284013
1371,Nature's Miracle No Marking,Nature's Miracle,018065284020
2315,Nature's Miracle Oxy Setinstain Destroy,Nature's Miracle,018065981707
2318,Nature's Miracle Pet Block Spray,Nature's Miracle,018065983756
1328,Nature's Miracle Skunk Citrus,Nature's Miracle,018065984821
1839,Natures Mircale No Mark Spray,Nature's Miracle,018065284020
5108,Purewater Pebble Neon Pink,Nature's Ocean,096316002593
5122,Purewater Pebbles Rainbow Gems 5lb,Nature's Ocean,015561226028
5120,Purewater Pebbles Snow White 5lb,Nature's Ocean,015561226011
6410,Next Level Hi Pro 30 50lb,Next Level,076484761034
4324,Nibbles Barnyard,Nibbles,077234541838
4245,Nibbles Critter Quencher 32oz,Nibbles,644472991475
1449,Nutri-vet Asprin,Nutri-Vet,69125024416
4812,Nutrichomps Pork Knot,Nutri-Vet,097612921502
6511,Nutrisource Adult Chicken & Rice Recipe 12.3oz,Nutrisource,073893021056
6276,Nutrisource Adult Chicken & Rice Recipe 26lb,Nutrisource,073893260103
6278,Nutrisource Adult Small Bites Chicken & Rice Recipe 4lb,Nutrisource,073893260127
6287,Nutrisource Beef & Rice Recipe 12lb,Nutrisource,073893268079
6286,Nutrisource Beef 4lb,Nutrisource,079105117838
6691,"Nutrisource Cat Chicken, Turkey & Lamb 5.5oz",Nutrisource,079105117814
6692,Nutrisource Cat Country Select 5.5oz,Nutrisource,073893069126
6694,Nutrisource Chicken & Rice Cat Formula 5.5oz,Nutrisource,073893020158
4788,Nutrisource Chicken Big Bites,Nutrisource,097612008364
6508,Nutrisource Chicken Lamb & Fish 13oz,Nutrisource,073893020103
4781,Nutrisource Chicken Little Bites,Nutrisource,073893905004
6308,Nutrisource Choice Whitefish Meal & Rice Recipe 30lb,Nutrisource,669125998533
4794,Nutrisource Chompy Chompers Rabbit & Venison,Nutrisource,097612322316
4792,Nutrisource Chompy Chompers Salmon & Trout,Nutrisource,097612322255
6516,Nutrisource Come-Pooch-A Beef Bone Broth Recipe,Nutrisource,077234021316
4786,Nutrisource Crispy Crispers Lamb & Beef,Nutrisource,097612322361
4785,Nutrisource Crispy Crispers Turkey & Venison,Nutrisource,097612322354
4783,Nutrisource Duck Little Bites,Nutrisource,015561223362
6506,Nutrisource Grain Free Lamb 12.3oz,Nutrisource,022517444399
6273,Nutrisource Large Breed Puppy Chicken & Rice Recipe 26lb,Nutrisource,073893264101
6271,Nutrisource Large Breed Puppy Chicken & Rice Recipe 4lb,Nutrisource,073893264040
4784,Nutrisource Nutty Butter Bites Apple,Nutrisource,097612322309
6520,Nutrisource PureVita Beef Entree 12.5oz,Nutrisource,077234521571
6519,Nutrisource PureVita Turkey Stew 12.5oz,Nutrisource,859610007943
6530,Nutrisource Seafood Select 26lb,Nutrisource,073893021261
6298,Nutrisource Seafood Select 4lb,Nutrisource,073893021261
6285,Nutrisource Senior Chicken & Rice Recipe 26lb,Nutrisource,073893265054
6280,Nutrisource Weight Management Chicken & Chicken Meal Recipe 4lb,Nutrisource,076484006074
6504,\Nutrisource Grain Free Chicken 13oz,Nutrisource,073893030003
2891,Nylabone Alt Elk Bone,Nylabone,018214808022
2926,Nylabone Axis Bone Regular,Nylabone,009631609627
1936,Nylabone Cat Dental Kit,Nylabone,018214828198
2919,Nylabone Cheese Bone Wolf,Nylabone,018214807995
2923,Nylabone Chill & Chew Bone Regular,Nylabone,018214832430
1494,Nylabone Dental Kit Peanut Butter,Nylabone,018214846048
1493,Nylabone Dental Kit Ultra Clean,Nylabone,018214827924
4569,Nylabone DuraChew Chicken Wolf,Nylabone,018214826491
2930,Nylabone DuraChew Double Bone Wolf,Nylabone,018214837428
4572,Nylabone DuraChew Giant Bacon,Nylabone,009761240308
4568,Nylabone DuraChew Original Giant,Nylabone,018214855910
4570,Nylabone DuraChew Regular,Nylabone,018214813682
4560,Nylabone DuraChew Wishbone Regular,Nylabone,018214853824
4559,Nylabone DuraChew Wishbone Wolf,Nylabone,018214843832
2892,Nylabone Durachew Ring Large,Nylabone,018214853060
1498,Nylabone Finger Brushes,Nylabone,018214828044
4578,Nylabone FlexiChew Regular,Nylabone,018214813682
4583,Nylabone FlexiChew Triple Pack,Nylabone,9631609626
4577,Nylabone FlexiChew Wolf,Nylabone,018214843832
4594,Nylabone Healthy Edibles Beef 2pk Chew,Nylabone,009631609626
4593,Nylabone Healthy Edibles Beef 4pk,Nylabone,018214816317
4601,Nylabone Healthy Edibles Chewy Bites Peanut Butter,Nylabone,018214841098
4597,Nylabone Healthy Edibles Chicken 3pk,Nylabone,018214813736
4588,Nylabone Healthy Edibles Large Bacon Chew,Nylabone,018214834670
4592,Nylabone Healthy Edibles Large Chicken Chew,Nylabone,018214813736
4587,Nylabone Healthy Edibles Medium Bacn Chew,Nylabone,018214838494
4584,Nylabone Healthy Edibles Puppy Pack,Nylabone,018214841593
4596,Nylabone Healthy Edibles Roast Extra Small 2pk,Nylabone,018214820871
4591,Nylabone Healthy Edibles Roast Large Chew,Nylabone,018214816324
4590,Nylabone Healthy Edibles Roast Medium 2pk,Nylabone,018214816324
4589,Nylabone Healthy Edibles Roast Small 2pk,Nylabone,018214816300
4586,Nylabone Healthy Edibles Small Bacn Chew,Nylabone,018214837824
4566,Nylabone Pink Bone Extra Small,Nylabone,018214852667
4565,Nylabone Pink DuraChew Souper,Nylabone,018214826491
4562,Nylabone Pink Wish Bone,Nylabone,018214846970
2927,Nylabone Power Chew Lobster Regular,Nylabone,009631609626
2917,Nylabone Puppy Dental Dino,Nylabone,018214821458
1495,Nylabone Puppy Dental Kit,Nylabone,018214832393
2893,Nylabone Puppy Keys Small,Nylabone,018214832386
2921,Nylabone Puppy Tactile Stick,Nylabone,018214837053
2922,Nylabone Puppy Teething Rings,Nylabone,018214822943
4563,Nylabone Puppy Treat Toy Combo,Nylabone,009761240202
2918,Nylabone Puppyx Bone Petite,Nylabone,009761240205
1492,Nylabone Senior Dental Kit,Nylabone,018214827955
2920,Nylabone Sneaky Snacker Wolf,Nylabone,018214853480
2925,Nylabone Stick Wolf,Nylabone,018214816331
1491,Nylabone Toothpaste Peanut Butter,Nylabone,018214828068
1490,Nylabone Toothpaste Ultra Clean,Nylabone,018214827986
4564,Nylabone Treat Toy Combo Wolf,Nylabone,009761240203
6967,Ocean Nutrition Shrimp Waffer .53oz,Ocean Nutrition,076484065255
7280,Omega One Betta .28oz,Omega One,035585800219
7001,Omega One Cichlid Pellets Super Colo 9oz,Omega One,076484093234
7002,Omega One Cichlid Pellets Super Color 4.2oz,Omega One,076484092701
6761,Orijen Cat Six 4lb,Orijen,064992203405
6403,Orijen Original Bites 6oz,Orijen,064992724184
6401,Orijen Original Freeze Dried 8oz,Orijen,064992719340
6241,Orijen Regional Red 13lb,Orijen,064992202408
6757,Orijen Wild Reserve Kitten 3.5lb,Orijen,064992716646
4114,Oxbow Adult Gpig 10lb,Oxbow,744845402918
4113,Oxbow Adult Gpig 5lb,Oxbow,744845402888
4088,Oxbow Adult Rat 3lb,Oxbow,744845404011
4033,Oxbow Alfalfa Hay 15oz,Oxbow,744845969831
4039,Oxbow Alfalfa Hay 40oz,Oxbow,744845402963
4384,Oxbow Applestick Bouqet,Oxbow,744845966816
4386,Oxbow Applestick Bundle,Oxbow,744845963167
4367,Oxbow Applestick Hay Feeder,Oxbow,744845963181
4038,Oxbow Blend Hay 15oz,Oxbow,744845402154
4036,Oxbow Botanical Hay 15oz,Oxbow,744845405001
4368,Oxbow Color Play Dangly,Oxbow,744845963211
4186,Oxbow Corner Litter Pan,Oxbow,744845966427
4357,Oxbow Cozy Cave,Oxbow,744845965451
4305,Oxbow Critical Care Herbal Antibacterial,Oxbow,744845701073
4304,Oxbow Critical Care Omnivore,Oxbow,744845965550
4299,Oxbow Crunch & Chewy Chicken,Oxbow,744845968377
4246,Oxbow Dripless Water Bottle 15oz,Oxbow,744845963785
4211,Oxbow Ecostraw 20lb,Oxbow,744845402727
4163,Oxbow Enriched Life Run Around Ball,Oxbow,744845963365
4395,Oxbow Extra Large Play Yard Cover,Oxbow,744845963518
4082,Oxbow Ferret Food 4lb,Oxbow,744845968339
4110,Oxbow Grden Yng Gpig 4lb,Oxbow,744845402819
4115,Oxbow Grden Yng Rabbit 4lb,Oxbow,744845402451
4030,Oxbow Harvest Stacks Weight 35oz,Oxbow,744845302102
4043,Oxbow Hay Blend 40oz,Oxbow,744845967707
4365,Oxbow Hidebxhanger,Oxbow,744845302096
4394,Oxbow Large Play Yard Cover,Oxbow,744845965420
4306,Oxbow Lava Ledge,Oxbow,744845965291
4366,Oxbow Loco Ball,Oxbow,744845963273
4086,Oxbow Mouse & Yng Rat Grdnsel,Oxbow,744845963631
4087,Oxbow Mouse & Young Rat 2.5 lb,Oxbow,744845404042
4302,Oxbow Natural Science Vital C 4.2 oz,Oxbow,744845108025
4035,Oxbow Oat Hay 15oz,Oxbow,744845402703
4034,Oxbow Orchard Grass Hay 15oz,Oxbow,744845810065
4373,Oxbow Ox Blocks,Oxbow,744845963143
4202,Oxbow Poof Bathing Sand,Oxbow,744845402789
4049,Oxbow Purcmfrt 36l Oxblend,Oxbow,744845110028
4048,Oxbow Purcmfrt 36l White,Oxbow,744845105024
4047,Oxbow Purcmfrt 72l Natural,Oxbow,744845106021
4045,Oxbow Purcmfrt 72l White,Oxbow,744845111025
4209,Oxbow Purecomfort 178l,Oxbow,744845112022
4374,Oxbow Pyramid Treat Hanger,Oxbow,744845960227
4187,Oxbow Rectangle Litter Pan,Oxbow,744845103020
4165,"Oxbow Run & Hide 10""",Oxbow,744845967806
4269,Oxbow Sim Rwds Bell Pepper,Oxbow,744845960180
4268,Oxbow Sim Rwds Carrot & Dill,Oxbow,744845960173
4271,Oxbow Sim Rwds Timothy Treats,Oxbow,744845966823
4391,Oxbow Small Hidenseek Mat,Oxbow,744845965475
4236,Oxbow Timblend Cubes,Oxbow,744845966731
4389,Oxbow Timmy Pops,Oxbow,744845963129
4388,Oxbow Timothy Apple Slice,Oxbow,744845960234
4385,Oxbow Timothy Apples & Sticks,Oxbow,744845963150
4362,Oxbow Timothy Carrot,Oxbow,744845403182
4390,Oxbow Timothy Carrot Lollipop,Oxbow,744845965321
4369,Oxbow Timothy Club,Oxbow,744845810072
4138,Oxbow Timothy Club Bungalow Large,Oxbow,744845403137
4139,Oxbow Timothy Club Bungalow Medium,Oxbow,744845403120
4140,Oxbow Timothy Club Tunnel,Oxbow,744845403113
4169,Oxbow Timothy Hut Medium,Oxbow,744845967912
4358,Oxbow Timothy Mat Large,Oxbow,744845403168
4359,Oxbow Timothy Mat Medium,Oxbow,744845403175
4383,Oxbow Timothy Orange Slice,Oxbow,744845965284
4381,Oxbow Timothy Popsicle,Oxbow,744845402253
4382,Oxbow Timothy Star Dish,Oxbow,744845966809
4363,Oxbow Timothy Twists,Oxbow,744845403199
4387,Oxbow Timothy Waffle,Oxbow,744845966847
4376,Oxbow Tumble Ntoss,Oxbow,744845968353
4037,Oxbow Western Timhay 15oz,Oxbow,744845402956
4041,Oxbow Western Timhay 40oz,Oxbow,744845402758
4042,Oxbow Western Timhay 90oz,Oxbow,744845402291
4375,Oxbow Willow Play Cube,Oxbow,744845965413
4112,Oxbow Yng Gpig 10lb,Oxbow,744845402802
4127,Oxbow Yng Gpig 25lb,Oxbow,744845963617
4111,Oxbow Yng Gpig 5lb,Oxbow,744845402901
4117,Oxbow Yng Rabbit 10lb,Oxbow,744845402550
4116,Oxbow Yng Rabbit 5lb,Oxbow,744845402895
4050,Oxbw Purcmfrt 28l Natural,Oxbow,744845107028
43,Galap Terrarium Starter Kit Arid,Pangea,759834053514
699,Galapagos Flexible Bridge 2x3,Pangea,59834053088
197,Pangea Ecodish Gray Marble,Pangea,5000583283
196,Pangea Ecodish Mossy Pine,Pangea,5000583287
198,Pangea Extra Small Micro Dish,Pangea,5003967285
199,Pangea L Micro Dish,Pangea,5003967289
643,Pangea Medium Humid Hide,Pangea,50005832560
644,Pangea Small Humid Hide,Pangea,768303705557
5208,"6"" Rckplnt Green",Penn-Plax,029904702650
5067,Act-air Action Skeleton,Penn-Plax,096316116627
5075,Act-air Action Split Shipwreck,Penn-Plax,097612009507
5068,Act-air Diver W Hose,Penn-Plax,097612091397
5077,Act-air Half Shipwreck,Penn-Plax,097612009408
5076,Act-air Rocking Shipwreck,Penn-Plax,097612009415
4311,Alfalfa & Calcium Block,Penn-Plax,030172105302
5355,Algae Boat Wheel,Penn-Plax,030172906268
5136,"Aquaplants 12"" Various 6pk",Penn-Plax,096316660243
5204,"Aquaplnt 12"" Rckplnt Color",Penn-Plax,076484835353
5138,Aquaplnt 1lg2md Assrt,Penn-Plax,047497269190
5203,"Aquaplnt 2.5/3.5"" Rckplnt Assorted",Penn-Plax,076484536014
5255,"Aquaplnt 4"" Green Plant",Penn-Plax,030172093081
5202,"Aquaplnt 6"" Rckplnt Green",Penn-Plax,030172902666
5150,"Aquaplt 4"" Plant Green",Penn-Plax,097612090611
5283,Aquascapes Glw Bunch Medium Green/Pink,Penn-Plax,030172048302
5275,Aquascapes Medium Green/Pink Bunch,Penn-Plax,030172062308
5276,Aquascapes Medium Green/Purple Bunch,Penn-Plax,030172104633
5278,Aquascapes Small Yell Bunch,Penn-Plax,071859949260
5382,Barbie Mermaid Medium,Penn-Plax,048081132067
5381,Barbies Mermaid Medium,Penn-Plax,048081132043
4370,Bed Fluff,Penn-Plax,045125622720
5816,Betta Bow Front Double Tank Kit,Penn-Plax,030172019524
5443,Carwreck Medium,Penn-Plax,045125604740
1993,Catlife Catch & Scratch Large,Penn-Plax,030172088841
1992,Catlife Catch & Scratch Small,Penn-Plax,030172078439
5313,Coral Rock Large,Penn-Plax,045125618525
5400,Crystal Cluster Sapphire Blue,Penn-Plax,030172023668
1616,Dinner Mat,Penn-Plax,045125605976
878,Donut Chew 2pk,Penn-Plax,030172105456
1837,Drytech Puppy Pad 14pk,Penn-Plax,030172029899
1838,Drytech Puppy Pad 30pk,Penn-Plax,030172029905
852,E-z Feed 2oz,Penn-Plax,030172902666
853,E-z Feed 4oz,Penn-Plax,045125619706
645,Extra Large Humid Hide,Penn-Plax,030172102912
1204,Ezfill Feeder Bird,Penn-Plax,030172902284
879,Finch Fries,Penn-Plax,030172095771
1202,Finch Twig Nest,Penn-Plax,048081111017
5253,Foregrounder Fan Brush Orange,Penn-Plax,030172069079
5254,Foregrounder Fan Palm Red,Penn-Plax,071859942384
4331,Friend Fries,Penn-Plax,030172097423
5337,Gary Large,Penn-Plax,045125614169
108,Gourmet Bearded Dragon Food,Penn-Plax,042055206167
4371,Hamsteroids,Penn-Plax,045125421217
4346,Kapok Pod,Penn-Plax,698220700192
5377,Kev & Stuart Surf Small,Penn-Plax,030172105401
14,Lizard Lounger,Penn-Plax,030172086809
15,Lizard Lounger Bridge,Penn-Plax,030172086823
18,Lizard Lounger Hanging Hideout,Penn-Plax,030172086816
17,Lizard Lounger Sun-lover,Penn-Plax,030172086816
16,Lizard Lounger Vine Backdrop,Penn-Plax,030172096617
4241,Lock Crock 20oz,Penn-Plax,076711007584
5024,Lok-tite 3gang Vlv,Penn-Plax,015561229227
5460,Mini Castle,Penn-Plax,045125614121
5363,Mini Coral,Penn-Plax,045125613544
5469,Mini Ship,Penn-Plax,045125604047
5272,Minireplica Treasure Chest,Penn-Plax,071859002583
5082,Nano Air Pump,Penn-Plax,097612009613
5297,Natural Driftwood Large,Penn-Plax,030172012938
5317,Nemo,Penn-Plax,046798773054
1209,Oval Basket Nest Large,Penn-Plax,048081010709
1190,Parrot Starter Kit,Penn-Plax,030172102745
7277,Penn Plax Crystals White/Red,Penn-Plax,035585800004
7256,Penn Plax Dazzle Stone Multi,Penn-Plax,018214855729
7176,Penn Plax Feeder 14 Day,Penn-Plax,030172085987
7178,Penn Plax Feeder 7 Day,Penn-Plax,077234549056
7275,Penn Plax Light,Penn-Plax,035585801858
7047,Penn Plax Quick Net 3 in,Penn-Plax,076484842047
658,Penn Plax Rockscapes,Penn-Plax,030172071430
7304,Penn Plax Small World Kit,Penn-Plax,035585498843
7253,Penn Plax crystals,Penn-Plax,030172093043
4991,Penn-plax Wizard,Penn-Plax,015561231718
4994,Penn-plax Wizard Value Pack,Penn-Plax,030172093104
1004,Pennplax Jingle Bird Wmirror/Perch,Penn-Plax,048081012215
1554,Pennplax Nail Grinder,Penn-Plax,030172101397
1213,Penplax Bird Bath,Penn-Plax,048081125007
4248,Pet Water Bottle 32oz,Penn-Plax,045125619737
4247,Petwtrbttl 16oz,Penn-Plax,045125619720
1031,Pine Swing Large,Penn-Plax,048081730267
1022,"Playful Forage & Engage ""raincatcher""",Penn-Plax,048081626177
5299,Pleco Cave,Penn-Plax,048081010044
5544,Pro-carbz 34 oz,Penn-Plax,048081417201
5424,Rainbow Rock Small,Penn-Plax,030172080104
5472,Shipwreck Small,Penn-Plax,045125618501
5146,Sinkers Ambulia Green Giant,Penn-Plax,030172090318
5143,Sinkers Blom Ludwig Green Super,Penn-Plax,030172091032
5145,Sinkers Bloom Ludwig Red Giant,Penn-Plax,030172090561
5144,Sinkers Bloom Ludwig Red Super,Penn-Plax,030172091018
5140,Sinkers Water Lily Red Medium,Penn-Plax,030172091254
5139,Sinkers Water Lily White Medium,Penn-Plax,015561226110
1725,Small Blue Double Diner Trvl,Penn-Plax,048081211670
1615,Small Dinner Mat,Penn-Plax,048081005292
1619,Small Tan Bone Place Mat,Penn-Plax,048081005262
790,Small World .6gal,Penn-Plax,030172091254
789,Small World Habitat 1g,Penn-Plax,030172091032
788,Small World Habitat 2.2 Gal,Penn-Plax,030172090561
784,Small World Habitat 2.3 Gal,Penn-Plax,030172090318
787,Small World Habitat 4gal,Penn-Plax,048081005262
5373,Spngeb Pinapple Home,Penn-Plax,048081626177
5338,Spongebob Large,Penn-Plax,045125613841
5384,Stump Ornatment Large,Penn-Plax,045125604009
5128,Supernatural Jelly Beans 20lb,Penn-Plax,015561226035
5081,The Bubbler Bottm Filter,Penn-Plax,097612410112
5422,Tikiw/ Surfboard,Penn-Plax,004808162606
5361,Velociraptors Small,Penn-Plax,045125603729
5776,Wonder Shell,Penn-Plax,018214828075
4397,Zzzz Hammock,Penn-Plax,045125621310
1468,Pet Honesty Hip+joint Health,Pet Honesty,850005524076
1975,PetAg KMR Ready to Use,PetAg,020279995098
1453,Petag Goats Milk Esbilac Milk,PetAg,020279994817
187,Petcrest Screen Clips 5-25g,PetCrest,002671680592
2373,Petsafe Crystal Litter 8lb,PetSafe,729849178656
1928,Petsafe Plastic Pet Door Large,PetSafe,729849109605
1927,Petsafe Plastic Pet Door Small,PetSafe,729849109582
4923,Pet House Reed Diffuser Citrus,Pethouse,091197510175
4927,Pet House Vanilla Sandalwood,Pethouse,015561230124
4907,Pet House Vanilla Sandalwood Car,Pethouse,015561230117
6013,Indigo 50-90lb House,Petmate,029695254154
1652,Petmate 2 Cup Bowl,Petmate,029695291555
2309,Petmate 8 Jumbo Liners,Petmate,723503504157
1700,Petmate Cafe Feeder 12lb,Petmate,029695246159
1701,Petmate Cafe Feeder 3lb,Petmate,029695246258
1699,Petmate Cafe Water 1.5 g,Petmate,029695244056
1682,Petmate Cafe Watr .25g,Petmate,29695244360
1832,Petmate Clean Resonse Rake & Pan,Petmate,029695711077
2310,Petmate Hiback Drwstin Liner 8,Petmate,029695290411
2311,Petmate Hibck Drwstin 12 Liner Large,Petmate,029695290404
2405,Petmate Hooded Litter Pan Jumbo,Petmate,029695420917
2406,Petmate Hooded Litter Pan Large,Petmate,029695421761
2319,Petmate Jumbo Liner 8,Petmate,029695292484
2338,Petmate Jumbo Litter Scoop,Petmate,029695291128
2337,Petmate Large Litter Scoop,Petmate,029695291111
1675,Petmate Replendish 2.5 Gal Water,Petmate,029695244780
1676,Petmate Replendish 4gal Water Grey,Petmate,029695245381
2348,Petmate Scoop & Stand,Petmate,29695265013
2409,Petmate Top Entry Litter Box,Petmate,029695220623
1679,Replendish0.5g.wtrw/Microban,Petmate,029695245404
1704,Replendish5lbfdrw/Microban,Petmate,029695244957
6023,"Vari-Kennel-Kennel-Kennel-Kennel Kennel 28""",Petmate,029695245404
6019,"Vari-Kennel-Kennel-Kennel-Kennel Kennel 32""",Petmate,029695244780
6020,"Vari-Kennel-Kennel-Kennel-Kennel Kennel 36""",Petmate,029695245381
4361,Playfuls Alfalfa Carrot Crunch,Playfuls,048081110706
1105,Playfuls Dagwood,Playfuls,048081626078
1023,"Playfuls Preen & Pacify""straw Stacker""",Playfuls,048081626344
1062,"Playfuls Sound & Move""dollar""",Playfuls,048081625071
4062,Pretty Pets Glider Food,Pretty Pets,716432850068
4063,Pretty Pets Hedgehog Food,Pretty Pets,071859008653
1186,Assorted Medium & Small Cage,Prevue,076484067303
997,Birdie Basics 2-sided Mirror W Bell,Prevue,048081604229
965,"Naturals 9""coffee Wood Y-branch",Prevue,048081010501
5366,Naturals Log Medium,Prevue,030172902741
948,"Pacific Perch Beach Walk Small 4""",Prevue,048081011112
949,"Pacific Perch Beach Walk Small 5""",Prevue,048081001005
867,Prevue Hendrix Cage Saver,Prevue,48081001097
1075,Prevue Hendrix Coconut Fiber Bundles,Prevue,048081620915
4188,Prevue Hendrix Corner Litter Pan,Prevue,045125621433
876,Prevue Hendrix Medium Seed Catcher,Prevue,48081008218
4146,Prevue Hendrix Saguaro Hideaway Medium,Prevue,048081110331
4147,Prevue Hendrix Saguaro Hideaway Small,Prevue,048081110324
4172,Prevue Hendrix Small Grass Ball,Prevue,048081010938
4171,Prevue Hendrix Small Grass Tunnel,Prevue,048081010921
4164,"Prevue Quiet Wheel 9 1/2""",Prevue,606919000105
968,"Wacky Wood 36""",Prevue,048081623992
6910,Primal Broth Pork,Primal,076484114441
6912,Primal Broth Turkey,Primal,854496006356
6908,Primal Goat Milk Cranberry 32oz,Primal,850334004638
6640,Pro Plan Beef & Salmon 13oz,Pro Plan,079441009019
6363,Pro Plan Beef Shred 15lb,Pro Plan,076484673108
6364,Pro Plan Beef Shred 35lb,Pro Plan,076484673115
6362,Pro Plan Beef Shred 5lb,Pro Plan,076484670749
6700,Pro Plan Cat Salmon & Shrimp 3oz,Pro Plan,079441004052
6360,Pro Plan Chicken 30/20 18lb,Pro Plan,076484670701
6361,Pro Plan Chicken 30/20 37.5lb,Pro Plan,076484670732
6365,Pro Plan Chicken Shred 15lb,Pro Plan,076484673146
6366,Pro Plan Chicken Shred 35lb,Pro Plan,076484673122
6359,Pro Plan Chicken Shred 6lb,Pro Plan,076484670718
6387,Pro Plan Lamb Puppy 34lb,Pro Plan,076484670268
6385,Pro Plan Lamb Puppy 6lb,Pro Plan,076484672378
6368,Pro Plan Lamb Shred 15lb,Pro Plan,076484717154
6367,Pro Plan Lamb Shred 5lb,Pro Plan,076484673139
6375,Pro Plan Large Breed 18lb,Pro Plan,076484717222
6376,Pro Plan Large Breed 34lb,Pro Plan,076484717208
6377,Pro Plan Large Breed Puppy 18lb,Pro Plan,076484717215
6378,Pro Plan Large Breed Puppy 34lb,Pro Plan,076484672309
6527,Pro Plan Large Breed Salmon 34lb,Pro Plan,859610008315
6383,Pro Plan Puppy 18lb,Pro Plan,038100132710
6384,Pro Plan Puppy 34lb,Pro Plan,076484067211
6382,Pro Plan Puppy 6lb,Pro Plan,076484672354
6347,Pro Plan Sensit Puppy Salmon 15lb,Pro Plan,038100187642
6353,Pro Plan Sensitive Lamb 24lb,Pro Plan,076484067570
6352,Pro Plan Sensitive Lamb 4lb,Pro Plan,076484067563
6351,Pro Plan Sensitive Salmon 30lb,Pro Plan,076484067594
6380,Pro Plan Shred Puppy 18lb,Pro Plan,076484672323
6381,Pro Plan Shred Puppy 34lb,Pro Plan,076484672347
6379,Pro Plan Shred Puppy 6lb,Pro Plan,076484672316
6373,Pro Plan Small Breed 18lb,Pro Plan,076484717185
6372,Pro Plan Small Breed Chicken 6lb,Pro Plan,076484717116
6371,Pro Plan Small Breed Chicken Shred 18lb,Pro Plan,076484717239
6370,Pro Plan Small Breed Chicken Shred 6lb,Pro Plan,076484717246
6388,Pro Plan Toy Puppy 5lb,Pro Plan,038100135407
6639,Pro Plan Turkey & Sweet Potato 13oz,Pro Plan,038100026767
6357,Pro Plan Weight 18lb,Pro Plan,076484677533
6358,Pro Plan Weight 34lb,Pro Plan,076484677526
6355,Pro Plan Weight Shred 18lb,Pro Plan,076484067587
6356,Pro Plan Weight Shred 34lb,Pro Plan,076484677502
6354,Pro Plan Weight Shred 6lb,Pro Plan,076484067556
4674,Puppy-peroni,Puppy-peroni,015561224918
6318,Pure Vita Grain Free Frozen Turkey 25lb,Pure Vita,073893173045
5135,Purewatr Pebbles Liberty 25 lb,Pure Water Pebbles,015561226103
4675,Beggin Strips,Purina,000561224895
6664,Cat Chow 3.15lb,Purina,017800150149
6386,Proi Plan Lamb Puppy 18lb,Purina,076484067204
2368,Tidycats 24/7 Preformance Lit 20,Purina,070230107206
1898,Quiettime Black Extra Small Bed,Quiet Time,027773005322
1897,Quiettime Black Toy Bed,Quiet Time,027773008262
1918,Quiettime Cuddle Bed Grey Medium,Quiet Time,027773019176
1141,Quiko Red Egg Food,Quiko,87535360694
2672,"Rascals 3"" Frog",Rascals,076484830150
2673,"Rascals 3"" Soccer Ball",Rascals,076484831676
2671,"Rascals 4"" Porkchop",Rascals,076484093913
2668,"Rascals 5"" Bone",Rascals,076484837302
2670,"Rascals 6.5"" Paper",Rascals,076484093920
2739,"Rascals 6.5"" Toy Grunt Elephant",Rascals,076484830891
2667,Rascals Sheep Toy,Rascals,076484837029
12,4 Pound Land Recipe,RedBarn,785184120071
6523,Red Barn Beef Stew 12oz,RedBarn,785184105092
6525,Red Barn Chicken Stew 12oz,RedBarn,077234023945
6522,Red Barn Lamb Stew 12oz,RedBarn,785184105160
6524,Red Barn Turky Stew 12oz,RedBarn,077234025055
6521,Red Barn White Fish Stew 12oz,RedBarn,785184105177
6258,RedBarn Land Grain Free Frozen 22lb,RedBarn,191726502142
6262,RedBarn Puppy With Grain 4lb,RedBarn,785184125014
4466,Redbarn 12in Bully Stick,RedBarn,788286008148
4497,Redbarn 7in Bully Braid Odor Free,RedBarn,009119771013
4494,Redbarn 7in Bully Stick Odor Free,RedBarn,009119771301
4463,Redbarn Bully Barbell,RedBarn,097612401042
4470,Redbarn Bully Ring,RedBarn,097612400724
4428,Redbarn Bully Slices Bbq,RedBarn,785184255001
4425,Redbarn Bully Slices Frnch Toast,RedBarn,097612740011
4427,Redbarn Bully Slices Original,RedBarn,785184255148
4426,Redbarn Bully Slices Peanut Butter Flavor,RedBarn,015561228084
4424,Redbarn Bully Slices Vanilla,RedBarn,097612780246
4434,Redbarn Chewabulls Brush Small,RedBarn,015561225687
4435,Redbarn Chewabulls Hydrant Medium,RedBarn,785184011317
4436,Redbarn Chewabulls Hydrant Small,RedBarn,785184011300
4453,Redbarn Duo Large Fill Bone Pbj,RedBarn,096316700574
4511,Redbarn Extra Large Collagen Stick,RedBarn,001556121979
4458,Redbarn Fill Hoof Peanut Butter,RedBarn,785184506455
4484,Redbarn Glaze Beef Cheek Roll,RedBarn,785184255506
4485,Redbarn Glaze Cheek Roll Beef Peanut Butter,RedBarn,097612400410
4469,Redbarn Large 1/2 Deer Antler,RedBarn,097612400656
4487,Redbarn Large Beef Tendon,RedBarn,785184250631
4464,Redbarn Large Blywrp Collagen Stick,RedBarn,785184262016
4488,Redbarn Large Collagen Stick,RedBarn,097612403091
4452,Redbarn Large Fill Bn Peanut Butter,RedBarn,785184406038
4454,Redbarn Large Fill Bone Lamb,RedBarn,096316117594
4473,Redbarn Medium Beef Jerky,RedBarn,785184255490
4492,Redbarn Medium Blly Wrap Collagen,RedBarn,009631670001
4472,Redbarn Medium Pork Pizzle Braid,RedBarn,097612401806
4507,Redbarn Pig Snout,RedBarn,785184990438
4450,Redbarn Small Bn Chicken,RedBarn,785184403044
4448,Redbarn Small Fill Bone Peanut Butter,RedBarn,785184403037
4451,Redbarn Small White Bn,RedBarn,785184403068
4467,Redbarn Small/Medium 1/2 Elk Antler,RedBarn,785184200094
4468,Redbarn Small/Medium Deer Antler,RedBarn,097612400809
4486,Redbarn Smmd Beef Cheek Rl Chicken,RedBarn,091197780059
1703,Replendish 1gwtrwmicro Grey,Replendish,029695244926
571,Reptile Climber Vines with Leaves 5',Reptology,030172060274
541,"Repto Orange Hanging Vines 12""",Reptology,030172087509
495,Repto Treat Turtle,Reptology,46798162537
520,Reptology Biothane Sponge 70 Replace,Reptology,30172060830
537,Reptology Climber Vines W Leaves,Reptology,030172060267
642,Reptology Granite Stone Hideaway Extra Large,Reptology,30172079887
641,Reptology Granite Stone Hideaway Large,Reptology,30172079887
540,"Reptology Orange Hanging Vines 24""",Reptology,030172087509
184,Reptology Substrate Scoop,Reptology,003017210538
1715,Retro Large Blue Bowl,Retro,842982071377
1722,Retro Large Pink Bowl,Retro,842982071339
1714,Retro Medium Blue Bowl,Retro,842982071360
1713,Retro Small Blue Bowl,Retro,842982071353
4032,Rndlake Timothy Hay 18oz,Round Lake Farm,097612009118
4022,Rndlake Timothy Hay 90oz,Round Lake Farm,97612009118
6004,Royal Canin Small Adult Adult Adult Adult 4lb,Royal Canin,071859000022
1939,Safari Cat Bristle Brush,Safari,076484513695
1542,Safari Comb Large,Safari,076484005565
1543,Safari Comb Small,Safari,076484005589
1531,Safari Combo Brush Large,Safari,076484512995
1530,Safari Combo Brush Small & Medium,Safari,076484512988
1545,Safari Comfort Grip Curry Brush,Safari,076484004216
1524,Safari Curved Firm Slicker Small,Safari,076484946202
1546,Safari Double Sided Flea Comb,Safari,076484617027
1940,Safari Flea Comb,Safari,076484510267
1548,Safari Flea Comb Long Hair,Safari,076484577178
1547,Safari Flea Comb Short/Medium Hair,Safari,076484577833
1526,Safari Long Hair Slicker Large,Safari,076484468148
1525,Safari Long Hair Slicker Medium,Safari,076484467097
1559,Safari Nail Trimmer Large,Safari,076484510663
1552,Safari Nail Trimmer Large Dog,Safari,076484510663
1567,Safari Nail Trimmer Sciccors Medium,Safari,076484611308
1568,Safari Nail Trimmer Sciccors Small,Safari,076484611308
1551,Safari Nail Trimmer Small Dogs,Safari,076484510694
1539,Safari Saftey Scissors,Safari,076484612107
1527,Safari Self Cleaning Slicker Large,Safari,076484741043
1529,Safari Self Cleaning Slicker Small,Safari,076484860003
1537,Safari Shed Magic Cat,Safari,076484961281
1535,Safari Shed Magic Large,Safari,076484632273
1538,Safari Shed Magic Long Hair Medium,Safari,076484961267
1536,Safari Shed Magic Medium,Safari,076484632266
1540,Safari Shedding Comb Long Hair,Safari,076484005657
1541,Safari Shedding Comb Short Hair,Safari,076484005640
1544,Safari Soft Tip Curry Brush,Safari,076484943201
1553,Safari Styptic Powder,Safari,76484513190
1528,Safarin Self Cleaning Slicker Medium,Safari,076484860010
1234,Salon Scents Blueberry Pie,Salon Scents,745858525335
4691,Beggar Bones Mini 3 in 1,Savory Prime,097612910247
4686,Beggar Bones Mix Large 1pk,Savory Prime,097612950106
4682,Beggar Bones Pork Skin Twist 11pk,Savory Prime,097612910506
5963,Science Diet 7+ 15lb,Science Diet,842982073500
6585,Science Diet 7+ Beef 13oz,Science Diet,763034610088
5959,Science Diet 7+ Small Bite 5lb,Science Diet,079441008005
6792,Science Diet Cat 11+ 7lb,Science Diet,076484622427
6803,Science Diet Cat Hairball Control 7+ 15.5lb,Science Diet,052742887708
6798,Science Diet Cat Hairball Control 7+ 7lb,Science Diet,052742888309
6799,Science Diet Cat Hairball Control Light 7lb,Science Diet,052742888200
6805,Science Diet Cat Indoor 15.5lb,Science Diet,076484662232
6779,Science Diet Cat Indoor 3.5lb,Science Diet,076484062292
6790,Science Diet Cat Indoor 7lb,Science Diet,076484622403
6850,Science Diet Cat Indoor Salmon Stew 2.8oz,Science Diet,076484410062
6771,Science Diet Cat Salmon 7lb,Science Diet,052742068640
6851,Science Diet Cat Senior Salmon Stew 2.8oz,Science Diet,076484410055
6801,Science Diet Cat Urinary & Hairball Control 15.5lb,Science Diet,076484622168
6591,Science Diet Chicken & Beef 13oz,Science Diet,035585530062
5995,Science Diet Grain Free Frozen Crunch,Science Diet,029695230776
6576,Science Diet Healthy Cuisine Beef 12.5oz,Science Diet,035585530024
6778,Science Diet Indoor Kitten 3.5lb,Science Diet,076484410185
5958,Science Diet Light Small Bite 30lb,Science Diet,079441006315
6588,Science Diet Perfect Weight Chicken 12.5oz,Science Diet,035585502267
5937,Science Diet Puppy Chicken 12.5lb,Science Diet,030172101380
6560,Science Diet Puppy Chicken Stew 3.5 oz,Science Diet,077234521168
5978,Science Diet Puppy Sensitive 13lb,Science Diet,077234058503
5913,Science Diet Puppy Small Breed 12.5lb,Science Diet,045663975609
5912,Science Diet Puppy Small Breed Chicken 4.5lb,Science Diet,076484006098
6590,Science Diet Salmon 13oz,Science Diet,035585459509
5921,Science Diet Small Breed Lamb 15.5lb,Science Diet,076484959509
5920,Science Diet Small Breed Lamb 4.5,Science Diet,076484962417
5923,Science Diet Small Breed Light 15.5lb,Science Diet,045663975531
6783,Science Diet hairball 7+ 3.5lb,Science Diet,052742753300
4708,Nutrichomps 4 Count Peanut Butter,Scott Pet,096316671393
4710,Nutrichomps Mix Braid 4 Count,Scott Pet,096316671379
185,Jurassipet Mite Wipes,SeaChem,0011608541
7105,Seachem Axolotl Conditioner 8.5oz,SeaChem,047431014008
7099,Seachem Clarity 8.5oz,SeaChem,077234544952
7107,Seachem Florish Iron 8.5oz,SeaChem,077234540961
7163,Seachem Sulfaplex,SeaChem,077234541289
6400,Shep Boy Chicken Fdr 14oz,Shepherd Boy,076484171727
4671,Shepherd Boy Freeze Chicken Hearts,Shepherd Boy,097612326307
1843,Skouts Honor Stay Off Training Aid,Skout's Honor,810053870495
1254,Skoutshonor Prodeodorizer Honeysuck,Skout's Honor,856713005388
1256,Skoutshonor Proitch Spray,Skout's Honor,850004314746
1258,Skoutshonor Skunk Odor Elminator,Skout's Honor,856713005289
4646,SmartBones 12 Chicken Sticks,SmartBones,892383002029
4637,SmartBones 16 Mini Peanut Butter,SmartBones,892383002364
4641,SmartBones 24 Mini Chicken,SmartBones,892383008458
4640,SmartBones 3 Large Chicken,SmartBones,810833029587
4648,SmartBones 3lg Chicken,SmartBones,892383002333
4633,SmartBones 3lg Peanut Butter,SmartBones,892383002142
4652,SmartBones 4lg Churro,SmartBones,810833029433
4638,SmartBones 6 Stuff Twist Pork,SmartBones,810833020690
4635,SmartBones 6sm Peanut Butter,SmartBones,892383006386
4629,SmartBones Stuffed Twistz 6pk,SmartBones,810833020652
4631,SmartBones Twists 30pk Sirloin,SmartBones,810833029426
4622,Smartsticks 16 Count Chamomile & Lavender,SmartBones,810833020348
2211,Meowijuana Seafood Medley Treat,SmarterPaw,859442005483
4975,Smokehouse Bully Bites 6oz,Smokehouse,097612300321
4695,Smokehouse Chicken Sweet Potato Combo,Smokehouse,097612322002
4876,PetOdor Bamboo Breeze,Specialty Pet Products,030172060830
4903,PetOdor Cream Vanilla Wax,Specialty Pet Products,097612180268
4875,PetOdor Gummies,Specialty Pet Products,097612110524
4897,PetOdor Lavender & Chamomile Car,Specialty Pet Products,030172094774
4889,PetOdor Pawtopia,Specialty Pet Products,091197700644
4904,PetOdor Pineapple Coconut Wax,Specialty Pet Products,097612180213
5113,Spectrastone Berry Lk 5lb,Spectrastone,096316660267
5132,Spectrastone Blue Spec 25lb,Spectrastone,015561222501
5117,Spectrastone Blue Special 5lb,Spectrastone,097612091359
5109,Spectrastone Pgl Lavender 5lb,Spectrastone,096316002586
5111,Spectrastone Red 5lb,Spectrastone,097612090413
5134,Spectrastone lb Black 25lb,Spectrastone,015561226134
5133,Spectrastone lb White Spe 25lb,Spectrastone,015561222655
831,Adams Dog Spot on 31-60lbs,Spot,039079003704
890,Spot 20oz Hook on Cup,Spot,077234060117
2754,Spot Chirpies,Spot,077234549339
1549,Spot Clean Paws Mat,Spot,077234500071
2186,Spot Forest Friends,Spot,077234027042
2208,Spot Funfetti,Spot,077234549308
2683,"Spot Latex Food 8"" Assorted",Spot,046798169802
2740,"Spot Latex Ring 5""",Spot,077234548660
2172,Spot Mylar Balls 4pk,Spot,077234029145
2177,Spot Sewmuchfun 3.5 Ball,Spot,077234521588
2772,Spot Sknz Ex Trpl Squeak Snake,Spot,077234541852
4763,Starmark Large Cookie Cup Chicken,Starmark,015561220620
4762,Starmark Medium Cookie Cup Chicken,Starmark,015561223492
4761,Starmark Small Cookie Cups Chicken,Starmark,015561223485
4109,Sunburst Gpig 3lb,Sunburst,720101352043
4095,Sunburst Ham & Gerbil 2.5 lb,Sunburst,071859000213
5244,Suzie's CBD Pumpkin 6oz,Suzie's CBD,048081612248
6051,Taste of the Wild Ancient Mountain 14lb,Taste of the Wild,079441002010
6047,Taste of the Wild Ancient Mountain 5lb,Taste of the Wild,074198614530
6048,Taste of the Wild Ancient Prairie 5lb,Taste of the Wild,074198614493
6050,Taste of the Wild Ancient Stream 14lb,Taste of the Wild,618940642787
6052,Taste of the Wild Ancient Stream 28lb,Taste of the Wild,079441003048
6055,Taste of the Wild Ancient Wetlands 14lb,Taste of the Wild,074198614462
6045,Taste of the Wild Ancient Wetlands 5lb,Taste of the Wild,074198614455
6058,Taste of the Wild Appalachian 14lb,Taste of the Wild,074198612703
6818,Taste of the Wild Cat Canyon River 14lb,Taste of the Wild,074198614035
6819,Taste of the Wild Cat Canyon River 5lb,Taste of the Wild,074198611027
6816,Taste of the Wild Cat Lowland Creek 14lb,Taste of the Wild,074198614103
6817,Taste of the Wild Cat Lowland Creek 5lb,Taste of the Wild,074198614097
6498,Taste of the Wild High Prairie 13.2oz,Taste of the Wild,074198610723
6069,Taste of the Wild High Prairie 28lb,Taste of the Wild,842982079915
6495,Taste of the Wild Pacific Stream 13.2oz,Taste of the Wild,074198610716
6062,Taste of the Wild Pacific Stream 5lb,Taste of the Wild,074198613922
6066,Taste of the Wild Sierra Mountain 28lb,Taste of the Wild,074198613977
6064,Taste of the Wild Sierra Mountain 5lb,Taste of the Wild,074198611010
517,ReptoGuard Turtle Health Condi,Tetra,046798169680
493,Reptomin Floating Turtle Sticks 1.94 oz,Tetra,046798292524
492,Reptomin Floating Turtle Sticks 10.59oz,Tetra,046798162551
496,Reptomin Select a Food Turtle,Tetra,046798770312
5641,Tetra 9w Uv Bulb,Tetra,046798195276
7258,Tetra Accent Gravel,Tetra,046798290858
7166,Tetra Ammonia Strip 25 Count,Tetra,810032680336
7272,Tetra Bettamin .15oz,Tetra,046798770879
7282,Tetra Bettamin 1 oz,Tetra,046798168386
5481,"Tetra Carbon Filter Ex30, Ex45, Ex70 2pk Large",Tetra,046798263333
6991,Tetra Cichil Flake 5.65oz,Tetra,046798770039
6993,Tetra Cichlid Flake 1.58oz,Tetra,046798783015
6992,Tetra Cichlid Flake 2.82oz,Tetra,046798162469
6983,Tetra Color Plus 2.2oz,Tetra,046798772415
6984,Tetra Color Plus 7.06oz,Tetra,046798772439
6996,Tetra Community 3 in 1 3.25oz,Tetra,046798770886
6997,Tetra Crisp Select a Food 2.4oz,Tetra,076484093135
782,Tetra Fauna 10g Reptohab,Tetra,047497269213
7223,Tetra Glo Anemone Pink,Tetra,046798784456
7213,Tetra Glo Barrels,Tetra,046798290681
7221,Tetra Glo Castle,Tetra,046798780168
7222,Tetra Glo Clam,Tetra,046798196297
7210,Tetra Glo Colcano,Tetra,046798773016
7217,Tetra Glo Coral,Tetra,046798786801
7236,Tetra Glo Extra Large Gr/Black Plant,Tetra,018214823384
7237,Tetra Glo Extra Large Purple/Pack Plant,Tetra,018214813842
7206,Tetra Glo Gravel Pearlescent,Tetra,046798290841
7204,Tetra Glo Gravel White,Tetra,046798290254
7200,Tetra Glo Java Moss,Tetra,046798782797
7208,Tetra Glo Lagoon Sand,Tetra,046798784852
7235,Tetra Glo Large Gr/Pack Plant,Tetra,018214855361
7232,Tetra Glo Large Gr/or Plant,Tetra,046798780458
7231,Tetra Glo Large Purple/White Plant,Tetra,046798780939
7233,Tetra Glo Large or/Yel Plant,Tetra,746772251850
7198,Tetra Glo Mangrove Tree,Tetra,046798782742
7228,Tetra Glo Medium Purple/Pack Plant,Tetra,046798780885
7230,Tetra Glo Medium Purple/White Plant,Tetra,046798780922
7229,Tetra Glo Medium or/Yel Plant,Tetra,046798780441
7238,Tetra Glo Multi Plant,Tetra,046798292876
7215,Tetra Glo Skull,Tetra,746772352045
7227,Tetra Glo Small Purple/Pack Plant,Tetra,746772200087
7226,Tetra Glo Small or/Yel Plant,Tetra,046798780434
7211,Tetra Glo Twisted Tree,Tetra,746772750124
6977,Tetra Glofish Flake 1.59oz,Tetra,076484428432
6973,Tetra Glofish Wafer 1.58oz,Tetra,076484065200
7013,Tetra Goldfish Plus 2.2oz,Tetra,046798772460
7171,Tetra Ich Guard,Tetra,046798773474
5804,Tetra Koi Vibrance 3.31lb,Tetra,020279998013
7300,Tetra Led Half Moon,Tetra,035585502908
6974,Tetra Pleco Wafer 2.12oz,Tetra,076484065224
5792,Tetra Pond Barley & Peat,Tetra,046798162940
5795,Tetra Pond Flakes,Tetra,046798167358
5764,Tetra Pond Pump Small,Tetra,046798197102
5793,Tetra Pond Spring & Fall Diet,Tetra,046798164678
5797,Tetra Pond Sticks 1lb,Tetra,069125024416
5777,Tetra Pond Vacay Food,Tetra,046798770244
6975,Tetra Shrimp Wafer 3oz,Tetra,076484428456
7010,Tetra TetraPro Crisp 2.65oz,Tetra,046798770763
6980,Tetra Tetracolor 1oz,Tetra,046798163503
6981,Tetra Tetracolor 2.2oz,Tetra,046798771272
6988,Tetra Tetramin .42oz,Tetra,046798770251
6989,Tetra Tetramin 1oz,Tetra,046798771265
6990,Tetra Tetramin 2.2oz,Tetra,046798772507
5477,Tetra Whisper Filter Cartridge Small 2pk,Tetra,046798259008
5570,Tetra Whisper Pf10,Tetra,046798263166
7202,Tetra Yellow Fern,Tetra,180181906954
756,TetraFauna 75reptohabitat 75g,Tetra,047497269237
513,TetraFauna Reptofilter 3 Pack,Tetra,046798780878
781,Tetrafaune Deluxe Reptohabitat 40,Tetra,047497269220
6978,Tetramin Granule 3.52oz,Tetra,076484996474
6985,Tetramin Plus 1oz,Tetra,046798771609
6986,Tetramin Plus 2.2oz,Tetra,046798772422
6987,Tetramin Plus 7.06oz,Tetra,046798772514
4745,Milk-Bone Marosnacks,The J.M. Smucker Company,015561223836
4672,Milk-Bone Trail Mix,The J.M. Smucker Company,097612320787
4097,Friendfarm Gerty Gpig 2lb,Tiny Friends Farm,730582211647
4093,Friendfarm Hazel Ham 2lb,Tiny Friends Farm,730582211661
2664,Titan Comfort Tips Medium,Titan,076484093739
2661,Titan Leash Black04' Heavy 4',Titan,76484092800
1752,Titan Tieout 15' Heavy,Titan,076484890604
2638,"Titan Traincllr Heavy 20"" 5530",Titan,076484093319
4973,Etta Says Buffalo Chew,Treat Planet,015561224666
1503,Freshbreath Total Care Kit,TropiClean,645095001282
1429,Freshbreathe Drops,TropiClean,645095008830
1432,Freshbreathe Oral Foam,TropiClean,645095001022
1430,Freshbreathe Oral Spray,TropiClean,645095002197
1431,Freshbreathe Oral Spray Peanut Butter,TropiClean,645095002340
1437,Freshbreathe Solution 33.8oz,TropiClean,645095001831
1325,Spa Lavish Renew,TropiClean,645095700239
1324,Spa Lavish White Coat,TropiClean,645095700611
1232,Spa Lavish for Him,TropiClean,645095700574
1323,Spa Lavish for Him Shamp,TropiClean,645095700550
1961,TropiClean Deepcleansing Cat Sham,TropiClean,645095869042
1308,Tropiclean 4in1 Itch,TropiClean,645095003316
1297,Tropiclean Berry Breeze Spray,TropiClean,645095861312
1296,Tropiclean Deep Cleansing Berry,TropiClean,645095869011
1286,Tropiclean Deepclean Wipes Berry,TropiClean,645095010109
1315,Tropiclean Dual Action Ear Cleaner,TropiClean,645095410022
1320,Tropiclean Ear Wipes,TropiClean,645095008823
1353,Tropiclean Essentials Goatmilk Sham,TropiClean,645095202160
1247,Tropiclean Essentials Jojoba Spray,TropiClean,645095004245
1960,Tropiclean Hypoallergenic Cat Sham,TropiClean,645095006096
1288,Tropiclean Hypoallergenic Coconut Sham,TropiClean,645095202146
1287,Tropiclean Hypoallergenic Wipes Fragfree,TropiClean,645095010093
1305,Tropiclean Kiwi Blossom Spray,TropiClean,645095006881
1300,Tropiclean Lime & Coconutnut Spray,TropiClean,45095160026
1307,Tropiclean Mango & Kiwi Spray,TropiClean,645095006157
1295,Tropiclean Medicated Itch Relief,TropiClean,645095320420
1304,Tropiclean Moisturizing Conditioner,TropiClean,645095202122
1962,Tropiclean Natflea & Tick No Rinse Cat,TropiClean,645095007437
806,Tropiclean Natrl Flea & Tick Home Spray,TropiClean,645095320017
805,Tropiclean Ntrl Flea & Tick Easy Mist,TropiClean,645095007413
1963,Tropiclean Oxymed Hairball Foam Sham,TropiClean,645095003347
1348,Tropiclean Oxymed Hypoallergenic Spray,TropiClean,645095003330
1347,Tropiclean Oxymedhypoallergenic,TropiClean,645095869028
1302,Tropiclean Papaya Mist Spray,TropiClean,645095007420
1309,Tropiclean Pineapple Spray,TropiClean,645095160026
1310,Tropiclean Refreshing 2in1,TropiClean,645095006133
1326,Tropiclean Skunk,TropiClean,645095008281
1303,Tropiclean Waterless Papaya & Coconut,TropiClean,645095202184
1311,Tropiclean Watermelon Spray,TropiClean,645095160002
1351,Tropicleanoxymed Medicated,TropiClean,645095003323
1350,Tropicleanoxymedantiitch Medi Spray,TropiClean,645095000124
4856,"Tuesdays 10"" Beef Cheek Peanut Butter",Tuesday's Natural Dog Company,097612410211
4854,"Tuesdays 10-12"" Beef Basted Chkrll",Tuesday's Natural Dog Company,097612410501
4850,"Tuesdays 10-12"" Stuff Pork Gullets",Tuesday's Natural Dog Company,046798165989
4852,"Tuesdays 12"" Cllgen Peanut Butter",Tuesday's Natural Dog Company,046798292531
4851,"Tuesdays 5"" Beef Cheek Roll",Tuesday's Natural Dog Company,046798162537
4853,Tuesdays Chicken Basted Cheek Roll,Tuesday's Natural Dog Company,097612400564
4523,Tuesdays Chicken Jerky,Tuesday's Natural Dog Company,009761210362
4456,Tuesdays Filled Hoof Peanut Butter,Tuesday's Natural Dog Company,096316700611
2853,Tuffy T-ds-scorpion,Tuffy,180181903694
2865,Tuffy T-oc-killerwhale,Tuffy,180181907555
2861,Tuffy T-u-b-rp,Tuffy,180181002014
841,Turbo Birds,Turbo,76484228582
847,Turbo Fish,Turbo,76484536014
2165,Turbo Stacked Rainbow Scratcher,Turbo,076484596049
844,Turbo Stick and Ball,Turbo,076484536090
6423,VICTOR Hi Energy 40lb,VICTOR,076484063428
6428,VICTOR Hi Pro 30lb,VICTOR,076484638671
6426,VICTOR Hi Pro 50lb,VICTOR,076484063442
6427,VICTOR Prof 30lb,VICTOR,076484063411
6422,VICTOR Senior 40lb,VICTOR,076484638640
3500,Valhoma Spike 24 Red Collar,Valhoma,9761211060
3510,Valhoma Spike 26 Tq Collar,Valhoma,9119770062
2301,24oz Stainless Bowl,Van Ness,079441002324
2305,Pureness Giant 8 Cat Pan Liners,Van Ness,079441004137
2306,Pureness Large 12 Cat Pan Liners,Van Ness,079441004120
2307,Pureness Xg Drwstng Pan Liner,Van Ness,079441004182
1711,Vanilla Ness Single 16oz,Van Ness,079441002362
2356,Vanness Cat Starter Kit,Van Ness,79441004052
2304,Vanness Drawstring Cat Pan Liner,Van Ness,079441004106
2410,Vanness High Sides Large Pan,Van Ness,079441004922
2308,Vanness Xg 10 Liners Sifting,Van Ness,079441004199
4263,Drops Veggie,Vitakraft,644472991536
4255,Smakers Nut,Vitakraft,642863111297
4108,Vitagarden Gpig 4lb,Vitakraft,071859999906
896,Vitakraft Sticks Apple & Honey Parrot,Vitakraft,051233316871
897,Vitakraft Sticks Apricot & Cherry Conur,Vitakraft,051233316956
895,Vitakraft Sticks Apricot & Cherry Parrot,Vitakraft,051233316895
4274,Vitakraft Sticks Carrot & Honey,Vitakraft,051233316956
904,Vitakraft Sticks Egg and Honey Keets,Vitakraft,051233211206
4272,Vitakraft Sticks Pnut & Honey,Vitakraft,051233316895
6399,Vital Essentials Beef Ground Top 6oz,Vital Essentials,076484171741
6394,Vital Essentials Beef Mini Nibbles 14oz,Vital Essentials,076484067839
6393,Vital Essentials Beef Mini Pate 14oz,Vital Essentials,076484067532
6396,Vital Essentials Chicken Mini Nibbles 14oz,Vital Essentials,076484067525
6395,Vital Essentials Chicken Mini Pate 14oz,Vital Essentials,076484067549
6392,Vital Essentials Duck Mini Nibbles 14oz,Vital Essentials,076484670237
6391,Vital Essentials Duck Mini Pate 14oz,Vital Essentials,076484670244
6682,Vital Essentials Duck Patties 8oz,Vital Essentials,064992715625
6397,Vital Essentials Turkey Ground Top 6oz,Vital Essentials,076484067099
6390,Vital Essentials Turkey Mini Nibbles 14oz,Vital Essentials,076484774379
6389,Vital Essentials Turkey Mini Pate 14oz,Vital Essentials,076484670220
894,Vitapol Fruite Smackers Cockatiel,Vitapol,644472002355
880,Vitapol Mineral Block,Vitapol,44472017632
908,Vitapol Smackers 3w1,Vitapol,44472002126
909,Vitapol Smackers Snacks Straw,Vitapol,644472010046
4475,We Munch & Crunch Large,We Pet,091197780080
810,Weeaway Flea Spray,Wee-Away,50024364318
1845,Weewee Dispo Liner Pads 24pk,Wee-Wee,045663188993
1847,Weewee Dispo Malewrap Medium/Large 12,Wee-Wee,045663972271
1853,Weewee Dispodiapers Large/Extra Large 12pk,Wee-Wee,045663972332
1854,Weewee Dispodiapers Medium 12 Pack,Wee-Wee,045663972325
1840,Weewee House Breaking Aid Spray,Wee-Wee,045663150105
1850,Weewee Patch Replace Grass Small,Wee-Wee,045663158521
1848,Weewee Silicone Pad Holder,Wee-Wee,045663970000
1852,Weewee Washable Pad 3pk,Wee-Wee,045663974831
6550,Welln Beef Stew 12.5oz,Wellness,077234521595
6335,Welln White Fish 26lb,Wellness,076344088912
6544,Wellness Petite Entree Beef 3oz,Wellness,076484810671
4860,Wholesome Rewards Lite Bites,Wholesome,317163034408
4859,Wholesome Rewards Medium Variety,Wholesome,097612401301
4862,Wholesome Rewards Puppy Vareity,Wholesome,317163034422
7299,Activ Betta Gravel Blue,World Wide Imports,035585505398
7297,Activ Betta White Sand,World Wide Imports,029904109619
6492,Zignature Duck 13oz,Zignature,723633001540
4808,Zignature Soft Duck Bites,Zignature,097612920109
4807,Zignature Soft Lamb Bites,Zignature,097612920208
4802,Zignature Treats Duck 12oz,Zignature,097612925203
4804,Zignature Treats Lamb 12oz,Zignature,097612924114
6490,Zignature Trout & Salmon 13oz,Zignature,723633001564
758,Zilla Aquatic Turtle Kit 20l,Zilla,96316003286
535,Zilla Aquatic Turtle Sticks,Zilla,096316003026
635,Zilla Basking Platform W Ramp Corner Large,Zilla,096316685062
634,Zilla Basking Platform W Ramp Corner Small,Zilla,096316685055
633,Zilla Basking Platform W Ramp Large,Zilla,096316685048
632,Zilla Basking Platform W Ramp Small,Zilla,096316685031
352,Zilla Black Heat Bulb 100w,Zilla,096316671355
351,Zilla Black Heat Bulb 150w,Zilla,096316671362
354,Zilla Black Heat Bulb 50w,Zilla,096316671560
353,Zilla Black Heat Bulb 75w,Zilla,096316671386
356,Zilla Black Heat Spot 100w,Zilla,096316671553
358,Zilla Black Heat Spot 50w,Zilla,096316671539
357,Zilla Black Heat Spot 75w,Zilla,96316671553
275,Zilla Canopy Series Desert 20w,Zilla,096316670839
274,Zilla Canopy Series Tropical 13w,Zilla,096316280953
757,Zilla Creature Cage 30g,Zilla,96316660267
137,Zilla Cricket Drink,Zilla,096316700017
138,Zilla Cricket Drink with Calcium,Zilla,096316700031
780,Zilla Critter Cage 20l,Zilla,096316660274
360,Zilla Day Blue Light 100w,Zilla,96316671430
359,Zilla Day Blue Light 150w,Zilla,096316671515
362,Zilla Day Blue Light 50w,Zilla,096316671416
361,Zilla Day Blue Light 75w,Zilla,96316671416
372,Zilla Day White Light Bulb 100w,Zilla,096316671331
371,Zilla Day White Light Bulb 150w,Zilla,096316671522
373,Zilla Day White Light Bulb 50w,Zilla,096316671348
368,Zilla Day White Light Spot 100w,Zilla,96316671416
367,Zilla Day White Light Spot 150w,Zilla,096316671522
370,Zilla Day White Light Spot 50w,Zilla,096316671492
369,Zilla Day White Light Spot 75w,Zilla,096316671508
57,Zilla Desert Blend 10qt,Zilla,096316700451
56,Zilla Desert Blend 25qt,Zilla,096316700482
58,Zilla Desert Blend 5qt,Zilla,096316007284
266,Zilla Desert Mini Compact Fluorescent Bulb,Zilla,9631628090
279,"Zilla Desert Series 50 T8 18"" 15w",Zilla,096316670921
280,"Zilla Desert Series 50 T8 24"" 17w",Zilla,096316670921
598,Zilla Digital Temp Control,Zilla,096316001589
284,Zilla Dual Low Profile Fixture,Zilla,096316000346
709,Zilla Durable Den Large,Zilla,096316116634
710,Zilla Durable Den Medium,Zilla,096316116597
711,Zilla Durable Den Small,Zilla,096316116580
460,Zilla Durable Dish M,Zilla,96316117617
226,Zilla Fruit Mix,Zilla,096316096271
93,Zilla Green Liner 10 Gal,Zilla,096316700550
94,Zilla Green Liner 15/20h g,Zilla,096316700604
95,Zilla Green Liner 20l/29 g,Zilla,096316700567
100,Zilla Green Liner 40/50g,Zilla,096316700642
96,Zilla Grey Liner 20l/29g,Zilla,096316700581
98,Zilla Grey Liner 30g,Zilla,096316700598
285,Zilla Heat & UVB Basking Fixture,Zilla,096316280823
592,Zilla Heat Mat Large,Zilla,9631600073
591,Zilla Heat Mat Medium,Zilla,009631600073
589,Zilla Heat Mat Mini,Zilla,9631600073
630,Zilla Herp Hotel Large,Zilla,096316117402
631,Zilla Herp Hotel Medium,Zilla,96316685222
39,Zilla Jungle Mix 24qt,Zilla,9631609628
29,Zilla Jungle Mix 4qt,Zilla,9631609629
35,Zilla Jungle Mix 8qt,Zilla,096316113039
667,Zilla Large Rock Denn,Zilla,096316116641
229,Zilla Mealworms,Zilla,9631609951
749,Zilla Micro Arboreal Habitat,Zilla,096316001558
264,Zilla Mini Ceramic Heat,Zilla,9631628089
271,Zilla Mini Halogen Bulb 25w Blue,Zilla,096316156302
272,Zilla Mini Halogen Bulb 25w White,Zilla,096316156326
269,Zilla Mini Halogen Bulb 50w Red,Zilla,096316156333
273,Zilla Mini Halogen Bulb 50w White,Zilla,9631628089
286,Zilla Mini Heat & UVB Fixture,Zilla,096316280830
267,Zilla Mini Led Plant Bulb,Zilla,009631628090
364,Zilla Night Red Heat 100w,Zilla,096316671478
363,Zilla Night Red Heat 150w,Zilla,096316671485
366,Zilla Night Red Heat 50w,Zilla,096316671454
365,Zilla Night Red Heat 75w,Zilla,096316671461
190,Zilla Non Locking Clips 29 or Smaller,Zilla,9631667109
225,Zilla Omnivore Mix,Zilla,9631609625
224,Zilla Omnivore Mix W Calcium,Zilla,9631609628
416,"Zilla Premium Reflector 5.5""",Zilla,096316670358
415,"Zilla Premium Reflector 8.5""",Zilla,096316670365
281,Zilla Pro Seires Tropical 25 Uvb 20w,Zilla,096316670822
282,Zilla Pro Series Desert 50 Uvb 20w,Zilla,096316670952
413,"Zilla Reflector Dome 5.5""",Zilla,096316670648
414,"Zilla Reflector Dome 8.5""",Zilla,096316670358
681,Zilla Rock Lair Large,Zilla,096316117709
682,Zilla Rock Lair Medium,Zilla,096316113510
680,Zilla Rock Liar Small,Zilla,96316685031
276,"Zilla Slimeline T8 Desert Fixture 18""",Zilla,096316007260
277,"Zilla Slimeline T8 Tropical Fixture 18""",Zilla,96316007260
666,Zilla Small Rock Den,Zilla,008479113290
467,Zilla Terraced Dish Large,Zilla,096316117419
470,Zilla Terraium Dish Medium,Zilla,96316685222
469,Zilla Terraium Dish Small,Zilla,096316001541
152,Zilla Terrarium Cleaner,Zilla,096316700543
753,Zilla Tropical Kit,Zilla,9631670005
265,Zilla Tropical Mini Compact Fluorescentbulb,Zilla,009631628089
278,"Zilla Tropical Series 25 T8 18"" 15w",Zilla,096316671072
227,Zilla Vegetable Mix + Calcium,Zilla,096316096295
202,Zilla Water Pillow,Zilla,096316700222
13,Crested Gecko Food,Zoo Med,097612402056
22,Repti Hammock Giant,Zoo Med,097612610222
21,Repti Hammock Large,Zoo Med,097612240085
20,Repti Hammock Small,Zoo Med,097612610215
423,"Reptile Eco , Clamp Lamp",Zoo Med,097612008357
516,Turtle Dock Suction Cups,Zoo Med,097612661040
182,"Zoo Med 10"" Stainless Steel",Zoo Med,097612402759
746,Zoo Med 18x18x24 Tall,Zoo Med,097612210026
107,Zoo Med Adult Iguana Food,Zoo Med,097612400762
548,Zoo Med Amazonian Phyllo Medium,Zoo Med,035585498492
183,"Zoo Med Angled 10"" Tongs",Zoo Med,009761262211
116,Zoo Med Anole Food,Zoo Med,097612241358
5414,Zoo Med Aqualog Small,Zoo Med,097612200911
606,Zoo Med Aquasun Aquarium Controller,Zoo Med,097612242119
7398,Zoo Med Aquatic Frog & Tadpole,Zoo Med,097612400168
511,Zoo Med Aquatic Frog & Tadpole Food,Zoo Med,097612403015
519,Zoo Med Aquatic Turtle Food Block,Zoo Med,097612400328
498,Zoo Med Aquatic Turtle Food Growth,Zoo Med,097612403152
497,Zoo Med Aquatic Turtle Food Hatching,Zoo Med,097612400380
192,Zoo Med Arboreal Cup Refill,Zoo Med,097612621532
193,Zoo Med Arboreal Feeding Cup,Zoo Med,097612622102
63,Zoo Med Aspen 4qt,Zoo Med,097612240061
7004,Zoo Med Axalotl 2oz,Zoo Med,097612811162
209,Zoo Med Bearded Value Pack,Zoo Med,9761240202
7319,Zoo Med Betta Bamboo Plant,Zoo Med,035585523224
7320,Zoo Med Betta Clean Filter,Zoo Med,097612240092
7312,Zoo Med Betta Heater,Zoo Med,035585421315
7321,Zoo Med Betta Kit,Zoo Med,097612243857
7307,Zoo Med Betta Log Ceramic,Zoo Med,035585498249
7318,Zoo Med Betta Maple Plant,Zoo Med,035585503158
7317,Zoo Med Betta Papaya Plant,Zoo Med,097612241228
7309,Zoo Med Bettamatic,Zoo Med,035585499499
38,Zoo Med Bioblend,Zoo Med,097612110500
715,Zoo Med Blue Hermit Crab Sand,Zoo Med,097612009255
500,Zoo Med Box Turtle Food,Zoo Med,097612403015
722,Zoo Med Bright Bowls,Zoo Med,097612240061
130,Zoo Med Can O Crickets,Zoo Med,097612400304
550,Zoo Med Cannabis Plant Large,Zoo Med,97612200836
547,Zoo Med Cannabis Plant Medium,Zoo Med,097612241211
50,Zoo Med Coconut Chips 1lbs,Zoo Med,097612720105
51,Zoo Med Coconut Chips 3 Pack,Zoo Med,9761240203
52,Zoo Med Coconut Chips Jumbo,Zoo Med,097612300291
672,Zoo Med Coconut House,Zoo Med,097612200867
436,Zoo Med Combo Deep Dome,Zoo Med,097612923605
611,Zoo Med Combo Gauge,Zoo Med,097612240702
584,Zoo Med Cork Flat Large,Zoo Med,097612210132
583,Zoo Med Cork Flat Medium,Zoo Med,097612210118
582,Zoo Med Cork Flat Small,Zoo Med,097612210125
580,Zoo Med Cork Round Jumbo,Zoo Med,097612210248
579,Zoo Med Cork Round Lar,Zoo Med,097612210224
578,Zoo Med Cork Round Medium,Zoo Med,097612210217
581,Zoo Med Cork Round X-large,Zoo Med,097612210132
444,Zoo Med Corner Bowl Large,Zoo Med,097612240085
731,Zoo Med Crab Combo Gauge,Zoo Med,97612009613
738,Zoo Med Crab Cork Shelter,Zoo Med,097612009620
730,Zoo Med Crab Gitd Climbing Branch,Zoo Med,097612009620
729,Zoo Med Crab Gitd Dual Meter,Zoo Med,097612009521
735,Zoo Med Crab Heater,Zoo Med,097612240047
32,Zoo Med Creature Floor,Zoo Med,097612111002
770,Zoo Med Creature Habitat Kit,Zoo Med,097612008203
33,Zoo Med Creature Sand,Zoo Med,097612008203
31,Zoo Med Creature Soil 1 Qt,Zoo Med,097612008609
771,Zoo Med Creatures Den Low Profile,Zoo Med,097612091076
431,Zoo Med Creatures Dome 40w,Zoo Med,97612008357
60,Zoo Med Creatures Ecosoil,Zoo Med,097612401844
134,Zoo Med Creatures Isopod Food,Zoo Med,097612008906
210,Zoo Med Creatures Jelly Cup,Zoo Med,9761200860
604,Zoo Med Creaturetherm Heater,Zoo Med,097612242218
221,Zoo Med Cricket Block,Zoo Med,097612006209
440,Zoo Med Deep Dome,Zoo Med,097612321708
743,Zoo Med Desert Starter Kit 10g,Zoo Med,035585533087
438,Zoo Med Desert Uvb & Heat Kit,Zoo Med,097612320756
5023,Zoo Med Digital Aqua Thermometer,Zoo Med,097612400328
41,Zoo Med Ecoearth 24qt,Zoo Med,097612790245
54,Zoo Med Ecoearth 3 Pack,Zoo Med,097612402032
37,Zoo Med Ecoearth 8qt,Zoo Med,097612242225
597,Zoo Med Environmental Control Center,Zoo Med,97612950151
48,Zoo Med Excavator Substrate 10lbs,Zoo Med,097612740103
49,Zoo Med Excavator Substrate 20lbs,Zoo Med,097612201338
7184,Zoo Med Feeder Banquet 3-4 Day,Zoo Med,097612110555
5412,Zoo Med Fish Log Jumbo,Zoo Med,097612240023
485,Zoo Med Floating Dock Mini,Zoo Med,035585498539
402,Zoo Med Florasun,Zoo Med,097612118506
66,Zoo Med Forest Floor 8qt,Zoo Med,097612780086
769,Zoo Med Frog Kit,Zoo Med,097612621525
462,Zoo Med Glow Bowls Combo M,Zoo Med,097612242058
181,Zoo Med Glow in the Dark Tong,Zoo Med,097612370072
502,Zoo Med Gourmet Tortoise Food,Zoo Med,97612401011
503,Zoo Med Grassland Tortoise,Zoo Med,097612242225
739,Zoo Med Growth Shell Extra Large,Zoo Med,097612924121
740,Zoo Med Growth Shell Medium,Zoo Med,097612009385
736,Zoo Med Growth Shells Large,Zoo Med,097612200935
737,Zoo Med Growth Shells Small,Zoo Med,097612118513
706,Zoo Med Habba Hut Large,Zoo Med,097612200836
707,Zoo Med Habba Hut Medium,Zoo Med,97612200850
708,Zoo Med Habba Hut Small,Zoo Med,097612200829
725,Zoo Med Hermit Crab Food,Zoo Med,097612403114
726,Zoo Med Hermit Crab Salad,Zoo Med,97612009262
719,Zoo Med Hermit Crab Sponge,Zoo Med,97612251029
714,Zoo Med Hermit Crab Starter Kit,Zoo Med,097612251029
718,Zoo Med Hermit Soil,Zoo Med,035585801827
607,Zoo Med High Range Reptile Thermometer,Zoo Med,097612300291
85,Zoo Med Humidty Plus,Zoo Med,97612180527
26,Zoo Med Hyrdo Balls,Zoo Med,097612240092
742,Zoo Med Juvenile Bearded Dragon Kit 20g,Zoo Med,97612510119
113,Zoo Med Juvenile Iguana Food,Zoo Med,097612403190
339,Zoo Med Lamp Stand Large,Zoo Med,097612322019
340,Zoo Med Lamp Stand Small,Zoo Med,097612370072
7310,Zoo Med Leaf,Zoo Med,097612241419
7395,Zoo Med Leo Gecko Value Pack,Zoo Med,097612402032
761,Zoo Med Leopard Gecko Kit 10g,Zoo Med,097612400762
321,Zoo Med Little Dripper,Zoo Med,097612242218
220,Zoo Med Lizard Flower Topper,Zoo Med,9761240143
546,Zoo Med Madagascar Bamboo Small,Zoo Med,097612119114
194,Zoo Med Mealworm Feeder,Zoo Med,9761262220
5293,Zoo Med Medium Spider Wood,Zoo Med,097612200928
83,Zoo Med Mesh Large,Zoo Med,097612240412
549,Zoo Med Mexican Phyllo Large,Zoo Med,097612240313
442,Zoo Med Mini Combo Deep Dome,Zoo Med,097612321906
443,Zoo Med Mini Deep Dome,Zoo Med,097612321807
439,Zoo Med Mini Desert Uvb Combo,Zoo Med,097612006209
721,Zoo Med Mixed Fancy Shells,Zoo Med,035585498478
300,Zoo Med Moonlite Reptile Bulb 60w,Zoo Med,097612980752
328,Zoo Med Multiport Fogger Attachment,Zoo Med,97612950175
309,Zoo Med Nano Ceramic 40w,Zoo Med,097612310252
308,Zoo Med Nano Cermaic 25w,Zoo Med,097612360202
429,Zoo Med Nano Dome 40w,Zoo Med,097612119091
612,Zoo Med Nano Hold Down Kit,Zoo Med,097612241402
310,Zoo Med Nano Infrared Heat 25w,Zoo Med,097612119091
311,Zoo Med Nano Infrared Heat 40w,Zoo Med,097612331257
441,Zoo Med Palubarium Uvb & Plant,Zoo Med,097612241204
600,Zoo Med Paludarium 25,Zoo Med,097612622508
602,Zoo Med Paludarium Filter 20,Zoo Med,035585503134
434,"Zoo Med Paludarium Hood 12""",Zoo Med,097612320763
433,"Zoo Med Paludarium Hood 18""",Zoo Med,097612325706
793,Zoo Med Paludarium Small,Zoo Med,097612240115
163,Zoo Med Repti Calcium,Zoo Med,097612623000
205,Zoo Med Repti Shedding Aid,Zoo Med,097612133035
67,Zoo Med Reptibark 24qt,Zoo Med,097612320763
64,Zoo Med Reptibark 4qt,Zoo Med,097612622102
762,Zoo Med Reptihabitat 30gal,Zoo Med,097612240016
748,Zoo Med Reptihabitat 40 Gal,Zoo Med,035585498751
330,Zoo Med Reptirain,Zoo Med,097612117103
447,Zoo Med Reptiramp Bowl Medium,Zoo Med,097612924107
723,Zoo Med Reptiramp Bowl Small,Zoo Med,097612923605
448,Zoo Med Reptirampbowl Large,Zoo Med,048081605059
336,Zoo Med Reptirapids Skul Small Watrfl,Zoo Med,097612240115
335,Zoo Med Reptirapids Wd Medium Wtrfal,Zoo Med,097612242102
453,Zoo Med Reptirock Combo Large,Zoo Med,097612925401
454,Zoo Med Reptirock Combo Medium,Zoo Med,097612201321
455,Zoo Med Reptirock Combo Small,Zoo Med,097612921205
456,Zoo Med Reptirock Extra Large,Zoo Med,097612924121
452,Zoo Med Reptirock Extra Small,Zoo Med,097612328059
449,Zoo Med Reptirock Large,Zoo Med,097612920505
458,Zoo Med Reptirock M,Zoo Med,035585503141
450,Zoo Med Reptirock Medium,Zoo Med,97612910278
451,Zoo Med Reptirock Small,Zoo Med,097612910216
158,Zoo Med Reptisafe 4.25floz,Zoo Med,097612840049
157,Zoo Med Reptisafe 8.75floz,Zoo Med,097612840087
30,Zoo Med Reptisoil 4qt,Zoo Med,097612180619
36,Zoo Med Reptisoil 8qt,Zoo Med,097612240023
299,Zoo Med Reptisun 10.0 Desert 13w,Zoo Med,097612320923
297,"Zoo Med Reptisun 12"" T5 15w",Zoo Med,097612090529
294,"Zoo Med Reptisun 18"" T8 15w",Zoo Med,097612210026
293,Zoo Med Reptisun 24' T8 17w,Zoo Med,097612348392
292,"Zoo Med Reptisun 34"" T5 39w",Zoo Med,097612348248
291,"Zoo Med Reptisun 46""t5 54w",Zoo Med,097612348545
295,Zoo Med Reptisun 5.0 Tropical 26w,Zoo Med,097612320930
303,Zoo Med Reptisun Nano Uvb 5w,Zoo Med,097612348156
599,Zoo Med Reptitemp Digital Thermo,Zoo Med,097612300260
538,Zoo Med Reptivine,Zoo Med,097612241419
23,Zoo Med River Pebbles,Zoo Med,097612240016
4312,Zoo Med Small Animal Mineral Black,Zoo Med,097612118513
577,Zoo Med Small Cork Round,Zoo Med,097612210200
84,Zoo Med Small Mesh,Zoo Med,097612201314
683,Zoo Med Small Mushroom Ledge,Zoo Med,097612910216
768,Zoo Med Small and Wide,Zoo Med,097612119114
763,Zoo Med Snake Starter Kit 20 g,Zoo Med,097612622508
47,Zoo Med Sphagnum Moss,Zoo Med,009761262210
316,"Zoo Med T5 Hood ""36",Zoo Med,097612320930
317,"Zoo Med T5 Hood 48""",Zoo Med,97612325607
312,"Zoo Med T5 Hood Led Uvb 30""",Zoo Med,097612320770
314,"Zoo Med T8 Hood 24""",Zoo Med,097612241242
315,"Zoo Med T8 Hood 36""",Zoo Med,097612320725
605,Zoo Med Terraium Controller,Zoo Med,077234549230
610,Zoo Med Terrarum Timer,Zoo Med,097612104011
530,Zoo Med Tortoise Flower Food Topper,Zoo Med,097612401431
755,Zoo Med Tortoise Play Pen,Zoo Med,035585499611
482,Zoo Med Turltle Dock Medium,Zoo Med,097612201321
529,Zoo Med Turtle Eye Drops,Zoo Med,97612410211
595,Zoo Med Under Tank Heater 30-40gal,Zoo Med,97612300055
55,Zoo Med Vita Sand White,Zoo Med,097612623000
326,Zoo Med Waterfall Kit,Zoo Med,097612243857
716,Zoo Med White Hermit Crab Sand,Zoo Med,97612009255
7175,Zoo Med Wipeout 2.25oz,Zoo Med,097612840025
435,Zoo Med Wire Cage Clamp Lamp,Zoo Med,097612321005
115,Zoo Med Zoo Menu Bearded Food,Zoo Med,097612402056
114,Zoo Med Zoo Menu Iguana Food,Zoo Med,097612401431
168,Zoo Meds Reptivite +d3,Zoo Med,097612134032
